num_acc;senc;catv;occutc;obs;obsm;choc;manv;num_veh
201700000755;1;7;0;3;0;3;1;A01
201700000756;0;2;0;0;2;2;16;A01
201700000756;0;7;0;0;2;3;9;B01
201700000757;2;1;0;0;2;1;13;A01
201700000757;1;7;0;0;2;3;1;B01
201700000758;1;21;0;0;2;2;15;A01
201700000758;2;33;0;0;2;1;1;B01
201700000759;2;7;0;0;2;3;17;A01
201700000759;1;14;0;0;2;8;1;C01
201700000759;2;7;0;0;2;6;1;B01
201700000760;1;7;0;0;1;7;1;A01
201700000761;2;7;0;0;0;9;1;A01
201700000762;2;33;0;0;2;2;1;B01
201700000762;2;7;0;0;2;3;10;A01
201700000763;0;7;0;0;2;6;24;B01
201700000763;0;7;0;1;0;3;15;A01
201700000764;1;7;0;0;2;3;1;B01
201700000764;2;7;0;0;2;3;13;A01
201700000765;1;7;0;0;2;1;1;B01
201700000765;1;30;0;0;2;7;19;A01
201700000766;1;33;0;16;0;7;21;A01
201700000767;0;33;0;13;0;0;15;A01
201700000768;1;33;0;0;2;7;17;A01
201700000769;0;7;0;0;2;3;0;A01
201700000769;2;7;0;8;2;7;1;B01
201700000769;1;7;0;0;2;1;1;C01
201700000770;1;7;0;0;2;1;1;A01
201700000770;2;7;0;0;2;1;1;B01
201700000771;2;2;0;0;2;1;1;B01
201700000771;2;7;0;0;2;7;19;A01
201700000772;0;7;0;12;1;2;16;A01
201700000773;0;7;0;0;1;3;15;A01
201700000774;2;7;0;3;2;1;1;B01
201700000774;1;7;0;3;2;8;15;A01
201700000775;2;7;0;0;2;3;19;A01
201700000775;2;7;0;0;2;2;1;B01
201700000776;0;7;0;0;0;4;23;A01
201700000776;0;7;0;0;2;1;2;B01
201700000777;1;7;0;0;1;1;1;A01
201700000778;1;2;0;0;2;0;14;A01
201700000779;1;7;0;0;2;3;1;A01
201700000779;2;21;0;0;2;3;1;B01
201700000780;2;2;0;0;2;1;2;B01
201700000780;2;2;0;0;2;0;2;A01
201700000780;2;2;0;0;2;0;2;C01
201700000781;1;7;0;0;2;0;2;A01
201700000781;1;2;0;0;0;5;2;B01
201700000782;2;7;0;15;0;1;1;A01
201700000783;0;2;0;0;0;5;15;A01
201700000783;0;7;0;0;0;1;9;B01
201700000784;2;7;0;0;2;3;13;A01
201700000784;1;7;0;0;2;3;1;B01
201700000785;1;7;0;0;1;2;1;A01
201700000786;2;7;0;13;0;9;14;A01
201700000787;2;7;0;13;0;9;13;A01
201700000788;0;7;0;0;2;3;13;A01
201700000788;0;33;0;0;2;3;23;B01
201700000789;1;2;0;13;0;1;21;A01
201700000790;2;7;0;2;0;1;1;A01
201700000791;1;7;0;8;0;1;1;A01
201700000792;1;7;0;0;1;2;1;A01
201700000793;2;2;0;0;2;2;1;A01
201700000793;1;7;0;0;2;2;2;B01
201700000794;1;7;0;0;2;2;2;A01
201700000794;1;1;0;0;2;4;2;B01
201700000795;0;15;0;0;0;2;1;A01
201700000796;2;7;0;0;2;2;2;A01
201700000796;2;10;0;0;2;6;2;B01
201700000797;1;1;0;0;9;1;13;A01
201700000797;2;21;0;0;2;3;23;B01
201700000797;1;7;0;0;0;0;21;C01
201700000798;1;32;0;0;0;0;14;A01
201700000799;1;2;0;13;0;1;1;A01
201700000800;1;7;0;0;0;3;2;B01
201700000800;0;2;0;0;2;1;13;A01
201700000801;1;33;0;13;0;1;15;A01
201700000802;2;7;0;0;2;1;1;C01
201700000802;2;7;0;0;2;4;15;A01
201700000802;2;7;0;0;2;4;1;B01
201700000803;0;7;0;0;2;1;9;A01
201700000803;0;2;0;16;0;8;1;B01
201700000804;0;7;0;0;2;1;15;B01
201700000804;0;7;0;0;2;1;21;A01
201700000805;0;7;0;0;2;3;15;A01
201700000805;2;2;0;0;2;7;1;B01
201700000806;0;7;0;0;1;2;1;A01
201700000807;0;33;0;0;2;1;17;B01
201700000807;0;7;0;0;2;8;16;A01
201700000808;2;7;0;2;0;6;1;A01
201700000809;2;1;0;12;0;7;1;A01
201700000810;1;7;0;0;2;1;1;B01
201700000810;1;7;0;0;2;1;15;A01
201700000811;0;7;0;0;0;4;23;B01
201700000811;0;7;0;0;2;1;1;A01
201700000812;0;7;0;0;2;3;1;B01
201700000812;0;1;0;0;2;1;5;A01
201700000813;0;1;0;13;0;1;0;A01
201700000814;0;7;0;0;2;3;13;A01
201700000814;0;7;0;0;2;3;1;B01
201700000815;0;7;0;0;1;3;1;A01
201700000816;2;7;0;0;2;8;13;A01
201700000816;1;13;0;0;2;1;1;B01
201700000817;1;3;0;0;2;8;15;B01
201700000817;1;7;0;0;2;1;17;A01
201700000818;2;7;0;0;2;8;16;A01
201700000818;1;16;0;0;2;1;1;B01
201700000819;0;10;0;0;2;5;12;A01
201700000819;0;2;0;0;2;3;1;B01
201700000820;0;7;0;0;2;1;2;A01
201700000820;0;7;0;0;2;4;23;C01
201700000820;0;7;0;0;2;9;2;B01
201700000821;0;7;0;0;2;1;2;A01
201700000821;0;7;0;0;2;4;1;B01
201700000822;0;40;50;0;1;3;1;A01
201700000823;;7;0;;2;8;20;B02
201700000823;0;7;0;1;2;7;1;A01
201700000824;2;37;0;0;2;2;2;A01
201700000824;2;7;0;0;0;4;1;B01
201700000825;2;7;0;0;2;1;2;A01
201700000825;2;7;0;0;2;4;23;B01
201700000826;0;7;0;0;1;3;1;A01
201700000827;0;10;0;0;1;7;1;A01
201700000828;0;7;0;0;1;3;20;A01
201700000829;1;7;0;2;0;1;1;A01
201700000830;0;7;0;0;2;5;14;A01
201700000830;0;1;0;0;2;3;1;B01
201700000831;2;7;0;;2;9;2;A01
201700000831;2;7;0;;2;8;1;C02
201700000831;2;15;0;;2;2;1;D02
201700000831;2;7;0;;2;1;1;B02
201700000832;0;33;0;0;0;8;21;A01
201700000833;2;7;0;0;2;1;13;A01
201700000833;1;10;0;0;2;1;1;B01
201700000833;1;7;0;0;2;1;1;C01
201700000834;0;7;0;0;1;2;20;A01
201700000835;2;7;0;0;2;2;1;B01
201700000835;2;7;0;0;2;6;1;A01
201700000836;2;7;0;0;2;3;15;B01
201700000836;1;7;0;0;2;2;1;A01
201700000837;2;7;0;0;0;1;14;A01
201700000838;1;7;0;13;0;1;1;A01
201700000839;0;7;0;13;0;1;1;A01
201700000840;2;7;0;13;0;2;1;A01
201700000841;2;7;0;13;0;2;13;A01
201700000842;1;7;0;6;0;3;13;A01
201700000843;2;7;0;0;2;1;1;C01
201700000843;2;7;0;0;2;1;2;A01
201700000843;2;7;0;0;0;4;1;B01
201700000844;0;7;0;0;2;1;2;A01
201700000844;0;7;0;0;0;4;2;B01
201700000845;0;7;0;1;0;7;2;A01
201700000845;0;7;0;1;2;8;22;B01
201700000846;0;33;0;0;2;1;17;A01
201700000846;0;7;0;0;2;8;2;B01
201700000846;0;7;0;0;2;8;2;C01
201700000846;0;7;0;0;2;8;2;D01
201700000847;0;7;0;0;1;4;4;A01
201700000848;0;33;0;0;2;1;21;A01
201700000848;0;7;0;0;0;5;2;B01
201700000849;0;33;0;14;0;8;18;A01
201700000849;0;7;0;0;2;7;23;B01
201700000849;0;7;0;0;0;8;24;C01
201700000850;0;7;0;1;0;1;9;A01
201700000850;0;7;0;0;2;4;24;B01
201700000850;0;7;0;0;2;4;24;C01
201700000851;0;33;0;16;0;1;1;A01
201700000852;1;7;0;14;2;2;6;A01
201700000852;2;7;0;14;2;1;1;B01
201700000853;0;2;0;0;2;1;1;A01
201700000853;0;7;0;0;2;4;20;B01
201700000854;0;2;0;0;2;7;1;B01
201700000854;0;7;0;0;2;3;19;A01
201700000855;1;2;0;16;0;3;15;A01
201700000856;0;33;0;4;0;8;13;A01
201700000857;2;33;0;0;2;1;1;B01
201700000857;1;7;0;0;2;2;15;A01
201700000858;0;1;0;0;2;8;2;B01
201700000858;0;1;0;0;9;8;2;C01
201700000858;0;7;0;0;9;7;17;A01
201700000859;2;33;0;0;0;7;9;A01
201700000860;1;33;0;0;2;0;15;A01
201700000860;2;7;0;0;2;6;1;B01
201700000861;0;7;0;0;2;8;15;B01
201700000861;0;2;0;0;2;7;17;A01
201700000862;0;33;0;0;0;7;15;A01
201700000863;0;7;0;13;2;2;0;A01
201700000863;0;7;0;0;2;3;0;B01
201700000864;0;33;0;8;0;7;1;A01
201700000865;2;7;0;0;2;3;13;A01
201700000865;1;7;0;3;2;3;1;B01
201700000866;1;7;0;0;2;7;15;A01
201700000866;2;2;0;0;2;1;0;B01
201700000867;2;7;0;0;2;1;13;A01
201700000867;1;7;0;0;2;1;1;B01
201700000868;2;33;0;5;0;3;1;A01
201700000869;0;33;0;15;0;1;1;A01
201700000870;1;33;0;11;0;1;1;A01
201700000871;2;7;0;0;2;2;1;A01
201700000871;1;7;0;0;2;1;1;C01
201700000871;2;7;0;0;2;6;23;B01
201700000872;0;7;0;0;0;9;0;A01
201700000873;2;7;0;0;2;4;10;A01
201700000873;1;33;0;0;2;1;17;B01
201700000873;1;33;0;0;2;1;17;C01
201700000874;2;1;0;0;2;4;1;B01
201700000874;2;7;0;0;2;1;17;A01
201700000875;2;7;0;0;2;3;13;A01
201700000875;1;7;0;0;2;3;1;B01
201700000876;1;33;0;14;0;1;1;A01
201700000877;0;7;0;9;0;1;14;A01
201700000878;0;7;0;13;0;2;1;A01
201700000879;0;7;0;13;0;3;1;A01
201700000880;1;7;0;6;0;3;1;A01
201700000881;2;7;0;13;0;1;1;A01
201700000882;0;33;0;0;0;1;1;A01
201700000882;0;7;0;0;0;4;14;B01
201700000883;0;7;0;0;1;8;1;A01
201700000884;1;7;0;8;0;2;1;A01
201700000885;1;7;0;0;2;1;15;A01
201700000885;1;7;0;0;2;2;1;B01
201700000886;2;33;0;0;2;3;1;B01
201700000886;1;7;0;0;2;7;1;A01
201700000887;1;38;1;0;1;2;1;A01
201700000888;1;7;0;0;1;3;1;A01
201700000889;2;7;0;7;2;3;1;B01
201700000889;2;7;0;0;2;2;1;A01
201700000890;2;7;0;0;1;2;0;A01
201700000891;1;7;0;2;0;7;6;A01
201700000892;1;33;0;0;2;1;1;B01
201700000892;2;7;0;0;2;3;15;A01
201700000893;2;7;0;0;2;1;15;A01
201700000893;1;7;0;0;2;1;1;B01
201700000894;2;7;0;0;2;3;1;A01
201700000894;1;7;0;0;2;8;15;B01
201700000895;1;7;0;0;1;1;1;A01
201700000896;2;7;0;0;2;1;0;A01
201700000896;1;33;0;0;2;8;14;B01
201700000897;2;7;0;0;0;1;1;A01
201700000897;1;7;0;0;0;8;1;B01
201700000898;2;7;0;0;2;1;0;A01
201700000898;1;7;0;0;2;0;0;B01
201700000898;1;7;0;0;2;0;0;C01
201700000899;1;1;0;0;0;0;0;A01
201700000899;1;15;0;0;0;0;0;B01
201700000900;1;7;0;0;2;3;13;A01
201700000900;2;7;0;0;2;3;0;B01
201700000901;2;1;0;0;2;1;0;B01
201700000901;1;7;0;0;2;2;0;A01
201700000902;1;2;0;0;2;1;0;B01
201700000902;2;1;0;0;2;2;0;A01
201700000903;2;10;0;0;1;2;1;A01
201700000904;1;33;0;0;2;1;13;A01
201700000904;2;7;0;0;2;1;16;B01
201700000905;0;7;0;0;2;1;19;A01
201700000905;0;7;0;0;2;8;1;B01
201700000906;1;7;0;0;0;1;14;A01
201700000907;2;7;0;0;2;1;19;A01
201700000907;1;7;0;0;2;6;2;B01
201700000908;1;7;0;0;1;3;15;A01
201700000909;1;7;0;0;1;3;16;A01
201700000910;2;7;0;0;2;1;15;A01
201700000910;1;7;0;0;2;1;1;B01
201700000911;2;7;0;0;9;8;9;A01
201700000911;2;1;0;0;2;7;21;B01
201700000912;1;7;0;0;2;1;13;A01
201700000912;2;7;0;0;2;1;1;B01
201700000913;2;7;0;0;2;3;13;A01
201700000913;1;7;0;0;2;3;1;B01
201700000914;2;10;0;0;2;2;12;A01
201700000914;2;33;0;0;2;8;1;B01
201700000915;1;3;0;0;2;1;23;A01
201700000915;1;10;0;0;2;4;2;B01
201700000916;2;7;0;14;0;1;13;A01
201700000917;1;7;0;0;2;3;1;A01
201700000917;2;1;0;0;2;8;19;B01
201700000918;1;7;0;16;2;7;19;A01
201700000918;2;7;0;0;2;3;1;B01
201700000919;2;7;0;0;2;2;12;A01
201700000919;1;34;0;0;2;6;1;B01
201700000920;0;7;0;0;1;1;1;A01
201700000921;1;7;0;0;2;1;19;A01
201700000921;1;7;0;0;2;4;23;B01
201700000921;1;7;0;0;2;5;23;C01
201700000922;2;7;0;0;2;1;2;A01
201700000922;2;7;0;0;2;4;2;B01
201700000922;2;7;0;0;2;4;2;C01
201700000923;2;7;0;0;9;2;15;A01
201700000923;1;34;0;0;2;1;1;B01
201700000924;1;7;0;0;9;7;15;A01
201700000924;2;33;0;0;2;1;1;B01
201700000925;2;7;0;12;2;3;15;A01
201700000925;1;31;0;0;2;3;2;B01
201700000926;2;7;0;0;1;1;15;A01
201700000927;2;7;0;0;2;1;13;A01
201700000927;1;7;0;0;2;1;21;B01
201700000928;1;7;0;6;0;1;16;A01
201700000929;1;7;0;15;0;1;13;A01
201700000930;2;7;0;0;2;1;17;A01
201700000930;1;7;0;0;2;1;1;B01
201700000930;2;7;0;0;2;1;1;C01
201700000931;2;7;0;0;2;2;13;A01
201700000931;1;7;0;0;2;2;1;B01
201700000932;2;7;0;0;1;1;15;A01
201700000933;1;7;0;0;2;1;15;A01
201700000933;2;7;0;0;2;1;0;B01
201700000934;2;7;0;12;1;8;21;A01
201700000935;;7;0;0;1;1;1;A01
201700000936;1;7;0;0;1;2;19;Z01
201700000937;0;7;0;0;1;3;15;A01
201700000938;2;7;0;0;2;3;9;A01
201700000938;2;31;0;0;2;1;2;B01
201700000939;1;7;0;0;2;3;13;A01
201700000939;2;14;0;0;2;1;21;B01
201700000940;1;7;0;6;0;2;14;A01
201700000941;2;10;0;0;2;3;10;A01
201700000941;2;7;0;0;2;1;1;B01
201700000942;1;21;0;0;2;3;15;A01
201700000942;1;7;0;0;2;2;17;B01
201700000943;2;7;0;0;2;3;15;A01
201700000943;2;7;0;0;2;2;19;B01
201700000944;1;7;0;0;2;1;13;A01
201700000944;2;7;0;0;2;1;1;B01
201700000945;0;7;0;16;0;3;1;A01
201700000946;1;10;0;0;2;3;1;B01
201700000946;1;2;0;0;2;7;19;A01
201700000947;1;7;0;4;0;2;14;A01
201700000948;1;1;0;0;0;8;1;A01
201700000949;2;7;0;0;2;3;15;A01
201700000949;2;30;0;0;2;1;17;B02
201700000950;2;7;0;13;0;8;1;A01
201700000951;2;7;0;0;0;3;9;A01
201700000951;1;1;0;0;2;1;1;B01
201700000952;1;7;0;0;2;1;2;A01
201700000952;1;33;0;0;0;4;1;B01
201700000953;0;1;0;1;2;9;13;A01
201700000953;0;1;0;0;2;9;17;B01
201700000954;0;7;0;0;2;3;0;A01
201700000954;0;7;0;0;2;3;0;B01
201700000955;1;7;0;0;1;2;1;A01
201700000956;2;33;0;0;2;1;1;B01
201700000956;0;7;0;0;2;3;1;A01
201700000957;0;7;0;0;1;1;1;A01
201700000958;2;2;0;0;2;8;16;B01
201700000958;1;7;0;0;2;2;1;A01
201700000959;1;7;0;6;0;3;1;B01
201700000959;0;7;0;6;0;7;15;A01
201700000960;0;7;0;0;2;3;16;B01
201700000960;1;7;0;0;2;1;1;A01
201700000961;0;7;0;0;1;5;4;A01
201700000962;0;7;0;0;1;2;1;A01
201700000963;2;7;0;0;2;3;13;A01
201700000963;1;7;0;0;2;3;1;B01
201700000964;0;7;0;0;2;3;1;B01
201700000964;0;7;0;0;2;3;1;A01
201700000965;1;7;0;0;2;3;19;A01
201700000965;2;7;0;8;2;2;1;B01
201700000966;2;7;0;2;0;1;19;A01
201700000967;1;7;0;2;9;1;13;A01
201700000968;1;7;0;0;2;1;1;B01
201700000968;2;7;0;0;2;1;13;A01
201700000969;2;7;0;6;0;3;13;A01
201700000970;2;7;0;0;2;1;1;A01
201700000970;1;7;0;0;2;1;1;B01
201700000970;1;7;0;0;2;2;21;C01
201700000970;1;7;0;0;9;0;1;D01
201700000971;2;7;0;0;2;7;1;A01
201700000971;1;7;0;0;2;1;1;B01
201700000972;0;35;0;0;0;1;1;A01
201700000973;0;2;0;0;0;0;1;A01
201700000974;0;7;0;0;2;3;15;A01
201700000974;0;2;0;0;2;1;17;B01
201700000975;0;7;0;0;2;8;1;B01
201700000975;0;1;0;0;2;1;1;A01
201700000976;0;2;0;0;2;1;13;B01
201700000976;0;7;0;0;9;3;1;A01
201700000977;0;7;0;0;2;4;23;A01
201700000977;0;7;0;0;2;1;2;B01
201700000978;0;7;0;2;0;2;1;A01
201700000979;0;7;0;0;1;7;1;A01
201700000980;2;10;0;13;0;1;16;A01
201700000981;0;33;0;0;2;1;1;B01
201700000981;0;7;0;0;2;3;15;A01
201700000982;0;7;0;0;1;0;1;A01
201700000983;2;7;0;0;1;1;1;A01
201700000984;0;7;0;0;1;1;1;A01
201700000985;0;2;0;0;2;2;17;A01
201700000985;0;20;0;0;0;8;15;B01
201700000986;0;32;0;0;0;7;2;A01
201700000987;0;7;0;8;0;9;1;A01
201700000988;2;7;0;0;2;1;1;B01
201700000988;1;7;0;0;2;1;13;A01
201700000989;2;7;0;1;0;3;13;A01
201700000990;0;2;0;0;0;0;1;B01
201700000990;0;1;0;9;0;1;1;A01
201700000991;0;7;0;2;0;1;5;A01
201700000992;2;33;0;0;2;1;1;B01
201700000992;1;7;0;0;2;2;19;A01
201700000993;2;7;0;15;0;1;1;A01
201700000994;2;31;0;0;2;1;1;B01
201700000994;2;7;0;0;2;6;20;A01
201700000995;1;7;0;0;2;8;1;C01
201700000995;2;7;0;0;2;1;1;A01
201700000995;1;7;0;0;2;1;23;B01
201700000996;2;7;0;0;2;3;15;A01
201700000996;2;2;0;0;2;8;1;B01
201700000997;2;7;0;7;0;2;1;A01
201700000998;2;34;0;0;0;8;16;A01
201700000999;2;2;0;12;0;2;1;A01
201700000999;1;7;0;0;0;0;1;B01
201700001000;1;7;0;0;0;1;1;A01
201700001001;0;10;0;8;0;9;1;A01
201700001002;2;7;0;0;2;1;1;B01
201700001002;1;7;0;0;2;3;1;A01
201700001003;0;7;0;13;0;1;1;A01
201700001004;2;1;0;0;2;4;1;C01
201700001004;2;7;0;0;2;1;1;A01
201700001004;1;7;0;0;2;3;1;B01
201700001005;0;7;0;0;2;3;15;A01
201700001005;0;2;0;0;2;7;1;B01
201700001006;0;7;0;0;2;1;1;A01
201700001006;0;30;0;0;2;1;1;B01
201700001007;1;33;0;0;2;1;1;B01
201700001007;1;7;0;0;2;6;15;A01
201700001008;2;1;0;0;2;3;13;B01
201700001008;2;7;0;0;2;2;2;A01
201700001009;0;7;0;0;2;3;16;A01
201700001009;0;7;0;0;2;3;1;B01
201700001010;0;33;0;6;0;1;1;A01
201700001011;0;10;0;0;2;1;13;A01
201700001011;0;7;0;0;2;1;1;B01
201700001012;2;21;0;0;0;2;15;A01
201700001012;2;33;0;0;2;2;17;B01
201700001013;0;21;0;16;0;0;1;A01
201700001014;0;7;0;2;0;1;1;A01
201700001015;2;7;0;0;2;4;2;C01
201700001015;2;7;0;0;2;4;2;B01
201700001015;2;7;0;0;2;1;2;A01
201700001016;2;7;0;13;0;7;1;A01
201700001017;1;7;0;13;0;1;14;A01
201700001018;2;7;0;0;1;3;1;A01
201700001019;0;1;0;6;0;1;1;A01
201700001020;1;7;0;13;0;2;14;A01
201700001021;2;33;0;0;2;1;1;A01
201700001021;1;7;0;0;2;3;1;B01
201700001022;0;7;0;0;1;1;1;A01
201700001023;2;2;0;12;0;1;1;A01
201700001024;0;2;0;0;2;1;13;A01
201700001024;0;7;0;0;2;2;1;B01
201700001025;1;33;0;0;2;3;5;B01
201700001025;2;7;0;0;2;3;5;A01
201700001026;2;7;0;2;0;2;1;A01
201700001027;0;7;0;0;1;3;1;A01
201700001028;0;7;0;0;0;6;15;A01
201700001028;0;2;0;0;2;1;1;B01
201700001029;0;7;0;0;0;1;1;A01
201700001029;0;7;0;0;0;4;16;B01
201700001030;0;7;0;0;2;3;1;B01
201700001030;0;33;0;0;2;2;1;A01
201700001031;0;7;0;6;0;1;1;A01
201700001032;2;10;0;2;0;1;1;A01
201700001033;0;1;0;0;6;1;1;A01
201700001034;0;7;0;0;2;2;19;A01
201700001034;0;33;0;0;2;1;1;B01
201700001035;1;2;0;13;0;0;1;A01
201700001036;1;10;0;13;0;1;1;A01
201700001037;0;7;0;13;0;1;1;A01
201700001038;1;7;0;13;0;1;1;A01
201700001039;0;7;0;0;2;8;1;B01
201700001039;0;33;0;0;2;8;13;A01
201700001040;0;7;0;13;0;1;1;A01
201700001041;0;33;0;0;0;8;15;A01
201700001042;0;7;0;0;2;3;13;A01
201700001042;0;7;0;0;2;3;1;B01
201700001043;0;7;0;0;1;2;1;A01
201700001044;1;7;0;0;2;2;17;A01
201700001044;2;7;0;0;2;2;1;B02
201700001045;2;7;0;0;2;2;17;A01
201700001045;2;7;0;0;2;8;1;B01
201700001046;0;7;0;0;1;2;1;A01
201700001047;1;7;0;3;1;2;1;A01
201700001047;1;10;0;0;2;1;2;B01
201700001048;2;7;0;0;1;2;1;A01
201700001049;0;7;0;8;2;3;1;A01
201700001049;0;7;0;0;2;3;1;B01
201700001050;2;33;0;0;2;1;21;A01
201700001050;2;7;0;0;2;4;1;B01
201700001051;0;7;0;0;0;0;19;A01
201700001052;1;7;0;0;2;1;13;A01
201700001052;2;7;0;0;2;1;1;B01
201700001052;2;7;0;0;2;8;1;C01
201700001053;1;7;0;0;2;2;15;A01
201700001053;2;2;0;0;2;1;21;B01
201700001054;2;7;0;0;2;2;5;A01
201700001054;1;7;0;13;0;0;21;B01
201700001054;1;7;0;0;2;2;1;C01
201700001055;1;7;0;1;2;8;0;A01
201700001055;1;10;0;1;0;5;0;B01
201700001056;1;7;0;0;1;4;4;A01
201700001057;2;7;0;6;0;1;1;A01
201700001058;2;7;0;0;1;1;15;A01
201700001059;0;7;0;0;1;2;1;A01
201700001060;2;7;0;0;2;8;19;A01
201700001060;1;2;0;0;2;1;1;B01
201700001061;1;7;0;0;1;2;23;A01
201700001062;2;7;0;15;0;2;14;A01
201700001063;1;7;0;0;1;4;20;A01
201700001064;1;7;0;0;1;2;14;A01
201700001065;2;7;0;6;0;1;13;A01
201700001066;1;7;0;0;2;1;1;A01
201700001066;2;7;0;0;2;3;1;B01
201700001067;2;1;0;0;2;2;1;B01
201700001067;0;7;0;0;9;3;16;A01
201700001068;0;1;0;0;0;7;19;B01
201700001068;0;7;0;0;2;3;19;A01
201700001069;1;17;0;0;0;7;1;B01
201700001069;1;7;0;5;9;3;10;A01
201700001070;1;7;0;0;9;2;1;A01
201700001070;1;1;0;0;2;1;19;B01
201700001071;2;7;0;0;0;3;1;B01
201700001071;2;1;0;0;2;1;13;A01
201700001072;1;33;0;1;0;1;1;A01
201700001073;1;2;0;7;0;1;1;A01
201700001074;0;33;0;0;2;1;1;B01
201700001074;0;14;0;0;2;6;19;A01
201700001075;1;7;0;0;2;1;13;A01
201700001075;2;7;0;0;2;1;1;B01
201700001076;0;7;0;0;1;1;0;A01
201700001077;0;7;0;0;1;2;16;A01
201700001078;2;33;0;0;2;1;1;B01
201700001078;1;7;0;0;2;1;13;A01
201700001079;1;7;0;6;0;1;1;A01
201700001080;2;7;0;13;0;1;1;A01
201700001081;2;2;0;0;2;4;1;B01
201700001081;2;7;0;2;2;1;1;A01
201700001082;0;7;0;0;1;4;4;A01
201700001083;1;2;0;0;2;8;1;A01
201700001083;0;37;9;0;2;2;1;B01
201700001084;0;7;0;0;2;2;15;A01
201700001084;0;2;0;0;2;1;1;B01
201700001085;2;7;0;0;2;8;15;B01
201700001085;2;33;0;9;2;1;17;A01
201700001086;0;7;0;2;0;1;9;A01
201700001087;0;30;0;0;2;3;9;A01
201700001087;1;7;0;0;2;2;1;B01
201700001088;0;1;0;11;0;0;1;A01
201700001089;2;33;0;0;0;0;15;A01
201700001090;0;7;0;1;2;9;1;B01
201700001090;0;7;0;0;2;1;1;C01
201700001090;0;7;0;0;2;3;13;A01
201700001091;1;7;0;16;0;9;15;A01
201700001092;0;7;0;6;0;3;1;A01
201700001093;0;7;0;0;1;0;1;A01
201700001094;1;3;0;0;2;3;15;A01
201700001094;2;38;21;0;2;3;1;B01
201700001095;2;7;0;0;2;3;1;B02
201700001095;1;7;0;3;2;3;1;A01
201700001095;2;7;0;0;2;3;1;C03
201700001096;1;7;0;0;0;0;1;A01
201700001097;1;7;0;8;0;1;1;A01
201700001098;1;7;0;0;2;3;1;A01
201700001098;2;7;0;0;2;3;1;B01
201700001099;0;2;0;0;0;7;1;A01
201700001100;0;7;0;0;2;3;1;B01
201700001100;0;1;0;0;2;4;1;A01
201700001101;2;31;0;13;0;1;13;A01
201700001102;2;7;0;9;0;1;15;A01
201700001103;2;7;0;0;2;8;0;B01
201700001103;1;10;0;0;2;1;13;A01
201700001104;0;3;0;11;0;1;1;A01
201700001105;2;7;0;7;0;8;1;A01
201700001106;0;2;0;0;2;1;1;A01
201700001106;0;7;0;0;2;7;1;B01
201700001107;0;7;0;0;2;3;1;B01
201700001107;0;7;0;0;2;3;1;A01
201700001108;1;7;0;0;0;5;1;B01
201700001108;1;2;0;0;2;1;1;A01
201700001109;0;2;0;0;2;3;15;B01
201700001109;0;7;0;0;2;2;1;A01
201700001110;1;2;0;0;2;4;1;B01
201700001110;1;7;0;0;2;2;2;A01
201700001111;1;7;0;0;2;2;1;B01
201700001111;2;10;0;0;2;2;21;C01
201700001111;0;2;0;0;2;3;19;A01
201700001112;2;7;0;3;2;2;17;B01
201700001112;1;2;0;0;2;1;1;A01
201700001113;1;7;0;2;0;7;1;A01
201700001114;1;7;0;0;1;5;1;A01
201700001115;2;33;0;0;2;8;1;A01
201700001116;1;7;0;0;2;7;9;A01
201700001116;2;33;0;0;2;1;0;B01
201700001117;2;1;0;0;2;8;1;B01
201700001117;2;7;0;0;2;7;17;A01
201700001118;0;33;0;0;0;7;1;A01
201700001118;0;7;0;0;2;1;1;B01
201700001119;1;7;0;0;2;1;1;A01
201700001119;1;7;0;0;2;4;2;B01
201700001119;1;7;0;0;2;4;2;C01
201700001120;1;7;0;0;1;2;1;A01
201700001121;0;7;0;13;0;1;1;A01
201700001122;1;7;0;0;1;3;1;A01
201700001123;2;2;0;0;2;1;1;A01
201700001123;0;7;0;0;2;2;15;B01
201700001124;0;7;0;13;0;1;1;A01
201700001125;1;1;0;0;2;5;1;B01
201700001125;2;7;0;0;9;3;9;A01
201700001126;0;7;0;0;0;3;1;B01
201700001126;0;2;0;0;2;1;1;A01
201700001127;0;7;0;0;2;3;1;B01
201700001127;0;7;0;0;2;2;13;A01
201700001128;1;7;0;0;2;3;1;C01
201700001128;1;7;0;0;2;1;17;A01
201700001128;2;7;0;0;2;1;1;B01
201700001128;2;10;0;0;2;1;1;D01
201700001129;1;7;0;0;2;5;15;A01
201700001129;2;33;0;0;2;1;1;B01
201700001130;2;10;0;0;2;3;15;B01
201700001130;0;7;0;0;2;2;0;A01
201700001131;0;7;0;0;2;2;16;B01
201700001131;0;2;0;0;2;3;18;A01
201700001132;1;7;0;0;2;3;2;A01
201700001132;1;1;0;0;2;4;2;B01
201700001133;1;7;0;0;1;2;1;A01
201700001134;2;10;0;0;2;2;15;A01
201700001134;1;2;0;0;2;1;1;B01
201700001135;2;7;0;13;0;1;1;A01
201700001136;1;2;0;8;0;2;1;A01
201700001137;1;7;0;0;2;3;9;A01
201700001137;1;2;0;0;2;2;15;B01
201700001138;0;7;0;0;1;3;1;A01
201700001139;0;10;0;0;9;3;9;A01
201700001139;0;2;0;0;2;1;1;B01
201700001140;1;33;0;0;2;1;17;A01