num_acc;senc;catv;occutc;obs;obsm;choc;manv;num_veh
201700001506;2;7;0;0;2;3;2;A01
201700001506;2;33;0;0;2;2;2;B01
201700001507;1;2;0;0;2;3;1;A01
201700001507;2;1;0;0;2;2;1;B01
201700001508;1;1;0;0;0;0;19;A01
201700001509;1;30;0;12;0;7;1;A01
201700001510;2;7;0;0;1;2;1;A01
201700001511;2;7;0;0;4;2;0;A01
201700001511;0;39;129;0;2;2;0;B01
201700001512;2;7;0;15;0;1;1;A01
201700001513;1;7;0;2;0;3;1;A01
201700001514;1;7;0;0;2;3;13;A01
201700001514;2;7;0;0;2;3;1;B01
201700001515;1;7;0;13;0;1;1;A01
201700001516;1;7;0;0;0;7;1;A01
201700001517;1;7;0;15;0;9;19;A01
201700001518;2;7;0;0;0;9;1;A01
201700001519;2;7;0;0;2;1;1;A01
201700001519;1;7;0;0;2;1;17;B01
201700001520;1;33;0;14;2;7;1;A01
201700001520;1;7;0;0;2;8;15;B01
201700001520;1;7;0;0;0;6;1;C01
201700001521;2;7;0;13;0;7;1;A01
201700001522;1;1;0;0;2;8;19;A01
201700001522;1;7;0;0;2;1;1;B01
201700001523;1;7;0;0;2;6;19;A01
201700001523;1;33;0;0;2;2;1;B01
201700001524;1;7;0;7;2;2;19;A01
201700001524;1;7;0;0;2;1;1;B01
201700001525;1;7;0;0;2;1;2;A01
201700001525;1;7;0;0;0;4;2;B01
201700001526;2;7;0;0;2;1;1;B01
201700001526;2;7;0;0;2;7;19;A01
201700001527;2;7;0;0;0;6;15;A01
201700001527;2;33;0;0;2;2;15;B01
201700001528;2;7;0;0;0;0;0;A01
201700001529;2;32;0;0;1;1;1;A01
201700001530;2;10;0;0;2;3;19;A01
201700001530;2;7;0;0;2;2;1;B01
201700001531;1;7;0;0;2;2;15;A01
201700001531;2;33;0;0;2;1;1;B01
201700001531;1;33;0;0;2;1;1;C01
201700001532;2;7;0;0;2;1;1;A01
201700001532;1;7;0;0;2;8;1;B01
201700001533;1;7;0;6;0;9;1;A01
201700001534;1;7;0;0;2;2;17;A01
201700001534;1;7;0;0;2;9;2;B01
201700001534;2;7;0;0;2;8;1;C01
201700001534;2;33;0;0;2;1;1;D01
201700001535;1;2;0;16;0;7;1;A01
201700001536;1;10;0;0;2;3;15;A01
201700001536;1;2;0;0;2;7;17;B01
201700001537;1;2;0;0;0;0;1;A01
201700001538;1;33;0;15;0;1;1;A01
201700001539;1;7;0;1;0;2;14;A01
201700001540;1;7;0;0;2;6;15;B01
201700001540;2;2;0;0;2;1;1;A01
201700001541;1;7;0;13;0;1;13;A01
201700001542;1;7;0;6;0;1;1;A01
201700001543;1;33;0;0;2;1;1;A01
201700001543;2;7;0;0;0;5;15;B01
201700001544;2;7;0;6;0;2;14;A01
201700001545;1;7;0;15;2;6;1;B01
201700001545;1;2;0;0;2;1;19;A01
201700001546;2;7;0;0;2;2;13;A01
201700001546;1;7;0;0;2;2;1;B01
201700001547;1;33;0;0;6;1;1;A01
201700001548;1;7;0;0;2;3;15;A01
201700001548;2;7;0;0;2;3;1;B01
201700001549;1;7;0;0;2;8;1;A01
201700001549;2;33;0;0;2;1;1;B01
201700001549;2;33;0;0;2;1;1;C01
201700001550;1;33;0;0;2;1;17;A01
201700001550;2;7;0;0;2;3;15;B01
201700001551;2;33;0;0;2;6;1;B01
201700001551;1;7;0;0;2;6;19;A01
201700001552;2;7;0;0;2;3;13;A01
201700001552;1;7;0;0;2;3;1;B01
201700001553;1;7;0;13;0;4;13;A01
201700001554;2;7;0;0;2;1;2;A01
201700001554;2;7;0;0;2;2;15;B01
201700001554;1;7;0;0;2;1;0;C01
201700001555;1;7;0;8;0;0;1;A01
201700001556;1;7;0;16;0;9;13;A01
201700001557;2;7;0;0;1;8;21;A01
201700001558;2;7;0;0;2;2;1;A01
201700001558;2;7;0;0;2;3;15;B01
201700001559;1;33;0;2;0;9;1;A01
201700001560;2;7;0;0;2;2;20;A01
201700001560;1;2;0;0;2;7;1;B01
201700001561;1;7;0;2;0;9;2;A01
201700001562;1;1;0;0;2;7;1;A01
201700001562;1;7;0;0;2;1;19;B01
201700001563;1;10;0;0;2;2;1;A01
201700001563;2;7;0;0;2;3;1;B01
201700001564;2;7;0;8;0;1;1;A01
201700001565;1;7;0;0;2;1;1;B01
201700001565;0;7;0;0;2;7;1;A01
201700001566;2;33;0;15;0;1;1;A01
201700001567;0;7;0;0;1;4;4;A01
201700001568;1;7;0;0;2;3;1;A01
201700001568;2;7;0;0;2;3;1;B01
201700001569;1;2;0;0;0;4;1;B01
201700001569;1;7;0;0;2;2;1;A01
201700001570;1;2;0;14;0;8;1;A01
201700001571;1;7;0;0;2;3;13;A01
201700001571;2;7;0;0;2;3;1;B01
201700001572;1;7;0;0;2;3;1;B01
201700001572;2;7;0;0;2;3;1;A01
201700001573;0;7;0;0;2;1;19;B01
201700001573;2;33;0;0;2;2;1;A01
201700001574;1;35;0;13;2;4;2;B01
201700001574;1;7;0;13;2;1;2;A01
201700001575;1;7;0;2;0;7;2;A01
201700001576;1;7;0;8;0;1;1;A01
201700001577;1;7;0;0;2;1;13;A01
201700001577;2;7;0;0;2;1;1;B01
201700001578;1;7;0;0;2;3;13;A01
201700001578;2;7;0;8;2;3;1;B01
201700001579;1;2;0;14;4;1;1;A01
201700001579;0;39;1;0;2;4;1;A02
201700001580;0;7;0;0;1;6;1;A01
201700001581;0;7;0;6;0;1;1;A01
201700001582;1;33;0;13;0;1;0;A01
201700001583;1;7;0;3;0;7;2;A01
201700001584;0;7;0;0;2;2;1;B01
201700001584;0;7;0;0;2;3;13;A01
201700001585;2;33;0;0;2;1;2;A01
201700001585;1;7;0;0;2;8;15;B01
201700001586;1;7;0;0;2;1;1;A01
201700001586;0;7;0;0;2;8;10;B01
201700001587;0;2;0;0;1;1;1;A01
201700001588;0;2;0;8;0;2;5;A01
201700001589;0;7;0;0;1;1;1;A01
201700001590;0;33;0;0;2;1;1;B01
201700001590;0;7;0;0;2;5;1;A01
201700001591;0;2;0;0;0;1;1;A01
201700001592;1;2;0;0;0;4;15;B01
201700001592;1;2;0;0;2;1;17;A01
201700001593;1;7;0;2;0;8;1;A01
201700001594;2;7;0;0;2;8;1;B01
201700001594;1;33;0;0;2;8;1;A01
201700001595;1;7;0;0;2;1;17;A01
201700001595;2;7;0;0;2;1;1;B01
201700001596;0;7;0;0;2;1;1;B01
201700001596;0;7;0;0;2;1;15;A01
201700001597;1;7;0;6;0;1;13;A01
201700001598;0;7;0;0;2;3;13;A01
201700001598;0;2;0;0;0;1;1;B01
201700001599;1;7;0;13;0;1;0;A01
201700001600;1;7;0;7;0;1;1;A01
201700001601;0;7;0;0;2;6;15;A01
201700001601;1;33;0;0;2;1;1;B01
201700001602;1;7;0;7;9;2;1;A01
201700001603;1;33;0;13;0;9;1;A01
201700001604;2;7;0;0;0;3;14;A01
201700001605;2;14;0;13;0;9;1;A01
201700001606;1;7;0;13;0;1;1;A01
201700001607;2;7;0;0;1;2;1;A01
201700001608;1;7;0;0;2;2;2;A01
201700001608;1;1;0;0;0;4;2;B01
201700001609;1;7;0;8;0;1;19;A01
201700001610;1;7;0;6;0;1;1;A01
201700001611;1;7;0;15;9;9;14;A01
201700001612;2;33;0;14;0;0;13;A01
201700001612;2;7;0;0;0;0;9;B01
201700001613;2;7;0;0;2;1;1;A01
201700001613;1;7;0;0;2;1;1;B01
201700001613;1;7;0;0;2;1;1;C01
201700001613;1;7;0;0;2;1;1;D01
201700001614;0;7;0;16;0;0;14;A01
201700001615;1;33;0;0;2;8;3;A01
201700001615;1;7;0;0;2;7;12;B01
201700001615;1;7;0;0;2;5;1;C01
201700001616;1;7;0;0;2;1;1;A01
201700001616;1;7;0;0;2;4;23;B01
201700001616;1;7;0;0;2;4;1;C01
201700001617;2;7;0;0;2;3;15;A01
201700001617;2;33;0;0;2;1;17;B01
201700001618;0;7;0;0;2;3;13;A01
201700001618;0;7;0;0;0;3;1;B01
201700001619;1;7;0;0;2;1;1;A01
201700001619;0;7;0;0;2;7;1;B01
201700001620;1;7;0;2;0;1;15;A01
201700001621;0;7;0;0;1;1;1;A01
201700001622;0;7;0;0;2;1;15;A01
201700001622;0;2;0;0;2;3;1;B01
201700001623;0;7;0;0;2;3;17;A01
201700001623;0;7;0;0;2;3;1;B01
201700001623;0;7;0;0;2;3;1;C01
201700001624;2;7;0;0;2;3;13;A01
201700001624;1;7;0;0;2;3;1;B01
201700001625;2;33;0;3;0;1;1;A01
201700001626;0;33;0;0;2;7;1;B01
201700001626;0;7;0;0;2;3;13;A01
201700001627;1;7;0;0;2;1;13;A01
201700001627;1;7;0;0;2;1;13;B01
201700001627;2;7;0;0;2;1;1;C01
201700001627;1;10;0;0;0;4;1;D01
201700001628;2;33;0;0;2;2;17;A01
201700001628;2;14;0;0;0;8;15;B01
201700001629;2;7;0;0;1;1;1;A01
201700001630;0;7;0;0;2;7;15;A01
201700001630;0;33;0;0;2;0;5;B01
201700001631;1;7;0;0;1;2;1;A01
201700001632;2;7;0;0;2;1;1;A01
201700001632;1;7;0;15;2;8;2;B01
201700001633;1;7;0;13;0;1;13;A01
201700001634;0;7;0;0;1;2;1;A01
201700001635;0;7;0;0;1;1;1;A01
201700001636;1;7;0;14;2;3;1;A01
201700001636;0;7;0;0;2;2;19;B01
201700001636;0;7;0;0;2;8;23;C01
201700001637;2;10;0;0;1;2;1;A01
201700001638;1;1;0;0;2;1;1;B01
201700001638;2;7;0;0;2;5;15;A01
201700001639;1;7;0;0;2;1;13;A01
201700001639;2;7;0;0;2;3;0;B01
201700001640;1;7;0;0;2;1;14;A01
201700001640;2;1;0;0;5;1;14;B01
201700001640;2;1;0;0;0;0;5;C01
201700001640;2;1;0;0;0;0;5;D01
201700001640;2;1;0;0;2;7;5;E01
201700001641;1;7;0;0;1;2;1;A01
201700001642;1;33;0;0;2;1;21;A01
201700001642;1;33;0;0;0;1;16;B01
201700001643;2;7;0;2;0;8;1;A01
201700001644;1;33;0;13;0;8;1;A01
201700001645;2;7;0;13;0;1;0;A01
201700001646;2;7;0;0;0;2;19;A01
201700001646;2;7;0;0;2;2;19;B01
201700001647;2;33;0;16;0;1;0;A01
201700001648;1;1;0;0;0;0;1;A01
201700001649;2;7;0;13;0;9;21;A01
201700001650;2;7;0;0;2;1;1;B01
201700001650;1;7;0;0;2;3;0;A01
201700001651;1;7;0;0;0;1;13;A01
201700001652;1;7;0;0;2;4;23;B01
201700001652;1;7;0;0;2;1;2;A01
201700001653;2;7;0;14;0;2;0;A01
201700001654;0;7;0;15;0;1;0;A01
201700001655;2;1;0;0;1;1;17;A01
201700001656;1;7;0;0;2;2;15;A01
201700001656;2;33;0;0;2;7;1;B01
201700001657;2;7;0;0;2;3;1;B01
201700001657;1;7;0;0;2;3;1;A01
201700001658;0;7;0;1;0;1;1;A01
201700001659;2;7;0;0;2;1;0;B01
201700001659;1;7;0;0;2;1;13;A01
201700001659;2;7;0;0;2;1;13;C01
201700001660;2;7;0;0;2;1;1;C01
201700001660;1;7;0;0;2;1;0;B01
201700001660;1;7;0;0;2;2;9;A01
201700001661;2;7;0;15;2;1;1;B01
201700001661;1;7;0;0;2;1;5;A01
201700001662;2;7;0;9;0;1;15;A01
201700001663;1;7;0;0;1;0;1;A01
201700001664;2;1;0;0;2;8;9;A01
201700001664;1;7;0;0;2;1;1;B01
201700001665;1;7;0;6;0;9;13;A01
201700001666;1;2;0;0;0;0;1;A01
201700001667;1;7;0;0;2;1;2;A01
201700001667;1;7;0;0;0;0;2;C01
201700001667;1;7;0;0;2;4;2;B01
201700001668;1;7;0;16;0;1;1;A01
201700001669;0;21;0;15;9;5;1;A01
201700001670;1;7;0;0;1;1;1;A01
201700001671;2;1;0;6;0;1;1;A01
201700001672;2;7;0;0;2;3;0;B01
201700001672;1;33;0;0;2;1;13;A01
201700001673;1;7;0;8;0;1;1;A01
201700001674;2;7;0;3;2;2;17;A01
201700001674;2;10;0;0;0;6;1;B01
201700001675;2;7;0;7;0;8;1;A01
201700001676;2;7;0;0;2;4;16;D01
201700001676;2;7;0;0;2;3;1;C01
201700001676;1;7;0;0;2;3;5;A01
201700001676;2;7;0;0;2;3;1;B01
201700001677;2;7;0;0;2;3;1;A01
201700001677;1;7;0;0;2;3;1;B01
201700001677;1;10;0;0;0;8;1;C01
201700001678;2;7;0;14;0;4;23;C01
201700001678;2;7;0;0;2;4;23;B01
201700001678;2;7;0;0;2;1;2;A01
201700001679;1;1;0;15;0;1;1;A01
201700001680;1;7;0;0;2;1;1;B01
201700001680;2;10;0;0;2;8;15;A01
201700001681;1;7;0;2;0;3;17;A01
201700001682;1;1;0;0;2;0;1;B01
201700001682;2;7;0;0;2;1;1;A01
201700001683;2;7;0;8;0;6;1;A01
201700001683;2;7;0;0;2;2;21;B01
201700001684;2;2;0;0;2;1;1;A01
201700001684;1;13;0;0;2;8;1;B01
201700001685;0;7;0;0;2;2;19;A01
201700001685;0;2;0;0;2;1;1;B01
201700001686;2;7;0;0;2;3;1;B01
201700001686;1;7;0;0;2;1;11;A01
201700001686;2;10;0;0;9;8;1;C01
201700001687;1;7;0;0;2;2;17;A01
201700001687;1;7;0;0;2;3;15;B01
201700001688;1;7;0;0;2;1;2;A01
201700001688;1;7;0;0;0;4;2;B01
201700001689;2;7;0;2;0;1;14;A01
201700001690;1;33;0;8;0;1;13;A01
201700001691;1;7;0;0;2;5;15;A01
201700001691;2;33;0;0;2;1;1;B01
201700001692;1;7;0;0;1;1;0;A01
201700001693;1;7;0;15;0;2;17;A01
201700001693;2;7;0;15;0;8;15;B01
201700001694;2;7;0;16;0;9;1;A01
201700001695;1;7;0;0;2;3;0;A01
201700001695;2;7;0;0;2;3;1;B01
201700001696;1;7;0;0;0;0;21;A01
201700001697;2;2;0;15;0;1;1;A01
201700001698;0;1;0;0;2;1;15;B02
201700001698;0;10;0;0;2;2;1;A01
201700001699;2;7;0;0;1;2;1;A01
201700001700;2;7;0;0;1;1;1;B01
201700001700;1;7;0;0;1;0;14;C01
201700001700;1;7;0;0;1;2;13;A01
201700001701;1;2;0;0;1;1;21;A01
201700001702;2;7;0;0;9;5;0;B01
201700001702;1;1;0;0;2;1;13;A01
201700001703;0;2;0;1;1;3;18;A01
201700001703;0;2;0;0;2;7;14;B01
201700001704;2;2;0;0;2;7;17;B01
201700001704;2;30;0;0;2;3;11;A01
201700001705;2;7;0;0;2;6;10;A01
201700001705;2;33;0;0;2;1;1;B01
201700001706;0;7;0;0;2;3;19;A01
201700001706;1;2;0;0;2;1;1;B01
201700001707;1;7;0;0;0;9;14;A01
201700001708;0;31;0;0;6;5;1;A01
201700001709;1;7;0;0;2;3;1;B01
201700001709;2;7;0;0;2;3;13;A01
201700001710;1;7;0;0;2;2;15;A01
201700001710;0;1;0;0;2;1;1;B01
201700001711;2;7;0;0;2;3;17;A01
201700001711;1;7;0;0;2;3;1;B01
201700001712;1;10;0;0;2;1;1;B01
201700001712;2;2;0;0;2;8;15;A01
201700001713;1;7;0;13;0;2;1;A01
201700001714;1;7;0;0;2;8;19;A01
201700001714;1;17;0;0;2;3;1;B01
201700001715;2;17;0;3;0;3;14;A01
201700001716;2;7;0;13;0;9;14;A01
201700001717;1;7;0;7;0;1;14;A01
201700001718;2;7;0;0;2;7;13;A01
201700001718;1;33;0;0;2;1;1;B01
201700001719;2;30;0;12;0;7;1;A01
201700001720;2;7;0;2;0;1;13;A01
201700001721;1;7;0;0;2;1;1;B01
201700001721;1;7;0;0;2;2;13;A01
201700001722;1;7;0;0;2;6;15;C01
201700001722;1;7;0;0;2;2;17;A01
201700001722;2;10;0;15;2;1;1;B01
201700001723;1;7;0;0;2;1;1;B01
201700001723;2;7;0;0;2;1;5;A01
201700001724;2;33;0;0;2;8;1;B01
201700001724;1;33;0;0;2;3;5;A01
201700001725;1;7;0;0;2;1;1;B01
201700001725;2;7;0;0;2;1;0;A01
201700001726;1;7;0;0;5;1;1;A01
201700001727;2;7;0;0;9;2;2;A01
201700001727;2;1;0;0;2;8;2;B01
201700001728;1;33;0;0;0;1;1;A01
201700001729;2;2;0;0;0;0;1;A01
201700001730;1;33;0;0;2;7;17;B01
201700001730;1;7;0;0;0;0;1;D01
201700001730;1;33;0;0;2;1;17;A01
201700001730;1;7;0;0;0;8;15;C01
201700001731;1;1;0;4;0;7;1;A01
201700001732;2;10;0;14;0;2;14;A01
201700001733;1;7;0;6;0;1;1;A01
201700001734;2;7;0;0;0;0;0;A01
201700001735;0;1;0;0;2;1;2;A01
201700001735;0;7;0;0;0;4;2;B01
201700001736;2;7;0;0;2;3;23;B01
201700001736;2;7;0;0;2;1;12;A01
201700001737;1;7;0;0;0;5;23;B01
201700001737;1;30;0;0;2;1;2;A01
201700001738;1;1;0;6;0;1;1;A01
201700001739;0;1;0;0;0;1;0;A01
201700001740;1;7;0;0;1;1;0;A01
201700001741;2;7;0;0;2;3;9;A01
201700001741;2;2;0;0;2;7;2;B01
201700001742;2;31;0;0;5;1;21;A01
201700001743;2;21;0;13;0;3;1;A01
201700001744;1;7;0;0;2;3;13;A01
201700001744;2;7;0;0;2;1;1;B01
201700001745;1;7;0;0;2;3;13;A01
201700001745;2;17;0;0;2;3;1;B01
201700001746;1;7;0;0;2;2;1;A01
201700001746;2;7;0;0;2;3;1;B01
201700001747;2;14;0;8;0;2;17;A01
201700001748;2;7;0;0;2;3;0;A01
201700001748;1;7;0;0;2;3;0;B01
201700001749;2;2;0;0;2;2;1;B01
201700001749;1;7;0;0;2;3;15;A01
201700001750;0;7;0;2;0;2;1;A01
201700001751;0;7;0;0;2;3;1;B01
201700001751;2;2;0;0;2;1;1;A01
201700001752;0;33;0;0;2;2;15;A01
201700001752;0;7;0;0;2;3;1;B01
201700001753;0;1;0;0;0;0;1;A01
201700001754;0;7;0;0;2;3;1;B01
201700001754;0;7;0;0;2;3;21;A01
201700001755;0;7;0;2;0;2;1;A01
201700001756;0;7;0;0;2;0;1;B01
201700001756;0;7;0;0;2;9;1;A01
201700001757;2;7;0;13;0;1;1;A01
201700001758;0;7;0;15;0;2;2;A01
201700001759;0;7;0;0;2;3;1;B01
201700001759;0;7;0;0;2;3;5;A01
201700001760;2;33;0;1;0;1;0;A01
201700001761;2;7;0;15;0;3;1;A01
201700001762;2;7;0;0;2;1;1;B01
201700001762;0;7;0;0;2;8;1;A01
201700001763;1;7;0;2;0;5;13;A01
201700001764;2;33;0;13;0;7;1;A01
201700001765;1;7;0;0;2;1;0;B01
201700001765;2;7;0;0;2;1;17;A01
201700001766;1;7;0;16;0;2;1;A01
201700001767;2;7;0;2;0;1;1;A01
201700001768;0;7;0;2;0;1;1;A01
201700001769;1;33;0;0;0;0;1;A01
201700001770;2;7;0;2;0;1;1;A01
201700001771;0;7;0;15;0;1;0;A01
201700001772;1;7;0;2;0;2;0;A01
201700001773;2;7;0;13;0;3;13;A01
201700001774;0;7;0;0;0;4;2;B01
201700001774;0;3;0;0;2;1;2;A01
201700001775;1;7;0;0;2;2;1;A01
201700001775;1;7;0;0;2;2;1;B01
201700001776;2;2;0;0;1;4;23;B01
201700001776;2;7;0;0;2;1;23;A01
201700001777;0;1;0;12;0;1;0;A01
201700001778;1;7;0;0;2;6;20;B01
201700001778;1;7;0;0;2;2;1;A01
201700001779;1;7;0;0;2;2;9;A01
201700001779;2;33;0;0;2;7;7;B01
201700001780;0;2;0;14;0;1;17;A01
201700001781;0;7;0;12;1;2;14;A01
201700001782;0;10;0;0;2;3;1;B01
201700001782;0;10;0;0;2;3;15;A01
201700001783;2;7;0;0;2;1;1;B01
201700001783;2;7;0;0;2;1;1;C01
201700001783;1;7;0;0;2;1;1;A01
201700001784;0;7;0;0;1;1;1;A01
201700001785;0;7;0;0;2;3;20;A01
201700001785;0;7;0;6;0;7;1;B01
201700001786;1;7;0;0;2;3;15;A01
201700001786;2;2;0;0;2;1;1;B01
201700001787;1;7;0;0;2;1;1;B01
201700001787;2;7;0;0;2;1;5;A01
201700001788;1;2;0;0;2;4;1;B01
201700001788;1;7;0;0;2;1;2;A01
201700001789;1;7;0;0;2;2;13;A01
201700001789;1;2;0;0;2;8;15;B01
201700001790;1;7;0;0;1;2;1;A01
201700001791;1;33;0;0;2;1;1;B01
201700001791;1;7;0;0;2;3;19;A01
201700001792;2;13;0;0;2;3;15;A01
201700001792;2;33;0;0;2;1;17;B01
201700001793;1;7;0;0;2;1;1;B01
201700001793;1;7;0;3;0;0;0;C01
201700001793;2;7;0;0;2;6;0;D01
201700001793;2;7;0;0;2;1;17;A01
201700001794;1;2;0;0;2;8;2;B01
201700001794;1;7;0;0;2;3;9;A01
201700001795;2;7;0;0;2;2;16;A01
201700001795;2;30;0;0;2;8;16;B01
201700001796;1;7;0;0;1;4;4;A01
201700001797;1;7;0;2;0;8;13;A01
201700001798;2;33;0;8;0;1;14;A01
201700001799;1;7;0;0;2;7;1;A01
201700001799;1;7;0;0;2;1;9;B01
201700001800;2;2;0;0;2;1;1;B01
201700001800;2;7;0;0;2;8;1;A01
201700001801;1;33;0;0;2;1;17;A01
201700001801;2;33;0;0;2;1;17;B01
201700001801;1;15;0;0;2;4;13;C01
201700001802;2;7;0;0;2;3;15;A01
201700001802;1;31;0;0;2;1;13;B01
201700001803;1;7;0;0;1;1;1;A01
201700001804;2;7;0;0;1;3;1;A01
201700001805;1;7;0;8;2;1;2;A01
201700001805;1;7;0;0;2;4;1;B01
201700001806;1;7;0;0;0;8;19;A01
201700001806;1;7;0;0;2;1;1;B01
201700001807;1;7;0;13;0;9;1;A01
201700001808;0;10;0;0;1;1;1;A01
201700001809;2;7;0;13;0;7;1;A01
201700001810;2;7;0;16;0;1;1;A01
201700001811;1;7;0;0;2;2;1;B01
201700001811;2;7;0;0;2;1;1;A01
201700001812;0;7;0;13;0;1;1;A01
201700001813;1;7;0;0;2;1;11;A01
201700001813;2;7;0;0;2;1;1;B01
201700001814;1;7;0;0;2;1;2;A01
201700001814;1;7;0;0;0;4;1;B01
201700001815;1;10;0;0;2;1;2;A01
201700001815;1;7;0;0;2;4;1;B01
201700001815;1;7;0;0;2;4;2;C01
201700001815;1;7;0;0;2;4;1;D01
201700001816;0;7;0;0;2;1;2;A01
201700001816;0;7;0;0;0;4;2;B01
201700001817;0;10;0;6;0;1;0;A01
201700001818;1;7;0;0;0;4;2;C01
201700001818;1;7;0;0;2;4;2;B01
201700001818;1;10;0;0;2;1;2;A01
201700001819;1;7;0;0;2;3;1;A01
201700001819;0;7;0;0;2;3;13;B01
201700001820;2;33;0;0;2;1;0;B01
201700001820;2;7;0;0;0;5;2;A01
201700001821;1;33;0;0;2;1;3;B01
201700001821;1;7;0;0;2;8;10;A01
201700001822;1;7;0;1;0;1;5;A01
201700001823;0;7;0;0;2;3;13;B01
201700001823;0;7;0;0;2;3;1;A01
201700001824;2;7;0;0;2;1;10;A01
201700001824;2;33;0;0;2;7;1;B01
201700001825;1;7;0;0;2;8;19;A01
201700001825;1;33;0;0;2;1;1;B01
201700001826;0;10;0;0;0;1;2;B01
201700001826;0;7;0;0;0;4;1;A01
201700001827;1;7;0;15;1;2;1;A01
201700001828;1;7;0;0;2;1;5;A01
201700001828;2;7;0;0;2;1;1;B01
201700001829;2;7;0;6;0;0;1;A01
201700001830;0;7;0;0;2;1;17;A01
201700001830;0;7;0;0;2;1;1;B01
201700001831;0;7;0;0;0;4;2;A01
201700001831;0;7;0;0;0;1;1;B01
201700001832;2;33;0;0;2;1;2;A01
201700001832;2;10;0;0;0;4;1;B01
201700001833;1;33;0;0;2;2;1;A01
201700001833;1;7;0;0;2;6;17;B01
201700001834;1;7;0;2;0;3;1;A01
201700001834;2;7;0;0;0;3;5;B01
201700001835;2;7;0;8;0;2;0;A01
201700001836;1;7;0;0;2;2;1;A01
201700001836;2;7;0;0;2;2;1;B01
201700001837;1;1;0;0;2;1;1;B01
201700001837;1;7;0;0;2;8;13;A01
201700001838;0;33;0;12;0;1;1;A01
201700001839;2;7;0;0;0;8;1;A01
201700001840;0;7;0;0;2;1;15;A01
201700001840;0;33;0;0;2;1;1;B01
201700001841;2;7;0;0;2;7;2;A01
201700001841;1;7;0;0;2;1;1;C01
201700001841;0;7;0;0;2;1;1;B01
201700001842;2;7;0;0;1;1;16;A01
201700001843;1;7;0;0;2;3;1;B01
201700001843;1;7;0;0;2;3;1;C01
201700001843;1;2;0;0;2;1;13;A01
201700001844;1;2;0;0;2;1;13;A01
201700001844;2;7;0;0;0;6;11;B01
201700001845;2;21;0;0;0;4;1;B01
201700001845;2;2;0;0;2;1;11;A01
201700001846;0;7;0;0;1;3;1;A01
201700001847;1;7;0;0;1;3;19;A01
201700001848;1;7;0;0;2;3;11;A01
201700001848;2;34;0;0;2;1;1;B01
201700001849;0;7;0;0;1;3;1;A01
201700001850;1;99;0;0;2;1;1;B01
201700001850;0;7;0;0;0;4;23;A01
201700001851;0;33;0;0;2;1;1;B01
201700001851;0;7;0;0;9;7;1;A01
201700001852;0;7;0;0;1;1;1;A01
201700001853;2;7;0;0;2;1;1;B01
201700001853;0;7;0;0;2;3;9;A01
201700001854;0;7;0;0;2;6;15;A01
201700001854;0;1;0;0;2;7;16;B01
201700001855;0;10;0;0;1;2;1;A01
201700001855;0;7;0;0;2;8;1;B01
201700001856;0;1;0;0;2;1;1;B01
201700001856;0;7;0;0;2;2;15;A01
201700001857;0;7;0;0;0;3;1;A01
201700001857;0;1;0;0;0;2;19;B01
201700001858;0;1;0;0;2;5;1;B01
201700001858;0;7;0;0;9;2;1;A01
201700001859;2;7;0;6;0;1;15;A01
201700001860;1;7;0;0;2;4;2;B01
201700001860;1;33;0;0;2;1;2;A01
201700001861;2;33;0;0;2;8;1;B01
201700001861;1;7;0;0;2;3;15;A01
201700001862;1;7;0;0;0;4;1;B01
201700001862;0;7;0;0;2;4;2;A01
201700001863;2;32;0;0;2;7;17;A01
201700001863;2;7;0;0;2;3;15;B01
201700001864;1;7;0;12;0;8;1;A01
201700001865;0;33;0;0;0;3;2;A01
201700001866;1;7;0;0;2;1;15;A01
201700001866;2;33;0;0;2;7;1;B01
201700001867;0;7;0;0;1;4;23;B01
201700001867;0;7;0;0;2;1;1;A01
201700001868;0;7;0;0;0;0;15;A01
201700001869;1;7;0;13;0;9;1;A01
201700001870;2;34;0;0;0;3;18;A01
201700001870;2;10;0;0;0;0;16;B01
201700001871;1;7;0;15;2;1;17;A01
201700001871;2;7;0;0;2;3;15;B01
201700001872;0;33;0;6;0;1;1;A01
201700001873;1;7;0;0;9;3;1;A01
201700001873;1;1;0;0;2;7;1;B01
201700001874;1;7;0;0;2;3;6;A01
201700001874;1;7;0;0;2;8;1;D01
201700001874;1;7;0;0;2;3;1;C01
201700001874;2;15;0;0;2;8;1;B01
201700001875;2;2;0;0;2;7;9;A01
201700001875;2;7;0;0;2;8;2;B01
201700001876;2;7;0;13;2;1;1;B01
201700001876;2;7;0;0;2;1;1;A01
201700001877;0;7;0;0;1;5;20;A01
201700001878;1;7;0;0;0;6;0;A01
201700001878;1;1;0;1;0;1;2;B01
201700001879;0;7;0;6;0;1;2;A01
201700001880;2;7;0;0;2;3;1;B01
201700001880;1;7;0;0;2;3;17;A01
201700001881;0;7;0;0;1;1;1;A01
201700001882;2;7;0;8;0;1;1;A01
201700001883;0;10;0;0;2;3;1;B01
201700001883;0;7;0;0;2;2;1;A01
201700001884;0;7;0;0;1;2;1;A01
201700001885;1;7;0;0;2;2;1;A01
201700001885;1;7;0;0;2;3;9;B01
201700001886;1;33;0;0;2;2;11;A01
201700001886;2;7;0;0;2;3;1;B01
201700001887;0;7;0;0;1;1;1;A01
201700001888;0;1;0;14;0;1;1;A01