num_acc;senc;catv;occutc;obs;obsm;choc;manv;num_veh
201700001889;1;7;0;0;2;2;2;A01
201700001889;1;32;0;0;0;4;2;B01
201700001890;0;7;0;0;1;1;1;A01
201700001891;1;7;0;0;2;2;0;B01
201700001891;2;7;0;0;2;1;14;A01
201700001892;0;7;0;0;1;3;1;A01
201700001893;2;7;0;0;1;2;1;A01
201700001894;1;33;0;14;9;1;1;A01
201700001895;1;7;0;0;0;2;1;B01
201700001895;1;7;0;0;0;3;0;A01
201700001896;2;7;0;6;0;1;17;A01
201700001897;0;33;0;0;2;3;1;B01
201700001897;0;7;0;0;2;1;1;A01
201700001898;1;7;0;0;1;1;1;A01
201700001899;0;1;0;0;2;1;1;B01
201700001899;0;7;0;0;2;3;1;A01
201700001900;0;7;0;12;1;1;1;A01
201700001901;2;33;0;0;2;7;17;A01
201700001901;0;7;0;0;2;3;15;B01
201700001902;1;7;0;0;2;2;2;B01
201700001902;1;7;0;0;0;6;16;A01
201700001903;1;10;0;0;2;1;15;A01
201700001903;1;7;0;8;0;3;1;B01
201700001904;0;7;0;2;0;7;1;A01
201700001905;0;7;0;0;2;2;15;B01
201700001905;0;33;0;0;2;1;1;A01
201700001906;0;7;0;0;2;5;19;A01
201700001906;0;2;0;0;2;2;1;B01
201700001907;0;10;0;0;1;2;9;A01
201700001908;0;7;0;1;0;8;13;B01
201700001908;0;7;0;0;2;2;17;A01
201700001908;0;7;0;0;2;5;24;C01
201700001909;0;10;0;0;2;1;15;A01
201700001909;0;33;0;0;2;3;1;B01
201700001910;0;7;0;0;1;2;1;A01
201700001911;0;17;0;0;1;2;1;A01
201700001912;0;7;0;0;1;4;4;A01
201700001913;0;7;0;0;2;8;2;A01
201700001913;0;33;0;0;2;7;17;B01
201700001914;2;7;0;0;2;1;1;C01
201700001914;2;7;0;0;2;1;1;B01
201700001914;2;7;0;0;2;1;13;A01
201700001915;1;7;0;0;2;1;1;A01
201700001915;2;7;0;0;2;1;15;B01
201700001916;0;7;0;0;2;8;1;B01
201700001916;0;7;0;0;2;1;1;A01
201700001917;1;7;0;0;0;8;2;A01
201700001917;2;7;0;0;2;1;2;B01
201700001918;1;7;0;13;0;1;13;A01
201700001919;1;7;0;0;2;8;13;A01
201700001919;2;7;0;0;2;1;1;B01
201700001920;0;7;0;0;0;3;0;A01
201700001920;0;7;0;0;0;3;0;B01
201700001921;0;7;0;15;0;1;1;A01
201700001922;1;7;0;2;0;1;1;A01
201700001923;2;33;0;0;2;3;13;A01
201700001923;1;33;0;0;2;3;1;B01
201700001924;2;7;0;0;2;1;0;A01
201700001924;1;33;0;0;2;1;0;B01
201700001925;1;7;0;0;2;1;13;A01
201700001925;2;7;0;0;2;1;1;B01
201700001926;0;7;0;0;2;1;13;A01
201700001926;2;7;0;0;2;1;2;B01
201700001927;1;7;0;0;2;7;10;A01
201700001927;2;33;0;0;2;8;1;B01
201700001928;1;7;0;0;2;1;1;B01
201700001928;1;1;0;0;2;0;19;A01
201700001929;0;7;0;0;1;3;1;A01
201700001930;2;10;0;0;2;3;1;B01
201700001930;1;13;0;0;2;2;15;A01
201700001931;0;7;0;0;1;1;1;B01
201700001931;1;7;0;0;1;3;1;A01
201700001932;1;7;0;0;1;3;15;A01
201700001933;1;33;0;0;2;1;13;B01
201700001933;2;7;0;0;2;1;1;A01
201700001934;2;7;0;0;2;3;1;B01
201700001934;1;33;0;0;2;1;1;A01
201700001935;1;2;0;13;0;1;1;A01
201700001936;1;7;0;0;1;1;1;A01
201700001937;1;7;0;0;2;3;13;A01
201700001937;2;7;0;0;2;3;1;B01
201700001938;2;7;0;0;2;3;15;A01
201700001938;0;30;0;0;2;1;1;B01
201700001939;1;7;0;1;2;9;23;C01
201700001939;1;10;0;1;2;2;2;A01
201700001939;1;7;0;0;2;4;15;B01
201700001939;1;7;0;1;2;9;23;D01
201700001940;0;7;0;0;2;3;0;B01
201700001941;1;7;0;0;0;6;2;A01
201700001941;1;33;0;13;2;9;2;B01
201700001942;1;7;0;0;0;9;21;A01
201700001942;2;7;0;0;0;0;17;B01
201700001943;1;7;0;2;0;2;14;A01
201700001944;0;7;0;0;1;1;1;A01
201700001945;1;7;0;6;0;1;1;A01
201700001946;2;33;0;0;0;7;1;A01
201700001947;2;1;0;0;2;8;1;B01
201700001947;2;7;0;0;2;2;17;A01
201700001948;1;7;0;3;2;8;9;B01
201700001948;1;7;0;0;2;2;15;A01
201700001949;2;7;0;2;2;8;15;B01
201700001949;2;10;0;0;2;2;17;A01
201700001950;1;99;0;0;2;1;1;B01
201700001950;2;7;0;0;2;7;1;A01
201700001951;2;7;0;0;1;7;13;A01
201700001952;2;7;0;0;0;6;1;B01
201700001952;1;7;0;0;0;1;1;C01
201700001952;2;7;0;0;2;2;11;A01
201700001953;1;7;0;0;2;1;1;B01
201700001953;2;7;0;3;2;7;1;A01
201700001954;2;1;0;0;0;8;1;A01
201700001955;1;7;0;15;0;0;1;A01
201700001956;2;33;0;12;0;1;1;A01
201700001957;0;7;0;0;1;0;15;A01
201700001958;0;7;0;0;1;1;0;A01
201700001959;1;7;0;0;2;3;1;A01
201700001959;2;33;0;0;2;1;1;B01
201700001960;0;7;0;0;2;8;9;A01
201700001960;0;2;0;0;2;1;15;B01
201700001961;1;7;0;8;0;1;14;A01
201700001962;1;7;0;6;0;1;1;A01
201700001963;0;7;0;0;1;2;16;A01
201700001964;1;7;0;13;0;3;1;A01
201700001965;1;1;0;0;2;1;3;B01
201700001965;1;7;0;0;2;3;15;A01
201700001966;1;33;0;0;2;1;1;A01
201700001966;1;7;0;7;0;4;15;B01
201700001967;2;7;0;0;2;1;1;B01
201700001967;1;7;0;13;2;7;1;A01
201700001968;0;7;0;0;0;6;11;B01
201700001968;0;2;0;0;2;1;17;A01
201700001969;0;33;0;13;0;1;16;A01
201700001970;0;7;0;13;0;4;13;A01
201700001970;0;7;0;0;0;1;1;B01
201700001971;1;7;0;0;2;1;15;A01
201700001971;0;7;0;0;2;2;1;B01
201700001972;1;7;0;0;2;1;1;B01
201700001972;1;7;0;0;2;3;9;A01
201700001973;1;7;0;0;9;2;1;A01
201700001973;1;1;0;0;2;3;15;B01
201700001974;2;33;0;0;2;1;1;B01
201700001974;1;7;0;0;2;5;15;A01
201700001975;0;7;0;0;1;8;1;A01
201700001976;0;33;0;0;2;7;1;A01
201700001976;0;7;0;0;2;1;9;B01
201700001977;2;7;0;0;0;1;0;A01
201700001977;1;7;0;0;0;1;0;B01
201700001978;0;7;0;6;0;2;1;A01
201700001979;2;33;0;0;2;1;17;A01
201700001979;1;7;0;0;2;1;1;B01
201700001980;2;33;0;0;2;1;1;B01
201700001980;0;7;0;0;9;2;19;A01
201700001981;0;7;0;8;2;3;1;B01
201700001981;0;7;0;0;2;3;13;A01
201700001982;;33;0;0;2;9;1;B01
201700001982;0;7;0;0;2;8;19;A01
201700001983;1;10;0;0;2;1;1;A01
201700001983;2;10;0;15;2;2;19;B01
201700001984;1;34;0;13;0;9;1;A01
201700001985;2;7;0;0;2;8;1;B01
201700001985;1;7;0;0;2;3;1;A01
201700001986;0;37;0;0;1;7;22;A01
201700001987;2;33;0;0;2;1;1;B01
201700001987;1;7;0;0;2;6;10;A01
201700001988;1;33;0;0;2;1;17;A01
201700001988;2;7;0;0;2;6;15;B01
201700001989;1;13;0;0;2;2;15;A01
201700001989;2;7;0;0;2;1;1;B01
201700001990;2;33;0;12;0;7;1;A01
201700001991;0;7;0;0;2;1;16;A01
201700001991;0;7;0;0;2;1;15;B01
201700001992;1;15;0;0;2;3;1;B01
201700001992;2;31;0;0;2;3;2;A01
201700001993;1;30;0;0;2;1;15;A01
201700001993;1;7;0;0;2;1;1;B01
201700001994;2;7;0;0;2;1;1;B01
201700001994;1;7;0;0;2;1;1;A01
201700001995;1;7;0;0;9;3;15;A01
201700001995;2;1;0;0;2;8;1;B01
201700001996;0;33;0;6;0;2;15;A01
201700001997;0;7;0;0;0;4;0;B01
201700001997;0;7;0;1;0;1;2;A01
201700001998;1;7;0;0;1;1;1;A01
201700001999;2;31;0;0;2;8;15;B01
201700001999;1;7;0;0;2;1;1;A01
201700002000;2;7;0;0;2;3;19;B01
201700002000;1;7;0;0;2;1;1;A01
201700002001;0;7;0;0;2;3;15;B01
201700002001;2;33;0;0;2;1;17;A01
201700002002;1;7;0;0;1;2;1;A01
201700002003;2;7;0;2;0;0;1;A01
201700002004;0;7;0;0;1;4;20;A01
201700002005;2;7;0;13;0;1;1;A01
201700002006;2;7;0;0;1;2;1;A01
201700002007;0;7;0;0;2;2;15;A01
201700002007;0;7;0;0;2;1;1;B01
201700002008;0;7;0;0;2;1;1;A01
201700002008;0;7;0;0;2;7;1;B01
201700002009;1;7;0;8;0;2;0;A01
201700002010;1;2;0;0;2;8;1;B01
201700002010;0;7;0;0;2;1;19;A01
201700002011;2;7;0;0;1;2;1;A01
201700002012;1;2;0;14;2;3;1;A01
201700002012;2;7;0;16;9;2;1;B01
201700002013;2;10;0;0;2;1;1;B01
201700002013;1;7;0;0;2;1;5;A01
201700002014;0;2;0;15;9;7;2;A01
201700002015;1;1;0;0;2;8;15;B01
201700002015;1;10;0;16;9;7;16;A01
201700002016;0;7;0;0;2;1;1;A01
201700002016;0;7;0;0;2;1;1;B01
201700002017;1;3;0;0;2;1;9;A01
201700002017;2;7;0;0;2;2;1;B01
201700002018;1;7;0;16;0;1;1;A01
201700002019;1;7;0;0;2;1;1;A01
201700002019;1;7;0;0;0;8;10;B01
201700002020;2;7;0;0;2;1;13;A01
201700002020;1;7;0;0;2;2;1;B01
201700002021;2;33;0;0;2;1;13;A01
201700002021;1;7;0;0;2;3;1;B01
201700002022;2;7;0;0;2;3;1;B01
201700002022;1;7;0;0;2;2;15;A01
201700002023;2;33;0;2;0;1;1;A01
201700002024;1;33;0;0;2;1;1;A01
201700002024;2;7;0;0;2;3;1;B01
201700002025;0;2;0;6;0;1;1;A01
201700002026;1;7;0;0;2;3;15;A01
201700002026;2;7;0;0;2;1;1;B01
201700002027;1;7;0;0;2;3;1;B01
201700002027;2;7;0;0;2;1;1;A01
201700002028;2;7;0;0;2;1;1;B01
201700002028;1;7;0;0;2;3;19;A01
201700002029;0;7;0;0;1;3;13;A01
201700002030;0;7;0;0;2;1;13;A01
201700002030;0;7;0;0;2;1;2;B01
201700002031;0;7;0;0;1;1;0;A01
201700002032;0;2;0;0;0;0;2;A01
201700002033;2;7;0;0;2;3;13;B01
201700002033;1;7;0;0;0;8;1;A01
201700002034;2;7;0;0;2;3;1;B01
201700002034;1;7;0;0;2;3;1;A01
201700002035;2;7;0;0;2;1;1;B01
201700002035;1;33;0;0;2;7;0;A01
201700002036;0;1;0;0;2;1;19;B01
201700002036;0;7;0;0;9;3;1;A01
201700002037;0;7;0;3;0;2;1;A01
201700002038;0;7;0;0;1;6;4;A01
201700002039;2;33;0;0;2;8;15;B01
201700002039;1;7;0;0;2;1;19;A01
201700002040;1;7;0;0;2;3;15;B01
201700002040;2;33;0;0;2;7;15;A01
201700002041;2;7;0;2;0;3;1;A01
201700002042;2;7;0;6;0;3;1;A01
201700002043;1;33;0;0;0;0;15;A01
201700002044;2;7;0;3;0;1;0;A01
201700002045;1;7;0;2;0;1;1;A01
201700002046;0;7;0;6;0;1;13;A01
201700002047;0;33;0;8;0;1;1;A01
201700002048;2;7;0;0;1;3;1;A01
201700002049;0;2;0;0;0;7;1;A01
201700002050;0;33;0;0;0;8;1;A01
201700002051;1;33;0;0;2;1;1;B01
201700002051;2;7;0;0;2;2;15;A01
201700002052;2;7;0;0;2;3;15;A01
201700002052;2;7;0;0;2;3;17;B01
201700002053;0;7;0;0;1;3;1;A01
201700002054;1;7;0;0;2;8;0;A01
201700002054;2;1;0;0;2;5;0;B01
201700002055;1;10;0;0;1;2;1;A01
201700002056;1;7;0;6;0;2;1;A01
201700002057;0;7;0;2;0;3;0;A01
201700002058;2;7;0;0;2;3;1;A01
201700002058;1;7;0;0;2;3;1;B01
201700002059;2;7;0;0;2;7;1;A01
201700002059;1;7;0;0;2;1;1;B01
201700002060;2;7;0;0;2;1;13;A01
201700002060;1;7;0;0;2;3;1;B01
201700002061;2;7;0;0;2;3;15;A01
201700002061;1;33;0;0;2;1;1;B01
201700002062;2;7;0;6;0;1;1;A01
201700002063;2;2;0;0;2;1;1;A01
201700002063;1;7;0;0;2;3;15;B01
201700002064;1;7;0;0;2;1;1;A01
201700002064;2;7;0;0;2;1;17;B01
201700002064;2;3;0;0;2;6;0;C01
201700002065;2;7;0;0;2;1;19;A01
201700002065;1;33;0;0;2;8;1;B01
201700002066;0;7;0;0;2;2;1;A01
201700002066;0;2;0;0;2;1;1;B01
201700002067;2;7;0;0;2;1;1;A01
201700002067;2;7;0;0;2;3;1;C01
201700002067;1;7;0;0;2;1;1;B01
201700002068;1;7;0;0;2;1;0;B01
201700002068;2;7;0;0;2;2;15;A01
201700002069;1;7;0;0;2;1;1;B01
201700002069;2;7;0;0;2;1;13;A01
201700002070;2;7;0;0;2;2;1;A01
201700002070;2;7;0;0;2;1;1;B01
201700002071;1;15;0;0;2;3;9;A01
201700002071;1;7;0;0;2;2;1;B01
201700002072;1;33;0;0;2;1;2;A01
201700002072;1;33;0;0;0;6;2;B01
201700002073;0;10;0;0;2;1;9;A01
201700002073;0;33;0;0;2;7;1;B01
201700002074;2;7;0;0;2;1;13;A01
201700002074;1;7;0;0;2;1;21;B01
201700002075;2;7;0;0;2;1;17;A01
201700002075;1;7;0;0;2;1;1;B01
201700002076;1;30;0;0;2;2;15;A01
201700002076;2;7;0;0;2;1;1;B01
201700002077;2;7;0;0;2;2;19;A01
201700002077;1;7;0;0;2;1;1;B01
201700002078;1;7;0;0;2;8;13;A01
201700002078;2;7;0;0;2;1;1;B01
201700002079;1;7;0;0;5;3;1;A01
201700002080;0;7;0;0;0;6;23;A01
201700002080;0;2;0;0;2;3;2;B01
201700002081;1;7;0;0;2;5;17;A01
201700002081;1;32;0;0;2;8;1;B01
201700002082;0;7;0;0;0;4;1;A01
201700002082;0;2;0;0;2;1;1;B01
201700002083;0;33;0;0;2;1;1;B01
201700002083;0;7;0;0;2;8;19;A01
201700002084;0;7;0;0;2;2;1;C01
201700002084;0;7;0;0;2;7;13;A01
201700002084;0;7;0;0;2;1;1;B01
201700002085;1;33;0;0;2;7;1;A01
201700002085;2;7;0;0;2;3;9;B01
201700002086;1;1;0;0;2;1;1;A01
201700002086;2;7;0;0;0;2;15;B01
201700002087;1;7;0;2;0;2;1;A01
201700002088;0;10;0;0;1;1;1;A01
201700002089;0;7;0;6;0;1;1;A01
201700002090;1;7;0;0;1;1;1;A01
201700002091;0;7;0;3;0;8;10;A01
201700002091;0;7;0;0;2;2;1;B01
201700002092;0;7;0;8;9;8;1;A01
201700002093;2;7;0;0;2;2;1;A01
201700002093;2;1;0;0;2;8;13;B01
201700002094;1;33;0;0;4;3;1;A01
201700002094;1;39;1;0;2;2;1;B01
201700002095;2;7;0;0;2;1;11;A01
201700002095;1;7;0;0;2;1;1;B01
201700002096;1;7;0;0;2;3;1;B01
201700002096;2;7;0;0;2;8;1;C01
201700002096;0;7;0;0;2;8;9;A01
201700002097;1;7;0;0;2;2;1;B01
201700002097;0;7;0;0;2;1;19;A01
201700002098;0;7;0;0;2;1;1;B01
201700002098;0;7;0;0;2;1;3;A01
201700002099;0;7;0;0;2;1;15;A01
201700002099;0;7;0;0;2;8;1;B01
201700002100;0;7;0;0;2;1;1;A01
201700002100;0;31;0;0;2;7;1;B01
201700002101;1;7;0;13;0;2;1;A01
201700002102;0;7;0;0;2;3;1;B01
201700002102;0;14;0;0;2;8;1;A01
201700002103;0;7;0;2;0;3;1;A01
201700002104;2;7;0;0;2;1;1;A01
201700002104;1;7;0;0;2;3;1;B01
201700002105;1;7;0;0;1;1;1;A01
201700002106;1;7;0;0;2;1;1;A01
201700002106;0;10;0;0;2;3;15;B01
201700002107;1;7;0;2;0;1;0;A01
201700002108;0;7;0;0;2;1;1;B01
201700002108;0;99;0;0;2;2;13;A01
201700002109;0;7;0;0;2;2;0;B01
201700002109;0;7;0;3;2;1;21;A01
201700002110;0;7;0;3;0;3;0;A01
201700002111;1;33;0;0;0;8;1;A01
201700002112;0;7;0;0;2;3;10;A01
201700002112;0;33;0;0;2;1;1;B01
201700002113;2;7;0;0;1;3;1;A01
201700002114;0;33;0;8;0;1;1;A01
201700002115;1;33;0;0;2;8;1;B01
201700002115;2;7;0;0;2;8;5;A01
201700002116;0;7;0;2;0;2;2;A01
201700002117;2;7;0;0;1;1;1;A01
201700002118;2;7;0;0;1;2;1;A01
201700002119;0;1;0;0;2;3;16;A01
201700002120;0;1;0;0;0;0;1;A01
201700002121;2;33;0;4;0;7;1;A01
201700002122;0;7;0;0;2;4;1;A01
201700002122;2;7;0;0;2;0;17;B01
201700002123;2;7;0;13;0;3;1;A01
201700002124;0;7;0;0;0;6;24;A01
201700002124;0;7;0;1;0;2;14;B01
201700002125;2;7;0;0;2;3;1;A01
201700002125;1;7;0;0;2;2;1;C01
201700002125;1;7;0;0;2;3;13;B01
201700002126;2;7;0;0;2;3;0;B01
201700002126;1;33;0;0;2;0;21;A01
201700002127;0;7;0;6;0;1;1;A01
201700002128;2;7;0;0;1;2;1;A01
201700002129;2;32;0;11;0;2;1;A01
201700002130;1;33;0;0;1;3;1;A01
201700002131;1;7;0;0;2;8;1;B01
201700002131;1;33;0;0;2;1;13;A01
201700002132;0;7;0;0;2;1;1;B01
201700002132;0;2;0;0;2;7;19;A01
201700002133;1;7;0;0;1;2;1;B01
201700002134;0;7;0;0;0;4;23;B01
201700002134;0;7;0;0;0;1;1;A01
201700002135;0;31;0;0;2;8;1;A01
201700002135;0;7;0;0;2;8;1;B01
201700002136;0;7;0;0;2;1;1;B01
201700002136;0;7;0;0;2;7;13;A01
201700002137;2;1;0;0;0;2;1;A01
201700002138;0;1;0;0;2;3;19;A01
201700002138;0;7;0;0;9;3;1;B01
201700002139;0;2;0;0;2;1;1;B01
201700002139;0;7;0;0;0;6;2;A01
201700002140;0;33;0;0;0;8;1;A01
201700002141;1;2;0;13;0;1;1;A01
201700002142;1;7;0;0;0;1;13;A01
201700002142;2;7;0;0;2;1;1;B02
201700002143;1;7;0;0;2;2;10;A01
201700002143;1;7;0;6;0;2;17;B01
201700002144;1;7;0;13;0;1;0;A01
201700002145;2;7;0;0;0;4;11;B01
201700002145;2;2;0;0;2;1;17;A01
201700002146;1;33;0;13;0;1;21;A01
201700002147;0;7;0;0;1;5;4;A01
201700002148;1;2;0;0;2;1;0;A01
201700002148;0;7;0;0;2;2;19;B01
201700002149;0;7;0;0;2;8;1;A01
201700002149;0;7;0;0;2;2;1;B01
201700002150;1;7;0;6;0;3;13;A01
201700002151;1;7;0;0;2;7;15;A01
201700002151;2;33;0;0;2;1;1;B01
201700002152;1;33;0;0;2;1;1;A01
201700002152;2;7;0;0;2;1;5;B01
201700002153;0;7;0;0;0;0;2;A01
201700002154;2;7;0;0;0;0;15;A01
201700002154;2;7;0;13;0;9;1;B01
201700002155;1;7;0;0;0;5;15;A01
201700002155;2;1;0;0;2;1;1;B01
201700002156;0;7;0;0;2;1;1;A01
201700002156;0;10;0;0;2;7;1;B01
201700002157;2;7;0;0;2;2;19;B01
201700002157;1;34;0;0;2;1;1;A01
201700002158;0;7;0;0;1;3;1;A01
201700002159;0;2;0;0;2;1;2;A01
201700002159;0;7;0;0;0;4;2;B01
201700002160;1;7;0;0;2;3;1;A01
201700002160;0;7;0;0;2;5;9;B01
201700002161;2;2;0;0;5;8;21;A01
201700002162;2;33;0;0;0;8;1;A01
201700002163;2;7;0;13;0;1;1;A01
201700002164;2;7;0;0;0;7;1;A01
201700002164;1;33;0;0;2;1;1;B01
201700002165;1;7;0;7;0;2;1;A01
201700002166;0;7;0;0;1;2;1;A01
201700002167;1;7;0;0;2;8;9;A01
201700002167;2;33;0;0;2;1;1;B01
201700002167;2;33;0;0;2;1;1;C01
201700002168;1;7;0;8;0;1;1;A01
201700002169;1;7;0;0;9;2;17;A01
201700002169;1;1;0;0;2;4;1;B01
201700002170;1;7;0;0;2;1;13;A01
201700002170;2;7;0;0;2;8;1;B01
201700002171;1;7;0;0;2;1;1;A01
201700002171;2;7;0;0;2;1;1;B01
201700002172;2;7;0;0;2;3;15;A01
201700002172;1;33;0;0;2;1;1;B01
201700002173;1;30;0;0;2;4;1;A01
201700002173;1;7;0;2;2;2;2;B01
201700002174;2;7;0;0;2;1;15;A01
201700002174;1;7;0;0;2;3;1;B01
201700002175;1;33;0;0;0;0;0;A01
201700002176;1;33;0;3;0;1;17;A01
201700002176;1;17;0;0;0;0;17;B01
201700002177;0;7;0;0;2;1;0;A01
201700002177;0;2;0;0;2;8;1;B01
201700002178;2;7;0;6;0;1;1;A01
201700002179;0;7;0;0;1;2;1;A01
201700002180;0;33;0;6;0;1;1;A01
201700002181;1;7;0;0;2;3;1;A01
201700002181;2;7;0;0;2;3;1;B01
201700002182;0;7;0;0;1;2;1;A01
201700002183;1;7;0;0;2;1;13;A01
201700002183;2;7;0;0;2;1;1;B01
201700002183;1;7;0;8;0;1;21;C01
201700002183;1;7;0;1;0;7;0;D01
201700002183;2;7;0;0;0;0;16;E01
201700002184;0;10;0;0;1;1;1;A01
201700002185;1;7;0;0;2;1;1;B01
201700002185;2;7;0;0;2;2;19;A01
201700002186;0;32;0;10;0;2;14;A01
201700002187;0;7;0;0;1;1;15;A01
201700002188;1;7;0;13;0;1;14;A01
201700002189;1;7;0;10;0;2;1;A01
201700002190;0;7;0;0;2;3;1;A01
201700002190;0;1;0;0;2;1;1;B01
201700002191;2;7;0;8;0;2;1;A01
201700002192;1;2;0;0;0;0;1;A01
201700002193;1;7;0;13;0;2;1;A01
201700002194;2;10;0;0;2;3;1;A01
201700002194;1;15;0;0;2;8;1;B01
201700002195;2;7;0;13;0;2;1;A01
201700002196;2;7;0;0;1;1;1;A01
201700002197;1;10;0;0;2;6;9;A01
201700002197;1;2;0;0;2;2;9;B01
201700002198;2;33;0;0;2;1;1;B01
201700002198;2;7;0;0;2;1;15;A01
201700002199;1;7;0;0;2;2;1;A01
201700002199;2;7;0;7;2;1;15;B01
201700002200;1;7;0;0;1;1;1;A01
201700002201;2;7;0;0;1;3;16;A01
201700002202;1;7;0;0;1;3;15;A01
201700002203;2;7;0;0;1;1;1;A01
201700002204;1;7;0;0;2;3;13;A01
201700002204;2;7;0;0;2;1;1;B01
201700002205;2;7;0;0;1;1;16;A01
201700002206;1;7;0;0;1;3;9;A01
201700002207;2;33;0;0;2;1;1;B01
201700002207;1;7;0;0;2;3;15;A01
201700002208;1;7;0;0;2;3;13;A01
201700002208;2;7;0;3;2;3;1;B01
201700002208;1;15;0;0;2;1;1;C01
201700002209;1;10;0;0;1;5;4;A01
201700002210;2;33;0;0;2;1;17;A01
201700002210;2;10;0;0;2;3;15;B01
201700002211;1;7;0;0;2;2;10;A01
201700002211;2;33;0;0;2;8;21;B01
201700002212;2;7;0;6;0;9;1;A01
201700002212;2;7;0;2;0;0;1;B01
201700002213;2;33;0;16;0;1;1;A01
201700002214;0;7;0;8;2;1;0;A01
201700002214;0;7;0;0;0;3;0;B01
201700002215;0;7;0;0;9;2;2;A01
201700002215;0;1;0;0;2;8;2;B01
201700002216;2;7;0;0;2;1;1;B01
201700002216;1;7;0;0;0;2;13;A01
201700002216;2;7;0;0;2;2;2;C01
201700002217;2;7;0;0;2;1;13;A01
201700002217;1;7;0;0;2;3;1;B01
201700002218;2;7;0;2;0;2;1;A01
201700002219;1;33;0;0;0;0;1;A01
201700002220;1;7;0;9;0;1;0;A01
201700002221;1;7;0;0;0;2;0;A01
201700002221;1;7;0;15;0;6;0;B01
201700002222;2;7;0;0;2;4;9;A01
201700002222;2;33;0;0;2;1;2;B01
201700002223;1;7;0;0;2;3;9;A01
201700002223;2;2;0;0;2;1;0;B01
201700002224;1;7;0;2;0;1;13;A01
201700002225;2;7;0;0;2;3;1;A01
201700002225;1;7;0;0;2;1;1;B01
201700002226;1;7;0;0;2;3;0;A01
201700002226;2;7;0;2;2;2;0;B01
201700002227;1;7;0;0;2;8;9;A01
201700002227;1;7;0;0;2;7;1;B01
201700002228;1;7;0;0;2;3;13;A01
201700002228;2;7;0;0;2;3;1;B01
201700002229;1;10;0;0;1;2;1;A01
201700002230;2;7;0;0;2;3;1;A01
201700002230;1;13;0;8;2;2;1;B01
201700002231;1;7;0;2;0;9;0;A01
201700002232;2;20;0;13;0;2;13;A01
201700002233;1;33;0;0;0;8;1;A01
201700002234;1;7;0;0;2;1;13;A01
201700002234;2;7;0;0;2;1;1;B01
201700002235;2;7;0;0;2;3;13;A01
201700002235;1;7;0;5;2;3;1;B01
201700002236;1;15;0;0;2;1;2;A01
201700002236;1;7;0;0;0;4;15;B01
201700002237;1;7;0;0;0;1;13;A01
201700002237;2;7;0;0;0;1;1;B01
201700002238;1;7;0;0;2;3;15;A01
201700002238;2;7;0;8;2;2;11;B01
201700002239;1;33;0;13;0;1;1;A01
201700002240;1;33;0;0;2;8;2;A01
201700002240;2;7;0;0;0;5;15;B01
201700002241;2;33;0;0;1;0;21;A01
201700002242;2;2;0;0;2;2;9;A01
201700002242;2;7;0;0;2;2;1;B01
201700002243;1;7;0;0;2;2;23;A01
201700002243;2;1;0;1;0;1;1;B01
201700002244;2;7;0;3;0;0;0;A01
201700002245;1;7;0;0;0;6;15;A01
201700002245;2;32;0;0;2;1;1;B01
201700002246;2;33;0;0;2;1;1;A01
201700002246;1;7;0;0;2;8;19;B01
201700002247;2;1;0;0;2;8;15;A01
201700002247;2;33;0;0;9;1;1;B01
201700002248;1;7;0;0;2;1;1;A01
201700002248;2;7;0;0;2;1;1;B01
201700002249;1;7;0;0;2;6;2;A01
201700002249;1;33;0;0;2;1;2;B01
201700002250;2;7;0;0;2;1;0;A01
201700002250;1;7;0;0;2;2;0;B01
201700002251;1;7;0;0;2;7;13;A01
201700002251;2;7;0;0;2;1;1;B01
201700002252;2;7;0;0;1;1;1;A01
201700002253;2;31;0;0;2;1;1;A01
201700002253;2;7;0;0;2;6;9;B01
201700002254;1;7;0;0;2;1;1;B01
201700002254;2;14;0;0;2;3;9;A01
201700002255;1;7;0;0;1;1;1;A01
201700002256;2;7;0;0;2;1;1;C01
201700002256;1;7;0;0;2;0;2;B01
201700002256;1;7;0;1;2;9;17;A01
201700002257;1;2;0;0;1;1;1;A01
201700002258;1;7;0;0;1;1;1;A01
201700002259;1;1;0;0;2;0;15;B01
201700002259;2;7;0;0;2;2;9;A01
201700002260;1;7;0;0;1;1;1;A01
201700002261;1;7;0;0;1;2;1;A01
201700002262;1;7;0;0;2;1;9;A01
201700002262;2;1;0;0;2;7;1;B01
201700002263;1;7;0;16;2;4;1;A01
201700002263;1;7;0;0;2;1;9;B01
201700002264;0;7;0;0;2;8;10;A01
201700002264;0;34;0;0;2;1;1;B01
201700002265;1;7;0;0;2;1;1;A01
201700002265;2;1;0;0;2;8;19;B01
201700002266;0;14;0;0;9;5;15;A01
201700002266;0;1;0;0;2;1;1;B01
201700002267;0;7;0;0;2;1;17;B01
201700002267;0;1;0;0;0;4;1;A01
201700002268;1;2;0;16;0;0;1;A01
201700002269;0;7;0;0;2;3;13;A01
201700002269;0;7;0;0;2;3;1;B01
201700002270;2;7;0;0;2;2;13;A01
201700002270;1;37;1;0;0;2;1;B01
201700002271;0;10;0;0;2;1;2;A01
201700002271;0;7;0;0;2;4;2;B01
201700002272;0;7;0;0;0;4;2;D01
201700002272;0;7;0;0;0;4;2;C01
201700002272;0;7;0;0;2;1;2;B01
201700002272;0;7;0;0;2;1;2;A01