num_acc;senc;catv;occutc;obs;obsm;choc;manv;num_veh
201700002273;0;7;0;0;1;1;1;A01
201700002274;2;1;0;1;0;1;2;B01
201700002274;2;7;0;0;9;8;22;A01
201700002275;0;1;0;0;9;1;1;A01
201700002275;0;1;0;0;9;1;1;B01
201700002276;0;7;0;0;2;2;1;A01
201700002276;0;1;0;0;2;1;1;B01
201700002277;0;39;5;0;2;1;1;B01
201700002277;0;7;0;0;4;3;0;A01
201700002278;1;7;0;0;2;7;17;A01
201700002278;1;33;0;0;2;8;1;B01
201700002279;0;7;0;0;2;8;15;B01
201700002279;0;33;0;0;2;1;1;A01
201700002280;0;10;0;0;1;1;1;A01
201700002281;0;32;0;0;2;1;1;A01
201700002281;0;7;0;0;2;8;16;B01
201700002282;0;7;0;0;0;4;23;A01
201700002282;0;1;0;0;2;1;2;B01
201700002283;0;7;0;9;9;1;1;A01
201700002284;1;7;0;13;0;3;1;A01
201700002285;1;7;0;8;0;2;1;A01
201700002286;0;7;0;0;2;1;9;A01
201700002286;2;31;0;0;2;2;1;B01
201700002287;2;7;0;13;0;3;1;A01
201700002288;2;1;0;0;2;8;13;A01
201700002288;1;7;0;0;2;8;1;B01
201700002289;1;33;0;6;0;1;2;A01
201700002290;1;7;0;8;0;3;1;A01
201700002291;0;7;0;0;1;2;1;A01
201700002292;2;33;0;13;0;7;1;A01
201700002293;1;7;0;0;1;3;15;A01
201700002294;2;7;0;2;2;1;1;A01
201700002294;1;7;0;0;2;1;13;B01
201700002295;2;1;0;3;0;1;1;A01
201700002296;1;33;0;0;2;0;3;A01
201700002296;1;7;0;0;0;6;1;B01
201700002297;2;1;0;0;2;1;2;A01
201700002297;2;7;0;0;2;4;2;B01
201700002298;2;7;0;0;2;1;2;A01
201700002298;2;7;0;0;0;4;15;B01
201700002298;2;7;0;0;2;3;1;C01
201700002299;1;7;0;0;2;8;19;A01
201700002299;2;33;0;0;2;1;1;B01
201700002300;1;7;0;1;0;1;1;A01
201700002300;1;7;0;0;0;4;2;B01
201700002301;0;7;0;0;2;3;1;A01
201700002301;0;32;0;0;2;3;1;B01
201700002302;0;33;0;0;0;0;1;A01
201700002303;1;7;0;0;0;4;23;A01
201700002303;1;7;0;0;2;4;23;B01
201700002303;1;7;0;0;2;1;2;C01
201700002304;0;33;0;0;2;8;1;B01
201700002304;0;7;0;0;2;3;10;A01
201700002305;1;1;0;0;0;8;1;A01
201700002305;2;1;0;0;0;3;1;B01
201700002305;2;1;0;0;2;1;1;C01
201700002306;1;7;0;6;0;2;15;A01
201700002307;1;7;0;0;1;1;1;A01
201700002308;0;2;0;0;0;7;1;A01
201700002309;2;7;0;0;0;4;23;A01
201700002309;2;7;0;0;2;4;2;B01
201700002309;2;7;0;0;2;4;2;C01
201700002309;2;7;0;0;2;1;2;D01
201700002310;0;7;0;0;2;1;15;A01
201700002310;0;30;0;0;2;8;1;B01
201700002311;0;2;0;14;0;8;1;A01
201700002312;0;33;0;14;0;1;1;A01
201700002313;2;1;0;0;2;1;1;B01
201700002313;1;7;0;0;9;5;15;A01
201700002314;1;2;0;14;0;8;1;A01
201700002315;0;2;0;0;0;0;1;A01
201700002316;0;1;0;0;5;1;1;A01
201700002317;2;7;0;6;0;7;2;A01
201700002318;1;7;0;0;1;2;1;A01
201700002319;0;7;0;0;0;7;15;B01
201700002319;0;7;0;0;2;2;1;A01
201700002320;2;10;0;0;2;1;17;A01
201700002320;2;1;0;0;2;4;13;B01
201700002321;0;1;0;0;2;8;1;B01
201700002321;0;7;0;0;2;3;15;A01
201700002322;0;7;0;0;0;1;0;C01
201700002322;0;7;0;0;0;4;1;B01
201700002322;0;7;0;0;0;4;1;A01
201700002323;1;7;0;2;0;8;1;A01
201700002324;2;7;0;13;0;2;1;A01
201700002325;2;7;0;0;9;2;1;A01
201700002325;1;1;0;0;2;1;19;B01
201700002326;0;7;0;13;0;3;1;A01
201700002327;1;2;0;4;2;8;1;A01
201700002327;2;7;0;0;2;3;1;B01
201700002328;2;1;0;0;5;1;1;A01
201700002329;0;7;0;13;0;3;1;A01
201700002330;1;7;0;13;0;1;1;A01
201700002331;2;1;0;14;0;1;1;A01
201700002332;1;7;0;0;2;3;1;A01
201700002332;2;33;0;0;2;3;17;B01
201700002333;2;33;0;0;2;1;17;A01
201700002333;2;7;0;0;2;8;15;B01
201700002334;2;33;0;16;0;7;1;A01
201700002335;1;7;0;0;2;2;1;A01
201700002335;2;1;0;0;2;0;0;B01
201700002336;1;7;0;0;2;1;13;B01
201700002336;2;7;0;0;2;1;1;A01
201700002337;2;7;0;0;2;7;21;B01
201700002337;2;7;0;15;2;3;9;A01
201700002338;1;33;0;0;2;1;1;B01
201700002338;1;7;0;0;2;7;19;A01
201700002339;1;7;0;0;1;1;1;A01
201700002340;1;1;0;0;0;0;0;A01
201700002341;2;15;0;0;2;1;1;B01
201700002341;2;7;0;3;2;1;17;A01
201700002342;2;7;0;13;0;3;13;A01
201700002343;1;7;0;0;2;2;16;A01
201700002343;1;1;0;0;0;8;2;B01
201700002344;1;2;0;0;0;5;16;B01
201700002344;1;2;0;0;2;1;2;A01
201700002345;2;7;0;0;2;3;13;A01
201700002345;1;7;0;0;2;3;2;B01
201700002346;2;2;0;6;0;1;9;A01
201700002347;1;1;0;0;0;0;1;A01
201700002348;1;7;0;0;2;1;13;A01
201700002348;2;7;0;0;2;1;0;B01
201700002349;1;7;0;0;2;8;15;A01
201700002349;1;31;0;0;2;1;17;B01
201700002350;2;7;0;0;2;1;2;A01
201700002350;2;7;0;0;0;4;2;B01
201700002351;1;7;0;0;2;2;1;B01
201700002351;0;7;0;0;2;8;19;A01
201700002352;1;7;0;0;9;0;1;A01
201700002353;0;7;0;0;9;1;1;A01
201700002353;0;1;0;0;2;4;1;B01
201700002354;1;7;0;0;2;2;1;A01
201700002354;1;1;0;0;2;3;1;B01
201700002355;2;7;0;0;2;8;18;A01
201700002355;2;33;0;0;2;7;1;B01
201700002356;1;7;0;0;2;1;17;A01
201700002356;2;7;0;0;1;1;1;B01
201700002357;0;1;0;5;0;1;0;A01
201700002358;1;7;0;13;0;9;13;A01
201700002359;2;10;0;0;0;6;10;A01
201700002359;2;33;0;0;2;1;2;B01
201700002360;2;33;0;0;2;1;2;A01
201700002360;2;7;0;0;2;4;2;B01
201700002360;2;33;0;0;2;1;2;C01
201700002361;1;7;0;16;9;1;2;A01
201700002362;2;1;0;0;1;3;1;A01
201700002363;1;33;0;0;2;2;2;A01
201700002363;1;10;0;0;0;6;2;B01
201700002364;1;10;0;0;2;1;13;A01
201700002364;2;7;0;0;2;1;1;B01
201700002365;2;7;0;0;1;1;1;A01
201700002366;1;7;0;0;9;2;1;A01
201700002366;1;1;0;0;2;1;16;B01
201700002367;0;7;0;5;0;1;13;A01
201700002368;2;7;0;0;2;1;5;A01
201700002368;1;7;0;0;2;1;1;B01
201700002369;0;7;0;0;2;1;1;B01
201700002369;0;7;0;0;2;3;1;A01
201700002370;1;7;0;0;9;3;1;A01
201700002370;2;1;0;0;2;1;1;B01
201700002371;2;7;0;0;2;1;1;A01
201700002371;1;7;0;0;2;2;5;B01
201700002372;0;7;0;0;2;3;23;B01
201700002372;0;7;0;0;2;3;1;A01
201700002373;0;7;0;0;2;3;0;B01
201700002373;0;7;0;0;2;1;2;C01
201700002373;0;7;0;0;2;3;13;A01
201700002374;2;1;0;0;0;0;1;A01
201700002375;1;1;0;0;0;0;1;A01
201700002376;1;10;0;0;2;2;2;A01
201700002376;1;1;0;0;2;7;1;B01
201700002377;0;7;0;0;2;3;10;A01
201700002377;0;33;0;0;2;1;2;B01
201700002378;0;7;0;6;0;1;0;A01
201700002379;1;7;0;13;0;0;2;A01
201700002380;2;7;0;13;0;3;1;A01
201700002381;0;7;0;6;0;2;1;A01
201700002382;1;2;0;0;2;4;1;A01
201700002382;1;7;0;0;2;1;1;B01
201700002383;1;7;0;0;2;1;2;A01
201700002383;1;7;0;0;2;4;1;B01
201700002384;2;7;0;0;2;8;13;A01
201700002384;1;7;0;0;2;1;2;B01
201700002385;1;7;0;0;9;3;9;A01
201700002385;1;1;0;0;2;7;1;B01
201700002386;0;7;0;0;2;3;15;A01
201700002386;0;33;0;0;2;1;13;B01
201700002387;1;7;0;0;2;6;1;A01
201700002387;2;7;0;0;2;1;1;B01
201700002388;0;7;0;3;2;7;1;A01
201700002388;0;7;0;0;2;3;1;B01
201700002389;1;7;0;0;9;8;16;A01
201700002389;2;1;0;0;2;1;1;B01
201700002390;1;2;0;0;0;7;16;A01
201700002391;1;7;0;0;1;1;1;A01
201700002392;2;7;0;11;2;3;1;C01
201700002392;2;7;0;0;2;3;13;A01
201700002392;1;7;0;0;2;9;1;B01
201700002393;1;7;0;0;1;1;17;A01
201700002394;0;7;0;7;2;1;1;A01
201700002394;0;7;0;0;2;1;1;C01
201700002394;0;7;0;13;0;9;1;B01
201700002395;0;33;0;6;2;3;1;B01
201700002395;1;7;0;0;2;3;13;A01
201700002396;0;33;0;0;2;7;1;B01
201700002396;0;7;0;0;2;6;15;A01
201700002397;2;7;0;0;2;2;17;B01
201700002397;2;7;0;6;2;9;2;A01
201700002398;1;7;0;0;0;9;1;A01
201700002399;2;10;0;0;2;3;13;A01
201700002399;1;7;0;0;2;1;1;B01
201700002400;0;34;0;0;2;7;17;A01
201700002400;0;7;0;0;2;2;10;B01
201700002401;0;7;0;0;2;7;15;A01
201700002401;0;33;0;0;2;1;1;B01
201700002402;1;30;0;16;0;1;1;A01
201700002403;0;30;0;0;2;1;2;A01
201700002403;0;7;0;0;2;3;2;B01
201700002404;1;7;0;0;1;1;1;A01
201700002405;0;7;0;6;0;2;1;A01
201700002406;1;7;0;0;2;3;13;A01
201700002406;2;7;0;0;2;3;1;B01
201700002407;1;3;0;6;0;1;1;A01
201700002408;0;2;0;4;0;3;13;A01
201700002409;1;33;0;0;0;1;1;A01
201700002410;0;7;0;13;0;1;1;A01
201700002411;1;2;0;0;0;0;1;A01
201700002412;2;7;0;0;0;9;1;A01
201700002413;0;7;0;0;2;1;13;A01
201700002413;0;7;0;0;2;1;1;B01
201700002414;0;7;0;0;2;1;1;B01
201700002414;1;2;0;0;0;5;1;A01
201700002415;1;99;0;0;1;0;1;A01
201700002416;1;33;0;0;2;3;13;A01
201700002416;2;7;0;0;2;3;1;B01
201700002417;2;7;0;0;1;3;1;A01
201700002418;0;7;0;0;2;1;15;A01
201700002418;0;7;0;0;2;1;16;B01
201700002419;2;7;0;0;2;1;1;B01
201700002419;1;7;0;0;2;1;13;A01
201700002420;2;7;0;0;1;1;1;A01
201700002421;2;7;0;8;2;1;13;A01
201700002421;2;7;0;0;0;5;23;B01
201700002422;1;7;0;0;2;2;15;A01
201700002422;2;2;0;0;0;1;1;B01
201700002423;2;7;0;0;2;3;15;A01
201700002423;2;33;0;15;2;5;17;B01
201700002424;2;7;0;0;2;1;15;A01
201700002424;1;7;0;8;2;3;1;B01
201700002425;2;7;0;1;1;1;1;A01
201700002425;2;7;0;13;0;1;1;C01
201700002426;0;7;0;0;1;2;1;A01
201700002427;0;31;0;0;2;1;1;A01
201700002427;0;7;0;0;2;8;19;B01
201700002428;2;1;0;0;2;0;16;B01
201700002428;1;7;0;0;2;8;1;A01
201700002429;0;7;0;0;2;3;13;A01
201700002429;0;7;0;0;2;3;1;B01
201700002430;1;7;0;0;2;7;15;B01
201700002430;2;7;0;0;2;1;19;A01
201700002431;1;7;0;0;1;3;1;A01
201700002432;1;7;0;0;1;3;1;A01
201700002433;0;7;0;0;2;3;2;A01
201700002433;0;1;0;0;2;8;15;B01
201700002434;1;7;0;0;2;2;2;B01
201700002434;1;31;0;0;2;6;10;A01
201700002435;1;1;0;0;0;4;1;B01
201700002435;1;7;0;0;2;1;2;A01
201700002436;0;7;0;2;0;2;1;A01
201700002437;0;7;0;0;2;1;1;B01
201700002437;0;33;0;0;2;4;1;A01
201700002438;2;2;0;0;2;1;2;A01
201700002438;2;7;0;0;0;6;23;B01
201700002439;1;7;0;2;0;3;16;A01
201700002440;0;7;0;0;1;1;16;A01
201700002441;0;7;0;0;1;2;1;A01
201700002442;2;7;0;0;2;3;1;A01
201700002442;1;1;0;0;2;3;15;B01
201700002443;1;7;0;2;0;1;17;A01
201700002444;0;7;0;0;2;3;1;A01
201700002444;0;10;0;0;2;3;1;B01
201700002445;1;7;0;0;2;1;5;A01
201700002445;2;7;0;0;2;1;1;B01
201700002445;2;7;0;0;2;2;1;C01
201700002446;0;33;0;0;2;0;1;A01
201700002446;0;17;0;0;2;8;1;B01
201700002447;0;2;0;0;2;1;1;A01
201700002447;0;7;0;0;2;3;6;B01
201700002448;1;7;0;6;0;1;1;A01
201700002449;1;7;0;0;2;2;13;A01
201700002449;2;7;0;0;2;7;1;B01
201700002450;0;7;0;0;1;3;1;A01
201700002451;0;33;0;8;0;3;1;A01
201700002452;1;7;0;0;2;1;17;A01
201700002452;1;7;0;0;0;6;15;B01
201700002453;2;31;0;8;0;1;16;A01
201700002454;1;7;0;0;2;1;13;A01
201700002454;2;14;0;0;2;3;1;B01
201700002455;0;1;0;0;2;8;19;B01
201700002455;0;7;0;0;9;1;1;A01
201700002456;0;2;0;0;2;8;2;B01
201700002456;0;7;0;0;2;1;15;A01
201700002457;1;7;0;0;2;1;1;A01
201700002457;2;7;0;0;2;7;1;B01
201700002458;1;7;0;13;0;9;1;A01
201700002459;1;7;0;8;0;2;1;A01
201700002460;0;7;0;12;0;3;1;A01
201700002461;1;7;0;0;0;4;1;B01
201700002461;1;32;0;0;2;1;2;A01
201700002462;0;10;0;0;2;3;21;C01
201700002462;0;10;0;0;2;3;1;B01
201700002462;0;10;0;0;2;1;5;A01
201700002463;1;7;0;0;9;1;1;A01
201700002464;0;7;0;7;2;3;1;A01
201700002464;0;7;0;0;2;2;19;B01
201700002465;0;7;0;0;0;4;15;A01
201700002465;0;7;0;0;2;3;2;B01
201700002466;1;33;0;7;0;1;13;A01
201700002467;2;7;0;6;0;1;14;A01
201700002468;0;7;0;16;2;2;1;A01
201700002468;0;7;0;16;2;8;9;B01
201700002469;0;33;0;0;0;7;19;A01
201700002469;0;7;0;0;0;2;21;B01
201700002470;1;7;0;6;0;1;2;A01
201700002471;0;33;0;0;2;8;1;A01
201700002471;0;7;0;0;2;1;1;B01
201700002472;1;7;0;2;0;1;1;A01
201700002473;0;33;0;0;0;7;23;A01
201700002474;0;7;0;0;2;1;1;A01
201700002474;0;7;0;0;2;1;13;B01
201700002475;2;33;0;0;2;1;1;A01
201700002475;2;10;0;0;2;5;15;B01
201700002476;1;7;0;0;0;4;15;A01
201700002476;1;33;0;0;2;1;2;B01
201700002477;1;33;0;12;0;1;1;A01
201700002478;2;33;0;0;2;1;2;A01
201700002478;2;7;0;0;2;5;2;B01
201700002479;1;7;0;1;0;1;1;A01
201700002479;1;7;0;0;2;4;1;B01
201700002480;1;7;0;0;2;3;1;A01
201700002480;2;7;0;0;2;3;1;B01
201700002481;1;7;0;0;2;1;13;A01
201700002481;2;7;0;0;2;1;1;B01
201700002482;1;14;0;0;2;1;1;B01
201700002482;2;7;0;0;2;1;13;A01
201700002483;1;33;0;0;2;1;17;A01
201700002483;1;15;0;0;2;8;15;B01
201700002484;0;14;0;0;0;7;15;A01
201700002485;0;14;0;2;0;2;0;A01
201700002486;2;14;0;0;2;3;1;B01
201700002486;1;7;0;0;2;3;17;A01
201700002487;1;14;0;13;0;7;1;A01
201700002488;0;14;0;0;1;2;2;A01
201700002489;1;7;0;0;2;5;15;B01
201700002489;1;2;0;0;2;1;1;A01
201700002490;0;7;0;0;0;9;0;A01
201700002491;1;7;0;9;0;0;1;A01
201700002492;0;33;0;0;1;0;1;A01
201700002493;2;34;0;0;0;1;2;A01
201700002493;2;7;0;0;0;4;2;B01
201700002494;0;7;0;0;2;3;9;B01
201700002494;0;2;0;0;2;7;1;A01
201700002495;0;7;0;13;0;1;13;A01
201700002496;0;7;0;0;2;8;15;B01
201700002496;0;33;0;0;2;7;17;A01
201700002497;0;7;0;0;2;1;1;B01
201700002497;0;7;0;0;2;1;17;A01
201700002498;1;7;0;0;0;3;1;A01
201700002499;0;7;0;0;1;1;0;A01
201700002500;2;7;0;0;2;1;17;B01
201700002500;1;7;0;0;2;1;1;A01
201700002501;0;21;0;0;2;1;21;B01
201700002501;0;7;0;0;2;3;13;A01
201700002502;2;2;0;0;2;8;2;B01
201700002502;1;7;0;0;2;5;2;A01
201700002503;2;7;0;13;0;9;0;A01
201700002504;1;33;0;0;2;3;1;B01
201700002504;1;7;0;0;2;3;15;A01
201700002505;0;2;0;0;0;7;1;A01
201700002506;1;10;0;0;1;2;0;A01
201700002507;1;7;0;0;2;3;13;A01
201700002507;2;7;0;0;2;3;0;B01
201700002508;0;7;0;0;2;1;1;A01
201700002508;0;7;0;0;2;2;1;B01
201700002509;1;2;0;0;0;4;16;B01
201700002509;1;7;0;0;2;2;1;A01
201700002510;2;7;0;0;2;2;2;A01
201700002510;2;1;0;0;9;4;1;B01
201700002511;0;2;0;0;2;2;17;B01
201700002511;0;7;0;0;2;3;15;A01
201700002512;1;33;0;0;2;2;17;A01
201700002512;1;7;0;0;2;8;1;B01
201700002513;1;7;0;0;1;1;1;A01
201700002514;0;7;0;0;2;3;9;A01
201700002514;0;33;0;0;2;1;1;B01
201700002515;2;7;0;0;0;4;1;A01
201700002515;2;2;0;0;2;1;1;B01
201700002516;1;7;0;0;2;1;1;B01
201700002516;1;7;0;0;0;6;19;A01
201700002517;2;2;0;0;2;1;1;B01
201700002517;1;7;0;0;2;2;15;A01
201700002518;1;7;0;0;2;4;15;B01
201700002518;1;7;0;0;2;1;1;A01
201700002519;0;7;0;0;2;2;1;A01
201700002519;0;31;0;0;2;4;0;B01
201700002520;2;33;0;0;0;1;1;A01
201700002520;2;7;0;0;0;1;15;B01
201700002521;1;7;0;0;2;5;15;A01
201700002521;2;2;0;0;2;1;1;B01
201700002522;1;7;0;6;0;1;1;A01
201700002523;0;7;0;0;2;1;0;B01
201700002523;0;7;0;0;2;7;13;A01
201700002524;0;7;0;0;1;7;1;A01
201700002525;0;7;0;0;2;5;15;A01
201700002525;0;2;0;0;0;1;1;B01
201700002526;0;7;0;0;2;3;13;A01
201700002526;0;33;0;0;2;1;1;B01
201700002527;2;10;0;0;2;3;0;B01
201700002527;1;1;0;0;2;0;1;A01
201700002528;0;7;0;0;0;8;1;B01
201700002528;0;2;0;0;2;1;1;A01
201700002529;0;7;0;0;1;1;2;A01
201700002529;0;7;0;0;0;4;2;C01
201700002529;0;7;0;0;1;4;2;B01
201700002530;1;7;0;16;0;9;1;A01
201700002531;2;7;0;0;2;3;1;B01
201700002531;1;7;0;0;2;3;6;A01
201700002532;1;31;0;0;0;0;1;A01
201700002533;1;7;0;0;2;6;1;B01
201700002533;1;33;0;0;2;1;1;A01
201700002534;2;7;0;0;2;1;1;B01
201700002534;2;7;0;0;2;2;15;A01
201700002535;0;7;0;6;0;1;2;A01
201700002536;0;2;0;0;2;2;1;B01
201700002536;0;7;0;0;2;6;4;A01
201700002537;1;3;0;0;2;1;0;B01
201700002537;2;7;0;0;2;3;0;A01
201700002538;1;7;0;0;1;2;1;A01
201700002539;1;7;0;0;2;9;9;A01
201700002539;2;7;0;13;2;9;1;B01
201700002540;1;7;0;0;2;2;17;A01
201700002540;2;7;0;0;2;3;1;B01
201700002541;1;1;0;0;0;0;1;A01
201700002542;1;33;0;0;0;7;1;A01
201700002543;1;7;0;2;0;9;1;A01
201700002544;0;33;0;8;0;1;1;A01
201700002545;1;2;0;0;2;1;1;B01
201700002545;2;7;0;0;0;5;15;A01
201700002546;2;7;0;0;2;8;1;B01
201700002546;2;7;0;0;2;1;1;C01
201700002546;1;7;0;0;2;1;13;A01
201700002547;1;2;0;0;0;0;1;A01
201700002548;1;7;0;0;2;1;19;A01
201700002548;2;1;0;0;2;7;2;B01
201700002549;1;13;0;0;2;3;1;C01
201700002549;2;10;0;0;0;6;2;B01
201700002549;1;33;0;0;2;1;2;A01
201700002550;1;2;0;16;0;1;1;A01
201700002551;0;33;0;0;0;0;1;A01
201700002552;1;7;0;0;0;1;1;B01
201700002552;2;7;0;0;0;1;1;A01
201700002553;1;2;0;13;0;2;14;A01
201700002554;0;7;0;0;1;2;1;A01
201700002555;1;7;0;0;1;3;1;A01
201700002556;0;7;0;0;0;0;13;A01
201700002557;2;7;0;0;2;1;1;B01
201700002557;1;7;0;0;2;2;15;A01
201700002558;1;7;0;0;2;3;17;A01
201700002558;2;7;0;0;2;1;2;B01
201700002558;1;7;0;4;2;1;1;C01
201700002558;2;7;0;0;2;1;1;E01
201700002558;2;14;0;4;2;1;1;F01
201700002558;2;7;0;0;2;7;1;G01
201700002559;2;14;0;16;0;9;19;A01
201700002560;2;7;0;0;2;7;13;A01
201700002560;1;14;0;0;2;1;1;B01
201700002561;2;14;0;0;0;8;2;A01
201700002562;1;7;0;0;2;3;13;A01
201700002562;2;15;0;0;2;6;1;B01
201700002562;2;14;0;0;2;6;2;C01
201700002562;2;7;0;0;9;1;2;D01
201700002563;0;17;0;13;1;8;23;A01
201700002564;2;7;0;0;2;3;13;A01
201700002564;1;14;0;0;2;3;5;B01
201700002565;1;33;0;0;2;7;17;A01
201700002565;1;15;0;0;0;0;2;B01
201700002566;1;7;0;0;2;1;13;A01
201700002566;2;14;0;0;2;1;1;B01
201700002567;0;1;0;0;0;7;17;A01
201700002567;0;1;0;0;0;8;0;B01
201700002568;1;33;0;0;0;4;2;A01
201700002568;1;10;0;0;2;3;17;B01
201700002568;1;7;0;0;2;1;9;C01
201700002569;0;34;0;15;0;0;17;A01
201700002570;1;31;0;4;0;7;1;A01
201700002571;0;7;0;0;2;1;1;A01
201700002571;0;7;0;0;2;1;13;B01
201700002572;1;7;0;2;0;7;17;A01
201700002573;0;7;0;0;9;3;16;A01
201700002573;0;1;0;0;2;1;1;B01
201700002574;1;7;0;0;2;3;13;A01
201700002574;2;1;0;0;2;1;1;B01
201700002575;0;7;0;0;2;3;13;A01
201700002575;0;33;0;0;2;3;1;B01
201700002576;1;7;0;0;2;1;1;B01
201700002576;0;2;0;0;2;7;1;A01
201700002577;2;7;0;0;0;1;15;A01
201700002577;1;33;0;13;0;1;0;B01
201700002578;2;33;0;15;0;1;1;A01
201700002579;0;39;1;0;2;1;1;B01
201700002579;0;1;0;0;4;7;1;A01
201700002580;1;7;0;8;2;1;1;B01
201700002580;0;7;0;0;2;7;15;A01
201700002581;1;7;0;0;9;1;1;A01
201700002581;1;1;0;0;2;4;1;B01
201700002582;0;33;0;0;2;1;1;A01
201700002582;0;7;0;0;2;2;15;B01
201700002583;0;7;0;0;1;3;16;A01
201700002584;1;33;0;0;2;1;13;A01
201700002584;2;33;0;0;2;1;1;B01
201700002585;1;7;0;8;2;7;15;A01
201700002585;2;7;0;0;2;1;1;B01
201700002585;0;17;0;0;2;3;23;C01
201700002586;2;33;0;2;0;1;1;A01
201700002587;1;7;0;4;0;3;1;A01
201700002588;2;34;0;0;2;3;13;A01
201700002588;1;10;0;0;2;3;1;B01
201700002589;2;7;0;0;2;3;13;A01
201700002589;1;7;0;0;2;3;1;B01
201700002590;0;7;0;0;2;1;13;A01
201700002590;0;7;0;0;2;1;1;B01
201700002591;2;7;0;0;2;3;15;A01
201700002591;1;2;0;0;2;6;1;B01
201700002592;0;7;0;0;2;3;1;A01
201700002592;0;31;0;0;2;1;15;B01
201700002593;2;7;0;2;0;3;1;A01
201700002594;2;7;0;1;1;1;1;A01
201700002595;1;7;0;0;0;2;1;A01
201700002596;1;7;0;0;2;1;5;A01
201700002596;0;7;0;0;2;1;1;B01
201700002597;1;7;0;5;0;1;1;A01
201700002598;1;33;0;0;2;1;17;A01
201700002598;2;7;0;0;2;1;1;B01
201700002599;2;33;0;0;9;0;17;A01
201700002599;2;7;0;0;0;0;2;B01
201700002600;2;7;0;0;2;3;13;A01
201700002600;1;7;0;0;2;6;1;B01
201700002600;1;7;0;0;2;3;1;C01
201700002601;2;7;0;2;0;9;13;A01
201700002602;2;7;0;3;2;7;19;A01
201700002602;1;7;0;0;2;1;1;B01
201700002603;1;7;0;3;0;8;13;A01
201700002604;1;7;0;0;9;3;1;A01
201700002604;2;1;0;0;2;1;1;B01
201700002605;0;33;0;0;2;1;17;A01
201700002605;0;7;0;0;2;3;17;B01
201700002606;1;7;0;0;2;1;1;A01
201700002606;2;33;0;0;2;1;1;B01
201700002607;2;7;0;13;0;2;1;A01
201700002608;1;7;0;0;1;1;1;A01
201700002609;2;7;0;1;1;3;13;B01
201700002610;1;33;0;0;2;2;5;A01
201700002610;2;33;0;0;2;2;1;B01
201700002611;1;7;0;0;2;5;15;A01
201700002611;2;33;0;0;2;1;1;B01
201700002612;1;7;0;0;9;7;17;A01
201700002612;1;1;0;0;2;8;2;B01
201700002612;1;1;0;0;2;8;2;C01
201700002613;1;7;0;0;0;8;15;A01
201700002613;1;33;0;0;2;1;17;B01
201700002614;1;7;0;4;0;0;0;A01
201700002615;0;7;0;0;1;1;1;A01
201700002616;0;7;0;6;0;1;1;A01
201700002617;0;7;0;6;0;2;14;A01
201700002618;1;7;0;0;2;3;5;A01
201700002618;2;7;0;0;2;3;5;B01
201700002619;1;7;0;0;2;7;1;A01
201700002619;2;7;0;0;2;1;1;B01
201700002620;0;7;0;0;1;3;0;A01
201700002621;2;7;0;4;0;0;2;A01
201700002622;1;7;0;0;0;0;0;A01
201700002623;1;33;0;4;0;2;1;A01
201700002624;2;33;0;0;2;2;17;A01
201700002624;2;7;0;0;2;3;2;B01
201700002625;1;33;0;0;2;1;1;A01
201700002625;2;7;0;0;2;3;10;B01
201700002626;2;7;0;0;1;2;1;A01
201700002627;2;10;0;0;1;1;1;A01
201700002628;1;33;0;0;0;0;1;A01
201700002629;2;7;0;13;0;1;1;A01
201700002630;2;10;0;3;0;3;6;A01
201700002631;2;7;0;2;0;8;1;A01
201700002632;2;7;0;0;2;3;1;A01
201700002632;1;7;0;0;2;6;0;B02
201700002633;0;7;0;6;0;8;0;A01
201700002634;1;37;0;0;1;7;1;A01
201700002635;0;7;0;0;1;1;1;A01
201700002636;1;7;0;13;0;1;1;A01
201700002637;2;7;0;6;0;2;1;A01
201700002638;1;7;0;0;2;3;15;A01
201700002638;2;7;0;0;2;3;1;B01
201700002639;1;33;0;13;0;0;14;A01
201700002639;2;7;0;;;;;A02
201700002640;0;7;0;0;1;1;2;A01
201700002641;0;33;0;0;0;2;1;A01
201700002642;0;33;0;0;0;0;1;A01
201700002643;2;33;0;4;0;0;0;A01
201700002644;2;33;0;4;0;3;0;A01
201700002645;2;1;0;0;2;8;3;A01
201700002645;1;7;0;;2;8;1;B02
201700002646;2;33;0;0;0;8;1;A01
201700002647;2;1;0;0;2;1;2;A01
201700002647;2;1;0;0;2;8;10;B01
201700002648;0;7;0;2;0;1;1;A01
201700002649;0;7;0;0;2;7;19;A01
201700002649;0;2;0;0;2;1;1;B01
201700002650;1;7;0;0;1;2;1;A01
201700002651;0;7;0;16;0;1;1;A01
201700002652;0;7;0;0;1;5;4;A01
201700002653;2;33;0;13;0;1;1;A01
201700002654;1;10;0;0;2;7;1;A01
201700002654;1;1;0;0;2;8;1;B01
201700002655;1;33;0;0;0;9;1;A01
201700002656;1;7;0;0;2;7;17;A01
201700002656;1;1;0;0;2;8;2;B01
201700002657;2;1;0;0;0;0;1;A01
201700002658;0;7;0;2;0;0;1;A01
201700002659;0;7;0;0;1;3;1;A01
201700002660;1;7;0;0;1;3;1;A01
201700002661;1;33;0;0;2;1;17;B01
201700002661;1;7;0;0;2;8;15;A01
201700002662;1;7;0;0;1;2;2;A01
201700002663;2;7;0;15;0;1;13;A01