num_acc;senc;catv;occutc;obs;obsm;choc;manv;num_veh
201700002664;0;7;0;0;2;1;13;A01
201700002664;0;7;0;0;2;1;1;B01
201700002665;1;7;0;0;2;3;0;B01
201700002665;2;7;0;0;2;3;5;A01
201700002666;2;1;0;0;2;1;0;C01
201700002666;1;7;0;0;2;7;19;A01
201700002666;2;1;0;0;2;1;18;B01
201700002667;1;7;0;0;2;1;0;B01
201700002667;2;2;0;0;2;1;5;A01
201700002668;0;7;0;6;0;1;1;A01
201700002669;1;7;0;0;0;2;0;A01
201700002670;0;7;0;8;0;2;14;A01
201700002671;0;1;0;0;2;1;1;B01
201700002671;0;3;0;0;9;3;1;A01
201700002672;1;7;0;0;1;2;1;A01
201700002673;0;7;0;0;1;3;9;A01
201700002674;1;7;0;0;1;2;1;A01
201700002675;2;7;0;0;2;1;1;A01
201700002675;2;7;0;0;2;8;1;B01
201700002676;2;7;0;9;0;1;6;A01
201700002677;0;33;0;12;0;0;15;A01
201700002678;1;7;0;3;2;1;13;B01
201700002678;2;7;0;3;2;3;1;A01
201700002679;0;7;0;0;0;0;15;A01
201700002679;1;33;0;6;0;7;1;B01
201700002680;0;7;0;0;2;3;0;A01
201700002680;0;7;0;0;2;8;1;B01
201700002681;1;7;0;0;2;1;2;A01
201700002681;1;10;0;0;0;4;2;B01
201700002682;0;10;0;0;0;4;23;A01
201700002682;0;7;0;0;2;4;23;B01
201700002682;0;7;0;0;2;1;1;C01
201700002683;2;7;0;2;9;5;14;A01
201700002684;0;7;0;0;1;7;1;A01
201700002685;1;7;0;13;0;9;1;A01
201700002686;1;7;0;8;0;1;2;A01
201700002687;2;7;0;0;2;1;0;B01
201700002687;1;7;0;0;2;8;13;A01
201700002688;1;7;0;0;1;2;2;A01
201700002689;1;7;0;2;0;1;0;A01
201700002690;2;20;0;0;1;4;4;A01
201700002691;0;1;0;0;2;3;1;B01
201700002691;2;37;2;0;9;5;17;A01
201700002692;0;33;0;0;2;1;21;C01
201700002692;0;33;0;0;2;1;13;A01
201700002692;0;7;0;0;2;3;1;B01
201700002693;0;2;0;0;2;1;14;B01
201700002693;0;7;0;0;2;2;13;A01
201700002694;0;7;0;0;2;3;15;A01
201700002694;2;1;0;0;2;8;1;B01
201700002695;1;7;0;0;2;2;1;B01
201700002695;2;7;0;0;2;2;13;A01
201700002696;0;33;0;0;5;2;1;A01
201700002697;1;33;0;3;0;8;1;A01
201700002698;0;7;0;0;2;8;1;C01
201700002698;2;7;0;0;2;8;1;B01
201700002698;1;7;0;0;2;4;1;D01
201700002698;1;7;0;0;2;4;1;F01
201700002698;1;7;0;0;2;6;0;A01
201700002698;0;7;0;0;2;1;1;E01
201700002699;1;33;0;0;2;3;1;B01
201700002699;2;17;0;0;2;3;1;A01
201700002700;0;7;0;0;1;3;16;A01
201700002701;0;7;0;0;2;1;1;B01
201700002701;0;30;0;0;2;1;5;A01
201700002702;1;7;0;0;2;1;15;A01
201700002702;1;7;0;0;2;3;1;B01
201700002703;1;13;0;2;0;0;0;A01
201700002704;1;7;0;0;2;1;2;B01
201700002704;2;7;0;0;2;1;2;C01
201700002704;2;7;0;0;2;1;17;A01
201700002705;0;7;0;0;1;2;0;A01
201700002706;2;7;0;0;2;2;17;B01
201700002706;2;1;0;0;0;4;1;A01
201700002707;0;33;0;0;2;1;2;B01
201700002707;0;7;0;0;0;6;15;A01
201700002708;1;10;0;0;2;3;2;B01
201700002708;1;33;0;0;2;2;17;A01
201700002709;0;10;0;6;0;3;13;A01
201700002710;0;7;0;0;2;2;1;A01
201700002710;0;1;0;0;2;4;1;B01
201700002711;0;7;0;0;0;7;9;A01
201700002711;2;33;0;0;2;1;1;B01
201700002712;2;7;0;0;0;7;15;A01
201700002712;1;33;0;0;2;2;1;B01
201700002713;1;7;0;13;0;1;14;A01
201700002714;0;7;0;13;2;1;1;A01
201700002714;0;1;0;0;2;1;13;B01
201700002715;0;33;0;0;2;1;1;B01
201700002715;0;7;0;0;2;3;5;A01
201700002716;2;10;0;3;0;7;17;A01
201700002717;1;33;0;0;2;2;17;A01
201700002717;1;7;0;0;2;8;15;B01
201700002718;2;7;0;0;0;7;1;A01
201700002718;0;1;0;0;2;1;1;B01
201700002719;1;33;0;0;2;1;1;A01
201700002719;0;7;0;0;2;3;15;B01
201700002720;1;7;0;0;2;8;1;A01
201700002720;1;32;0;0;2;7;17;B01
201700002721;0;7;0;0;2;1;15;A01
201700002721;2;33;0;0;2;7;1;B01
201700002722;2;1;0;0;2;1;1;B01
201700002722;1;7;0;0;2;1;15;A01
201700002723;1;7;0;2;0;8;0;A01
201700002724;2;7;0;0;2;2;1;B01
201700002724;1;33;0;0;2;1;17;A01
201700002725;0;7;0;0;1;1;1;A01
201700002726;1;33;0;1;0;1;1;A01
201700002727;1;7;0;0;2;1;1;B01
201700002727;1;7;0;0;2;4;11;A01
201700002728;2;7;0;0;2;3;13;A01
201700002728;1;7;0;0;2;3;1;B01
201700002729;2;7;0;0;2;1;1;B01
201700002729;1;7;0;0;2;1;17;A01
201700002730;2;7;0;0;2;3;21;B01
201700002730;1;7;0;0;2;3;13;A01
201700002731;2;7;0;0;1;2;2;A01
201700002732;2;7;0;13;0;1;1;A01
201700002733;0;7;0;0;0;1;1;A01
201700002734;1;7;0;6;0;1;1;A01
201700002735;0;7;0;0;2;1;0;B01
201700002735;0;7;0;0;2;1;19;A01
201700002736;2;33;0;3;0;8;0;A01
201700002737;0;33;0;0;2;1;1;B01
201700002737;0;7;0;0;0;7;10;A01
201700002738;1;7;0;0;2;6;1;B01
201700002738;2;33;0;0;2;3;17;A01
201700002739;1;7;0;0;0;0;1;A01
201700002740;2;7;0;13;0;3;11;A01
201700002741;0;7;0;0;2;3;15;A01
201700002741;0;2;0;0;2;2;17;B01
201700002742;2;2;0;0;0;1;13;A01
201700002743;2;33;0;13;0;7;17;A01
201700002743;2;7;0;0;2;3;15;B01
201700002744;2;7;0;0;1;3;1;A01
201700002745;1;7;0;2;0;9;2;A01
201700002746;1;1;0;0;2;4;2;B01
201700002746;1;7;0;0;2;2;17;A01
201700002747;0;7;0;0;1;2;0;A01
201700002748;2;33;0;0;2;8;13;A01
201700002748;1;7;0;0;2;3;1;B01
201700002749;0;33;0;0;2;1;1;B01
201700002749;0;7;0;3;2;3;1;A01
201700002750;1;7;0;0;2;3;1;B01
201700002750;2;7;0;0;2;3;13;A01
201700002751;2;7;0;0;2;1;13;A01
201700002751;2;1;0;0;2;8;1;C01
201700002751;1;14;0;0;2;3;1;B01
201700002752;2;10;0;3;0;3;1;A01
201700002753;0;1;0;0;2;2;21;A01
201700002753;0;7;0;0;9;4;4;B01
201700002754;0;33;0;13;0;1;1;A01
201700002755;1;7;0;0;1;2;0;A01
201700002756;1;7;0;0;2;2;21;A01
201700002756;2;1;0;0;2;7;13;B01
201700002757;2;7;0;0;2;1;1;A01
201700002757;1;7;0;0;2;2;13;B01
201700002758;2;7;0;13;0;1;1;A01
201700002759;2;7;0;0;2;7;1;B01
201700002759;1;1;0;0;2;1;19;A01
201700002760;1;7;0;0;2;2;2;A01
201700002760;1;1;0;0;2;4;2;B01
201700002761;0;7;0;0;2;3;1;B01
201700002761;0;7;0;0;2;1;1;A01
201700002762;1;7;0;0;2;3;21;B01
201700002762;2;7;0;0;2;3;13;A01
201700002763;2;7;0;0;2;1;2;C01
201700002763;2;7;0;0;2;4;2;B01
201700002763;2;7;0;0;0;6;15;A01
201700002764;2;7;0;0;2;2;15;A01
201700002764;1;1;0;0;2;2;1;B01
201700002765;0;33;0;6;0;1;17;A01
201700002766;1;7;0;0;2;1;1;A01
201700002766;2;7;0;0;2;1;1;B01
201700002767;2;7;0;0;2;1;13;A01
201700002767;1;7;0;0;2;8;1;B01
201700002767;1;7;0;0;2;1;0;C01
201700002768;1;7;0;8;0;1;0;A01
201700002769;2;33;0;1;0;2;21;A01
201700002769;2;33;0;1;0;3;2;B01
201700002769;2;33;0;0;0;4;23;C01
201700002770;2;7;0;13;0;2;1;A01
201700002771;1;7;0;0;1;1;1;A01
201700002772;2;7;0;4;0;1;13;A01
201700002773;2;10;0;0;1;2;1;A01
201700002774;1;7;0;2;0;1;1;A01
201700002775;2;1;0;0;2;3;2;B01
201700002775;2;7;0;0;2;2;2;A01
201700002776;2;7;0;0;2;4;15;B01
201700002776;2;7;0;0;2;4;23;C01
201700002776;2;7;0;0;0;4;15;A01
201700002776;2;7;0;0;2;1;1;D01
201700002777;1;7;0;0;2;2;2;A01
201700002777;1;1;0;0;2;4;2;B01
201700002778;1;33;0;0;2;7;17;A01
201700002778;0;7;0;0;2;2;15;B01
201700002779;1;7;0;15;0;1;1;A01
201700002780;1;33;0;0;2;7;1;B01
201700002780;1;7;0;0;2;8;9;A01
201700002781;1;33;0;11;0;1;6;A01
201700002782;2;7;0;14;0;9;1;A01
201700002783;2;7;0;2;0;3;1;A01
201700002784;1;7;0;0;2;7;1;A01
201700002784;2;7;0;0;2;1;1;B01
201700002785;1;7;0;0;2;2;15;A01
201700002785;2;7;0;0;2;1;0;B01
201700002786;2;7;0;15;0;1;1;A01
201700002787;2;7;0;0;1;2;1;A01
201700002788;1;7;0;13;0;9;1;A01
201700002788;1;7;0;0;0;0;17;B01
201700002789;2;7;0;0;2;2;15;A01
201700002789;1;7;0;0;2;3;1;B01
201700002790;2;17;0;0;2;1;13;A01
201700002790;1;7;0;0;2;1;1;B01
201700002791;1;7;0;0;2;2;15;A01
201700002791;2;1;0;0;2;3;1;B01
201700002792;1;7;0;0;2;3;1;B01
201700002792;1;2;0;0;2;1;15;A01
201700002793;2;7;0;0;2;7;0;A01
201700002793;1;7;0;0;2;1;1;B01
201700002794;1;7;0;2;0;2;1;A01
201700002795;1;7;0;0;2;2;15;A01
201700002795;2;7;0;0;2;1;1;B01
201700002796;1;7;0;13;0;9;1;A01
201700002797;1;7;0;0;2;3;1;B01
201700002797;2;21;0;0;2;3;1;A01
201700002798;1;33;0;13;0;0;21;A01
201700002799;1;7;0;13;0;3;1;A01
201700002800;1;7;0;8;0;8;1;A01
201700002801;1;7;0;2;0;2;1;A01
201700002802;0;2;0;0;0;8;2;A01
201700002803;0;2;0;0;0;8;15;A01
201700002804;2;7;0;2;0;1;1;A01
201700002805;2;33;0;13;0;1;1;A01
201700002806;1;7;0;13;0;1;1;A01
201700002807;1;7;0;8;0;1;0;A01
201700002808;2;33;0;0;0;7;1;A01
201700002809;1;7;0;0;2;1;12;A01
201700002809;2;7;0;0;2;2;1;B01
201700002810;1;7;0;0;0;0;1;A01
201700002811;2;7;0;2;0;9;0;A01
201700002812;2;2;0;0;0;7;16;A01
201700002813;1;33;0;0;0;0;0;A01
201700002814;1;7;0;2;0;1;1;A01
201700002815;1;7;0;0;0;2;1;A01
201700002815;2;3;0;0;0;1;13;B01
201700002816;2;7;0;0;1;2;1;A01
201700002817;0;7;0;2;0;3;1;A01
201700002818;1;7;0;0;2;2;17;A01
201700002818;1;21;0;0;2;5;15;B01
201700002819;1;2;0;13;0;2;1;A01
201700002820;1;7;0;0;2;3;1;B01
201700002820;2;7;0;0;2;2;1;A01
201700002821;2;32;0;6;0;2;1;A01
201700002822;1;7;0;7;0;1;19;B01
201700002822;1;7;0;7;0;6;19;A01
201700002823;2;7;0;13;0;9;1;A01
201700002824;0;33;0;0;0;8;15;A01
201700002825;1;7;0;0;2;1;2;A01
201700002825;1;7;0;0;2;4;2;B01
201700002825;1;7;0;0;2;4;2;C01
201700002826;2;7;0;0;1;3;1;A01
201700002827;2;7;0;16;0;1;1;A01
201700002828;1;7;0;0;2;1;1;A01
201700002828;2;7;0;0;2;7;2;B01
201700002829;1;7;0;0;2;1;2;A01
201700002829;1;7;0;0;2;4;2;B01
201700002830;1;7;0;0;1;1;1;A01
201700002831;1;30;0;0;2;3;1;A01
201700002831;1;7;0;0;2;4;3;B01
201700002832;1;7;0;0;9;2;17;A01
201700002832;2;1;0;0;0;0;0;B01
201700002833;1;7;0;0;1;3;1;A01
201700002834;1;32;0;0;2;1;19;A01
201700002834;1;7;0;0;2;8;1;B01
201700002835;1;7;0;0;2;2;9;A01
201700002835;2;2;0;0;2;1;1;B01
201700002836;1;7;0;0;2;1;1;B01
201700002836;1;20;0;0;2;8;15;A01
201700002837;1;7;0;0;2;3;13;A01
201700002837;1;7;0;0;2;9;15;B01
201700002837;2;7;0;0;2;3;1;C01
201700002838;1;33;0;0;2;1;1;A01
201700002838;1;7;0;0;2;4;1;B01
201700002839;1;7;0;0;2;3;13;A01
201700002839;2;10;0;0;2;8;1;B01
201700002840;1;7;0;0;2;2;1;B01
201700002840;1;7;0;15;2;1;1;A01
201700002841;1;7;0;1;0;1;1;A01
201700002842;2;7;0;0;2;1;1;A01
201700002842;2;7;0;0;2;1;15;B01
201700002843;2;2;0;0;2;2;1;B01
201700002843;2;7;0;0;9;1;19;A01
201700002844;1;7;0;0;9;0;16;A01
201700002844;2;1;0;0;9;0;15;B01
201700002845;2;7;0;0;9;1;15;A01
201700002845;2;2;0;0;2;2;1;B01
201700002846;1;7;0;0;1;1;1;A01
201700002847;1;7;0;0;1;1;1;A01
201700002848;1;33;0;2;0;1;1;A01
201700002849;1;7;0;0;2;7;19;A01
201700002849;2;33;0;0;2;1;1;B01
201700002850;2;7;0;0;2;1;1;A01
201700002850;1;7;0;0;2;3;1;B01
201700002851;2;7;0;8;2;3;9;A01
201700002851;2;7;0;0;2;7;1;B01
201700002852;1;7;0;3;0;1;14;A01
201700002853;2;7;0;0;9;2;15;A01
201700002853;1;1;0;0;2;1;1;B01
201700002854;2;2;0;0;2;1;1;A01
201700002854;2;7;0;0;2;5;23;B01
201700002854;2;7;0;0;2;3;23;C01
201700002855;1;10;0;0;2;1;1;B01
201700002855;2;7;0;0;2;7;15;A01
201700002856;1;7;0;0;2;7;16;A01
201700002856;1;1;0;0;2;1;1;B01
201700002857;1;7;0;0;2;1;1;A01
201700002857;1;7;0;0;2;3;15;B01
201700002858;1;31;0;0;2;1;1;B01
201700002858;1;7;0;0;2;8;19;A01
201700002859;1;33;0;11;0;3;17;A01
201700002860;1;7;0;0;1;1;1;Z01
201700002861;1;2;0;0;2;1;1;B01
201700002861;1;7;0;0;9;3;15;A01
201700002862;2;7;0;0;9;5;0;A01
201700002862;1;1;0;0;2;0;1;B01
201700002863;1;7;0;0;1;1;1;A01
201700002864;0;7;0;0;1;0;0;A01
201700002865;1;7;0;0;1;1;1;A01
201700002866;2;2;0;0;1;1;1;A01
201700002867;1;7;0;0;1;1;1;A01
201700002868;1;7;0;0;1;1;1;A01
201700002869;1;17;0;0;9;7;1;A01
201700002869;1;1;0;0;2;8;1;B01
201700002870;1;31;0;0;2;1;17;A01
201700002870;1;10;0;0;2;6;2;B01
201700002871;1;7;0;0;1;1;0;A01
201700002872;1;7;0;0;2;2;15;A01
201700002872;2;7;0;1;0;1;1;B01
201700002872;0;7;0;0;2;3;23;C01
201700002873;2;1;0;0;2;0;4;B01
201700002873;2;7;0;0;9;6;4;A01
201700002874;2;99;0;13;0;1;14;A01
201700002875;0;7;0;3;0;1;16;A01
201700002876;2;7;0;0;2;1;1;A01
201700002876;2;7;0;0;2;0;0;B01
201700002877;2;1;0;0;2;6;19;B01
201700002877;1;7;0;0;9;3;1;A01
201700002878;2;7;0;0;1;3;1;A01
201700002879;0;7;0;0;2;1;1;B01
201700002879;0;7;0;0;2;3;19;A01
201700002880;1;10;0;0;2;1;1;B01
201700002880;2;7;0;0;2;1;5;A01
201700002880;2;7;0;0;2;6;2;C01
201700002881;0;33;0;0;2;7;1;A01
201700002881;0;7;0;0;2;1;1;B01
201700002882;1;7;0;3;2;3;1;B01
201700002882;2;7;0;3;2;7;15;A01
201700002883;0;7;0;0;1;1;9;A01
201700002884;1;7;0;0;2;7;16;B01
201700002884;1;33;0;0;2;8;18;A01
201700002885;0;7;0;0;1;7;1;A01
201700002886;0;7;0;0;2;1;2;A01
201700002886;0;1;0;0;2;7;0;B01
201700002887;0;7;0;0;0;3;15;B01
201700002887;0;31;0;0;2;1;17;A01
201700002888;0;7;0;0;2;1;1;B01
201700002888;0;7;0;0;0;8;10;A01
201700002889;2;10;0;0;1;1;1;A01
201700002890;0;7;0;13;0;1;6;A01
201700002891;2;7;0;0;2;2;1;B01
201700002891;1;7;0;0;2;2;6;A01
201700002892;0;7;0;0;0;4;2;B01
201700002892;0;7;0;0;2;1;2;A01
201700002893;0;7;0;0;1;2;11;A01
201700002894;0;7;0;1;0;2;1;A01
201700002895;0;7;0;0;2;1;10;A01
201700002895;0;33;0;0;2;8;1;B01
201700002896;0;7;0;0;2;8;1;A01
201700002896;0;7;0;13;2;2;1;B01
201700002897;0;10;0;0;2;1;1;B01
201700002897;0;7;0;0;2;8;15;A01
201700002898;0;1;0;0;2;1;0;B01
201700002898;0;7;0;0;2;3;1;A01
201700002899;;30;0;0;2;1;1;A01
201700002899;0;7;0;0;9;3;15;B01
201700002900;0;7;0;0;1;2;1;A01
201700002901;1;7;0;0;2;3;13;B01
201700002901;2;7;0;0;2;1;1;A01
201700002902;0;10;0;0;1;4;4;A01
201700002903;0;7;0;0;2;7;17;B01
201700002903;0;2;0;0;2;8;17;A01
201700002904;1;10;0;0;1;2;1;A01
201700002905;0;7;0;13;0;9;1;A01
201700002906;0;7;0;6;0;0;1;A01
201700002907;0;7;0;0;1;1;1;A01
201700002908;0;7;0;12;0;9;1;A01
201700002909;1;7;0;0;0;1;0;A01
201700002910;0;7;0;2;0;1;1;A01
201700002911;0;7;0;9;2;3;1;B01
201700002911;0;7;0;7;2;2;19;A01
201700002912;0;7;0;0;1;1;1;A01
201700002913;1;7;0;13;0;1;0;A01
201700002914;0;7;0;0;1;3;1;A01
201700002915;2;7;0;0;2;2;1;A01
201700002915;0;7;0;0;2;3;19;B01
201700002916;0;7;0;0;0;0;17;B01
201700002916;0;33;0;2;0;1;17;A01
201700002917;0;33;0;15;2;3;13;B01
201700002917;0;7;0;0;2;2;1;A01
201700002918;2;10;0;0;2;2;15;A01
201700002918;1;33;0;0;2;1;1;B01
201700002919;0;7;0;0;1;6;4;A01
201700002920;0;7;0;0;2;3;15;B01
201700002920;1;33;0;0;2;1;1;A01
201700002921;2;7;0;0;2;3;1;A01
201700002921;1;7;0;0;2;3;1;B01
201700002922;1;33;0;0;2;1;1;B01
201700002922;2;7;0;0;2;1;15;A01
201700002923;1;7;0;0;2;2;13;A01
201700002923;2;7;0;0;2;1;1;B01
201700002924;0;33;0;0;2;9;6;A01
201700002924;0;7;0;0;2;8;1;C01
201700002924;0;7;0;0;2;6;1;B01
201700002925;0;2;0;0;2;1;0;B01
201700002925;0;7;0;0;2;3;15;A01
201700002926;0;7;0;0;2;3;5;B01
201700002926;0;14;0;0;2;3;0;A01
201700002927;0;7;0;13;0;1;1;A01
201700002928;2;1;0;0;9;1;2;A01
201700002928;2;1;0;0;9;4;2;B01
201700002929;2;1;0;0;2;8;1;B01
201700002929;2;7;0;0;9;5;12;A01
201700002930;0;1;0;0;2;1;19;A01
201700002930;0;1;0;0;2;1;1;B01
201700002931;2;7;0;2;0;0;21;A01
201700002932;1;7;0;13;0;9;1;A01
201700002933;0;14;0;0;0;3;1;B01
201700002933;0;33;0;0;2;1;13;A01
201700002934;1;7;0;4;0;7;1;A01
201700002935;1;33;0;0;0;2;1;A01
201700002936;0;7;0;0;2;3;1;A01
201700002936;1;33;0;0;2;1;15;B01
201700002937;1;7;0;2;0;1;13;A01
201700002938;1;7;0;0;1;2;0;A01
201700002939;0;7;0;6;0;0;15;A01
201700002940;0;7;0;0;1;1;1;A01
201700002941;1;34;0;7;0;1;2;A01
201700002942;1;2;0;8;0;1;1;A01
201700002943;1;7;0;0;2;2;15;A01
201700002943;2;30;0;0;2;1;1;B01
201700002944;0;7;0;0;2;1;1;B01
201700002944;0;7;0;0;2;1;15;A01
201700002945;0;7;0;1;1;3;13;A01
201700002946;0;7;0;0;1;3;15;A01
201700002947;0;7;0;0;1;1;1;A01
201700002948;0;7;0;0;2;3;9;A01
201700002948;1;1;0;0;2;1;0;B01
201700002949;0;7;0;0;0;4;1;D01
201700002949;0;7;0;0;2;4;1;C01
201700002949;0;7;0;0;2;4;1;B01
201700002949;0;7;0;0;2;1;1;A01
201700002950;0;7;0;0;1;1;1;A01
201700002951;0;7;0;1;1;3;1;A01
201700002952;2;7;0;0;1;1;0;A01
201700002953;2;7;0;0;1;2;13;A01
201700002954;1;7;0;0;2;1;5;A01
201700002954;1;7;0;0;2;1;5;B01
201700002955;1;7;0;0;1;1;1;A01
201700002956;2;7;0;0;2;1;1;B01
201700002956;1;7;0;0;2;1;13;A01
201700002956;1;7;0;0;2;1;1;D01
201700002956;2;7;0;0;2;1;21;C01
201700002957;1;10;0;0;2;1;17;A01
201700002957;2;17;0;0;2;3;1;B01
201700002958;2;33;0;0;0;8;15;A01
201700002959;0;7;0;0;9;2;1;A01
201700002959;0;1;0;0;2;4;1;B01
201700002960;0;21;0;0;1;0;21;A01
201700002961;2;31;0;0;2;1;1;B01
201700002961;0;7;0;0;0;8;15;A01
201700002962;2;33;0;0;2;7;13;A01
201700002962;1;7;0;0;2;1;1;B01
201700002963;0;2;0;0;0;7;1;A01
201700002964;0;1;0;0;2;1;1;B01
201700002964;0;7;0;0;9;7;1;A01
201700002965;2;33;0;0;2;2;17;B01
201700002965;2;10;0;0;2;3;15;A01
201700002966;1;7;0;0;0;3;15;A01
201700002966;2;7;0;0;2;1;1;B01
201700002967;0;31;0;0;2;1;0;B01
201700002967;0;7;0;0;2;3;15;A01
201700002968;0;7;0;0;1;1;1;A01
201700002969;0;7;0;0;2;1;20;A01
201700002969;0;2;0;0;2;1;1;B01
201700002970;0;7;0;0;1;2;21;A01
201700002971;0;7;0;0;1;2;1;A01
201700002972;0;7;0;0;1;1;1;Z01
201700002973;0;7;0;0;1;0;0;A01
201700002974;0;7;0;0;1;1;1;A01
201700002975;0;31;0;0;2;1;17;A01
201700002975;0;7;0;0;0;0;0;B01
201700002976;0;7;0;0;1;0;0;Z01
201700002977;0;32;0;0;2;1;1;B01
201700002977;0;7;0;0;2;2;15;A01
201700002978;0;1;0;0;2;0;0;B01
201700002978;0;1;0;0;0;0;0;Z01
201700002979;0;7;0;0;2;1;1;B01
201700002979;0;7;0;0;2;2;19;A01
201700002980;0;2;0;0;2;7;1;B01
201700002980;0;7;0;0;2;1;1;A01
201700002981;0;1;0;0;0;0;0;A01
201700002981;0;7;0;0;0;0;0;Z01
201700002982;1;31;0;0;2;1;17;A01
201700002982;2;7;0;0;2;2;1;B01
201700002983;0;1;0;0;1;0;0;Z01
201700002984;1;7;0;0;2;3;1;B01
201700002984;0;7;0;0;2;3;16;A01
201700002985;0;7;0;0;2;3;10;A01
201700002985;0;31;0;0;2;2;1;B01
201700002986;0;7;0;0;2;3;20;A01
201700002986;0;10;0;0;2;2;1;B01
201700002987;0;31;0;0;2;1;1;B01
201700002987;0;7;0;0;2;8;19;A01
201700002988;0;10;0;0;2;8;15;A01
201700002988;0;33;0;8;2;1;17;B01
201700002989;0;7;0;0;2;2;15;A01
201700002989;0;7;0;0;2;1;1;B01
201700002989;0;7;0;0;2;3;0;C01
201700002990;0;31;0;0;2;1;1;B01
201700002990;0;7;0;0;2;2;15;A01
201700002991;0;7;0;0;2;8;11;A01
201700002991;0;2;0;0;2;2;17;B01
201700002992;0;7;0;0;2;1;1;A01
201700002992;0;34;0;0;2;4;1;B01
201700002993;2;7;0;0;9;2;15;A01
201700002993;1;1;0;0;2;1;1;B01
201700002994;0;1;0;0;2;1;5;A01
201700002994;0;7;0;0;2;1;15;B01
201700002995;0;2;0;0;2;2;1;B01
201700002995;0;7;0;0;2;1;15;A01
201700002996;0;7;0;0;1;4;4;A01
201700002997;1;7;0;0;1;1;1;A01
201700002998;0;7;0;0;1;2;1;A01
201700002999;0;7;0;0;1;2;1;A01
201700003000;0;7;0;0;1;1;1;A01
201700003001;0;30;0;0;2;1;1;A01
201700003001;0;7;0;0;2;7;15;Z01
201700003002;0;7;0;0;2;3;19;Z01
201700003002;0;7;0;0;2;3;15;A01
201700003003;1;7;0;0;2;1;5;A01
201700003003;2;7;0;0;2;3;1;B02
201700003004;1;7;0;0;0;2;12;A01
201700003005;1;1;0;0;2;4;1;B01
201700003005;1;7;0;0;9;2;1;A01
201700003006;2;15;0;0;0;4;2;B01
201700003006;2;7;0;0;2;1;2;A01
201700003007;1;7;0;2;0;7;17;A01
201700003008;1;7;0;0;0;1;1;A01
201700003008;2;7;0;0;2;1;1;B01
201700003009;1;10;0;0;2;2;2;A01
201700003009;1;7;0;0;0;4;16;B01
201700003010;0;7;0;2;0;1;0;A01
201700003011;2;33;0;0;2;3;1;B01
201700003011;1;7;0;0;2;3;15;A01
201700003012;0;10;0;0;2;2;1;A01
201700003012;0;7;0;0;2;3;19;B01
201700003013;2;1;0;0;2;1;5;B01
201700003013;1;7;0;0;9;2;15;A01
201700003014;1;7;0;0;0;9;1;A01
201700003015;1;10;0;2;0;1;1;A01
201700003016;0;7;0;0;0;0;2;B01
201700003016;0;2;0;0;0;0;2;A01
201700003017;1;7;0;0;2;1;15;A01
201700003017;1;7;0;8;2;3;1;B01
201700003018;2;7;0;0;1;3;1;A01
201700003019;2;30;0;1;0;1;1;A01
201700003020;2;7;0;6;0;6;13;A01
201700003021;2;7;0;15;0;7;1;B01
201700003021;1;7;0;0;2;1;1;A01
201700003022;2;7;0;0;2;1;1;B01
201700003022;0;7;0;0;2;7;19;A01
201700003023;1;10;0;8;0;2;14;A01
201700003024;0;7;0;0;2;3;15;A01
201700003024;1;7;0;0;2;1;1;B01
201700003025;2;7;0;0;2;1;1;B01
201700003025;0;7;0;0;2;2;19;A01
201700003026;2;7;0;4;0;3;1;A01
201700003027;0;33;0;0;2;1;1;A01
201700003027;0;7;0;0;0;4;1;B01
201700003028;1;7;0;4;0;9;1;A01
201700003029;1;7;0;0;2;1;13;A01
201700003029;1;7;0;0;2;6;1;B01
201700003029;1;13;0;0;2;1;2;C01
201700003030;0;7;0;13;0;9;1;A01
201700003031;0;7;0;6;0;3;0;A01
201700003032;0;36;0;0;2;3;13;A01
201700003032;0;7;0;0;2;3;1;B01
201700003033;2;2;0;6;0;2;14;A01
201700003034;0;33;0;0;9;1;17;A01
201700003034;1;21;0;0;0;4;15;B01
201700003035;1;7;0;6;0;2;1;A01
201700003036;2;33;0;0;2;2;2;A01
201700003036;2;7;0;0;2;3;15;B01
201700003037;1;33;0;0;0;0;17;A01
201700003038;1;7;0;13;0;1;14;A01
201700003039;2;7;0;0;2;1;1;C01
201700003039;2;7;0;0;0;4;1;A01
201700003039;1;7;0;0;2;1;1;B01
201700003040;1;33;0;0;0;0;2;A01
201700003041;0;7;0;0;1;2;1;A01
201700003042;2;33;0;0;2;1;1;B01
201700003042;0;7;0;0;2;2;19;A01
201700003043;0;7;0;0;0;0;1;A01
201700003044;2;7;0;0;1;3;1;A01
201700003045;2;7;0;13;0;1;13;A01
201700003046;0;7;0;8;0;1;0;A01
201700003047;1;33;0;12;0;1;1;A01
201700003048;0;7;0;0;2;5;4;A01
201700003048;0;7;0;0;2;8;20;B01
201700003049;1;7;0;13;2;1;1;A01
201700003049;2;7;0;11;2;1;1;B01
201700003050;2;33;0;8;0;1;1;A01
201700003051;0;2;0;0;2;1;1;B01
201700003051;0;7;0;0;9;3;9;A01
201700003052;0;7;0;2;2;1;1;A01
201700003052;0;7;0;0;2;8;1;B01
201700003053;2;7;0;0;2;1;1;A01
201700003053;2;21;0;0;2;4;2;B01
201700003054;0;7;0;15;0;1;0;A01
201700003055;0;7;0;0;0;2;0;A01
201700003056;1;7;0;0;2;1;1;B01