num_acc;senc;catv;occutc;obs;obsm;choc;manv;num_veh
201700003056;0;7;0;0;2;7;1;A01
201700003057;1;7;0;0;2;3;0;B01
201700003057;2;7;0;0;2;1;17;A01
201700003058;1;3;0;0;2;1;13;A01
201700003058;2;14;0;0;2;3;1;B01
201700003059;2;7;0;0;0;9;1;A01
201700003060;2;7;0;6;0;1;1;A01
201700003061;1;7;0;0;2;2;2;A01
201700003061;1;1;0;0;2;6;2;B01
201700003062;2;7;0;0;0;9;1;A01
201700003063;1;33;0;5;0;8;1;A01
201700003063;1;33;0;2;0;1;1;B01
201700003064;0;7;0;0;2;2;19;A01
201700003064;1;31;0;0;2;5;1;B01
201700003065;1;33;0;3;0;4;1;B01
201700003065;1;33;0;3;0;7;0;A01
201700003066;0;7;0;0;1;3;1;A01
201700003067;2;2;0;0;0;0;1;A01
201700003068;1;7;0;0;2;2;1;B01
201700003068;2;33;0;0;2;1;5;A01
201700003069;2;7;0;0;2;1;21;B01
201700003069;1;7;0;0;2;7;13;A01
201700003070;0;7;0;0;1;8;1;A01
201700003071;2;33;0;13;0;2;1;A01
201700003072;0;7;0;2;0;1;19;A01
201700003073;2;33;0;0;2;1;1;B01
201700003073;1;7;0;0;2;8;19;A01
201700003074;1;7;0;0;0;4;1;C01
201700003074;1;33;0;0;2;1;1;A01
201700003074;1;33;0;0;0;0;21;B01
201700003075;2;7;0;0;2;3;1;B01
201700003075;1;33;0;0;2;1;13;A01
201700003076;1;7;0;0;2;3;20;A01
201700003076;1;33;0;0;2;7;1;B01
201700003077;1;10;0;2;0;1;1;A01
201700003078;1;15;0;0;0;4;9;A01
201700003078;1;14;0;0;2;1;1;B01
201700003079;0;2;0;0;2;3;1;B01
201700003079;0;7;0;0;2;2;15;A01
201700003080;2;7;0;0;2;3;1;B01
201700003080;1;3;0;0;2;3;1;A01
201700003081;1;7;0;0;2;1;1;B01
201700003081;2;7;0;0;2;1;13;A01
201700003082;2;33;0;3;0;3;1;A01
201700003083;2;7;0;3;0;2;1;A01
201700003084;1;33;0;0;2;2;13;A01
201700003084;2;7;0;0;2;1;15;B01
201700003085;1;7;0;0;2;3;0;B01
201700003085;1;7;0;0;9;3;1;C01
201700003085;2;7;0;2;2;3;13;A01
201700003086;0;7;0;12;2;8;2;A01
201700003086;0;2;0;12;2;1;1;B01
201700003087;0;7;0;0;2;1;1;A01
201700003087;2;30;0;0;2;2;1;B01
201700003088;1;15;0;0;2;1;1;A01
201700003088;1;15;0;0;2;4;1;B01
201700003088;1;7;0;0;0;4;1;C01
201700003089;0;7;0;0;2;1;1;A01
201700003089;0;7;0;0;2;3;15;B01
201700003090;1;32;0;0;2;8;1;B01
201700003090;0;7;0;0;2;1;1;A01
201700003091;0;2;0;12;0;2;1;A01
201700003092;0;1;0;0;2;1;1;B01
201700003092;0;10;0;0;9;7;16;A01
201700003093;1;7;0;0;2;3;6;A01
201700003093;2;7;0;0;2;8;1;B01
201700003093;2;7;0;0;0;3;1;C01
201700003094;0;7;0;0;1;1;1;A01
201700003095;0;7;0;4;0;1;1;A01
201700003096;0;7;0;9;1;1;13;A01
201700003097;0;30;0;0;2;1;5;A01
201700003097;0;10;0;0;2;7;1;B01
201700003098;1;7;0;2;0;2;2;A01
201700003099;0;1;0;0;2;7;1;B01
201700003099;0;7;0;0;6;1;1;A01
201700003100;0;33;0;16;0;8;1;A01
201700003101;2;7;0;3;0;2;1;A01
201700003102;0;7;0;2;0;1;0;A01
201700003103;0;7;0;0;1;2;15;A01
201700003104;0;7;0;0;1;1;1;A01
201700003105;2;2;0;0;2;1;1;A01
201700003105;1;1;0;0;2;1;1;B01
201700003106;0;7;0;0;1;5;1;A01
201700003107;0;7;0;0;0;3;15;A01
201700003107;0;7;0;0;0;7;17;B01
201700003108;0;7;0;0;2;1;1;A01
201700003108;0;7;0;0;2;1;5;B01
201700003109;0;7;0;0;1;3;1;A01
201700003110;0;7;0;0;2;2;0;A01
201700003110;0;1;0;0;2;1;0;B01
201700003111;1;7;0;0;2;3;13;A01
201700003111;2;17;0;0;2;3;1;B01
201700003111;1;7;0;0;2;8;1;C01
201700003112;0;13;0;0;0;1;1;A01
201700003112;0;7;0;0;2;8;1;B01
201700003113;0;7;0;0;1;1;1;A01
201700003114;2;14;0;0;2;1;5;A01
201700003114;1;7;0;0;2;2;1;B01
201700003115;0;7;0;0;2;1;1;A01
201700003115;0;7;0;0;2;8;15;B01
201700003116;0;7;0;0;1;2;1;A01
201700003117;0;7;0;0;1;2;15;A01
201700003118;0;33;0;0;2;5;12;A01
201700003118;0;7;0;0;2;3;1;B01
201700003119;1;1;0;0;0;0;1;A01
201700003120;0;7;0;0;2;1;15;A01
201700003120;0;2;0;0;2;8;1;B01
201700003121;0;33;0;2;0;1;1;A01
201700003122;0;7;0;0;2;2;15;A01
201700003122;1;10;0;0;2;8;1;B01
201700003123;0;1;0;0;0;1;1;B01
201700003123;0;1;0;0;0;1;0;A01
201700003124;0;31;0;0;2;1;1;A01
201700003124;0;7;0;0;2;3;13;B01
201700003125;0;7;0;2;0;2;21;B01
201700003125;0;7;0;2;0;9;1;A01
201700003126;0;7;0;0;9;2;1;A01
201700003126;0;1;0;0;2;4;19;B01
201700003127;1;7;0;0;2;1;1;B01
201700003127;2;7;0;0;2;1;17;A01
201700003128;0;7;0;0;9;2;1;A01
201700003128;0;1;0;0;2;9;16;B01
201700003129;0;1;0;0;2;8;1;B01
201700003129;0;7;0;0;2;2;15;A01
201700003130;0;7;0;0;2;6;20;B01
201700003130;0;30;0;0;2;2;2;A01
201700003131;0;2;0;1;0;1;1;A01
201700003131;0;31;0;16;0;0;21;C01
201700003132;1;1;0;0;4;7;0;A01
201700003132;0;39;400;0;2;2;0;B01
201700003133;2;7;0;0;2;2;1;A01
201700003133;2;1;0;0;2;8;19;B01
201700003134;0;30;0;6;0;1;16;A01
201700003135;0;7;0;0;1;3;1;A01
201700003136;0;7;0;0;1;1;1;A01
201700003137;0;7;0;0;1;0;1;A01
201700003138;1;1;0;0;2;8;13;B01
201700003138;1;33;0;0;2;1;17;A01
201700003139;2;7;0;0;2;3;1;A01
201700003139;1;1;0;0;2;1;13;B01
201700003140;0;33;0;0;2;0;2;A01
201700003140;0;7;0;0;0;6;15;B01
201700003141;0;7;0;0;0;0;17;A01
201700003141;0;1;0;0;0;0;1;B01
201700003142;2;7;0;2;0;1;13;A01
201700003143;1;33;0;0;0;0;1;A01
201700003144;0;7;0;0;0;3;15;B01
201700003144;0;33;0;0;0;7;1;A01
201700003145;1;33;0;16;0;0;21;A01
201700003146;1;7;0;0;2;2;15;A01
201700003146;2;7;0;0;2;3;1;B01
201700003146;1;10;0;0;2;8;1;C01
201700003147;1;7;0;0;2;4;1;B01
201700003147;1;33;0;0;2;1;17;A01
201700003148;2;7;0;7;0;1;1;A01
201700003149;2;7;0;13;0;3;1;A01
201700003150;2;7;0;0;1;2;16;A01
201700003151;0;7;0;0;1;4;4;A01
201700003152;2;7;0;2;0;3;1;A01
201700003153;1;7;0;0;1;3;19;A01
201700003154;0;2;0;0;2;1;1;A01
201700003154;0;7;0;0;0;5;1;B01
201700003155;2;7;0;0;2;3;1;B01
201700003155;1;7;0;0;2;3;13;A01
201700003156;0;7;0;0;0;6;19;A01
201700003156;0;30;0;0;2;1;1;B01
201700003157;0;7;0;2;0;7;13;A01
201700003158;0;7;0;0;0;5;9;A01
201700003158;1;7;0;0;2;1;1;B01
201700003159;2;7;0;0;2;1;1;B01
201700003159;1;7;0;0;2;1;17;A01
201700003160;0;33;0;0;2;1;9;A01
201700003160;0;7;0;8;2;8;1;B01
201700003161;1;7;0;0;2;3;19;A01
201700003161;1;1;0;0;2;2;9;B01
201700003162;0;7;0;0;2;1;13;A01
201700003162;0;7;0;0;2;1;1;B01
201700003163;0;10;0;0;2;2;15;A01
201700003163;0;33;0;0;2;1;1;B01
201700003164;0;10;0;12;0;2;14;A01
201700003165;0;7;0;0;0;8;1;A01
201700003165;0;7;0;0;0;8;5;B01
201700003166;1;1;0;0;2;1;16;A01
201700003166;2;13;0;0;9;3;1;B01
201700003167;0;7;0;0;2;1;1;A01
201700003167;0;7;0;0;2;4;1;B01
201700003167;0;7;0;0;0;4;1;C01
201700003168;1;7;0;0;2;2;2;B01
201700003168;0;7;0;0;0;8;10;A01
201700003169;0;7;0;16;2;1;5;A01
201700003169;0;7;0;0;2;1;1;B01
201700003170;1;10;0;1;1;2;2;B01
201700003171;1;7;0;0;1;1;1;A01
201700003172;1;1;0;0;2;7;19;A01
201700003172;2;7;0;0;2;2;1;B01
201700003173;1;7;0;0;0;1;9;A01
201700003173;0;1;0;0;0;5;1;B01
201700003174;0;7;0;0;2;3;15;A01
201700003174;1;7;0;0;2;2;1;B01
201700003175;1;7;0;0;0;2;2;A01
201700003175;2;7;0;0;0;3;15;B01
201700003176;2;7;0;2;0;7;1;A01
201700003177;0;33;0;3;0;7;1;A01
201700003178;2;7;0;0;2;2;17;B01
201700003178;2;7;0;0;0;6;15;A01
201700003179;2;7;0;13;0;1;16;A01
201700003180;0;7;0;0;2;3;17;A01
201700003180;0;3;0;0;2;1;1;B01
201700003181;0;7;0;0;2;3;19;A01
201700003181;0;2;0;0;2;1;1;B01
201700003182;0;7;0;13;0;1;2;A01
201700003183;2;7;0;6;0;1;1;A01
201700003184;0;7;0;0;1;2;1;A01
201700003185;0;7;0;13;0;1;1;A01
201700003186;1;33;0;13;0;0;1;A01
201700003187;1;33;0;3;0;8;15;A01
201700003188;0;33;0;13;0;8;1;A01
201700003189;1;33;0;0;0;8;15;A01
201700003190;2;7;0;0;2;3;17;A01
201700003190;1;33;0;0;2;3;1;B01
201700003191;2;7;0;0;0;1;1;A01
201700003192;0;21;0;0;2;3;15;A01
201700003192;0;30;0;0;2;3;0;B01
201700003193;0;33;0;0;0;8;1;A01
201700003194;0;33;0;1;0;1;1;A01
201700003195;0;99;0;13;0;3;1;A01
201700003196;1;7;0;2;0;1;1;A01
201700003197;0;7;0;0;0;2;0;A01
201700003198;0;10;0;0;2;1;1;B01
201700003198;0;10;0;0;0;4;1;A01
201700003199;0;33;0;12;0;3;21;A01
201700003200;0;7;0;0;1;2;1;A01
201700003201;1;7;0;0;0;4;15;A01
201700003201;1;7;0;0;2;1;17;B01
201700003201;2;7;0;0;2;1;1;C01
201700003202;0;7;0;0;0;6;2;A01
201700003202;0;33;0;0;2;1;1;B01
201700003203;2;1;0;0;5;1;1;A01
201700003204;0;15;0;0;0;5;1;B01
201700003204;0;1;0;0;9;0;0;A01
201700003205;0;7;0;0;1;1;1;A01
201700003206;2;33;0;13;9;2;2;A01
201700003207;1;31;0;15;0;1;1;A01
201700003208;2;33;0;0;0;0;17;A01
201700003209;1;10;0;0;1;2;1;A01
201700003210;1;7;0;0;1;3;1;A01
201700003211;0;7;0;0;2;3;1;B01
201700003211;0;7;0;0;2;3;1;A01
201700003212;2;10;0;0;1;3;1;A01
201700003213;0;7;0;6;0;3;13;A01
201700003214;0;10;0;0;1;1;1;A01
201700003215;1;7;0;0;2;2;2;B01
201700003215;1;7;0;0;2;4;23;A01
201700003216;1;7;0;0;2;7;13;A01
201700003216;2;7;0;6;2;1;1;B01
201700003217;2;7;0;6;0;1;1;A01
201700003218;2;7;0;1;2;1;9;A01
201700003219;2;7;0;0;2;1;15;A01
201700003219;1;1;0;0;2;1;1;B02
201700003220;2;7;0;6;0;1;0;A01
201700003221;1;7;0;0;2;1;2;A01
201700003221;1;7;0;0;2;4;23;B01
201700003222;1;17;0;0;2;8;13;A01
201700003222;2;7;0;0;2;3;1;B01
201700003223;1;30;0;0;2;2;1;B01
201700003223;1;7;0;0;2;1;9;A01
201700003224;1;33;0;0;2;8;13;A01
201700003224;2;7;0;0;2;1;1;B01
201700003225;2;7;0;0;2;1;5;A01
201700003225;1;7;0;0;0;8;1;B01
201700003225;1;7;0;0;0;1;1;C01
201700003226;2;7;0;0;2;3;13;A01
201700003226;1;7;0;0;2;9;1;B01
201700003226;1;7;0;0;0;8;1;C01
201700003226;2;7;0;0;0;8;1;D01
201700003227;1;7;0;2;0;1;1;A01
201700003228;1;33;0;0;2;8;17;A01
201700003228;2;7;0;0;0;3;21;B01
201700003229;1;33;0;13;0;1;17;A01
201700003230;2;7;0;0;0;5;2;A01
201700003230;2;2;0;0;2;1;2;B01
201700003231;2;7;0;0;2;3;9;A01
201700003231;1;1;0;0;0;2;1;B01
201700003232;1;7;0;6;0;3;16;A01
201700003233;2;7;0;0;2;1;1;A01
201700003233;2;7;0;0;2;4;1;B01
201700003233;2;7;0;0;0;5;15;C01
201700003234;2;7;0;6;0;3;13;A01
201700003235;0;7;0;0;0;1;1;A01
201700003236;2;7;0;0;2;3;19;A01
201700003236;1;7;0;0;2;1;1;B01
201700003237;2;7;0;0;2;1;2;A01
201700003237;2;20;0;0;2;4;1;B01
201700003237;1;7;0;0;2;3;1;C01
201700003238;2;7;0;2;0;3;13;A01
201700003239;2;7;0;13;0;2;21;A01
201700003240;1;7;0;0;2;6;1;B01
201700003240;1;2;0;0;2;2;19;A01
201700003241;2;7;0;0;2;2;2;A01
201700003241;2;1;0;0;2;8;2;B01
201700003242;2;33;0;0;0;0;14;A01
201700003243;1;33;0;0;6;1;1;A01
201700003244;2;30;0;0;2;3;9;A01
201700003244;0;7;0;0;2;5;1;B01
201700003245;2;7;0;0;1;2;1;A01
201700003246;2;7;0;0;0;3;1;B01
201700003246;1;7;0;0;2;3;16;A01
201700003247;1;7;0;0;0;3;15;A01
201700003247;2;2;0;0;2;1;1;B01
201700003248;2;7;0;0;2;5;14;A01
201700003248;1;17;0;0;0;1;1;B01
201700003249;1;7;0;0;2;1;1;A01
201700003249;1;7;0;0;0;4;1;B01
201700003250;2;7;0;6;0;1;1;A01
201700003251;2;33;0;0;0;0;15;A01
201700003252;1;33;0;0;2;3;13;A01
201700003252;2;7;0;0;2;6;1;B01
201700003252;2;7;0;0;2;2;1;C01
201700003253;2;7;0;2;0;8;14;A01
201700003254;2;33;0;0;0;9;1;A01
201700003255;2;7;0;13;0;9;1;A01
201700003256;2;7;0;0;2;7;15;A01
201700003256;1;2;0;0;2;1;1;B01
201700003257;2;7;0;16;0;0;1;A01
201700003258;1;7;0;0;5;1;1;A01
201700003259;2;7;0;0;2;1;1;B01
201700003259;0;1;0;0;0;7;19;A01
201700003260;0;7;0;0;1;8;15;A01
201700003261;1;33;0;13;0;9;1;A01
201700003262;2;7;0;0;1;1;1;A01
201700003263;1;7;0;0;2;1;9;A01
201700003263;2;7;0;0;2;7;1;B01
201700003264;2;7;0;0;2;1;2;A01
201700003264;2;7;0;0;1;4;23;B01
201700003265;2;33;0;13;0;9;1;A01
201700003266;1;7;0;0;0;2;16;A01
201700003266;1;2;0;0;2;3;2;B01
201700003267;2;33;0;0;0;9;1;A01
201700003268;2;33;0;3;0;3;2;A01
201700003269;2;33;0;13;0;1;21;A01
201700003270;2;33;0;0;0;9;1;A01
201700003271;1;7;0;0;2;1;13;A01
201700003271;2;7;0;0;0;3;1;B01
201700003272;2;33;0;16;0;9;1;A01
201700003273;2;7;0;2;0;3;1;A01
201700003274;0;7;0;13;0;3;1;A01
201700003275;2;7;0;2;0;1;1;A01
201700003276;1;7;0;0;2;1;1;A01
201700003276;2;10;0;0;2;3;1;B02
201700003276;2;7;0;8;2;2;1;C03
201700003277;2;7;0;6;0;1;1;A01
201700003278;0;7;0;8;0;9;1;A01
201700003279;1;7;0;0;1;7;19;A01
201700003280;0;7;0;0;2;1;13;A01
201700003280;2;13;0;0;2;3;1;B01
201700003281;2;7;0;0;0;9;21;A01
201700003282;0;30;0;7;0;1;13;A01
201700003283;2;7;0;3;0;1;14;A01
201700003284;1;33;0;0;2;8;1;A01
201700003284;2;1;0;0;2;8;1;B01
201700003285;1;7;0;6;0;4;23;A01
201700003286;2;7;0;15;0;2;13;A01
201700003287;0;7;0;1;1;8;21;A01
201700003288;0;10;0;0;2;7;1;A01
201700003288;0;7;0;0;2;1;15;B01
201700003289;1;7;0;0;2;3;2;A01
201700003289;1;7;0;0;2;5;15;B01
201700003290;2;7;0;0;1;1;15;A01
201700003291;0;7;0;0;2;3;9;A01
201700003291;0;7;0;0;2;2;1;B01
201700003292;0;7;0;0;2;1;2;A01
201700003292;0;7;0;0;0;4;23;B01
201700003293;1;7;0;0;1;1;1;A01
201700003294;0;7;0;0;9;1;16;A01
201700003294;0;1;0;0;2;1;0;B01
201700003295;0;7;0;0;2;2;1;A01
201700003295;0;7;0;0;2;3;23;B01
201700003296;0;7;0;0;1;1;1;A01
201700003297;0;7;0;0;2;3;13;A01
201700003297;0;1;0;0;2;1;1;B01
201700003298;1;7;0;0;1;8;1;A01
201700003299;2;7;0;0;2;2;15;A01
201700003299;1;33;0;0;2;1;1;B01
201700003300;1;7;0;0;0;5;1;A01
201700003300;2;33;0;0;2;1;1;B01
201700003301;2;10;0;0;2;2;15;A01
201700003301;1;30;0;0;2;1;1;B01
201700003302;0;10;0;0;2;2;19;A01
201700003302;0;33;0;0;0;8;1;B01
201700003303;1;7;0;0;2;3;15;A01
201700003303;2;1;0;0;2;7;1;B01
201700003303;1;7;0;0;0;1;23;C01
201700003304;2;14;0;0;1;2;1;A01
201700003305;1;33;0;0;2;7;1;A01
201700003305;1;10;0;0;2;3;1;B01
201700003306;1;7;0;0;1;1;1;A01
201700003307;1;7;0;0;2;1;2;A01
201700003307;1;7;0;0;0;4;16;B01
201700003308;2;7;0;0;2;8;15;A01
201700003308;2;2;0;0;2;2;17;B01
201700003309;0;17;0;15;0;2;1;A01
201700003310;1;7;0;2;0;7;14;A01
201700003311;1;3;0;0;2;3;13;A01
201700003311;2;17;0;0;2;3;21;B01
201700003312;2;3;0;2;0;1;0;A01
201700003313;2;7;0;2;0;1;14;A01
201700003314;2;7;0;6;0;7;15;A01
201700003315;1;2;0;0;2;1;1;A01
201700003315;1;7;0;0;0;5;16;B01
201700003316;2;7;0;0;0;2;16;A01
201700003316;2;31;0;0;2;1;1;B01
201700003317;1;7;0;0;2;1;1;B01
201700003317;2;1;0;0;0;7;16;A01
201700003318;2;31;0;12;0;3;1;A01
201700003319;2;1;0;14;0;1;1;A01
201700003320;1;7;0;2;0;2;1;A01
201700003321;1;7;0;16;9;3;0;A01
201700003322;2;7;0;2;0;7;1;A01
201700003323;1;7;0;0;1;5;1;A01
201700003324;1;7;0;0;2;4;23;B01
201700003324;1;7;0;0;0;4;23;D01
201700003324;1;38;1;0;2;1;2;A01
201700003324;1;10;0;0;2;4;23;C01
201700003325;0;7;0;0;1;3;1;A01
201700003326;0;7;0;0;2;1;1;A01
201700003326;0;7;0;0;2;8;1;B01
201700003327;0;7;0;2;0;2;20;A01
201700003328;2;7;0;0;2;1;15;A01
201700003328;1;7;0;0;2;1;1;B01
201700003329;0;7;0;0;1;2;1;A01
201700003330;1;7;0;0;2;5;19;A01
201700003330;2;1;0;0;2;1;1;B01
201700003331;2;7;0;0;2;7;1;A01
201700003331;1;7;0;0;0;3;15;B01
201700003332;2;33;0;0;2;3;1;B01
201700003332;1;33;0;0;2;3;1;A01
201700003333;2;7;0;0;2;3;13;A01
201700003333;1;17;0;0;0;3;1;B01
201700003334;0;1;0;0;0;7;19;B01
201700003334;2;7;0;0;2;2;1;A01
201700003335;0;7;0;0;2;2;1;A01
201700003335;0;1;0;0;0;8;15;B01
201700003336;1;7;0;0;2;3;13;A01
201700003336;2;7;0;0;2;3;1;B01
201700003337;1;10;0;0;0;1;2;A01
201700003337;1;7;0;0;0;4;23;B01
201700003338;2;10;0;0;2;1;2;A01
201700003338;2;7;0;0;0;6;15;B01
201700003339;0;2;0;0;2;1;1;A01
201700003339;0;7;0;0;0;4;23;B01
201700003340;2;7;0;0;1;2;1;A01
201700003341;1;1;0;7;0;1;1;A01
201700003342;2;7;0;0;2;1;2;A01
201700003342;2;7;0;0;2;4;2;B01
201700003343;2;7;0;0;2;1;13;A01
201700003343;1;7;0;0;2;8;1;B01
201700003344;1;7;0;0;0;4;23;A01
201700003344;1;7;0;0;2;2;2;B01
201700003345;1;33;0;13;0;8;1;A01
201700003346;1;7;0;0;2;2;16;A01
201700003346;2;1;0;0;2;1;15;B01
201700003347;0;7;0;0;1;2;1;A01
201700003348;2;7;0;0;6;1;1;A01
201700003349;1;7;0;3;0;1;1;A01
201700003350;1;7;0;0;2;2;15;A01
201700003350;2;1;0;0;0;8;1;B01
201700003351;1;7;0;2;0;3;1;A01
201700003352;1;7;0;0;1;3;15;A01
201700003353;1;7;0;0;4;7;1;A01
201700003353;2;39;35;0;2;1;1;B01
201700003354;1;7;0;6;0;1;13;A01
201700003355;2;17;0;0;2;3;1;B01
201700003355;0;7;0;0;2;3;6;A01
201700003356;1;7;0;0;2;3;17;A01
201700003356;1;7;0;0;2;3;1;B01
201700003356;2;2;0;0;2;1;9;C01
201700003357;1;1;0;0;0;7;1;B01
201700003357;0;7;0;0;2;1;9;A01
201700003358;0;2;0;6;0;8;1;A01
201700003359;2;32;0;0;2;1;2;A01
201700003359;2;10;0;0;2;4;16;B01
201700003360;1;7;0;0;2;2;15;A01
201700003360;2;2;0;0;2;3;1;B01
201700003361;1;7;0;0;2;7;13;A01
201700003361;2;7;0;0;2;1;1;B01
201700003362;1;7;0;0;2;1;15;A01
201700003362;2;1;0;0;0;8;1;B01
201700003363;1;7;0;0;2;3;2;A01
201700003363;2;7;0;4;2;8;1;B01
201700003364;2;30;0;0;2;1;17;A01
201700003364;2;31;0;0;2;8;15;B01
201700003365;2;33;0;0;2;1;13;A01
201700003365;1;7;0;0;2;1;1;B01
201700003366;2;33;0;0;0;9;17;A01
201700003367;2;7;0;7;0;1;6;A01
201700003368;1;7;0;0;2;1;13;A01
201700003368;2;7;0;0;0;1;1;B01
201700003369;2;1;0;7;0;1;1;A01
201700003370;1;1;0;0;2;3;13;A01
201700003370;2;7;0;0;0;3;1;B01
201700003371;1;1;0;0;0;9;1;A01
201700003372;1;33;0;0;0;7;20;A01
201700003373;1;33;0;0;0;9;1;A01
201700003374;2;7;0;0;2;3;13;A01
201700003374;1;7;0;0;0;8;1;B01
201700003375;2;33;0;16;0;9;1;A01
201700003376;1;7;0;0;2;3;13;A01
201700003376;2;7;0;0;0;3;1;B01
201700003377;2;7;0;2;0;9;1;A01
201700003378;2;7;0;0;2;3;13;A01
201700003378;1;7;0;0;0;3;1;B01
201700003379;1;33;0;0;6;7;1;A01
201700003380;1;7;0;0;2;7;0;A01
201700003380;2;7;0;0;2;3;1;B01
201700003381;0;33;0;15;0;2;15;A01
201700003382;1;33;0;0;0;1;15;A01
201700003383;0;2;0;0;2;1;11;A01
201700003383;0;7;0;0;2;1;1;B01
201700003384;2;17;0;0;2;1;1;B01
201700003384;1;7;0;0;2;7;13;A01
201700003385;1;7;0;2;0;8;17;A01
201700003386;1;7;0;0;0;1;0;B01
201700003386;1;7;0;0;0;1;0;D01
201700003386;1;7;0;0;0;4;0;A01
201700003386;1;7;0;0;0;1;23;C01
201700003387;1;7;0;3;0;2;14;A01
201700003388;1;7;0;0;2;2;12;A01
201700003388;1;13;0;0;0;6;1;B01
201700003389;2;14;0;0;0;6;0;B01
201700003389;2;7;0;3;2;2;17;A01
201700003390;1;33;0;;2;1;2;A01
201700003390;1;7;0;0;2;5;2;C01
201700003390;1;7;0;0;2;4;2;D01
201700003390;1;7;0;3;2;8;2;E01
201700003390;1;7;0;0;2;6;2;B01
201700003391;2;33;0;0;0;0;1;A01
201700003392;1;7;0;0;2;6;23;B01
201700003392;1;7;0;0;0;5;23;A01
201700003392;1;7;0;14;0;1;2;C01
201700003393;1;7;0;2;0;3;1;A01
201700003394;0;2;0;0;0;8;0;A01
201700003395;0;2;0;0;0;7;0;A01
201700003396;0;33;0;5;0;1;1;A01
201700003397;1;7;0;0;1;0;1;A01
201700003398;0;7;0;0;1;0;1;A01
201700003399;1;10;0;0;2;1;13;A01
201700003399;1;7;0;0;2;1;1;B02
201700003400;2;7;0;0;0;9;1;A01
201700003401;2;7;0;0;2;8;15;B02
201700003401;2;7;0;0;2;7;1;A01
201700003402;2;7;0;13;0;1;15;A01
201700003403;0;7;0;6;0;1;0;A01
201700003404;0;33;0;0;0;0;21;A01
201700003405;1;7;0;0;2;1;1;A01
201700003405;2;7;0;0;2;1;1;B01
201700003406;1;15;0;13;0;3;13;A01
201700003407;1;7;0;0;1;2;1;A01
201700003408;2;7;0;0;2;8;13;A01
201700003408;1;17;0;0;0;0;1;B01
201700003409;1;7;0;0;2;7;19;A01
201700003409;1;7;0;0;2;1;1;B01
201700003410;2;7;0;2;0;1;1;A01
201700003411;1;7;0;0;2;8;0;A01
201700003411;0;33;0;0;2;2;1;B01
201700003412;2;17;0;0;2;6;1;B01
201700003412;1;10;0;0;2;3;1;A01
201700003413;1;7;0;0;2;2;0;A01
201700003413;2;7;0;0;0;2;1;B01
201700003414;2;7;0;0;2;1;1;B01
201700003414;1;7;0;0;2;1;1;A01
201700003415;0;33;0;0;2;7;1;B01
201700003415;0;7;0;0;2;1;9;A01
201700003416;2;7;0;8;0;9;1;B01
201700003416;2;7;0;0;0;1;1;A01
201700003417;1;7;0;0;9;1;1;A01
201700003418;1;10;0;0;2;3;5;A01
201700003418;2;7;0;0;2;8;1;B01
201700003418;2;10;0;0;9;3;1;C01
201700003419;1;7;0;0;2;1;16;A01
201700003419;1;7;0;0;2;2;1;B01
201700003420;2;7;0;0;2;2;15;A01
201700003420;2;33;0;12;2;1;1;B01
201700003421;2;7;0;0;2;1;1;B01
201700003421;1;7;0;0;2;1;5;A01
201700003422;1;7;0;3;0;6;16;A01
201700003423;1;10;0;0;0;4;1;B01
201700003423;1;2;0;0;2;3;1;A01
201700003424;1;7;0;2;0;3;5;A01
201700003425;0;7;0;0;1;1;15;A01
201700003426;0;7;0;15;0;1;1;A01
201700003427;2;33;0;0;2;1;17;A01
201700003427;2;21;0;0;2;3;15;B01
201700003428;1;7;0;0;9;2;1;A01
201700003428;1;1;0;0;2;4;23;C01
201700003428;1;1;0;0;2;0;23;B01
201700003429;0;2;0;0;0;7;1;A01
201700003430;1;2;0;0;0;1;1;A01
201700003431;2;7;0;0;2;3;9;A01
201700003431;2;33;0;0;2;1;1;B01
201700003432;2;15;0;0;2;1;1;B01
201700003432;0;7;0;0;2;8;19;A01
201700003433;1;7;0;0;2;3;0;A01
201700003433;2;7;0;0;2;3;0;B01
201700003434;1;17;0;0;2;1;2;A01
201700003434;1;7;0;0;2;4;23;B01
201700003434;1;7;0;0;2;4;23;C01
201700003434;1;7;0;0;2;4;23;D01
201700003434;1;7;0;0;2;4;23;E01
201700003434;1;7;0;0;2;4;23;F01
201700003434;1;7;0;0;2;4;23;G01
201700003435;2;7;0;2;0;1;1;A01
201700003436;1;7;0;0;1;2;13;A01
201700003437;1;7;0;0;2;3;13;A01
201700003437;2;7;0;0;2;3;1;B01
201700003438;1;10;0;0;2;1;17;A01
201700003438;2;7;0;0;2;1;1;B01
201700003439;2;7;0;0;9;3;1;A01
201700003439;1;1;0;0;2;7;15;B01
201700003440;2;33;0;12;0;1;14;A01
201700003441;2;7;0;0;2;1;6;A01
201700003441;1;7;0;0;2;1;1;B01
201700003442;1;33;0;0;0;7;1;A01
201700003442;1;7;0;0;0;0;9;B01
201700003443;2;7;0;0;9;2;1;A01
201700003443;1;31;0;0;2;8;1;B01
201700003444;1;33;0;0;0;4;1;A01
201700003444;2;7;0;0;2;2;9;B01
201700003445;0;7;0;0;2;7;1;A01
201700003445;0;7;0;0;2;8;1;B01
201700003446;2;7;0;12;0;3;1;A01
201700003447;1;7;0;15;0;2;1;A01