num_acc;senc;catv;occutc;obs;obsm;choc;manv;num_veh
201700003448;0;33;0;0;2;1;2;A01
201700003448;1;10;0;0;2;3;9;B01
201700003449;2;7;0;0;2;8;19;A01
201700003449;1;33;0;0;2;1;1;B01
201700003450;1;1;0;0;0;0;0;A01
201700003451;0;2;0;0;2;1;5;A01
201700003451;0;7;0;0;2;3;1;B01
201700003452;2;7;0;2;0;3;16;A01
201700003453;2;33;0;0;0;8;1;A01
201700003454;2;2;0;0;2;1;1;A01
201700003454;0;7;0;0;0;6;0;B01
201700003455;2;7;0;13;0;1;0;A01
201700003456;2;7;0;0;2;1;1;B01
201700003456;0;7;0;0;2;3;16;A01
201700003457;1;7;0;13;0;1;0;A01
201700003458;0;7;0;0;0;0;2;A01
201700003459;2;33;0;2;0;1;1;A01
201700003460;0;7;0;0;0;5;15;A01
201700003460;0;33;0;0;0;0;1;B01
201700003461;0;7;0;0;2;1;1;A01
201700003461;0;7;0;0;2;3;1;B01
201700003462;1;7;0;2;9;1;0;A01
201700003463;2;1;0;11;0;0;1;A01
201700003464;0;21;0;0;0;1;1;A01
201700003465;0;7;0;6;0;2;1;A01
201700003466;0;7;0;0;0;1;1;B01
201700003466;0;31;0;0;0;8;9;A01
201700003467;1;7;0;0;2;1;19;B01
201700003467;1;7;0;0;2;7;19;A01
201700003468;0;7;0;0;1;2;1;A01
201700003469;0;7;0;0;1;7;4;A01
201700003470;0;7;0;0;1;7;1;A01
201700003471;0;33;0;14;2;1;13;A01
201700003471;0;30;0;0;2;1;0;B01
201700003472;1;7;0;0;0;6;1;A01
201700003472;2;33;0;0;2;9;1;B01
201700003473;2;7;0;0;2;3;15;B01
201700003473;2;7;0;0;2;2;17;A01
201700003474;2;7;0;0;1;1;1;A01
201700003475;0;7;0;0;2;8;0;A01
201700003475;0;33;0;0;2;2;1;B01
201700003476;0;7;0;6;0;3;13;A01
201700003477;0;7;0;0;2;3;1;B01
201700003477;0;7;0;0;2;3;17;A01
201700003478;1;7;0;0;2;6;1;B01
201700003478;1;32;0;0;2;1;1;A01
201700003479;0;10;0;0;1;4;4;A01
201700003480;1;7;0;7;0;1;6;A01
201700003481;2;7;0;0;2;8;5;A01
201700003481;1;7;0;0;2;8;1;B01
201700003482;2;33;0;8;0;1;0;A01
201700003483;1;15;0;0;2;2;2;A01
201700003483;1;7;0;0;0;4;2;B01
201700003484;0;2;0;0;2;2;1;B01
201700003484;0;7;0;0;2;3;15;A01
201700003485;1;7;0;0;2;1;1;B01
201700003485;0;7;0;7;2;7;19;A01
201700003486;1;10;0;0;2;3;1;B01
201700003486;1;7;0;0;2;7;17;A01
201700003487;0;34;0;3;0;3;13;A01
201700003488;1;7;0;0;2;2;1;B01
201700003488;1;17;0;0;0;3;1;A01
201700003489;0;7;0;0;2;1;1;A01
201700003489;0;7;0;0;2;6;2;C01
201700003489;0;7;0;0;2;4;2;B01
201700003490;0;7;0;2;0;1;19;A01
201700003491;0;7;0;0;2;3;15;A01
201700003491;0;7;0;0;2;1;1;B01
201700003492;0;10;0;13;0;3;1;A01
201700003493;0;7;0;0;2;1;1;A01
201700003493;1;7;0;0;2;8;1;B01
201700003494;0;10;0;0;1;2;1;A01
201700003495;0;7;0;0;2;1;2;A01
201700003495;0;7;0;0;2;4;2;B01
201700003495;0;7;0;0;0;4;2;C01
201700003496;0;7;0;0;2;3;13;A01
201700003496;0;7;0;0;2;3;1;B01
201700003497;0;7;0;0;2;3;19;A01
201700003497;0;7;0;0;2;1;1;B01
201700003498;0;7;0;6;0;3;20;A01
201700003499;1;7;0;1;0;1;1;A01
201700003499;1;7;0;0;0;4;24;B01
201700003500;2;33;0;0;2;1;1;A01
201700003500;2;33;0;0;0;4;1;B01
201700003501;1;7;0;13;0;3;1;A01
201700003502;1;7;0;2;0;3;0;A01
201700003503;1;7;0;7;0;1;1;A01
201700003504;2;7;0;13;0;2;14;A01
201700003505;1;2;0;0;0;0;0;A01
201700003506;1;38;32;3;0;9;1;A01
201700003507;2;7;0;15;0;1;13;A01
201700003508;1;17;0;3;2;1;1;A01
201700003508;2;7;0;0;2;3;1;B01
201700003509;1;7;0;0;2;1;1;B01
201700003509;2;7;0;0;2;1;13;A01
201700003510;1;7;0;0;2;3;13;A01
201700003510;2;7;0;0;2;3;1;B01
201700003511;1;7;0;13;0;1;1;A01
201700003512;1;7;0;0;2;1;13;B01
201700003512;2;7;0;0;2;1;1;A01
201700003513;2;7;0;0;1;1;1;A01
201700003514;0;7;0;9;2;6;15;B01
201700003514;0;7;0;7;2;2;17;A01
201700003515;0;14;0;0;2;8;1;A01
201700003515;2;38;1;0;2;1;1;B01
201700003516;2;14;0;0;2;3;13;A01
201700003516;1;7;0;0;2;3;1;B01
201700003517;2;7;0;0;2;3;19;A01
201700003517;2;7;0;0;2;2;1;B01
201700003518;0;7;0;0;2;6;19;A01
201700003518;0;7;0;0;2;3;1;B01
201700003519;0;33;0;0;0;0;1;A01
201700003520;2;7;0;1;0;2;1;A01
201700003521;1;33;0;0;0;8;1;A01
201700003522;2;7;0;6;0;1;13;A01
201700003523;0;2;0;0;2;1;5;A01
201700003523;0;7;0;0;2;1;1;B01
201700003524;2;7;0;8;0;3;1;A01
201700003525;2;7;0;10;0;1;13;A01
201700003526;1;7;0;0;0;3;1;A01
201700003526;2;7;0;0;0;3;1;B01
201700003527;1;17;0;0;0;4;2;A01
201700003527;1;7;0;0;2;1;2;B01
201700003527;1;14;0;0;2;1;2;C01
201700003527;1;10;0;0;2;1;2;D01
201700003527;1;17;0;0;2;1;2;E01
201700003528;0;33;0;0;0;0;1;A01
201700003529;1;7;0;0;2;4;1;A01
201700003529;1;7;0;0;2;1;1;B01
201700003529;2;10;0;0;2;3;1;C01
201700003530;2;10;0;0;2;2;1;A01
201700003530;2;17;0;0;0;0;1;B01
201700003531;2;7;0;0;2;1;14;A01
201700003531;2;17;0;0;2;6;1;B01
201700003532;2;7;0;0;2;2;14;A01
201700003532;2;17;0;0;0;6;1;B01
201700003533;2;7;0;3;0;3;0;A01
201700003534;1;7;0;4;0;1;1;A01
201700003535;1;7;0;4;0;1;1;A01
201700003536;2;7;0;4;0;2;2;A01
201700003537;1;7;0;0;2;2;1;A01
201700003537;1;17;0;0;0;6;2;B01
201700003538;2;7;0;0;2;1;1;A01
201700003538;2;7;0;0;2;4;1;B01
201700003539;0;7;0;4;0;2;1;A01
201700003540;2;17;0;3;0;2;0;A01
201700003541;1;7;0;3;0;3;1;A01
201700003542;2;15;0;6;0;2;1;A01
201700003543;1;15;0;3;0;7;1;A01
201700003543;2;16;0;14;0;1;1;B01
201700003544;1;7;0;3;0;8;13;A01
201700003545;1;7;0;0;0;9;1;A01
201700003546;1;7;0;3;0;9;1;A01
201700003547;1;7;0;0;9;1;1;A01
201700003548;1;14;0;4;0;2;1;A01
201700003548;1;14;0;14;0;2;2;B01
201700003549;1;7;0;1;0;1;1;A01
201700003549;1;16;0;0;0;0;23;B01
201700003550;1;7;0;3;0;1;1;A01
201700003551;2;17;0;6;0;2;1;A01
201700003552;1;10;0;0;2;3;2;A01
201700003552;1;16;0;0;0;0;2;C01
201700003552;1;7;0;14;0;7;2;D01
201700003553;2;7;0;0;0;0;0;A01
201700003554;2;17;0;3;0;3;2;A01
201700003554;1;7;0;14;0;3;1;B01
201700003554;1;7;0;14;0;8;1;C01
201700003554;1;7;0;14;0;8;1;D01
201700003554;1;7;0;14;0;8;1;E01
201700003554;1;7;0;14;0;8;1;F01
201700003555;2;7;0;0;6;1;11;A01
201700003556;2;33;0;13;0;1;1;A01
201700003557;1;7;0;0;0;6;1;B01
201700003557;1;33;0;0;2;1;1;A01
201700003558;1;7;0;0;2;8;1;B01
201700003558;0;7;0;0;2;1;1;A01
201700003559;0;7;0;0;1;4;20;A01
201700003560;2;7;0;0;9;1;2;A01
201700003560;2;1;0;0;0;4;2;B01
201700003561;2;7;0;0;2;3;1;A01
201700003561;1;7;0;0;2;1;1;B01
201700003562;0;7;0;13;0;3;1;A01
201700003563;0;7;0;0;2;7;1;A01
201700003563;0;7;0;0;2;1;1;B01
201700003564;1;7;0;0;2;1;2;A01
201700003564;1;7;0;0;2;4;23;B01
201700003564;1;7;0;0;2;4;23;C01
201700003565;2;10;0;0;2;7;1;A01
201700003565;1;7;0;0;2;1;1;B01
201700003566;2;7;0;0;1;1;1;A01
201700003567;0;2;0;0;2;1;18;A01
201700003567;0;7;0;0;2;2;16;B01
201700003568;1;10;0;2;0;7;1;A01
201700003569;1;7;0;0;2;2;13;A01
201700003569;2;7;0;0;2;2;1;B01
201700003569;2;7;0;0;2;1;1;C01
201700003570;2;15;0;0;2;3;13;A01
201700003570;1;15;0;0;2;3;0;B01
201700003571;1;33;0;0;0;0;1;A01
201700003572;2;10;0;0;2;1;0;A01
201700003572;1;7;0;0;2;1;0;B01
201700003572;0;7;0;0;2;1;1;C01
201700003572;2;7;0;0;2;1;1;D01
201700003573;1;33;0;11;0;0;1;A01
201700003574;0;7;0;1;2;1;5;A01
201700003574;0;7;0;0;2;1;1;B01
201700003575;0;7;0;0;2;3;1;A01
201700003575;0;7;0;0;2;3;15;B01
201700003576;2;7;0;6;1;9;13;A01
201700003577;1;31;0;0;2;1;17;A01
201700003577;1;21;0;0;0;3;15;B01
201700003578;0;7;0;3;2;3;13;A01
201700003578;0;14;0;0;2;5;0;B01
201700003579;0;7;0;0;0;7;15;A01
201700003579;0;7;0;0;0;9;2;B01
201700003580;2;7;0;0;2;5;15;A01
201700003580;1;2;0;0;2;1;1;B01
201700003581;0;7;0;0;2;8;15;A01
201700003581;0;7;0;0;2;1;1;B01
201700003582;1;7;0;0;2;3;13;A01
201700003582;2;7;0;0;2;3;2;B01
201700003583;1;7;0;2;0;8;1;A01
201700003584;2;7;0;6;0;1;14;A01
201700003585;2;7;0;0;2;1;17;A01
201700003585;1;7;0;0;2;1;1;B01
201700003586;1;7;0;13;0;2;14;A01
201700003587;2;1;0;13;0;0;1;B01
201700003587;0;7;0;0;0;0;15;A01
201700003588;1;7;0;0;9;2;1;A01
201700003588;1;1;0;0;0;8;0;B01
201700003589;2;7;0;0;2;3;13;A01
201700003589;1;7;0;0;2;3;0;B01
201700003590;2;7;0;0;2;4;21;D01
201700003590;2;7;0;1;2;4;1;B01
201700003590;2;7;0;1;2;1;1;A01
201700003590;2;7;0;1;2;4;13;C01
201700003591;1;7;0;1;0;2;1;A01
201700003592;1;7;0;6;1;4;24;A01
201700003593;1;7;0;0;2;1;1;A01
201700003593;1;7;0;0;1;4;0;B01
201700003594;1;7;0;6;0;1;16;A01
201700003595;2;7;0;0;2;8;15;B01
201700003595;2;1;0;0;2;1;5;A01
201700003596;1;7;0;1;0;2;14;A01
201700003596;1;7;0;0;2;6;24;B01
201700003597;2;7;0;8;0;3;13;A01
201700003598;2;7;0;0;2;8;19;A01
201700003598;2;31;0;0;2;8;1;B01
201700003599;1;14;0;0;1;7;1;A01
201700003600;1;7;0;16;0;9;14;A01
201700003601;1;7;0;13;0;8;14;A01
201700003602;2;2;0;0;0;0;1;A01
201700003603;1;33;0;15;2;3;13;A01
201700003603;2;7;0;0;2;6;1;B01
201700003604;1;7;0;0;2;8;13;A01
201700003604;2;14;0;0;2;3;0;B01
201700003605;1;1;0;0;2;1;9;A01
201700003605;2;7;0;0;2;7;1;B01
201700003606;1;7;0;0;2;2;1;B01
201700003606;2;7;0;0;0;2;13;A01
201700003607;1;7;0;0;1;1;1;A01
201700003608;0;33;0;2;0;8;13;A01
201700003609;1;1;0;0;2;4;1;B01
201700003609;1;7;0;;2;1;1;A02
201700003610;2;7;0;13;0;1;14;A01
201700003611;1;7;0;0;2;1;13;A01
201700003611;2;7;0;0;2;1;1;B01
201700003612;1;33;0;0;2;1;1;B01
201700003612;2;7;0;0;2;8;15;A01
201700003613;2;33;0;14;0;1;1;A01
201700003614;2;7;0;0;9;1;0;A01
201700003614;1;1;0;0;2;1;6;B01
201700003615;0;33;0;0;1;1;1;A01
201700003616;1;2;0;0;2;7;1;A01
201700003616;1;7;0;0;2;2;15;B01
201700003617;2;31;0;0;2;6;23;A01
201700003617;1;7;0;0;2;1;2;B01
201700003618;1;7;0;0;2;2;1;A01
201700003618;1;2;0;0;2;8;15;B01
201700003619;1;7;0;6;0;1;0;A01
201700003620;2;1;0;0;0;7;1;A01
201700003621;1;7;0;8;0;7;14;A01
201700003622;2;7;0;0;1;1;1;A01
201700003623;2;7;0;0;2;1;5;A01
201700003623;1;7;0;0;2;1;1;B01
201700003624;2;34;0;0;2;1;2;A01
201700003624;2;7;0;0;2;4;2;B01
201700003625;2;33;0;12;0;1;14;A01
201700003626;1;2;0;15;0;1;14;A01
201700003627;1;7;0;0;2;3;1;Z01
201700003627;1;1;0;0;2;6;1;A01
201700003628;1;7;0;2;0;2;14;A01
201700003629;2;7;0;0;1;1;1;A01
201700003630;1;7;0;0;1;1;1;A01
201700003631;1;7;0;0;2;0;15;A01
201700003631;1;33;0;0;2;1;1;B01
201700003632;1;7;0;0;1;1;1;A01
201700003633;2;33;0;0;2;1;1;B01
201700003633;0;7;0;0;2;8;15;A01
201700003634;2;7;0;0;2;3;13;A01
201700003634;1;7;0;0;2;3;1;B01
201700003635;1;7;0;0;1;2;16;A01
201700003636;1;7;0;0;0;9;1;A01
201700003637;1;7;0;0;2;8;16;A01
201700003637;1;30;0;0;2;2;1;B01
201700003638;2;7;0;0;2;8;19;A01
201700003638;2;1;0;0;2;1;1;B01
201700003639;1;7;0;0;2;3;13;A01
201700003639;2;15;0;0;2;3;21;B01
201700003640;2;7;0;0;2;3;13;A01
201700003640;1;7;0;0;2;3;1;B01
201700003641;2;38;7;0;2;3;13;A01
201700003641;2;10;0;0;2;6;15;B01
201700003642;2;32;0;0;6;1;1;A01
201700003643;1;7;0;0;2;1;13;A01
201700003643;2;7;0;0;2;8;1;B01
201700003643;2;7;0;0;2;1;1;C01
201700003644;2;7;0;16;0;0;1;A01
201700003645;1;7;0;4;0;7;13;A01
201700003646;0;1;0;0;2;1;1;A01
201700003646;0;1;0;0;2;3;2;B01
201700003647;1;33;0;0;2;2;17;A01
201700003647;1;7;0;0;2;3;15;B01
201700003648;1;7;0;0;0;8;14;A01
201700003649;1;34;0;0;2;1;17;A01
201700003649;1;7;0;0;2;8;15;B01
201700003650;2;7;0;4;0;1;1;A01
201700003651;1;7;0;5;2;6;1;A01
201700003651;1;7;0;0;2;1;12;B01
201700003652;1;10;0;0;9;0;2;C01
201700003652;1;10;0;0;9;0;2;B01
201700003652;1;7;0;4;0;3;0;A01
201700003652;1;17;0;0;9;0;2;D01
201700003653;1;7;0;0;2;7;1;A01
201700003653;1;17;0;0;2;8;1;B01
201700003654;2;7;0;3;0;9;0;A01
201700003654;2;17;0;3;2;1;2;B01
201700003655;2;7;0;0;2;4;1;A01
201700003655;2;15;0;0;2;1;2;B01
201700003656;2;7;0;4;2;1;1;A01
201700003656;2;15;0;0;2;3;1;B01
201700003656;2;15;0;0;0;0;1;C01
201700003657;1;7;0;4;0;1;17;A01
201700003658;2;38;2;0;0;6;1;B01
201700003658;2;7;0;3;2;2;17;A01
201700003659;1;15;0;0;2;1;1;A01
201700003659;2;7;0;0;2;8;1;B01
201700003660;2;7;0;0;2;4;2;B01
201700003660;2;7;0;0;2;1;2;A01
201700003661;1;10;0;0;2;1;2;A01
201700003661;1;17;0;0;0;4;2;B01
201700003662;2;7;0;5;0;1;1;A01
201700003663;1;7;0;0;2;3;13;A01
201700003663;2;17;0;0;2;3;1;B01
201700003664;2;17;0;1;0;2;14;A01
201700003664;2;7;0;0;0;6;0;B01
201700003665;1;7;0;0;2;2;12;A01
201700003665;1;7;0;4;2;6;1;B01
201700003666;2;7;0;5;0;1;1;A01
201700003667;1;7;0;4;2;2;17;A01
201700003667;1;17;0;0;2;3;1;B01
201700003667;1;17;0;0;2;1;1;C01
201700003668;1;7;0;0;2;1;17;A01
201700003668;1;13;0;0;0;6;2;B01
201700003669;1;17;0;6;0;2;1;A01
201700003670;2;7;0;4;2;7;1;C01
201700003670;2;17;0;0;2;3;13;A01
201700003671;1;7;0;0;2;1;1;A01
201700003671;1;14;0;0;2;4;1;B01
201700003671;1;7;0;0;2;1;1;C01
201700003671;1;17;0;0;2;3;1;D01
201700003672;1;7;0;0;2;2;11;A01
201700003672;1;14;0;0;2;6;1;B01
201700003673;2;7;0;4;0;1;1;A01
201700003674;2;17;0;3;2;2;17;A01
201700003674;2;17;0;0;2;6;1;B01
201700003674;2;7;0;4;2;1;2;C01
201700003674;2;7;0;0;2;0;1;D01
201700003674;2;17;0;0;0;6;1;E01
201700003675;1;7;0;0;0;1;1;A01
201700003676;1;10;0;0;0;2;1;A01
201700003676;1;17;0;0;2;3;1;B01
201700003677;2;7;0;0;2;6;1;C01
201700003677;2;10;0;0;2;4;1;E01
201700003677;2;7;0;0;2;4;1;D01
201700003677;2;7;0;0;2;1;2;G01
201700003677;2;10;0;0;0;4;1;B01
201700003677;2;10;0;4;2;3;21;A01
201700003677;2;10;0;0;2;1;2;F01
201700003678;1;7;0;4;0;1;1;A01
201700003679;1;7;0;4;2;2;1;A01
201700003679;1;7;0;0;2;6;2;B01
201700003679;1;7;0;0;2;6;2;C01
201700003680;2;7;0;4;0;6;2;A01
201700003681;2;7;0;0;2;8;17;A01
201700003681;2;33;0;0;2;7;1;B01
201700003682;2;17;0;0;2;2;17;A01
201700003682;2;7;0;4;2;8;0;B01
201700003683;0;7;0;0;2;3;15;A01
201700003683;0;7;0;0;2;1;1;B01
201700003684;2;7;0;0;0;1;1;B01
201700003684;1;7;0;0;2;1;1;A01
201700003685;2;7;0;0;1;2;1;A01
201700003686;0;7;0;0;2;1;16;A01
201700003686;0;10;0;0;2;7;1;B01
201700003687;0;7;0;0;2;3;13;A01
201700003687;0;10;0;0;2;3;21;B01
201700003688;1;7;0;0;2;1;2;A01
201700003688;1;7;0;0;2;1;1;B01
201700003689;1;7;0;0;0;7;19;B01
201700003689;2;7;0;15;0;1;1;A01
201700003690;0;7;0;0;2;2;15;A01
201700003690;0;7;0;0;2;3;1;C01
201700003690;0;33;0;0;2;1;1;B01
201700003691;0;33;0;0;2;1;1;A01
201700003691;0;7;0;0;2;7;1;B01
201700003692;0;7;0;0;0;5;21;A01
201700003692;0;33;0;0;2;1;0;B01
201700003693;2;33;0;8;0;1;1;A01
201700003694;2;7;0;0;2;4;4;A01
201700003694;0;2;0;0;2;1;1;B01
201700003695;2;7;0;2;0;1;1;A01
201700003696;0;7;0;0;2;2;17;A01
201700003696;0;33;0;0;0;3;11;B01
201700003697;1;7;0;0;1;2;1;A01
201700003698;0;7;0;15;0;1;14;A01
201700003699;0;7;0;0;2;1;5;A01
201700003699;0;7;0;0;2;1;15;B01
201700003700;1;7;0;0;2;2;9;A01
201700003700;2;10;0;0;2;3;23;B01
201700003701;0;7;0;0;2;1;9;B01
201700003701;0;34;0;0;0;5;1;A01
201700003702;2;7;0;0;2;1;13;A01
201700003702;1;17;0;0;2;3;1;B01
201700003703;2;34;0;2;0;8;1;A01
201700003704;2;10;0;0;2;3;10;A01
201700003704;1;7;0;0;2;2;1;B01
201700003705;2;33;0;7;0;1;1;A01
201700003706;1;7;0;2;0;2;14;A01
201700003707;0;7;0;13;0;2;1;A01
201700003708;2;32;0;6;0;8;13;A01
201700003709;0;7;0;0;2;3;1;B01
201700003709;0;7;0;0;2;3;13;A01
201700003710;1;7;0;2;0;2;1;A01
201700003711;0;32;0;0;0;1;1;A01
201700003711;0;7;0;0;9;5;15;B01
201700003712;2;7;0;2;0;3;1;A01
201700003713;2;7;0;0;2;7;13;A01
201700003713;1;17;0;0;2;1;1;B01
201700003714;0;7;0;0;1;1;1;A01
201700003715;1;7;0;1;0;2;1;A01
201700003715;0;7;0;0;2;6;24;B01
201700003716;2;7;0;0;0;1;2;A01
201700003716;2;15;0;0;0;4;12;B01
201700003717;0;7;0;13;0;2;21;A01
201700003718;0;10;0;0;1;0;1;A01
201700003719;0;33;0;0;2;1;1;B01
201700003719;0;7;0;0;2;8;1;A01
201700003720;2;33;0;2;0;1;0;A01
201700003721;0;7;0;0;0;4;15;A01
201700003721;0;33;0;0;2;1;2;B01
201700003722;1;7;0;2;0;7;1;A01
201700003723;0;7;0;0;2;1;1;A01
201700003723;0;7;0;0;2;1;1;B01
201700003724;2;7;0;0;2;1;1;B01
201700003724;1;7;0;0;2;1;6;A01
201700003725;0;33;0;13;0;1;1;A01
201700003726;0;7;0;3;9;1;1;A01
201700003727;2;33;0;0;2;1;1;B01
201700003727;1;7;0;0;2;5;0;A01
201700003728;2;10;0;13;0;1;17;A01
201700003729;2;7;0;0;2;1;1;B01
201700003729;1;7;0;0;2;7;13;A01
201700003730;0;7;0;2;0;1;13;A01
201700003731;1;7;0;13;0;9;1;A01
201700003732;0;7;0;1;2;1;1;B01
201700003732;0;7;0;3;0;6;23;A01
201700003733;1;7;0;13;2;3;1;B01
201700003733;2;7;0;0;2;3;1;A01
201700003734;1;7;0;13;0;7;0;A01
201700003735;0;14;0;0;2;3;23;C01
201700003735;2;7;0;0;2;2;15;A01
201700003735;1;7;0;0;2;1;1;B01
201700003736;0;7;0;0;2;1;1;B01
201700003736;0;7;0;0;2;1;13;A01
201700003737;0;7;0;0;2;1;1;B01
201700003737;0;2;0;0;2;1;1;A01
201700003738;0;7;0;0;2;5;15;A01
201700003738;0;10;0;0;2;1;1;C01
201700003738;0;99;0;0;2;1;2;B01
201700003739;0;7;0;0;1;7;1;A01
201700003740;0;1;0;0;0;7;1;A01
201700003741;1;33;0;0;2;1;1;B01
201700003741;2;7;0;0;2;1;13;A01
201700003742;2;7;0;16;0;3;1;B01
201700003742;1;7;0;13;2;3;1;A01
201700003743;0;2;0;0;2;1;2;A01
201700003743;0;10;0;0;2;5;4;B01
201700003744;0;7;0;0;0;4;2;A01
201700003744;0;7;0;0;2;1;2;B01
201700003745;0;7;0;0;2;1;1;B01
201700003745;0;7;0;13;2;8;19;A01
201700003746;0;7;0;0;2;3;1;B01
201700003746;2;1;0;0;2;2;1;A01
201700003747;2;7;0;0;2;0;1;A01
201700003747;1;7;0;0;2;0;1;B01
201700003748;1;7;0;0;9;1;9;A01
201700003748;0;1;0;0;2;7;0;B01
201700003749;1;7;0;0;2;1;2;A01
201700003749;1;7;0;0;2;4;15;B01
201700003750;1;7;0;2;0;3;1;A01
201700003751;0;31;0;0;2;1;1;B01
201700003751;0;7;0;0;0;5;15;A01
201700003752;0;1;0;0;2;4;2;B01
201700003752;0;7;0;0;2;2;2;A01
201700003753;0;7;0;0;2;2;1;B01
201700003753;0;7;0;8;2;3;9;A01
201700003754;2;7;0;6;2;1;13;A01
201700003754;1;15;0;0;2;8;1;B01
201700003755;0;7;0;13;2;1;1;A01
201700003755;0;17;0;0;2;1;0;B01
201700003756;2;7;0;13;0;1;13;A01
201700003757;1;7;0;13;0;2;1;A01
201700003758;1;32;0;0;0;7;1;B01
201700003758;2;7;0;0;2;3;15;A01
201700003759;2;7;0;0;2;3;1;B01
201700003759;1;7;0;0;2;3;1;A01
201700003760;1;15;0;0;2;1;0;B01
201700003760;2;7;0;0;2;1;5;A01
201700003761;1;10;0;0;2;3;1;A01
201700003761;2;7;0;0;2;1;19;B01
201700003762;0;7;0;0;2;3;21;A01
201700003762;0;7;0;0;2;8;5;B01
201700003763;1;7;0;0;2;7;15;A01
201700003763;2;7;0;0;2;1;1;B01
201700003763;0;7;0;0;2;3;23;C01
201700003764;1;7;0;13;0;1;1;A01
201700003765;0;1;0;0;2;2;1;B01
201700003765;0;7;0;0;2;3;9;A01
201700003766;0;7;0;0;2;1;1;C01
201700003766;0;7;0;0;2;3;13;A01
201700003766;0;10;0;0;2;3;1;B01
201700003767;0;7;0;4;2;4;2;B01
201700003767;0;7;0;0;2;3;2;A01
201700003768;0;7;0;0;2;8;9;A01
201700003768;0;1;0;0;2;1;1;B01
201700003769;0;7;0;1;0;6;0;A01
201700003770;0;7;0;13;0;1;1;A01
201700003771;1;7;0;0;1;2;2;A01
201700003772;1;7;0;0;2;1;1;B01
201700003772;1;7;0;13;2;7;9;A01
201700003773;1;7;0;2;0;7;13;A01
201700003774;1;7;0;0;2;2;17;A01
201700003774;1;7;0;0;0;6;2;B01
201700003774;2;7;0;0;2;1;1;C01
201700003775;2;7;0;2;0;1;13;A01
201700003776;0;7;0;0;2;3;13;A01
201700003776;0;10;0;0;2;3;1;B01
201700003777;0;7;0;0;2;2;9;A01
201700003777;0;7;0;0;2;3;1;B01
201700003778;0;33;0;0;0;0;1;A01
201700003779;1;7;0;2;0;7;21;B01
201700003779;0;7;0;2;2;8;19;A01
201700003780;0;10;0;0;1;1;1;A01
201700003781;0;7;0;2;0;3;1;A01
201700003782;0;7;0;2;0;1;0;A01
201700003783;1;7;0;0;2;3;1;A01
201700003783;2;7;0;0;2;3;1;B01
201700003784;0;33;0;0;0;0;0;B01
201700003784;0;7;0;0;0;0;15;A01
201700003785;1;33;0;0;2;4;23;B01
201700003785;1;7;0;0;2;2;1;A01
201700003785;1;7;0;0;0;5;23;C01
201700003786;1;7;0;0;0;4;1;A01
201700003786;1;33;0;0;2;1;0;B01
201700003787;0;33;0;0;2;1;1;A01
201700003787;0;33;0;0;2;1;5;B01
201700003788;2;33;0;0;2;1;17;A01
201700003788;0;7;0;0;0;8;9;B01
201700003789;1;7;0;0;1;7;1;A01
201700003790;1;33;0;2;0;1;1;A01
201700003791;1;7;0;0;2;3;1;B01
201700003791;2;3;0;0;2;1;1;A01
201700003792;0;33;0;5;0;8;0;A01
201700003793;1;7;0;0;2;6;11;A01
201700003793;1;33;0;0;2;2;17;B01
201700003794;0;34;0;15;0;8;14;A01
201700003795;1;33;0;15;0;1;17;A01
201700003796;2;7;0;0;2;8;1;C01
201700003796;1;7;0;0;0;0;1;D01
201700003796;1;33;0;0;2;3;13;A01
201700003796;2;33;0;0;2;3;1;B01
201700003797;2;7;0;0;9;3;17;A01
201700003797;2;34;0;0;2;1;15;B01
201700003798;0;7;0;0;2;1;1;B01
201700003798;1;7;0;0;0;3;1;A01
201700003799;0;7;0;0;9;1;1;C01
201700003799;0;33;0;0;2;1;1;A01
201700003799;0;33;0;0;2;1;1;B01
201700003800;2;2;0;0;2;1;1;A01
201700003800;2;7;0;0;0;4;1;B01
201700003801;2;7;0;11;2;3;15;A01
201700003801;1;34;0;0;2;1;1;B01
201700003802;0;7;0;2;0;3;1;A01
201700003803;1;7;0;0;2;1;1;C01
201700003803;1;2;0;0;2;1;1;B01
201700003803;2;7;0;0;2;1;15;A01
201700003804;1;7;0;0;1;1;1;A01
201700003805;0;7;0;0;2;3;2;B01
201700003805;0;33;0;0;2;1;3;A01
201700003806;0;7;0;0;9;6;1;B01
201700003806;0;1;0;0;2;1;3;A01
201700003807;0;7;0;4;0;3;1;A01
201700003808;2;7;0;0;2;6;15;A01
201700003808;2;33;0;0;2;1;17;B01
201700003809;2;7;0;0;2;8;17;A01
201700003809;2;32;0;0;2;7;17;B01
201700003810;1;33;0;3;0;2;1;A01
201700003811;2;7;0;0;1;2;1;A01
201700003812;1;7;0;0;2;3;1;A01
201700003812;2;33;0;0;2;3;1;B01
201700003813;1;7;0;6;0;2;1;A01
201700003814;2;10;0;0;0;7;1;B01
201700003814;0;1;0;0;2;1;1;A01
201700003815;0;33;0;0;2;1;2;A01
201700003815;0;7;0;0;0;4;1;B01
201700003816;2;7;0;0;1;1;1;A01
201700003817;0;7;0;13;0;2;1;A01
201700003818;0;7;0;0;1;2;1;A01
201700003819;0;7;0;0;2;1;16;A01
201700003819;0;7;0;0;2;2;1;B01
201700003820;0;7;0;2;0;1;19;A01