num_acc;senc;catv;occutc;obs;obsm;choc;manv;num_veh
201700004219;0;7;0;0;2;7;15;A01
201700004219;0;32;0;0;2;1;1;B01
201700004220;0;7;0;0;2;3;15;A01
201700004220;0;31;0;0;2;1;1;B01
201700004221;0;7;0;0;2;3;13;A01
201700004221;0;7;0;0;2;3;1;B01
201700004221;0;7;0;0;0;0;9;C01
201700004222;2;7;0;0;2;1;0;B01
201700004222;1;7;0;0;2;1;0;A01
201700004223;1;7;0;0;2;3;1;A01
201700004223;2;7;0;0;2;3;1;B01
201700004224;2;2;0;4;0;7;1;A01
201700004225;1;7;0;0;1;3;1;A01
201700004226;0;7;0;0;1;1;1;A01
201700004227;0;3;0;0;2;3;9;A01
201700004227;0;7;0;0;2;2;1;B01
201700004228;0;7;0;0;1;2;1;A01
201700004229;0;7;0;0;2;3;13;A01
201700004229;0;17;0;0;2;3;1;B01
201700004230;0;7;0;0;2;7;15;B01
201700004230;0;33;0;1;2;1;1;A01
201700004231;1;7;0;0;0;0;4;A01
201700004231;1;33;0;0;2;8;13;B01
201700004231;1;33;0;0;2;7;13;C01
201700004232;1;7;0;2;0;1;0;A01
201700004233;0;7;0;0;2;3;15;A01
201700004233;0;2;0;0;2;1;1;B01
201700004234;0;2;0;13;0;9;1;A01
201700004235;0;7;0;0;2;3;1;A01
201700004235;0;31;0;13;2;1;1;B01
201700004236;0;7;0;0;0;6;19;A01
201700004236;0;7;0;0;2;1;1;B01
201700004237;0;7;0;0;0;4;23;A01
201700004237;0;2;0;0;2;1;2;B01
201700004238;0;7;0;0;2;3;1;A01
201700004238;0;1;0;0;2;7;19;B01
201700004239;0;7;0;6;0;3;1;A01
201700004240;1;10;0;0;2;7;11;A01
201700004240;2;7;0;0;0;8;1;B01
201700004241;1;33;0;2;0;1;1;A01
201700004242;0;13;0;0;9;1;1;A01
201700004242;0;1;0;0;2;1;19;B01
201700004243;1;10;0;0;2;2;1;A01
201700004243;1;7;0;0;2;1;15;B01
201700004244;1;2;0;12;0;1;1;A01
201700004245;2;10;0;6;2;2;1;A01
201700004245;1;10;0;9;2;3;0;B01
201700004246;0;7;0;0;2;3;13;A01
201700004246;0;7;0;0;2;8;1;B01
201700004247;0;7;0;3;0;1;1;A01
201700004248;0;7;0;1;0;1;0;A01
201700004249;0;7;0;0;2;3;0;A01
201700004249;0;7;0;0;2;3;0;B01
201700004250;1;7;0;0;2;3;16;A01
201700004250;2;1;0;0;0;7;15;B01
201700004251;0;7;0;2;0;1;1;A01
201700004252;0;2;0;0;0;0;0;A01
201700004252;0;7;0;0;0;0;15;B01
201700004253;1;7;0;0;0;1;0;A01
201700004254;1;2;0;0;0;0;1;A01
201700004255;1;7;0;0;0;5;23;A01
201700004255;1;7;0;0;2;3;12;B01
201700004255;1;7;0;0;0;8;0;C01
201700004256;0;32;0;0;2;1;17;A01
201700004256;1;7;0;0;2;8;15;B01
201700004257;0;7;0;0;0;3;15;A01
201700004257;0;2;0;0;2;1;17;B01
201700004258;1;7;0;0;0;8;0;A01
201700004258;1;7;0;0;2;1;1;B01
201700004259;1;7;0;0;2;1;1;A01
201700004259;2;30;0;0;2;7;1;B01
201700004260;0;10;0;8;0;9;1;A01
201700004261;1;7;0;10;0;3;1;A01
201700004262;0;7;0;0;1;1;1;A01
201700004263;1;7;0;0;0;1;11;A01
201700004263;2;7;0;0;0;1;15;B01
201700004264;1;7;0;0;2;1;1;A01
201700004264;2;10;0;0;2;8;1;B01
201700004265;1;7;0;0;1;2;1;A01
201700004266;1;10;0;6;0;1;0;A01
201700004267;2;33;0;15;0;7;0;A01
201700004268;1;7;0;0;2;3;1;A01
201700004268;2;7;0;0;2;3;13;B01
201700004269;1;34;0;0;6;1;1;A01
201700004270;0;7;0;13;0;9;1;A01
201700004271;2;2;0;0;2;1;1;A01
201700004271;1;7;0;0;2;5;15;B01
201700004272;0;7;0;0;2;2;1;A01
201700004272;0;7;0;0;1;6;23;B01
201700004273;0;7;0;0;1;2;1;A01
201700004274;2;7;0;9;2;2;1;B01
201700004274;0;7;0;0;2;3;15;A01
201700004275;0;34;0;0;0;7;1;A01
201700004276;2;7;0;9;0;1;1;A01
201700004277;1;7;0;0;2;1;13;A01
201700004277;2;7;0;0;2;1;1;B01
201700004278;2;7;0;2;0;7;1;A01
201700004279;1;33;0;0;2;1;13;A01
201700004279;2;7;0;0;2;1;21;B01
201700004280;2;1;0;0;0;4;1;A01
201700004280;2;7;0;0;9;1;1;B01
201700004281;2;7;0;0;2;1;1;A01
201700004281;1;7;0;0;2;1;1;B01
201700004282;1;7;0;13;0;2;1;A01
201700004283;1;1;0;12;0;8;1;A01
201700004284;1;7;0;0;2;8;15;A01
201700004284;1;33;0;0;2;1;17;B01
201700004285;2;33;0;11;9;9;1;A01
201700004286;0;7;0;8;0;9;21;A01
201700004287;1;7;0;0;1;0;1;A01
201700004288;1;7;0;0;2;3;15;A01
201700004288;2;33;0;0;2;1;1;B01
201700004289;1;33;0;0;2;3;1;A01
201700004289;2;7;0;0;2;3;15;B01
201700004290;2;33;0;0;2;1;1;A01
201700004290;1;7;0;0;2;3;1;B01
201700004291;2;7;0;0;2;1;1;B01
201700004291;1;7;0;0;2;1;17;A01
201700004292;2;10;0;0;2;8;9;A01
201700004292;2;7;0;0;2;1;0;B01
201700004293;1;7;0;0;9;2;1;A01
201700004293;2;1;0;0;2;1;13;B01
201700004294;0;2;0;0;0;1;14;A01
201700004295;1;7;0;0;1;1;1;A01
201700004296;1;7;0;0;2;2;1;A01
201700004296;2;7;0;0;2;3;15;B01
201700004297;0;7;0;15;9;1;16;A01
201700004298;0;10;0;6;0;4;2;A01
201700004298;0;7;0;0;2;4;2;B01
201700004298;0;7;0;0;2;1;2;C01
201700004299;0;7;0;8;0;1;1;A01
201700004300;0;7;0;2;0;2;14;A01
201700004301;2;7;0;0;2;1;1;A01
201700004301;1;7;0;0;2;1;1;B01
201700004302;0;7;0;0;0;0;9;A01
201700004302;0;1;0;0;2;0;1;B01
201700004303;0;10;0;15;0;2;14;A01
201700004303;0;7;0;0;2;1;1;B01
201700004304;1;33;0;1;2;8;17;A01
201700004304;2;7;0;0;2;3;1;B01
201700004305;1;7;0;0;2;7;16;A01
201700004305;1;2;0;12;2;8;18;B01
201700004306;0;7;0;0;2;2;1;A01
201700004306;0;1;0;0;2;1;15;B01
201700004307;0;7;0;0;0;6;1;A01
201700004307;0;2;0;0;2;1;1;B01
201700004308;0;7;0;3;0;2;0;A01
201700004309;1;7;0;0;2;2;2;A01
201700004309;1;1;0;0;2;4;2;B01
201700004309;1;1;0;0;2;8;2;C01
201700004310;1;7;0;0;2;3;19;A01
201700004310;2;31;0;0;2;1;1;B01
201700004311;1;7;0;0;2;5;13;A01
201700004311;2;7;0;0;0;1;1;B01
201700004312;1;7;0;0;2;1;13;A01
201700004312;2;15;0;0;2;3;1;B01
201700004312;1;7;0;3;0;2;14;C01
201700004313;2;7;0;2;0;1;1;A01
201700004314;1;10;0;16;0;9;1;A01
201700004315;2;7;0;0;1;1;1;A01
201700004316;1;7;0;2;0;2;1;A01
201700004317;1;7;0;0;1;1;1;A01
201700004318;1;7;0;0;2;1;13;A01
201700004318;2;7;0;0;2;8;1;B01
201700004318;2;7;0;0;2;1;1;C01
201700004319;1;2;0;0;2;1;1;A01
201700004319;0;7;0;0;2;3;19;B01
201700004320;1;7;0;0;1;2;1;A01
201700004321;2;7;0;2;0;3;1;A01
201700004322;1;7;0;0;2;1;2;A01
201700004322;1;7;0;0;0;4;2;B01
201700004323;1;7;0;2;0;7;13;A01
201700004324;0;7;0;0;2;3;10;A01
201700004324;0;33;0;3;2;1;2;B01
201700004325;0;10;0;0;2;1;15;A01
201700004325;0;33;0;0;2;7;1;B01
201700004326;0;33;0;0;2;1;1;A01
201700004326;0;10;0;0;2;3;9;B01
201700004327;2;33;0;1;0;1;14;A01
201700004327;0;13;0;0;0;6;0;B01
201700004328;0;7;0;16;0;3;0;A01
201700004329;0;2;0;1;0;1;2;B01
201700004329;0;17;0;0;0;6;23;A01
201700004330;0;7;0;0;0;5;14;A01
201700004330;0;31;0;0;2;3;0;B01
201700004331;1;7;0;14;0;1;1;A01
201700004332;1;7;0;2;0;3;17;A01
201700004333;0;7;0;0;0;9;1;A01
201700004334;0;7;0;0;2;3;15;A01
201700004334;0;14;0;0;2;1;1;B01
201700004335;0;7;0;0;2;1;15;A01
201700004335;0;31;0;0;2;7;1;B01
201700004336;0;7;0;0;1;1;15;A01
201700004337;1;33;0;0;0;2;1;A01
201700004338;2;7;0;0;0;4;1;B01
201700004338;2;7;0;0;2;1;1;A01
201700004339;2;7;0;0;2;8;15;B01
201700004339;2;33;0;0;2;7;17;A01
201700004340;0;7;0;0;2;8;16;A01
201700004340;0;1;0;0;2;1;1;B01
201700004341;0;33;0;0;2;1;2;A01
201700004341;0;13;0;0;2;0;1;B01
201700004342;1;7;0;0;2;2;9;A01
201700004342;1;33;0;0;2;8;1;B01
201700004343;0;1;0;0;2;7;1;B01
201700004343;0;7;0;0;2;4;4;A01
201700004344;1;33;0;6;0;0;17;A01
201700004345;0;7;0;2;0;3;13;A01
201700004346;0;1;0;0;2;4;1;B01
201700004346;0;7;0;0;2;3;13;A01
201700004347;0;7;0;2;0;0;1;A01
201700004348;0;7;0;1;0;1;1;A01
201700004349;0;33;0;0;6;1;1;A01
201700004350;2;7;0;0;1;1;0;A01
201700004351;1;33;0;0;1;1;17;A01
201700004352;1;7;0;0;2;8;15;B01
201700004352;1;33;0;0;2;7;17;A01
201700004353;1;33;0;0;2;2;16;A01
201700004353;1;7;0;0;2;6;1;B01
201700004354;0;7;0;0;2;7;15;A01
201700004354;0;2;0;0;2;1;1;B01
201700004355;2;7;0;0;2;6;13;B01
201700004355;2;7;0;0;2;2;1;A01
201700004356;0;1;0;0;2;1;19;A01
201700004356;0;7;0;0;2;2;1;B01
201700004357;0;7;0;0;2;3;1;A01
201700004357;0;7;0;0;2;2;1;B01
201700004358;0;7;0;0;1;7;1;A01
201700004359;0;7;0;0;2;3;1;A01
201700004359;0;1;0;0;2;7;19;B01
201700004360;0;7;0;0;1;1;1;A01
201700004361;0;7;0;0;1;2;1;A01
201700004362;2;10;0;0;2;3;1;C01
201700004362;1;7;0;0;2;3;5;A01
201700004362;2;7;0;3;2;3;1;B01
201700004363;1;7;0;0;2;3;1;C01
201700004363;2;7;0;0;2;1;13;A01
201700004363;1;7;0;14;0;3;1;B01
201700004364;2;14;0;0;2;3;1;B01
201700004364;1;7;0;0;2;1;1;A01
201700004365;0;7;0;0;1;1;1;A01
201700004366;0;7;0;0;0;1;1;A01
201700004367;0;7;0;0;2;3;1;B01
201700004367;0;7;0;0;2;3;0;A01
201700004368;0;7;0;0;2;3;15;A01
201700004368;0;33;0;0;2;1;17;B01
201700004369;0;2;0;13;0;1;1;A01
201700004370;0;7;0;2;0;1;1;A01
201700004371;0;33;0;12;0;0;5;A01
201700004372;0;1;0;0;0;0;1;A01
201700004373;0;7;0;0;1;3;1;A01
201700004374;0;7;0;6;9;2;14;A01
201700004375;0;32;0;0;2;0;2;A01
201700004376;0;7;0;0;0;0;1;A01
201700004377;0;7;0;2;0;1;13;A01
201700004378;0;10;0;2;0;8;1;A01
201700004379;0;2;0;0;2;1;0;A01
201700004379;0;10;0;0;2;3;1;B01
201700004380;0;7;0;12;0;1;15;A01
201700004381;0;7;0;0;9;2;15;A01
201700004381;0;1;0;0;2;1;1;B01
201700004382;2;10;0;0;0;8;11;A01
201700004382;2;33;0;0;2;1;17;B01
201700004383;0;7;0;0;1;2;1;A01
201700004384;2;7;0;8;0;2;1;A01
201700004385;1;2;0;0;2;1;2;A01
201700004385;1;14;0;0;2;6;2;B01
201700004386;1;33;0;0;2;1;1;A01
201700004386;0;10;0;0;2;2;15;B01
201700004387;2;7;0;0;2;2;9;A01
201700004387;0;33;0;0;2;5;1;B01
201700004388;0;7;0;2;0;3;1;A01
201700004389;0;2;0;0;1;1;17;A01
201700004390;1;1;0;0;2;4;2;B01
201700004390;1;14;0;0;9;4;2;A01
201700004391;0;1;0;0;2;7;5;A01
201700004391;0;7;0;0;2;3;15;B01
201700004392;0;7;0;2;0;3;1;A01
201700004393;0;7;0;2;0;4;1;A01
201700004394;0;7;0;0;2;1;0;A01
201700004394;0;2;0;0;2;1;0;B01
201700004395;2;31;0;0;2;1;17;A01
201700004395;2;7;0;0;2;3;15;B01
201700004396;1;7;0;13;0;3;1;A01
201700004397;1;7;0;0;2;7;1;D01
201700004397;1;7;0;0;0;1;1;B01
201700004397;2;10;0;0;2;2;17;A01
201700004397;2;7;0;0;2;1;1;C01
201700004398;1;7;0;0;0;3;15;B01
201700004398;2;33;0;0;2;1;1;A01
201700004399;2;7;0;0;2;3;13;A01
201700004399;1;33;0;0;2;1;1;B01
201700004400;0;10;0;0;1;2;1;A01
201700004401;1;7;0;0;2;8;1;B01
201700004401;2;33;0;2;2;2;14;A01
201700004402;1;33;0;0;2;1;17;A01
201700004402;1;7;0;0;2;8;15;B01
201700004403;2;32;0;0;0;8;1;A01
201700004404;1;7;0;0;2;7;21;C01
201700004404;2;7;0;0;2;1;13;A01
201700004404;1;10;0;0;2;1;1;B01
201700004405;1;33;0;0;2;1;1;B01
201700004405;2;7;0;0;2;2;15;A01
201700004406;0;7;0;0;1;2;1;A01
201700004407;0;1;0;0;2;7;12;B01
201700004407;0;7;0;0;2;3;1;A01
201700004408;2;7;0;0;2;1;15;A01
201700004408;1;7;0;0;2;1;1;B01
201700004409;1;7;0;0;2;1;1;A01
201700004409;2;7;0;0;2;1;1;B01
201700004410;2;7;0;0;2;5;1;B01
201700004410;2;7;0;0;2;2;15;A01
201700004411;2;7;0;10;0;3;13;A01
201700004412;2;7;0;10;0;2;1;A01
201700004413;0;7;0;6;0;1;1;A01
201700004414;0;7;0;0;9;3;15;B01
201700004414;0;33;0;0;2;1;17;A01
201700004415;1;7;0;0;2;3;1;B01
201700004415;2;7;0;0;2;3;15;A01
201700004416;0;7;0;0;2;1;13;A01
201700004416;0;7;0;0;2;1;1;B01
201700004417;1;30;0;0;0;2;1;A01
201700004418;1;7;0;0;2;1;1;A01
201700004418;2;38;1;0;2;3;1;B01
201700004419;0;31;0;15;0;1;13;A01
201700004420;1;7;0;0;9;1;1;A01
201700004420;2;7;0;13;0;1;1;B01
201700004421;2;33;0;0;2;1;1;B01
201700004421;1;7;0;0;0;2;15;A01
201700004422;2;17;0;0;2;1;1;B01
201700004422;1;7;0;0;2;1;13;A01
201700004423;1;7;0;2;0;7;14;A01
201700004424;1;7;0;13;0;7;1;A01
201700004425;1;7;0;0;2;8;13;A01
201700004425;2;7;0;0;2;3;1;B01
201700004426;2;33;0;7;0;8;14;A01
201700004427;0;33;0;0;2;1;1;A01
201700004427;0;15;0;0;0;8;9;B01
201700004428;2;7;0;0;2;1;5;A01
201700004428;1;7;0;0;2;1;1;B01
201700004429;2;7;0;13;0;3;13;A01
201700004430;1;33;0;16;0;0;1;A01
201700004431;2;7;0;0;2;3;15;A01
201700004431;1;2;0;0;2;3;1;B01
201700004432;0;7;0;0;2;1;9;A01
201700004432;0;1;0;0;0;4;15;B01
201700004433;1;7;0;0;1;9;1;A01
201700004433;2;7;0;14;2;1;1;B01
201700004434;0;33;0;0;2;8;1;A01
201700004434;0;7;0;0;2;1;15;B01
201700004435;0;30;0;0;2;8;19;A01
201700004435;2;13;0;0;2;2;1;B01
201700004436;2;33;0;13;0;7;1;A01
201700004437;2;7;0;2;0;2;1;A01
201700004438;2;7;0;2;0;1;0;A01
201700004439;2;7;0;0;2;8;13;A01
201700004439;1;7;0;0;2;1;1;B01
201700004440;1;31;0;0;0;0;1;A01
201700004441;0;2;0;0;2;1;19;A01
201700004441;0;10;0;0;2;7;1;B01
201700004442;1;33;0;0;2;1;13;A01
201700004442;2;7;0;0;2;8;1;B01
201700004443;1;7;0;13;0;3;0;A01
201700004444;0;7;0;15;0;1;1;A01
201700004445;0;7;0;0;2;3;0;A01
201700004445;0;33;0;0;2;8;1;B01
201700004446;0;7;0;0;1;1;0;A01
201700004447;1;10;0;0;2;3;13;A01
201700004447;2;7;0;0;2;6;1;B01
201700004447;2;7;0;0;2;3;1;C01
201700004448;2;7;0;0;2;3;1;B01
201700004448;1;7;0;0;2;3;1;A01
201700004449;1;7;0;0;2;1;13;A01
201700004449;2;7;0;0;2;1;1;B01
201700004450;0;7;0;0;1;1;1;A01
201700004451;1;7;0;0;2;1;1;A01
201700004451;0;7;0;1;2;5;19;B01
201700004451;0;7;0;0;2;1;23;C01
201700004452;1;2;0;0;0;0;1;A01
201700004453;2;1;0;0;2;4;1;B01
201700004453;2;7;0;0;2;1;1;A01
201700004454;1;7;0;0;1;3;1;A01
201700004455;1;7;0;0;2;3;1;B01
201700004455;2;7;0;0;2;3;13;A01
201700004456;0;7;0;0;2;5;2;B01
201700004456;0;2;0;0;2;1;2;A01
201700004457;2;34;0;0;0;0;1;A01
201700004458;2;10;0;0;0;8;15;B01
201700004458;2;31;0;0;2;1;17;A01
201700004459;0;7;0;0;1;1;16;A01
201700004460;0;7;0;0;2;3;15;B01
201700004460;0;31;0;0;2;1;17;A01
201700004461;0;7;0;0;1;2;2;A01
201700004462;0;7;0;0;2;1;1;A01
201700004462;0;33;0;0;2;6;1;B01
201700004463;2;7;0;0;2;3;13;A01
201700004463;1;7;0;0;2;3;1;B01
201700004464;2;7;0;0;2;8;10;A01
201700004464;2;34;0;0;2;1;17;B01
201700004465;0;7;0;0;9;5;16;A01
201700004465;0;1;0;0;2;3;9;B01
201700004466;1;33;0;0;2;1;1;B01
201700004466;1;7;0;0;2;3;1;A01
201700004467;0;99;0;0;1;4;4;A01
201700004468;0;1;0;0;2;2;16;A01
201700004468;0;38;56;0;2;3;1;B01
201700004469;0;99;0;15;0;1;1;A01
201700004470;0;7;0;0;2;3;1;B01
201700004470;0;7;0;0;2;1;1;C01
201700004470;0;7;0;0;2;1;17;A01
201700004471;0;10;0;0;1;1;2;A01
201700004472;0;7;0;0;1;3;1;A01
201700004473;1;7;0;13;9;2;14;A01
201700004474;1;33;0;0;0;1;13;A01
201700004475;0;10;0;0;2;2;1;A01
201700004475;0;10;0;0;2;8;1;B01
201700004476;0;7;0;0;2;3;1;A01
201700004476;0;1;0;0;2;1;1;B01
201700004477;2;10;0;0;2;8;15;A01
201700004477;1;10;0;0;2;1;17;B01
201700004478;1;7;0;0;2;2;15;A01
201700004478;2;33;0;0;2;1;1;B01
201700004479;1;34;0;12;0;2;1;A01
201700004480;0;7;0;0;0;6;1;A01
201700004480;0;31;0;0;2;0;0;B01
201700004481;1;7;0;0;2;3;1;B01
201700004481;2;7;0;0;2;1;13;A01
201700004482;1;10;0;0;2;1;1;B01
201700004482;2;10;0;0;2;3;1;A01
201700004483;0;1;0;0;0;8;19;B01
201700004483;0;7;0;0;9;1;1;A01
201700004484;0;7;0;2;0;2;1;A01
201700004485;1;33;0;0;0;7;1;A01
201700004486;1;7;0;0;2;1;15;A01
201700004486;2;7;0;0;2;1;1;B01
201700004487;2;30;0;0;2;1;2;B01
201700004487;2;7;0;0;0;8;15;A01
201700004488;2;33;0;0;0;3;17;A01
201700004489;0;10;0;0;1;4;20;A01
201700004490;0;2;0;0;2;1;1;B01
201700004490;0;7;0;0;2;5;1;A01
201700004491;1;10;0;0;2;3;1;A01
201700004491;1;17;0;0;2;5;15;B01
201700004492;0;7;0;2;0;7;1;A01
201700004493;1;7;0;0;2;8;1;B01
201700004493;1;7;0;0;2;2;19;A01
201700004494;1;2;0;0;2;1;13;A01
201700004494;2;7;0;0;2;3;1;B01
201700004495;2;7;0;0;2;6;6;B01
201700004495;2;7;0;0;2;1;1;A01
201700004496;1;7;0;0;2;2;15;A01
201700004496;2;2;0;0;2;1;1;B01
201700004497;1;32;0;0;0;7;2;A01
201700004498;2;33;0;0;2;1;1;A01
201700004498;2;7;0;0;2;6;2;B01
201700004499;2;7;0;0;2;3;19;A01
201700004499;1;7;0;0;2;1;2;C01
201700004499;1;7;0;0;2;6;21;B01
201700004499;1;7;0;0;2;8;14;D01
201700004500;0;17;0;0;1;1;1;A01
201700004501;2;7;0;3;0;0;1;A01
201700004502;1;14;0;0;2;1;1;B01
201700004502;2;10;0;0;2;1;1;A01
201700004503;1;2;0;0;0;1;0;B02
201700004503;2;10;0;0;0;1;15;A01
201700004504;2;2;0;0;2;8;15;B01
201700004504;1;7;0;0;2;3;2;A01
201700004505;2;7;0;13;0;0;1;A01
201700004506;1;7;0;0;2;2;1;B02
201700004506;2;7;0;0;2;3;19;A01
201700004507;2;32;0;0;2;1;17;B01
201700004507;2;7;0;0;0;6;15;A01
201700004508;2;7;0;0;2;5;15;A01
201700004508;0;2;0;0;2;1;1;B01
201700004509;2;7;0;0;2;2;2;B01
201700004509;2;7;0;0;2;1;2;C01
201700004509;1;7;0;0;0;0;5;D01
201700004509;2;7;0;0;0;4;2;A01
201700004510;2;7;0;2;0;9;1;A01
201700004511;2;7;0;0;2;1;1;B01
201700004511;1;7;0;0;2;1;1;A01
201700004512;1;7;0;2;9;1;1;A01
201700004513;2;7;0;6;0;3;13;A01
201700004514;2;30;0;0;2;1;5;B01
201700004514;2;15;0;0;2;2;21;A01
201700004515;1;7;0;0;2;3;13;B01
201700004515;2;7;0;0;2;3;1;A01
201700004516;2;7;0;0;2;1;17;A01
201700004516;1;33;0;0;2;8;13;B01
201700004517;2;15;0;0;2;1;1;B01
201700004517;1;7;0;0;2;1;13;A01
201700004518;1;33;0;15;0;1;1;A01
201700004519;2;7;0;13;0;3;1;A01
201700004520;0;1;0;12;0;7;1;A01
201700004521;1;33;0;13;0;0;21;A01
201700004521;1;7;0;0;0;0;2;C01
201700004521;1;33;0;0;0;0;21;B01
201700004522;2;7;0;0;0;3;13;A01
201700004522;1;17;0;0;0;3;1;B01
201700004523;2;7;0;0;2;1;1;A01
201700004523;1;7;0;0;2;3;1;B01
201700004524;2;33;0;0;2;8;1;B01
201700004524;1;7;0;0;2;1;15;A01
201700004525;2;7;0;0;2;1;1;B01
201700004525;1;7;0;0;2;1;13;A01
201700004526;2;7;0;0;2;1;13;A01
201700004526;1;33;0;13;2;8;1;B01
201700004527;2;7;0;3;0;3;14;A01
201700004528;0;7;0;0;2;2;10;A01
201700004528;0;33;0;0;2;2;1;B01
201700004529;0;7;0;6;0;2;1;A01
201700004530;0;7;0;0;0;4;1;B01
201700004530;0;7;0;0;1;1;21;A01
201700004531;2;7;0;0;2;3;19;B01
201700004531;2;31;0;0;2;1;0;A01
201700004532;1;3;0;0;2;6;13;A01
201700004532;1;7;0;0;2;2;1;B01
201700004533;1;7;0;13;0;2;1;A01
201700004534;0;33;0;0;0;0;1;A01
201700004535;0;7;0;0;2;1;13;A01
201700004535;0;10;0;0;2;1;1;B01
201700004535;0;7;0;0;2;8;1;C01
201700004536;0;7;0;0;1;2;1;A01
201700004537;1;14;0;1;1;6;15;A01
201700004538;0;2;0;9;2;7;9;A01
201700004538;0;33;0;9;2;1;1;B01
201700004539;2;36;0;13;0;7;1;A01
201700004540;1;7;0;0;2;3;1;B01
201700004540;2;7;0;0;2;1;13;A01
201700004541;1;7;0;13;0;2;14;A01
201700004542;2;7;0;0;2;6;13;A01
201700004542;1;7;0;0;2;1;1;B01
201700004543;1;7;0;13;2;6;1;A01
201700004543;2;7;0;0;2;3;1;B01
201700004544;1;33;0;13;0;2;21;A01
201700004545;1;7;0;0;1;3;1;A01
201700004546;1;1;0;0;2;0;0;B01
201700004546;2;33;0;13;9;0;13;A01
201700004546;1;1;0;0;2;0;0;C01
201700004547;2;7;0;13;0;9;15;A01
201700004548;0;7;0;0;2;2;1;B01
201700004548;0;7;0;0;2;3;19;A01
201700004549;1;7;0;13;0;1;1;A01
201700004550;2;7;0;0;2;3;1;B01
201700004550;1;33;0;0;2;1;13;A01
201700004551;0;7;0;0;0;6;19;A01
201700004551;0;33;0;0;0;1;2;B01
201700004552;0;10;0;0;1;2;14;A01
201700004553;2;7;0;0;2;1;1;B01
201700004553;0;7;0;0;0;8;19;A01
201700004554;2;7;0;0;2;1;15;A01
201700004554;1;2;0;0;2;3;1;B01
201700004555;1;7;0;6;0;1;0;A01
201700004556;0;7;0;13;0;9;10;A01
201700004557;2;33;0;0;0;2;1;A01
201700004558;2;7;0;0;2;3;0;B01
201700004558;1;33;0;0;2;1;1;A01
201700004559;1;33;0;6;0;0;1;A01
201700004560;2;33;0;10;0;0;1;A01
201700004561;2;7;0;13;0;2;1;A01
201700004562;0;7;0;2;0;2;1;A01
201700004563;1;33;0;0;0;8;1;A01
201700004564;1;7;0;0;0;0;16;A01
201700004565;0;33;0;0;0;0;1;A01
201700004566;2;33;0;0;2;1;17;A01
201700004566;2;7;0;0;0;6;2;B01
201700004567;2;7;0;13;0;2;1;A01
201700004568;1;7;0;0;2;8;1;C01
201700004568;2;7;0;0;2;3;13;A01
201700004568;1;7;0;0;2;3;1;B01
201700004569;1;10;0;0;0;1;1;B01
201700004569;2;7;0;0;2;1;13;A01
201700004570;1;7;0;0;2;3;13;A01
201700004570;2;7;0;0;2;3;1;B01
201700004571;0;7;0;0;2;3;0;A01
201700004571;0;1;0;0;2;1;5;B01
201700004572;1;7;0;0;2;3;15;B01
201700004572;1;33;0;1;2;1;17;A01
201700004573;0;7;0;0;2;1;1;B01
201700004573;0;2;0;0;2;7;19;A01
201700004574;0;34;0;0;2;1;1;B01
201700004574;0;7;0;0;2;1;1;A01
201700004575;0;7;0;0;2;7;15;B01
201700004575;0;7;0;0;2;1;1;A01
201700004576;2;7;0;0;1;3;1;A01
201700004577;0;38;26;0;1;2;16;A01
201700004578;1;7;0;0;5;1;1;A01
201700004578;1;7;0;0;5;1;1;B01
201700004579;0;7;0;0;9;1;1;A01
201700004579;0;1;0;0;2;7;1;B01
201700004580;1;33;0;0;2;7;1;A01
201700004580;1;7;0;0;2;1;9;B01
201700004581;1;7;0;8;2;4;2;A01
201700004581;1;7;0;0;2;6;1;B01
201700004582;0;7;0;0;1;2;1;A01
201700004583;0;33;0;0;2;7;1;B01
201700004583;0;7;0;0;2;3;9;A01
201700004584;1;7;0;0;2;1;17;A01
201700004584;2;7;0;0;2;1;1;C01
201700004584;1;7;0;0;2;3;15;B01
201700004585;1;7;0;11;0;1;1;A01
201700004586;2;38;24;0;4;8;1;A01
201700004586;0;39;28;0;2;1;1;B01
201700004587;1;7;0;9;0;1;1;A01
201700004588;0;2;0;0;2;3;1;A01
201700004588;0;7;0;0;2;2;1;B01
201700004589;1;7;0;0;2;1;19;A01
201700004589;2;7;0;0;2;7;1;B01
201700004590;2;7;0;0;2;6;1;C01
201700004590;1;7;0;0;2;7;13;A01
201700004590;2;7;0;0;2;1;1;B01
201700004591;1;7;0;0;0;9;1;A01
201700004592;0;7;0;0;1;2;1;A01
201700004593;2;7;0;0;1;2;1;A01
201700004594;1;7;0;0;0;6;23;B01
201700004594;1;33;0;1;0;1;18;A01
201700004595;1;33;0;0;2;1;1;B01
201700004595;2;7;0;0;2;3;1;A01
201700004596;0;7;0;0;2;1;1;A01
201700004596;0;7;0;7;2;3;1;B01
201700004597;2;10;0;0;2;1;1;B01
201700004597;1;7;0;0;2;1;13;A01
201700004598;1;7;0;2;0;9;1;A01
201700004599;0;7;0;0;9;2;0;B01
201700004599;0;1;0;0;0;4;1;A01
201700004600;0;7;0;0;2;2;19;B01
201700004600;0;33;0;0;2;1;1;A01
201700004601;0;1;0;0;2;1;15;B01
201700004601;0;7;0;0;2;7;1;A01
201700004602;0;7;0;6;0;1;1;A01