num_acc;senc;catv;occutc;obs;obsm;choc;manv;num_veh
201700004603;0;7;0;0;1;1;1;A01
201700004604;0;7;0;8;1;2;20;A01
201700004605;0;31;0;0;0;1;1;B01
201700004605;0;7;0;0;2;1;15;A01
201700004606;2;17;0;0;2;3;1;B01
201700004606;2;7;0;16;0;6;10;A01
201700004607;0;7;0;0;1;2;1;A01
201700004608;1;7;0;0;2;1;13;A01
201700004608;2;7;0;0;2;3;1;B01
201700004609;0;7;0;0;1;1;1;A01
201700004610;0;33;0;6;1;1;1;A01
201700004611;2;7;0;0;2;3;13;A01
201700004611;1;7;0;0;2;3;0;B01
201700004612;1;7;0;0;1;3;1;A01
201700004613;2;7;0;0;2;3;13;A01
201700004613;1;7;0;0;2;3;1;B01
201700004614;0;21;0;0;2;1;9;A01
201700004614;1;7;0;0;2;1;21;C01
201700004614;1;7;0;0;2;3;1;B01
201700004614;1;7;0;0;2;1;1;D01
201700004615;2;7;0;0;2;1;13;A01
201700004615;1;7;0;0;2;1;1;B01
201700004616;2;1;0;16;0;0;13;A01
201700004617;1;33;0;3;0;0;1;A01
201700004618;1;2;0;0;2;1;1;B01
201700004618;2;7;0;0;0;1;5;A01
201700004619;1;33;0;0;2;2;17;B01
201700004619;1;7;0;0;2;3;15;A01
201700004620;1;7;0;13;0;9;0;A01
201700004621;0;7;0;0;1;3;1;A01
201700004622;1;7;0;2;0;3;14;A01
201700004623;1;2;0;0;2;0;0;C01
201700004623;2;7;0;0;2;3;1;A01
201700004623;1;31;0;0;2;0;0;B01
201700004624;0;7;0;3;0;0;0;A01
201700004625;0;7;0;0;1;1;0;A01
201700004626;1;7;0;15;6;1;1;A01
201700004627;1;7;0;13;0;1;1;A01
201700004628;1;7;0;8;0;1;1;A01
201700004629;2;7;0;16;2;8;13;A01
201700004629;1;7;0;0;2;1;21;B01
201700004630;1;7;0;0;2;1;17;A01
201700004630;2;7;0;0;2;1;1;B01
201700004631;0;33;0;4;0;7;14;A01
201700004632;2;7;0;8;0;1;13;A01
201700004633;1;7;0;0;2;1;1;B01
201700004633;2;7;0;0;2;1;13;A01
201700004634;2;7;0;0;0;4;1;A01
201700004634;0;7;0;0;2;1;2;B01
201700004635;2;7;0;0;2;1;1;B01
201700004635;1;7;0;0;2;1;13;A01
201700004636;2;33;0;0;2;1;1;A01
201700004636;1;7;0;0;2;3;1;B01
201700004637;2;7;0;13;0;1;0;A01
201700004638;1;33;0;9;0;7;1;A01
201700004639;2;7;0;13;0;7;14;A01
201700004640;2;10;0;0;4;3;1;A01
201700004640;2;39;25;0;2;1;1;B01
201700004641;1;7;0;0;2;1;17;B01
201700004641;1;7;0;0;2;1;1;C01
201700004641;2;7;0;3;2;3;5;A01
201700004642;1;7;0;7;0;3;13;A01
201700004643;1;7;0;6;0;6;19;A01
201700004644;1;7;0;0;2;1;13;A01
201700004644;2;7;0;0;2;1;1;B01
201700004645;2;33;0;0;2;1;13;A01
201700004645;1;33;0;0;2;1;1;B01
201700004645;1;33;0;0;2;1;1;C01
201700004646;2;34;0;0;2;1;1;A01
201700004646;1;7;0;0;2;1;15;B01
201700004647;2;7;0;0;1;1;20;A01
201700004648;2;7;0;13;1;9;21;A01
201700004649;1;7;0;0;2;3;13;A01
201700004649;2;33;0;0;2;1;1;B01
201700004649;2;33;0;0;2;7;1;C01
201700004650;1;16;0;0;2;1;2;A01
201700004650;1;10;0;0;2;4;23;B01
201700004650;1;7;0;0;0;4;23;C01
201700004651;1;7;0;13;0;3;1;A01
201700004652;0;7;0;2;0;1;2;A01
201700004653;1;32;0;0;2;3;13;A01
201700004653;2;7;0;0;2;3;1;B01
201700004654;0;7;0;0;2;0;13;A01
201700004654;0;7;0;0;2;3;1;B01
201700004655;0;7;0;0;0;4;1;A01
201700004655;0;7;0;0;2;1;1;B01
201700004656;0;7;0;0;2;1;10;A01
201700004656;0;2;0;0;2;1;1;B01
201700004657;1;30;0;0;2;2;1;A01
201700004657;2;7;0;0;2;3;1;B01
201700004658;1;7;0;0;2;3;1;A01
201700004658;2;7;0;0;2;3;1;B01
201700004659;2;2;0;0;2;1;13;A01
201700004659;1;7;0;0;2;1;1;B01
201700004660;1;33;0;13;0;1;14;A01
201700004661;2;7;0;0;2;1;13;A01
201700004661;1;7;0;0;2;1;1;B01
201700004662;1;33;0;13;0;7;14;A01
201700004663;1;2;0;0;2;1;1;A01
201700004663;2;10;0;0;9;7;6;B01
201700004664;1;7;0;0;0;6;1;A01
201700004664;1;7;0;0;0;2;1;B01
201700004665;2;7;0;0;2;1;1;A01
201700004665;2;7;0;0;0;4;1;B01
201700004666;1;7;0;0;2;7;15;A01
201700004666;2;7;0;0;2;1;1;B01
201700004666;2;7;0;0;0;8;23;C01
201700004667;2;33;0;0;6;1;1;A01
201700004668;0;34;0;0;2;1;1;A01
201700004668;0;31;0;0;0;1;23;B01
201700004669;1;7;0;8;0;2;1;A01
201700004670;1;36;0;15;0;1;17;A01
201700004671;2;7;0;13;0;1;14;A01
201700004672;2;7;0;0;0;3;16;A01
201700004672;2;1;0;0;2;1;2;B01
201700004673;2;7;0;0;1;1;1;A01
201700004674;0;7;0;0;0;9;1;A01
201700004675;2;7;0;0;2;3;15;A01
201700004675;2;34;0;0;2;1;17;B01
201700004675;2;7;0;0;2;6;1;C01
201700004676;1;7;0;0;2;8;15;A01
201700004676;1;33;0;0;2;2;17;B01
201700004677;1;33;0;0;2;4;13;A01
201700004677;2;7;0;0;0;3;19;B01
201700004678;0;7;0;0;1;7;1;A01
201700004679;1;7;0;0;2;1;1;A01
201700004679;2;7;0;0;2;1;1;B01
201700004680;2;7;0;0;0;6;15;A01
201700004680;1;33;0;0;2;1;1;B01
201700004681;1;33;0;0;2;1;1;A01
201700004681;1;7;0;0;0;5;1;B01
201700004682;2;7;0;0;2;3;1;A01
201700004682;1;2;0;0;2;1;17;B01
201700004683;1;7;0;0;2;1;15;A01
201700004683;2;1;0;0;2;1;1;B01
201700004684;2;7;0;0;2;3;15;A01
201700004684;2;34;0;0;2;1;17;B01
201700004685;0;7;0;0;1;2;1;A01
201700004686;2;7;0;0;0;4;23;A01
201700004686;2;2;0;0;2;1;2;B01
201700004686;2;2;0;0;2;1;1;C01
201700004686;2;2;0;0;2;1;1;D01
201700004687;2;7;0;0;2;1;1;A01
201700004687;1;2;0;0;2;1;11;B01
201700004688;2;7;0;6;0;1;1;A01
201700004689;2;10;0;13;0;1;1;A01
201700004689;1;10;0;0;2;1;2;B01
201700004690;1;7;0;0;2;3;13;A01
201700004690;2;7;0;0;2;8;1;B01
201700004691;2;10;0;0;2;3;1;A01
201700004691;1;20;0;0;2;3;0;B01
201700004692;2;7;0;2;0;1;1;A01
201700004693;2;10;0;0;2;3;1;A01
201700004693;1;7;0;0;2;3;13;B01
201700004694;1;10;0;0;2;5;17;A01
201700004694;1;7;0;0;0;3;2;B01
201700004695;2;7;0;0;2;2;12;A01
201700004695;2;7;0;0;0;6;2;B01
201700004696;2;33;0;0;2;1;17;A01
201700004696;2;7;0;0;2;6;15;B01
201700004697;2;7;0;6;2;1;1;A01
201700004697;1;7;0;13;2;8;1;B01
201700004697;1;7;0;0;2;7;1;C01
201700004698;2;1;0;0;2;1;13;A01
201700004698;1;7;0;0;2;3;1;B01
201700004699;1;14;0;0;2;8;1;A01
201700004699;2;7;0;0;2;1;1;B01
201700004699;2;7;0;0;2;1;2;C01
201700004700;1;7;0;4;2;8;11;A01
201700004700;1;7;0;0;0;7;1;B01
201700004701;1;33;0;15;0;1;1;A01
201700004702;1;30;0;0;2;7;15;A01
201700004702;2;7;0;0;2;2;1;B01
201700004703;1;10;0;0;2;1;1;A01
201700004703;1;10;0;0;2;9;2;B01
201700004703;1;7;0;0;2;4;1;C01
201700004704;0;7;0;0;0;9;1;A01
201700004705;1;34;0;0;2;1;1;A01
201700004705;1;7;0;0;0;4;23;B01
201700004706;2;10;0;0;2;3;11;A01
201700004706;1;10;0;0;2;3;1;B01
201700004707;2;14;0;0;0;8;1;C01
201700004707;2;7;0;0;2;3;14;A01
201700004707;2;7;0;3;2;5;1;B01
201700004708;0;7;0;0;1;1;1;A01
201700004709;1;7;0;0;2;3;1;B01
201700004709;2;7;0;0;2;3;13;A01
201700004710;1;7;0;2;0;1;1;A01
201700004711;1;32;0;6;0;1;1;A01
201700004712;2;7;0;0;2;8;13;A01
201700004712;1;1;0;0;2;3;1;B01
201700004713;1;7;0;13;0;1;14;A01
201700004714;0;33;0;16;0;7;1;A01
201700004715;2;7;0;0;2;1;2;A01
201700004715;2;1;0;0;0;4;2;B01
201700004716;1;7;0;6;0;1;14;A01
201700004717;2;7;0;4;2;1;1;A01
201700004717;2;7;0;0;2;2;1;B01
201700004718;1;7;0;6;0;2;1;A01
201700004719;2;31;0;0;5;1;1;A01
201700004720;1;7;0;0;2;3;1;A01
201700004720;2;7;0;0;2;3;13;B01
201700004721;1;7;0;0;0;4;2;B01
201700004721;1;7;0;0;2;1;2;A01
201700004722;2;7;0;0;2;1;1;B01
201700004722;1;7;0;0;2;1;13;A01
201700004723;2;7;0;13;0;1;1;A01
201700004724;1;7;0;13;0;0;0;A01
201700004725;1;34;0;6;0;1;1;A01
201700004726;0;7;0;0;1;3;1;A01
201700004727;2;33;0;0;2;1;1;A01
201700004727;2;7;0;0;2;8;9;B01
201700004728;2;14;0;10;0;0;2;A01
201700004729;2;2;0;6;0;1;13;A01
201700004730;1;10;0;0;2;8;15;A01
201700004730;1;34;0;0;2;3;1;B01
201700004731;0;33;0;0;0;7;1;A01
201700004732;2;7;0;2;0;8;1;A01
201700004733;1;33;0;0;2;1;1;B01
201700004733;2;7;0;0;2;3;15;A01
201700004734;0;31;0;0;1;1;1;A01
201700004735;1;33;0;0;2;1;13;A01
201700004735;2;7;0;0;2;3;1;B01
201700004736;0;7;0;12;1;2;14;A01
201700004737;2;34;0;0;2;7;3;A01
201700004737;2;10;0;0;2;8;23;B01
201700004738;2;10;0;0;2;2;17;A01
201700004738;2;7;0;0;2;8;15;B01
201700004739;0;7;0;12;2;2;21;A01
201700004739;0;7;0;8;2;8;13;B01
201700004740;2;7;0;13;0;9;1;A01
201700004741;0;7;0;0;2;1;13;A01
201700004741;0;7;0;0;2;1;1;B01
201700004742;1;7;0;16;0;1;1;A01
201700004743;2;33;0;0;5;1;1;A01
201700004744;2;7;0;13;0;3;13;A01
201700004745;2;33;0;16;0;2;1;A01
201700004746;2;7;0;0;2;3;1;A01
201700004746;1;34;0;0;2;3;1;B01
201700004747;1;7;0;13;2;3;1;A01
201700004747;2;7;0;0;2;2;1;B01
201700004748;2;7;0;0;2;1;13;A01
201700004748;1;7;0;6;2;1;1;B01
201700004749;2;7;0;0;2;6;17;A01
201700004749;2;33;0;0;2;1;17;B01
201700004750;1;7;0;0;1;3;1;A01
201700004751;2;7;0;5;0;1;1;A01
201700004752;1;7;0;0;2;1;2;A01
201700004752;1;7;0;0;0;4;2;B01
201700004753;1;7;0;6;0;2;13;A01
201700004754;0;7;0;0;1;1;0;A01
201700004755;1;7;0;0;2;1;1;A01
201700004755;1;7;0;0;2;4;1;B01
201700004755;1;7;0;0;0;4;1;C01
201700004756;1;7;0;15;0;3;1;A01
201700004757;1;7;0;0;2;3;15;A01
201700004757;2;33;0;0;2;3;0;B01
201700004758;1;7;0;2;0;3;14;A01
201700004759;0;7;0;8;0;1;1;A01
201700004760;2;7;0;6;0;1;1;A01
201700004761;1;7;0;0;2;2;17;A01
201700004761;1;7;0;0;2;3;15;B01
201700004762;2;7;0;0;1;2;1;A01
201700004763;2;7;0;0;2;4;1;D01
201700004763;2;7;0;0;2;4;1;C01
201700004763;2;7;0;0;0;4;1;E01
201700004763;2;7;0;0;2;1;1;A01
201700004763;2;7;0;0;2;4;1;B01
201700004764;1;33;0;0;2;7;17;B01
201700004764;1;7;0;0;2;8;15;A01
201700004765;1;7;0;2;0;7;14;A01
201700004766;0;10;0;0;1;6;20;A01
201700004767;1;10;0;0;1;1;1;A01
201700004768;1;7;0;0;2;1;13;A01
201700004768;2;7;0;0;2;2;1;B01
201700004769;2;10;0;0;1;3;1;A01
201700004770;1;7;0;0;2;3;1;A01
201700004770;2;10;0;0;2;3;1;B01
201700004771;1;7;0;0;5;4;1;B01
201700004771;1;7;0;0;2;1;2;A01
201700004772;1;7;0;0;2;4;15;A01
201700004772;1;7;0;0;2;1;2;B01
201700004773;2;7;0;0;2;1;9;B01
201700004773;2;7;0;0;2;1;9;A01
201700004774;2;2;0;0;2;1;17;A01
201700004774;2;7;0;0;2;8;15;B01
201700004775;0;10;0;0;1;4;4;A01
201700004776;2;7;0;0;2;7;17;A01
201700004776;2;10;0;0;2;3;1;B01
201700004777;1;7;0;0;2;6;4;A01
201700004777;1;31;0;0;2;3;1;B01
201700004778;1;7;0;0;1;2;1;A01
201700004779;2;33;0;0;2;1;13;A01
201700004779;1;7;0;0;2;3;1;B01
201700004780;1;7;0;0;1;1;1;A01
201700004781;1;7;0;0;1;3;15;A01
201700004782;1;33;0;0;2;2;2;A01
201700004782;1;7;0;0;0;6;2;B01
201700004783;1;33;0;0;2;3;13;A01
201700004783;2;33;0;0;2;6;13;B01
201700004784;1;7;0;0;2;2;15;A01
201700004784;2;1;0;0;2;1;1;B01
201700004785;0;7;0;0;1;4;4;A01
201700004786;2;10;0;0;2;5;17;A01
201700004786;1;1;0;0;2;1;2;B01
201700004787;2;33;0;0;0;1;1;A01
201700004787;1;7;0;0;0;;15;B01
201700004788;1;1;0;0;1;1;1;A01
201700004789;1;7;0;0;1;1;1;A01
201700004790;1;2;0;0;1;1;1;A01
201700004791;1;2;0;0;2;1;17;A01
201700004791;1;7;0;0;2;6;20;B01
201700004792;2;10;0;0;2;2;15;A01
201700004792;1;1;0;0;2;2;1;B01
201700004793;1;10;0;0;2;1;1;A01
201700004793;2;33;0;0;2;7;15;B01
201700004793;2;7;0;0;2;8;9;C01
201700004794;1;10;0;0;2;1;9;A01
201700004794;1;30;0;0;2;1;1;B01
201700004795;2;7;0;0;1;3;1;A01
201700004796;2;2;0;0;2;8;15;A01
201700004796;2;32;0;0;2;7;17;B01
201700004797;2;7;0;0;1;0;1;A01
201700004798;1;7;0;0;0;0;2;A01
201700004798;1;33;0;0;0;0;2;B01
201700004799;1;7;0;0;1;1;9;A01
201700004800;0;1;0;0;2;4;3;B01
201700004800;0;7;0;0;2;1;1;A01
201700004801;1;7;0;0;2;2;15;A01
201700004801;1;2;0;0;2;1;1;B01
201700004802;1;7;0;0;1;0;0;A01
201700004803;1;7;0;0;2;1;2;A01
201700004803;1;7;0;0;2;4;2;B01
201700004803;1;7;0;0;0;4;23;C01
201700004804;2;7;0;0;2;1;2;A01
201700004804;1;38;1;0;0;4;23;B01
201700004805;2;7;0;0;2;2;15;A01
201700004805;1;33;0;0;2;7;1;B01
201700004806;2;7;0;0;2;1;5;A01
201700004806;1;7;0;0;0;1;1;B01
201700004807;2;10;0;0;2;1;9;A01
201700004807;1;33;0;0;2;7;1;B01
201700004808;2;7;0;0;2;2;1;B01
201700004808;1;7;0;0;2;1;1;A01
201700004809;2;30;0;0;2;6;1;A01
201700004809;1;33;0;0;2;8;1;B01
201700004810;2;7;0;0;0;0;1;A01
201700004810;1;32;0;0;0;0;1;B01
201700004811;2;31;0;2;0;1;1;A01
201700004812;2;2;0;0;2;1;17;B01
201700004812;1;7;0;0;2;2;9;A01
201700004813;1;31;0;14;0;0;13;A01
201700004814;2;33;0;0;2;1;2;A01
201700004814;2;33;0;0;2;5;2;B01
201700004815;2;7;0;0;2;5;1;B01
201700004815;0;7;0;0;2;3;9;A01
201700004816;1;7;0;6;0;9;1;A01
201700004817;0;7;0;0;0;7;24;B01
201700004817;0;7;0;1;1;2;14;A01
201700004818;2;7;0;0;2;1;2;A01
201700004818;2;10;0;0;2;4;1;B01
201700004819;2;7;0;0;2;7;19;A01
201700004819;1;1;0;0;2;1;1;B01
201700004820;2;7;0;0;2;1;2;A01
201700004820;2;7;0;0;;4;23;B01
201700004821;2;7;0;13;0;9;14;A01
201700004822;1;7;0;0;2;8;22;A01
201700004822;1;1;0;0;2;1;1;B01
201700004823;1;33;0;0;2;7;1;B01
201700004823;2;7;0;0;2;5;9;A01
201700004823;1;7;0;0;9;3;9;C01
201700004824;1;7;0;0;2;3;1;A01
201700004825;1;7;0;13;0;2;1;A01
201700004826;1;14;0;13;0;7;1;A01
201700004827;1;7;0;12;0;3;1;A01
201700004828;2;33;0;0;0;0;1;A01
201700004829;0;7;0;0;1;4;4;A01
201700004830;1;7;0;0;2;2;1;B01
201700004830;0;7;0;0;2;3;19;A01
201700004831;1;7;0;0;1;1;1;A01
201700004832;1;7;0;0;1;2;9;A01
201700004833;1;1;0;0;1;1;3;A01
201700004834;2;7;0;0;2;1;1;A01
201700004834;2;7;0;0;2;4;1;B01
201700004835;1;7;0;0;2;2;15;A01
201700004835;2;1;0;0;2;1;1;B01
201700004836;2;7;0;0;2;2;1;B01
201700004836;2;7;0;0;2;8;9;A01
201700004837;2;10;0;0;0;9;1;A01
201700004838;2;33;0;8;0;1;1;A01
201700004839;2;7;0;0;2;5;1;A01
201700004839;1;10;0;0;2;1;1;B01
201700004840;1;30;0;0;1;1;17;A01
201700004841;1;1;0;0;2;1;1;B01
201700004841;2;7;0;0;2;2;9;A01
201700004842;2;7;0;0;2;3;9;A01
201700004842;1;1;0;0;2;1;1;B01
201700004843;1;7;0;0;2;1;2;A01
201700004843;1;7;0;0;2;4;2;B01
201700004844;2;7;0;0;1;1;1;A01
201700004845;2;7;0;0;2;4;1;B01
201700004845;1;7;0;0;2;4;1;C01
201700004845;2;7;0;0;2;1;1;A01
201700004846;2;7;0;0;2;4;1;B01
201700004846;2;7;0;0;2;1;1;A01
201700004847;2;7;0;0;2;1;1;A01
201700004847;1;1;0;0;2;7;1;B01
201700004848;2;7;0;0;1;1;1;A01
201700004849;2;7;0;0;2;3;1;A01
201700004849;2;7;0;0;2;5;1;B01
201700004850;1;7;0;6;0;1;16;A01
201700004851;1;7;0;0;1;3;1;A01
201700004852;1;30;0;0;2;1;1;A01
201700004852;1;7;0;0;2;1;1;B01
201700004853;1;7;0;0;2;3;1;A01
201700004853;2;7;0;0;2;3;1;B01
201700004854;2;10;0;0;1;1;1;A01
201700004855;1;10;0;0;2;2;15;A01
201700004855;2;1;0;0;2;1;1;B01
201700004856;2;7;0;1;2;2;1;A01
201700004856;2;7;0;1;2;8;1;B01
201700004857;1;7;0;0;2;8;5;A01
201700004857;1;7;0;0;2;8;1;B01
201700004858;1;7;0;0;1;8;20;A01
201700004859;2;7;0;0;1;1;1;A01
201700004860;2;10;0;6;0;1;1;A01
201700004861;2;7;0;0;1;3;15;A01
201700004862;1;33;0;15;0;1;10;A01
201700004863;2;7;0;0;2;1;1;B01
201700004863;2;10;0;0;2;8;16;A01
201700004864;2;32;0;0;2;1;1;A01
201700004864;2;32;0;0;0;8;1;B01
201700004865;2;7;0;0;2;4;1;B01
201700004865;2;33;0;0;2;1;1;A01
201700004866;2;7;0;0;1;1;1;A01
201700004867;1;7;0;0;1;2;1;A01
201700004868;2;1;0;0;2;1;1;A01
201700004868;2;7;0;0;2;5;1;B01
201700004869;1;7;0;0;1;1;1;A01
201700004870;1;10;0;0;1;2;1;A01
201700004871;1;7;0;0;2;5;1;A01
201700004871;2;7;0;0;2;3;1;B01
201700004872;2;33;0;0;0;7;1;A01
201700004873;2;15;0;0;2;4;1;A01
201700004873;2;7;0;0;2;1;2;B01
201700004873;2;7;0;0;2;1;2;C01
201700004873;2;14;0;0;2;1;2;D01
201700004874;2;7;0;6;0;1;1;A01
201700004875;2;7;0;0;2;1;1;A01
201700004875;2;7;0;0;2;4;2;B01
201700004875;2;7;0;0;2;4;2;C01
201700004876;2;7;0;0;2;3;1;A01
201700004876;1;7;0;0;2;2;1;B01
201700004876;1;7;0;0;2;3;1;C01
201700004877;1;30;0;0;2;7;1;B01
201700004877;2;7;0;0;2;1;9;A01
201700004878;2;7;0;0;2;1;1;A01
201700004878;2;7;0;0;2;4;2;B01
201700004878;2;10;0;0;2;4;2;C01
201700004879;1;31;0;0;1;1;1;A01
201700004880;2;2;0;0;2;1;17;A01
201700004880;2;7;0;0;2;3;15;B01
201700004881;2;7;0;0;1;1;1;A01
201700004882;2;34;0;0;2;1;1;B01
201700004882;2;7;0;0;2;3;15;A01
201700004883;1;10;0;0;2;4;2;B01
201700004883;1;7;0;0;2;1;1;A01
201700004884;2;10;0;2;0;1;13;A01
201700004885;0;7;0;0;1;4;20;A01
201700004886;2;7;0;4;2;2;0;A01
201700004886;2;17;0;0;2;8;1;B01
201700004887;1;17;0;0;0;4;0;A01
201700004887;1;10;0;0;2;1;2;B01
201700004888;1;33;0;0;2;1;14;A01
201700004888;1;7;0;0;0;4;2;B01
201700004889;2;7;0;3;0;1;1;A01
201700004890;2;7;0;4;1;0;0;A01
201700004890;2;7;0;0;2;3;0;B01
201700004891;2;7;0;3;9;0;1;A01
201700004892;1;7;0;0;2;3;1;B01
201700004892;2;7;0;0;2;3;13;A01
201700004893;2;7;0;13;2;3;0;A01
201700004893;2;7;0;0;2;5;0;B01
201700004894;1;7;0;0;0;1;2;B01
201700004894;1;15;0;0;2;8;2;A01
201700004895;2;7;0;4;2;3;0;A01
201700004895;2;15;0;0;0;6;0;B01
201700004896;2;7;0;0;2;3;23;C01
201700004896;2;15;0;3;0;8;0;B01
201700004897;2;7;0;0;2;4;0;C01
201700004897;2;7;0;0;2;3;0;D01
201700004898;2;7;0;0;2;3;1;B01
201700004898;1;7;0;0;2;3;5;A01
201700004899;1;7;0;3;0;4;2;B01
201700004899;1;10;0;3;2;1;2;A01
201700004900;0;7;0;0;1;7;0;A01
201700004901;0;1;0;1;2;9;19;B01
201700004901;2;7;0;0;2;2;0;A01
201700004902;1;7;0;0;2;1;2;B01
201700004902;2;7;0;3;2;4;2;A01
201700004903;1;31;0;0;0;7;1;A01
201700004904;0;31;0;0;2;1;1;B01
201700004904;0;31;0;0;2;1;1;A01
201700004905;2;7;0;0;2;3;0;A01
201700004905;2;7;0;0;2;3;1;B01
201700004906;2;7;0;0;0;2;1;B01
201700004906;1;7;0;7;0;3;9;A01
201700004907;2;7;0;0;2;1;1;B01
201700004907;1;7;0;0;2;7;0;A01
201700004908;2;7;0;2;0;8;1;A01
201700004909;1;7;0;0;0;3;1;A01
201700004909;2;7;0;0;0;3;1;B01
201700004910;1;33;0;0;2;1;1;B01
201700004910;1;7;0;0;2;3;20;A01
201700004911;1;7;0;13;0;1;1;A01
201700004912;2;7;0;15;2;7;1;B01
201700004912;1;7;0;0;2;1;1;A01
201700004913;2;1;0;0;2;8;15;A01
201700004913;2;7;0;0;2;2;2;B01
201700004914;2;3;0;6;0;1;1;A01
201700004915;0;7;0;0;2;8;15;A01
201700004915;0;33;0;0;2;1;1;B01
201700004916;0;33;0;0;2;0;13;A01
201700004916;0;7;0;0;2;7;1;B01
201700004917;2;7;0;0;9;1;9;A01
201700004917;2;31;0;0;2;1;9;B01
201700004918;2;7;0;0;2;1;13;A01
201700004918;1;7;0;0;2;1;1;B01
201700004919;1;7;0;0;2;0;0;B01
201700004919;1;33;0;0;2;0;0;A01
201700004920;2;7;0;8;0;1;1;A01
201700004921;2;7;0;6;0;1;13;A01
201700004922;2;2;0;12;0;3;1;A01
201700004923;1;7;0;0;0;4;2;B01
201700004923;1;7;0;0;2;1;2;A01
201700004924;1;7;0;0;0;3;1;A01
201700004924;0;33;0;0;2;1;15;B01
201700004925;2;7;0;0;1;1;1;A01
201700004926;2;7;0;0;1;3;0;A01
201700004927;2;7;0;2;0;0;13;A01
201700004928;2;7;0;12;0;9;1;A01
201700004929;2;33;0;0;2;1;13;A01
201700004929;1;7;0;0;2;2;1;B01
201700004930;1;7;0;10;0;2;1;A01
201700004931;1;7;0;0;0;1;2;A01
201700004932;0;7;0;0;0;6;0;B01
201700004932;0;7;0;0;0;3;0;A01
201700004933;0;7;0;12;0;3;6;A01
201700004933;0;7;0;0;0;3;1;B01
201700004934;1;34;0;13;0;2;1;A01
201700004935;2;15;0;3;0;2;1;A01
201700004936;1;7;0;4;0;1;21;A01
201700004937;2;7;0;13;0;1;19;A01
201700004938;0;7;0;0;0;0;0;B01
201700004938;0;33;0;0;2;4;1;A01
201700004939;2;33;0;0;2;1;1;B01
201700004939;0;7;0;0;2;1;10;A01
201700004940;1;7;0;0;2;5;15;A01
201700004940;2;33;0;0;2;1;1;B01
201700004941;2;10;0;0;2;8;17;A01
201700004941;1;1;0;0;2;1;1;B01
201700004942;2;7;0;7;0;1;0;B01
201700004942;1;7;0;7;0;7;19;A01
201700004943;2;7;0;0;2;7;13;A01
201700004943;1;7;0;0;2;1;1;B01
201700004944;1;7;0;0;0;3;0;C01
201700004944;2;7;0;0;0;1;13;A01
201700004944;1;7;0;0;0;1;1;B01
201700004945;0;7;0;0;1;1;1;A01
201700004946;0;33;0;0;0;1;17;B01
201700004946;0;7;0;0;0;6;1;A01
201700004947;2;7;0;6;0;1;1;A01
201700004948;0;7;0;0;0;4;2;B01
201700004948;0;7;0;9;2;1;2;A01
201700004949;2;33;0;6;0;1;1;A01
201700004950;2;33;0;2;0;1;14;A01
201700004951;1;31;0;15;0;1;0;A01
201700004952;2;33;0;2;0;1;15;A01
201700004953;0;7;0;0;2;1;15;A01
201700004953;0;2;0;0;2;9;19;C01
201700004953;0;2;0;0;2;9;1;B01
201700004954;1;33;0;0;2;3;13;A01
201700004954;2;7;0;0;2;8;1;B01
201700004955;2;7;0;0;2;1;5;A01
201700004955;1;7;0;0;2;1;1;C01
201700004955;1;7;0;0;2;3;1;B01
201700004956;2;7;0;2;0;8;13;A01
201700004957;0;37;5;0;2;1;1;B01
201700004957;0;7;0;0;2;1;13;A01
201700004958;2;33;0;0;2;2;17;A01
201700004958;2;7;0;0;2;3;15;B01
201700004959;0;7;0;0;0;3;10;A01
201700004959;0;7;0;0;2;2;2;B01
201700004960;1;7;0;16;0;0;13;A01
201700004961;1;33;0;0;2;1;17;B01
201700004961;1;10;0;0;0;3;15;A01
201700004962;0;7;0;16;0;0;0;A01
201700004963;2;7;0;0;9;2;9;A01
201700004963;2;34;0;0;2;1;1;B01
201700004964;1;7;0;0;2;3;1;B01
201700004964;2;15;0;0;2;3;1;A01
201700004965;2;2;0;0;2;1;14;B01
201700004965;2;7;0;0;2;6;23;A01
201700004966;2;7;0;0;9;3;20;A01
201700004966;2;33;0;0;2;1;2;B01
201700004967;1;7;0;0;2;4;24;B01
201700004967;1;7;0;1;0;1;1;A01
201700004968;2;7;0;0;2;4;2;B01
201700004968;2;7;0;0;2;1;2;A01
201700004969;1;33;0;0;0;0;1;A01
201700004970;1;33;0;0;2;1;21;B01
201700004970;2;7;0;0;2;2;17;A01
201700004971;0;7;0;0;2;6;10;A01
201700004971;2;33;0;0;2;2;2;B01
201700004972;1;7;0;6;0;2;0;A01
201700004973;0;33;0;15;0;1;6;A01
201700004974;1;7;0;0;0;1;2;A01
201700004974;1;7;0;0;0;4;2;B01
201700004975;0;2;0;16;0;9;16;A01
201700004976;2;7;0;3;0;1;1;A01
201700004977;1;2;0;0;2;1;15;A01
201700004977;2;7;0;0;2;1;23;B01
201700004978;1;7;0;0;2;3;13;A01
201700004978;2;7;0;0;2;3;1;B01
201700004979;2;7;0;0;1;3;1;A01
201700004980;1;2;0;0;2;1;2;A01
201700004980;1;3;0;0;2;6;2;B01
201700004981;1;7;0;0;0;3;1;A01
201700004981;2;10;0;0;2;3;5;C01
201700004981;1;10;0;0;0;3;23;B01
201700004982;2;7;0;0;2;3;23;B01