num_acc;senc;catv;occutc;obs;obsm;choc;manv;num_veh
201700004982;1;33;0;12;2;3;17;A01
201700004983;2;33;0;0;0;0;15;A01
201700004984;1;7;0;0;1;2;1;A01
201700004985;1;7;0;0;2;1;2;A01
201700004985;1;7;0;0;0;4;2;B01
201700004986;2;7;0;0;2;1;5;A01
201700004986;1;7;0;0;2;1;1;B01
201700004987;1;7;0;0;2;3;13;A01
201700004987;2;7;0;0;2;3;13;B01
201700004988;1;33;0;13;0;1;15;A01
201700004989;2;13;0;0;2;4;2;C01
201700004989;2;7;0;0;2;1;2;A01
201700004989;2;7;0;0;2;4;2;B01
201700004990;2;1;0;0;2;1;15;B01
201700004990;2;7;0;0;9;2;1;A01
201700004991;0;7;0;0;2;1;1;B01
201700004991;0;7;0;0;2;3;9;A01
201700004992;1;33;0;3;0;8;1;A01
201700004992;1;7;0;0;9;8;14;B01
201700004992;1;7;0;0;9;1;1;C01
201700004993;1;7;0;2;0;1;13;A01
201700004994;0;7;0;0;0;2;1;A01
201700004994;0;13;0;0;0;3;1;B01
201700004995;2;7;0;0;2;3;9;A01
201700004995;1;33;0;0;2;7;1;B01
201700004996;1;33;0;0;0;7;2;B01
201700004996;1;7;0;0;0;6;2;A01
201700004997;2;2;0;0;2;0;0;B01
201700004997;1;7;0;0;2;8;0;A01
201700004998;0;7;0;0;1;1;20;A01
201700004999;1;7;0;2;0;8;0;A01
201700005000;2;7;0;13;0;1;1;A01
201700005001;2;7;0;0;2;3;14;A01
201700005001;2;7;0;0;0;6;0;B01
201700005002;2;7;0;13;0;2;21;A01
201700005002;1;7;0;0;0;0;17;B01
201700005002;1;7;0;0;2;3;1;C01
201700005003;1;33;0;0;0;0;15;A01
201700005004;1;7;0;6;0;1;13;A01
201700005005;2;33;0;0;0;8;1;A01
201700005006;1;7;0;0;9;3;1;A01
201700005006;1;1;0;0;2;8;10;B01
201700005007;2;7;0;1;2;3;20;A01
201700005007;2;7;0;0;2;7;1;B01
201700005008;1;7;0;0;2;3;1;C01
201700005008;2;7;0;0;2;3;13;A01
201700005008;1;7;0;0;2;3;1;B01
201700005009;1;3;0;0;1;2;1;A01
201700005010;0;7;0;0;1;2;19;A01
201700005011;0;7;0;7;0;1;1;A01
201700005012;0;7;0;6;0;3;13;A01
201700005013;0;7;0;0;2;1;1;Z01
201700005013;0;7;0;0;2;7;2;B01
201700005014;0;30;0;8;0;1;1;A01
201700005015;0;7;0;0;2;4;1;A01
201700005015;0;7;0;0;2;1;2;C01
201700005015;0;7;0;0;2;4;2;B01
201700005016;1;7;0;0;1;2;1;A01
201700005017;0;10;0;0;2;3;1;B01
201700005017;0;7;0;0;2;2;15;A01
201700005018;1;7;0;5;0;1;1;A01
201700005019;1;7;0;15;0;9;1;A01
201700005020;1;7;0;6;0;1;17;A01
201700005021;2;7;0;13;0;1;1;A01
201700005022;2;7;0;0;2;3;0;B01
201700005022;2;7;0;0;2;2;1;A01
201700005023;2;7;0;0;2;1;1;B01
201700005023;1;7;0;0;2;2;13;A01
201700005024;0;1;0;0;0;7;5;A01
201700005025;0;7;0;0;0;9;1;A01
201700005026;0;10;0;0;2;1;2;B01
201700005026;0;15;0;0;2;4;1;A01
201700005027;0;7;0;0;2;3;1;A01
201700005027;0;7;0;0;2;3;13;B01
201700005028;0;7;0;0;1;3;1;A01
201700005029;1;7;0;0;2;2;1;A01
201700005029;0;1;0;0;2;8;19;B01
201700005030;1;33;0;16;0;3;1;A01
201700005031;0;7;0;0;2;7;19;B01
201700005031;0;33;0;0;2;1;1;A01
201700005032;0;33;0;0;2;4;24;B01
201700005032;2;7;0;0;2;2;1;A01
201700005033;1;33;0;13;0;2;1;A01
201700005034;1;7;0;2;0;1;1;A01
201700005035;0;7;0;0;1;3;1;A01
201700005036;1;7;0;4;2;1;1;A01
201700005036;0;7;0;0;2;6;2;B01
201700005037;0;7;0;0;2;3;24;A01
201700005037;0;1;0;1;0;7;1;B01
201700005038;1;7;0;0;2;4;2;B01
201700005038;1;7;0;0;2;4;2;C01
201700005038;1;7;0;0;2;2;1;A01
201700005039;0;7;0;0;2;3;9;B01
201700005039;0;7;0;0;2;2;1;A01
201700005040;0;33;0;0;1;1;1;A01
201700005041;0;7;0;6;0;1;1;A01
201700005042;1;7;0;0;2;2;12;A01
201700005042;1;3;0;0;2;6;1;B01
201700005043;0;7;0;0;2;6;1;A01
201700005043;0;33;0;0;2;1;1;B01
201700005043;0;7;0;0;2;4;13;C01
201700005044;0;7;0;0;1;2;1;A01
201700005045;0;7;0;6;2;3;19;B01
201700005045;0;33;0;0;2;1;21;A01
201700005046;2;7;0;1;0;1;1;A01
201700005046;2;7;0;0;2;4;23;B01
201700005047;1;7;0;2;0;3;1;A01
201700005048;0;7;0;0;1;1;16;A01
201700005049;2;7;0;13;0;2;1;A01
201700005050;2;7;0;16;0;2;21;A01
201700005051;1;10;0;0;2;6;23;A01
201700005051;1;10;0;14;2;5;2;B01
201700005052;2;33;0;0;2;1;1;B01
201700005052;1;33;0;0;2;1;13;A01
201700005053;2;33;0;0;2;1;1;B01
201700005053;1;7;0;0;2;2;15;A01
201700005054;1;7;0;0;2;2;17;A01
201700005054;1;1;0;0;2;6;1;B01
201700005055;2;7;0;0;2;6;2;B01
201700005055;2;7;0;0;2;2;1;A01
201700005056;1;2;0;0;0;0;1;A01
201700005057;0;33;0;0;2;8;16;A01
201700005057;0;7;0;0;2;6;23;B01
201700005058;2;7;0;0;1;2;1;A01
201700005059;0;7;0;0;2;1;2;B01
201700005059;0;7;0;0;2;6;1;A01
201700005060;1;33;0;0;2;6;2;B01
201700005060;2;7;0;0;2;3;1;A01
201700005061;1;7;0;0;2;1;13;A01
201700005061;2;10;0;0;2;3;21;B01
201700005062;0;7;0;0;2;1;5;A01
201700005062;0;7;0;0;2;1;1;B01
201700005063;2;10;0;2;0;7;1;A01
201700005064;2;7;0;2;0;3;1;A01
201700005065;2;7;0;6;0;3;17;A01
201700005066;0;7;0;15;0;1;1;A01
201700005067;2;7;0;0;2;1;1;B01
201700005067;1;7;0;0;2;1;13;A01
201700005068;2;7;0;0;2;1;9;A01
201700005068;1;7;0;0;2;3;1;B01
201700005069;2;7;0;2;0;1;1;A01
201700005070;0;7;0;6;0;1;20;A01
201700005071;0;1;0;0;0;0;1;A01
201700005072;0;7;0;2;0;1;21;A01
201700005073;2;33;0;12;0;7;1;A01
201700005074;1;7;0;0;2;3;11;A01
201700005074;2;7;0;0;2;3;1;B01
201700005075;0;7;0;0;1;1;1;A01
201700005076;0;7;0;0;2;1;2;B01
201700005076;0;7;0;0;2;4;1;A01
201700005077;0;7;0;0;2;3;1;A01
201700005077;0;32;0;0;2;2;12;B01
201700005078;0;7;0;0;2;1;1;C01
201700005078;0;7;0;0;1;1;23;B01
201700005079;0;7;0;0;2;3;13;A01
201700005079;0;7;0;0;2;3;1;B01
201700005080;0;7;0;0;2;1;19;A01
201700005080;0;7;0;0;2;3;15;B01
201700005081;2;7;0;0;1;1;1;A01
201700005082;0;7;0;0;1;2;1;A01
201700005083;0;7;0;0;2;4;2;B01
201700005083;0;33;0;0;2;1;1;A01
201700005084;1;7;0;0;2;6;11;A01
201700005084;1;33;0;0;2;1;1;B01
201700005085;0;33;0;0;2;9;1;A01
201700005085;0;7;0;0;2;2;13;B01
201700005086;1;7;0;0;2;3;1;B01
201700005086;2;7;0;0;2;3;13;A01
201700005087;0;33;0;0;0;7;1;A01
201700005088;0;33;0;0;0;3;6;A01
201700005089;1;7;0;0;2;3;1;B01
201700005089;1;7;0;0;2;3;1;A01
201700005090;1;7;0;0;2;3;21;B01
201700005090;1;1;0;0;2;4;15;A01
201700005091;0;7;0;0;2;3;1;B01
201700005091;0;7;0;0;2;3;13;A01
201700005092;0;7;0;16;0;9;1;A01
201700005093;2;7;0;0;2;3;23;C01
201700005093;1;7;0;1;2;7;1;B01
201700005093;2;7;0;0;2;1;1;A01
201700005094;0;7;0;6;0;1;6;A01
201700005095;0;7;0;0;2;8;1;B01
201700005095;0;7;0;2;2;1;13;A01
201700005096;1;7;0;8;0;1;1;A01
201700005097;2;7;0;0;0;1;13;A01
201700005098;1;7;0;0;2;1;1;B01
201700005098;2;7;0;0;2;1;15;A01
201700005099;2;7;0;0;2;6;15;B01
201700005099;2;7;0;0;2;2;17;A01
201700005100;2;2;0;0;2;7;1;B01
201700005100;0;7;0;0;2;3;9;A01
201700005101;1;33;0;0;2;1;1;A01
201700005101;0;7;0;0;2;3;9;B01
201700005102;1;7;0;0;2;2;2;B01
201700005102;0;7;0;0;2;3;16;A01
201700005103;0;32;0;0;0;0;15;A01
201700005104;1;1;0;0;2;8;1;B01
201700005104;1;7;0;0;2;2;17;A01
201700005105;1;7;0;0;2;2;15;A01
201700005105;1;7;0;0;2;1;1;B01
201700005106;0;7;0;0;2;2;1;B01
201700005106;0;33;0;0;2;1;1;A01
201700005107;0;7;0;0;2;1;16;B01
201700005107;0;10;0;0;2;2;1;A01
201700005108;1;33;0;9;0;7;1;A01
201700005109;0;7;0;0;1;3;1;A01
201700005110;1;10;0;0;2;7;15;A01
201700005110;2;33;0;0;2;1;1;B01
201700005111;0;33;0;0;2;1;1;B01
201700005111;0;7;0;0;2;6;15;A01
201700005112;2;7;0;0;2;3;1;B01
201700005112;2;7;0;13;0;2;21;C01
201700005112;1;7;0;0;2;3;1;A01
201700005113;1;33;0;0;2;1;5;B01
201700005113;1;7;0;0;2;3;10;A01
201700005114;1;7;0;0;2;4;23;A01
201700005114;1;7;0;0;2;3;21;B01
201700005114;2;7;0;0;2;1;1;C01
201700005115;2;7;0;0;2;1;1;A01
201700005115;2;7;0;0;2;4;2;B01
201700005116;0;31;0;0;2;1;1;B01
201700005116;0;7;0;0;2;6;9;A01
201700005117;0;33;0;16;0;1;1;A01
201700005118;0;7;0;3;2;2;2;C01
201700005118;0;7;0;0;2;5;2;B01
201700005118;0;7;0;0;2;3;1;A01
201700005119;0;1;0;0;2;1;19;B01
201700005119;0;7;0;0;2;3;1;A01
201700005120;0;7;0;0;2;4;1;A01
201700005120;0;7;0;1;0;1;2;C01
201700005120;0;7;0;1;2;4;2;B01
201700005121;0;7;0;0;1;3;21;B01
201700005121;0;10;0;0;2;3;17;A01
201700005122;2;33;0;4;2;8;1;A01
201700005122;2;10;0;0;2;8;11;B01
201700005123;1;7;0;9;0;1;1;A01
201700005124;0;7;0;0;2;1;1;A01
201700005124;0;34;0;0;2;1;17;B01
201700005125;1;7;0;0;2;5;1;C01
201700005125;1;34;0;0;2;1;1;A01
201700005125;1;7;0;0;2;4;1;B01
201700005126;0;7;0;0;1;2;1;A01
201700005127;0;3;0;0;2;1;15;B01
201700005127;0;2;0;0;2;3;1;A01
201700005128;0;33;0;0;2;7;2;B01
201700005128;0;7;0;0;2;3;9;A01
201700005129;0;7;0;0;2;1;15;A01
201700005129;0;7;0;0;2;1;1;B01
201700005130;0;33;0;0;2;3;1;B01
201700005130;0;7;0;0;2;2;10;A01
201700005131;1;7;0;0;2;4;23;A01
201700005131;1;1;0;0;2;1;2;B01
201700005132;2;7;0;0;2;8;17;A01
201700005132;1;7;0;0;2;1;1;B01
201700005133;1;33;0;2;0;1;1;A01
201700005134;2;7;0;0;2;2;14;A01
201700005134;1;7;0;0;2;1;1;B01
201700005135;2;7;0;0;2;2;1;B01
201700005135;1;7;0;0;2;2;5;A01
201700005136;2;7;0;0;2;2;13;A01
201700005136;1;7;0;0;2;3;1;B01
201700005137;1;33;0;16;0;1;17;A01
201700005138;1;7;0;0;2;1;1;B01
201700005138;2;7;0;0;2;1;11;A01
201700005138;1;7;0;0;2;2;1;C01
201700005138;1;7;0;0;2;1;1;D01
201700005139;2;33;0;2;0;1;1;A01
201700005140;1;7;0;2;0;7;14;A01
201700005141;1;7;0;8;0;1;1;A01
201700005142;1;7;0;3;2;6;1;B01
201700005142;1;7;0;0;2;2;12;A01
201700005143;2;30;0;13;0;7;14;A01
201700005144;1;7;0;0;2;9;17;A01
201700005144;2;7;0;0;2;3;1;B01
201700005145;1;7;0;2;0;1;1;A01
201700005146;1;33;0;13;0;1;15;A01
201700005147;1;1;0;0;2;1;1;B01
201700005147;0;7;0;0;2;2;1;A01
201700005148;2;7;0;2;0;9;13;A01
201700005149;2;7;0;5;2;2;17;A01
201700005149;2;1;0;0;2;4;1;B01
201700005150;1;38;1;0;1;1;1;A01
201700005151;1;7;0;2;0;6;21;A01
201700005152;1;1;0;16;0;9;21;A01
201700005153;1;7;0;16;0;0;1;A01
201700005154;0;7;0;0;1;1;1;A01
201700005155;1;7;0;0;2;2;1;B01
201700005155;1;33;0;11;2;4;9;A01
201700005156;1;7;0;2;0;1;13;A01
201700005157;1;7;0;13;0;1;1;A01
201700005158;1;33;0;16;0;9;1;A01
201700005159;1;33;0;16;0;1;1;A01
201700005160;1;7;0;0;2;1;1;A01
201700005160;1;7;0;4;2;4;2;B01
201700005161;1;7;0;0;2;1;13;A01
201700005161;1;15;0;0;2;3;1;B01
201700005162;1;1;0;0;2;9;15;A01
201700005162;1;1;0;0;2;1;15;B01
201700005163;2;7;0;2;0;3;14;A01
201700005164;2;7;0;13;0;1;14;A01
201700005165;1;7;0;1;1;2;1;A01
201700005165;1;7;0;0;2;8;24;B01
201700005166;1;7;0;4;0;3;1;A01
201700005167;1;7;0;16;0;9;17;A01
201700005168;2;7;0;0;0;6;2;B01
201700005168;2;33;0;0;2;2;1;A01
201700005169;1;7;0;;2;7;9;A01
201700005169;1;10;0;0;2;3;1;B01
201700005170;2;7;0;0;2;1;1;A01
201700005170;1;7;0;0;2;1;1;B01
201700005171;2;7;0;0;6;4;23;A01
201700005171;2;7;0;1;0;1;1;B01
201700005172;1;7;0;15;0;2;14;A01
201700005173;2;37;1;0;2;2;21;A01
201700005173;1;7;0;0;2;3;1;B01
201700005174;1;33;0;0;0;0;2;A01
201700005175;1;7;0;1;0;7;1;A01
201700005176;1;33;0;6;0;1;0;A01
201700005177;1;7;0;0;2;3;13;A01
201700005177;2;7;0;0;2;3;1;B01
201700005178;2;7;0;0;2;3;13;A01
201700005178;1;10;0;0;2;8;1;B01
201700005179;1;31;0;0;2;2;13;A01
201700005179;2;7;0;0;2;2;14;B01
201700005180;2;7;0;0;2;2;1;A01
201700005180;1;1;0;0;0;5;1;B01
201700005181;1;7;0;2;0;1;13;A01
201700005182;2;7;0;0;2;1;1;B01
201700005182;0;3;0;0;0;2;15;A01
201700005183;2;7;0;2;2;1;1;A01
201700005183;2;7;0;0;2;4;0;B01
201700005183;1;7;0;0;2;1;0;C01
201700005184;1;7;0;0;2;1;13;A01
201700005184;2;7;0;0;2;1;1;B01
201700005185;1;7;0;0;2;2;1;A01
201700005185;1;1;0;0;0;4;1;B01
201700005186;1;7;0;0;2;3;13;A01
201700005186;2;7;0;0;2;3;5;B01
201700005187;2;7;0;2;0;1;1;A01
201700005188;2;10;0;0;0;0;17;C01
201700005188;1;34;0;0;2;3;1;A01
201700005188;1;10;0;0;0;5;1;B01
201700005189;1;7;0;13;2;3;1;A01
201700005189;2;7;0;13;2;3;13;B01
201700005190;1;7;0;0;2;3;13;A01
201700005190;2;7;0;0;2;3;1;B01
201700005191;0;1;0;0;2;1;0;A01
201700005191;0;7;0;0;2;2;1;B01
201700005192;2;33;0;9;9;1;1;A01
201700005193;1;7;0;0;2;2;1;A01
201700005193;2;7;0;0;2;1;13;B01
201700005193;1;7;0;0;2;1;1;C01
201700005194;1;7;0;0;0;1;5;A01
201700005195;2;7;0;0;2;3;1;A01
201700005195;1;7;0;0;2;1;15;B01
201700005195;0;7;0;0;2;3;23;C01
201700005196;2;3;0;0;2;1;15;A01
201700005196;1;1;0;0;2;1;1;B01
201700005197;2;7;0;2;0;8;1;A01
201700005198;1;33;0;0;2;1;1;A01
201700005198;1;7;0;0;2;2;19;B01
201700005199;1;33;0;0;2;1;1;A01
201700005199;1;7;0;0;2;2;15;B01
201700005200;1;7;0;0;2;3;13;A01
201700005200;2;7;0;3;0;3;1;B01
201700005201;2;17;0;0;2;1;1;B01
201700005201;2;7;0;0;2;2;19;A01
201700005202;2;7;0;0;2;1;2;A01
201700005202;2;7;0;0;2;4;1;B01
201700005203;1;15;0;0;1;1;1;A01
201700005204;1;7;0;0;2;4;18;A01
201700005204;1;33;0;0;2;1;1;B01
201700005205;2;10;0;13;2;0;0;A01
201700005205;2;7;0;0;0;0;0;B01
201700005206;0;99;0;0;2;5;1;B01
201700005206;0;36;0;0;2;1;9;A01
201700005207;2;7;0;7;9;2;14;A01
201700005208;2;7;0;16;0;2;2;A01
201700005209;1;7;0;1;0;1;13;A01
201700005210;1;7;0;2;0;2;1;A01
201700005211;2;7;0;0;2;1;17;A01
201700005211;2;7;0;0;2;3;1;B01
201700005211;2;7;0;0;9;3;1;C01
201700005211;2;7;0;0;9;3;1;D01
201700005211;2;7;0;0;9;8;1;E01
201700005211;2;7;0;0;9;8;1;F01
201700005212;1;2;0;2;0;1;1;A01
201700005213;0;7;0;0;1;2;5;A01
201700005214;2;30;0;0;2;2;17;A01
201700005214;2;7;0;0;2;8;15;B01
201700005215;1;7;0;2;0;1;1;A01
201700005216;0;33;0;0;0;0;1;A01
201700005217;1;31;0;0;2;3;2;A01
201700005217;1;7;0;0;0;5;2;B01
201700005218;2;7;0;0;2;1;17;A01
201700005218;2;7;0;0;0;6;13;B01
201700005218;2;7;0;0;0;6;1;C01
201700005219;2;33;0;3;0;1;1;A01
201700005220;1;7;0;0;0;4;23;A01
201700005220;1;7;0;0;2;4;23;B01
201700005220;1;7;0;0;2;1;1;C01
201700005221;1;7;0;0;2;1;1;A01
201700005221;2;21;0;0;2;8;15;B01
201700005222;2;7;0;0;2;3;13;A01
201700005222;1;7;0;0;2;3;1;B01
201700005223;1;7;0;0;2;2;15;A01
201700005223;2;30;0;0;2;1;1;B01
201700005224;1;30;0;0;0;4;1;A01
201700005224;1;7;0;0;9;2;1;B01
201700005225;2;33;0;0;2;3;2;A01
201700005225;2;7;0;0;0;5;2;B01
201700005226;1;7;0;0;2;3;23;C01
201700005226;1;7;0;0;2;1;15;A01
201700005226;2;7;0;0;2;1;1;B01
201700005227;2;7;0;13;0;9;21;A01
201700005227;1;7;0;0;0;0;15;B01
201700005228;2;7;0;0;1;2;2;A01
201700005229;1;33;0;13;0;1;0;A01
201700005230;1;7;0;8;0;2;2;A01
201700005231;1;7;0;0;1;3;1;A01
201700005232;1;33;0;0;2;1;17;A01
201700005232;1;7;0;0;0;6;2;B01
201700005233;1;33;0;16;0;7;0;A01
201700005234;2;33;0;4;0;1;1;A01
201700005235;2;7;0;0;2;1;0;A01
201700005235;1;10;0;0;2;2;15;B01
201700005236;1;2;0;0;0;8;0;A01
201700005237;1;7;0;0;1;1;1;A01
201700005238;1;33;0;0;2;1;17;B01
201700005238;1;7;0;0;2;8;13;A01
201700005239;1;2;0;12;0;0;1;A01
201700005240;2;7;0;0;2;1;1;A01
201700005240;2;7;0;15;0;7;15;B01
201700005241;2;7;0;0;2;5;15;A01
201700005241;2;7;0;0;2;3;17;B01
201700005242;2;7;0;13;0;0;1;A01
201700005242;1;7;0;13;0;0;13;B01
201700005243;1;7;0;0;2;1;1;A01
201700005243;2;3;0;0;2;1;13;B01
201700005244;2;7;0;0;2;2;1;A01
201700005244;2;1;0;0;0;6;1;B01
201700005245;2;7;0;0;2;3;13;A01
201700005245;1;15;0;0;2;3;1;B01
201700005245;2;7;0;0;2;1;1;C01
201700005246;1;10;0;0;2;3;13;A01
201700005246;2;7;0;0;2;3;1;B01
201700005247;2;7;0;15;0;1;1;A01
201700005248;2;7;0;0;2;8;19;A01
201700005248;1;13;0;0;2;1;1;B01
201700005249;2;33;0;0;2;1;1;A01
201700005249;;7;0;0;2;3;19;B01
201700005250;1;7;0;13;2;2;21;A01
201700005250;2;7;0;0;2;2;1;B01
201700005250;2;7;0;0;0;0;5;C01
201700005251;2;7;0;2;0;1;1;A01
201700005252;2;7;0;0;2;3;15;A01
201700005252;1;2;0;0;2;7;1;B01
201700005253;1;10;0;0;0;0;0;A01
201700005254;2;1;0;0;0;4;1;A01
201700005254;2;7;0;0;0;2;1;B01
201700005255;1;13;0;0;2;1;1;B01
201700005255;2;7;0;0;2;3;1;A01
201700005256;1;33;0;0;0;2;2;B01
201700005256;2;7;0;0;2;6;2;A01
201700005257;1;7;0;0;9;2;17;A01
201700005257;1;1;0;0;0;4;1;B01
201700005258;2;7;0;0;1;1;1;A01
201700005258;1;13;0;0;0;0;23;B01
201700005259;2;7;0;0;2;1;13;A01
201700005259;1;7;0;0;2;1;1;B01
201700005259;1;7;0;0;2;6;1;C01
201700005260;2;7;0;0;2;1;11;A01
201700005260;1;7;0;0;2;3;1;B01
201700005261;1;7;0;0;2;1;13;A01
201700005261;1;7;0;0;2;2;1;B01
201700005262;1;7;0;0;2;7;13;A01
201700005262;2;7;0;0;2;1;1;B01
201700005263;1;7;0;4;0;0;0;A01
201700005264;2;7;0;0;2;2;15;A01
201700005264;1;7;0;0;2;1;1;B01
201700005265;1;7;0;0;2;2;13;A01
201700005265;2;33;0;0;2;1;1;B01
201700005266;2;7;0;4;2;8;1;A01
201700005266;1;7;0;0;2;3;13;B01
201700005266;2;7;0;4;2;3;1;C01
201700005267;1;7;0;0;2;3;13;A01
201700005267;2;7;0;13;2;3;1;B01
201700005267;1;10;0;0;2;3;1;C01
201700005268;1;7;0;8;0;8;1;B01
201700005268;1;7;0;0;0;3;19;A01
201700005269;2;7;0;13;0;9;1;A01
201700005270;1;7;0;0;2;1;19;A01
201700005270;2;7;0;0;2;8;1;B01
201700005271;2;7;0;2;0;1;0;A01
201700005272;1;7;0;13;1;1;14;A01
201700005273;2;7;0;3;1;2;14;A01
201700005274;1;7;0;2;0;1;0;A01
201700005275;2;7;0;2;0;1;13;A01
201700005276;2;7;0;13;0;7;1;A01
201700005277;0;2;0;0;0;0;0;A01
201700005278;2;7;0;0;2;3;1;A01
201700005278;1;7;0;0;2;1;15;B01
201700005279;1;7;0;0;2;3;13;A01
201700005279;2;7;0;0;0;1;1;B01
201700005280;2;7;0;2;0;2;17;A01
201700005281;1;7;0;2;0;1;1;A01
201700005282;2;7;0;0;1;2;1;A01
201700005283;1;7;0;3;2;3;2;A01
201700005283;1;7;0;13;2;3;2;B01
201700005283;1;7;0;1;0;0;0;C01
201700005283;1;7;0;0;2;6;2;E01
201700005283;1;7;0;3;0;3;1;F01
201700005283;1;7;0;0;2;5;1;G01
201700005283;1;7;0;0;2;4;2;H01
201700005283;1;7;0;0;2;1;2;I01
201700005284;2;10;0;0;2;1;12;A01
201700005284;2;14;0;0;0;4;1;B01
201700005285;1;17;0;0;2;1;1;B01
201700005285;1;7;0;0;2;7;1;A01
201700005286;2;2;0;6;0;0;0;A01
201700005287;1;7;0;0;2;1;1;B01
201700005287;2;7;0;0;2;3;19;A01
201700005288;1;2;0;0;2;1;1;A01
201700005288;0;7;0;0;2;3;1;B01
201700005289;1;7;0;0;2;3;0;A01
201700005289;2;7;0;0;2;3;1;B01
201700005290;1;7;0;0;2;1;1;B01
201700005290;1;7;0;0;2;8;1;A01
201700005291;1;7;0;0;2;1;5;A01
201700005291;2;7;0;0;2;1;1;B01
201700005291;2;7;0;0;2;8;1;C01
201700005292;1;7;0;13;0;9;1;A01
201700005292;1;7;0;13;2;3;1;B01
201700005292;1;7;0;0;2;1;1;C01
201700005292;1;7;0;0;2;1;1;D01
201700005292;1;7;0;1;0;4;1;E01
201700005292;1;7;0;0;0;4;1;F01
201700005292;1;7;0;0;2;4;1;G01
201700005292;1;7;0;13;0;4;23;H01
201700005292;1;7;0;0;0;4;1;I01
201700005292;1;7;0;0;2;1;1;J01
201700005292;1;7;0;4;0;7;1;K01
201700005293;1;7;0;0;0;9;1;A01
201700005294;1;7;0;15;0;1;21;A01
201700005294;2;7;0;0;0;0;19;B01
201700005295;1;33;0;0;2;1;13;A01
201700005295;2;7;0;0;2;3;1;B01
201700005296;1;7;0;15;0;0;14;A01
201700005297;1;7;0;;1;2;1;A01
201700005298;1;7;0;0;9;2;2;A01
201700005298;1;1;0;0;2;4;2;B01
201700005299;1;33;0;0;0;7;1;A01
201700005300;1;2;0;0;2;1;1;A01
201700005300;2;10;0;0;2;6;19;B01
201700005301;1;7;0;0;2;3;9;A01
201700005301;1;7;0;0;2;1;1;B01
201700005302;2;7;0;0;2;5;15;A01
201700005302;1;2;0;0;2;1;1;B01
201700005303;1;13;0;0;2;1;1;B01
201700005303;2;7;0;0;0;8;6;A01
201700005304;1;7;0;0;2;3;13;A01
201700005304;2;7;0;0;2;3;1;B01
201700005305;1;7;0;2;0;1;0;A01
201700005306;2;7;0;0;0;1;21;A01
201700005307;1;7;0;0;2;3;5;A01
201700005307;2;7;0;0;2;3;5;B01
201700005308;2;7;0;6;0;1;1;A01
201700005309;1;7;0;8;0;1;1;A01
201700005310;1;7;0;0;2;2;2;A01
201700005310;1;3;0;0;2;6;1;B01
201700005311;1;7;0;0;2;6;1;A01
201700005311;1;2;0;0;2;1;1;B01
201700005312;2;7;0;13;0;3;1;A01
201700005313;1;7;0;13;0;7;1;A01
201700005314;2;7;0;0;1;3;1;A01
201700005315;2;7;0;0;2;1;15;A01
201700005315;1;7;0;0;2;3;1;B01
201700005316;1;7;0;0;2;1;1;B01
201700005316;2;7;0;9;2;7;1;A01
201700005317;1;7;0;0;2;3;13;A01
201700005317;2;7;0;0;2;3;1;B01
201700005318;2;7;0;0;2;8;1;B01
201700005318;2;7;0;0;2;1;1;C01
201700005318;1;7;0;0;2;1;19;A01
201700005319;1;7;0;0;1;2;1;A01
201700005320;1;7;0;0;2;3;1;A01
201700005320;2;7;0;0;2;6;19;B01
201700005321;1;7;0;0;2;1;1;B01
201700005321;2;37;0;0;0;1;23;C01
201700005321;1;7;0;0;2;8;19;A01
201700005322;1;37;5;0;2;5;15;A01
201700005322;2;7;0;0;2;1;1;B01
201700005323;1;7;0;0;2;3;13;A01
201700005323;2;7;0;0;2;3;1;B01
201700005323;2;7;0;0;2;3;1;C01
201700005324;2;7;0;0;2;1;13;A01
201700005324;1;7;0;0;2;1;1;B01
201700005325;1;7;0;0;0;4;1;A01
201700005325;1;7;0;0;2;1;1;B01
201700005326;1;7;0;0;2;1;13;A01
201700005326;2;7;0;0;2;1;1;B01
201700005327;2;7;0;0;9;3;17;A01
201700005327;1;1;0;0;2;7;9;B01
201700005328;2;33;0;11;0;1;17;A01
201700005329;1;10;0;8;0;2;14;A01
201700005330;1;16;0;6;0;8;6;A01
201700005331;1;7;0;0;0;1;1;A01
201700005331;2;7;0;0;0;1;1;B01
201700005332;2;7;0;0;1;2;1;A01
201700005333;1;7;0;0;2;3;1;B01
201700005333;2;7;0;0;2;3;5;A01
201700005334;2;33;0;0;2;2;17;A01
201700005334;2;7;0;0;2;6;15;B01
201700005335;1;2;0;15;0;1;13;A01
201700005336;2;1;0;0;0;4;9;A01
201700005336;1;14;0;0;2;1;1;B01
201700005337;1;7;0;2;0;9;19;A01
201700005338;1;1;0;0;2;1;1;B01
201700005338;1;7;0;0;0;4;1;A01
201700005339;2;7;0;7;0;9;0;A01
201700005340;0;7;0;0;1;3;17;A01
201700005341;1;7;0;15;0;3;1;A01
201700005342;0;33;0;0;2;3;1;A01
201700005342;0;7;0;0;0;3;1;B01
201700005343;2;7;0;0;1;1;1;A01
201700005344;2;7;0;5;0;9;1;A01
201700005345;2;7;0;0;2;1;9;A01
201700005345;1;33;0;0;2;8;1;B01
201700005346;0;33;0;6;0;9;1;A01
201700005347;1;7;0;0;1;7;1;A01
201700005348;1;7;0;0;1;3;1;A01
201700005349;2;7;0;16;0;9;1;A01
201700005350;1;7;0;0;2;3;16;A01