num_acc;senc;catv;occutc;obs;obsm;choc;manv;num_veh
201700005350;2;7;0;0;2;2;1;B01
201700005351;1;7;0;0;2;1;15;A01
201700005351;1;7;0;0;2;3;1;B01
201700005351;1;33;0;0;2;8;1;C01
201700005352;1;7;0;2;0;2;14;A01
201700005353;1;33;0;0;2;1;1;B01
201700005353;0;7;0;0;2;3;15;A01
201700005354;1;7;0;0;2;6;17;A01
201700005354;1;7;0;0;2;2;17;B01
201700005354;1;21;0;0;0;6;1;C01
201700005355;1;7;0;0;1;1;1;A01
201700005356;1;7;0;13;0;2;14;A01
201700005357;1;7;0;0;2;1;1;B01
201700005357;2;1;0;0;2;1;19;A01
201700005358;0;33;0;8;0;2;1;A01
201700005359;1;7;0;1;0;1;1;A01
201700005359;1;7;0;0;0;4;23;B01
201700005360;1;7;0;0;5;1;0;A01
201700005361;1;7;0;2;0;1;1;A01
201700005362;2;7;0;8;0;1;1;A01
201700005363;1;7;0;0;0;7;2;A01
201700005363;1;1;0;0;0;3;2;B01
201700005364;2;10;0;0;2;3;5;A01
201700005364;1;15;0;0;2;3;1;B01
201700005365;1;1;0;0;2;1;13;A01
201700005365;2;2;0;0;2;1;1;B01
201700005366;1;7;0;14;0;1;1;A01
201700005367;0;7;0;0;1;4;20;A01
201700005368;2;7;0;0;1;8;1;A01
201700005369;0;7;0;0;1;6;20;A01
201700005370;1;7;0;0;6;1;1;A01
201700005371;2;7;0;13;0;1;1;A01
201700005372;2;7;0;0;0;9;1;A01
201700005372;1;10;0;0;0;1;1;B01
201700005372;1;7;0;0;0;3;1;C01
201700005373;1;7;0;0;2;1;1;B01
201700005373;2;7;0;0;2;1;13;A01
201700005374;1;7;0;0;2;1;5;B01
201700005374;2;7;0;0;2;2;13;A01
201700005375;1;33;0;0;2;8;1;A01
201700005376;1;7;0;8;0;9;1;A01
201700005377;0;7;0;0;2;6;23;A01
201700005377;0;2;0;0;2;1;17;B01
201700005378;0;7;0;0;0;8;23;C01
201700005378;0;7;0;0;0;3;1;B01
201700005378;0;7;0;0;2;3;17;A01
201700005379;0;7;0;0;1;2;19;A01
201700005380;1;7;0;6;0;1;14;A01
201700005381;2;7;0;0;2;2;5;A01
201700005381;1;7;0;0;2;2;1;B01
201700005382;2;7;0;0;2;7;13;A01
201700005382;1;7;0;0;2;1;1;B01
201700005383;0;7;0;0;1;3;1;A01
201700005383;2;7;0;0;1;3;1;B01
201700005384;1;7;0;2;0;1;16;A01
201700005385;2;7;0;0;2;7;19;A01
201700005385;2;7;0;0;2;1;1;B01
201700005386;2;7;0;0;1;2;1;A01
201700005387;2;7;0;0;1;2;1;A01
201700005388;1;7;0;0;2;1;13;A01
201700005388;2;17;0;0;2;1;1;B01
201700005389;1;7;0;13;0;1;1;A01
201700005390;1;7;0;13;0;1;14;A01
201700005391;1;33;0;1;0;1;1;A01
201700005392;2;2;0;12;0;1;6;A01
201700005393;1;33;0;0;2;9;5;A01
201700005393;1;7;0;0;2;6;13;B01
201700005394;1;7;0;13;0;9;1;A01
201700005395;1;7;0;0;2;1;13;A01
201700005395;0;7;0;0;2;2;1;B01
201700005396;1;7;0;15;0;1;0;A01
201700005397;1;7;0;0;2;1;1;B01
201700005397;2;7;0;0;2;1;13;A01
201700005398;1;2;0;0;2;1;13;A01
201700005398;0;7;0;0;9;3;0;B01
201700005399;0;7;0;6;0;8;13;A01
201700005400;2;7;0;0;0;0;1;A01
201700005401;1;7;0;0;2;2;15;A01
201700005401;2;33;0;0;2;1;1;B01
201700005402;1;7;0;13;0;8;1;A01
201700005403;1;7;0;2;0;3;1;A01
201700005404;2;30;0;0;2;1;0;A01
201700005404;1;17;0;0;2;1;1;B01
201700005405;1;7;0;0;2;7;13;A01
201700005405;2;7;0;0;2;3;1;B01
201700005406;1;2;0;0;2;1;1;B01
201700005406;1;7;0;0;2;8;1;A01
201700005407;2;7;0;0;2;1;1;B01
201700005407;2;7;0;0;0;4;23;A01
201700005408;1;10;0;0;2;4;1;B01
201700005408;1;10;0;0;2;1;1;A01
201700005409;2;7;0;11;0;1;1;A01
201700005410;1;7;0;0;2;1;1;B01
201700005410;1;14;0;0;2;6;19;A01
201700005411;1;7;0;0;2;8;1;B01
201700005411;2;7;0;0;2;1;15;A01
201700005412;0;1;0;0;2;1;21;B01
201700005412;0;7;0;0;2;2;16;A01
201700005413;0;7;0;0;2;1;1;A01
201700005413;0;32;0;0;2;1;1;B01
201700005414;2;7;0;1;0;1;1;A01
201700005415;1;31;0;12;0;0;1;A01
201700005416;2;33;0;0;2;1;2;A01
201700005416;2;7;0;0;2;4;2;B01
201700005417;2;7;0;0;2;1;19;C01
201700005417;1;33;0;0;2;1;1;B01
201700005418;1;33;0;16;0;0;1;A01
201700005419;1;7;0;13;2;3;1;A01
201700005419;1;7;0;0;2;3;1;B01
201700005419;2;7;0;13;2;3;1;C01
201700005420;2;7;0;0;2;1;5;A01
201700005420;1;7;0;0;2;1;1;B01
201700005421;1;7;0;0;2;1;1;A01
201700005421;1;7;0;0;0;4;11;B01
201700005422;1;33;0;0;0;3;1;A01
201700005423;0;7;0;2;0;2;1;A01
201700005424;0;7;0;0;2;6;15;A01
201700005424;0;31;0;0;2;1;17;B01
201700005425;0;2;0;1;0;1;18;A01
201700005426;2;7;0;13;0;2;14;A01
201700005427;1;7;0;0;0;6;15;B01
201700005427;0;32;0;0;2;3;1;A01
201700005428;2;7;0;2;0;3;0;A01
201700005429;0;7;0;0;1;2;5;A01
201700005430;2;7;0;0;0;1;5;A01
201700005430;1;7;0;0;0;1;1;B01
201700005431;1;7;0;13;0;2;0;A01
201700005432;1;7;0;0;2;2;1;B01
201700005432;1;7;0;0;2;3;9;A01
201700005433;0;2;0;0;2;1;1;B01
201700005433;0;7;0;0;2;3;15;A01
201700005434;0;1;0;0;0;0;0;A01
201700005435;1;7;0;6;0;6;1;A01
201700005436;0;7;0;8;0;1;1;A01
201700005437;0;7;0;13;0;1;0;A01
201700005438;2;7;0;0;1;3;9;A01
201700005439;1;7;0;0;9;2;2;A01
201700005439;0;1;0;0;2;8;15;B01
201700005440;1;33;0;0;2;2;1;B01
201700005440;1;33;0;0;2;8;15;A01
201700005441;1;7;0;0;2;8;1;B01
201700005441;1;33;0;0;2;1;13;A01
201700005442;1;7;0;2;0;2;1;A01
201700005443;1;33;0;0;2;1;17;B01
201700005443;1;7;0;0;2;4;15;A01
201700005444;0;7;0;0;0;0;1;A01
201700005445;1;7;0;0;2;2;15;A01
201700005445;2;33;0;0;2;1;0;B01
201700005446;2;33;0;16;0;9;14;A01
201700005447;2;7;0;0;2;1;5;A01
201700005447;1;7;0;0;2;1;1;B01
201700005448;1;7;0;2;0;8;1;A01
201700005449;1;7;0;0;2;1;19;A01
201700005449;1;7;0;7;2;8;19;B01
201700005450;1;7;0;0;0;0;1;A01
201700005451;2;7;0;0;2;1;2;A01
201700005451;1;7;0;0;2;1;0;B01
201700005452;1;10;0;0;0;1;1;A01
201700005453;2;10;0;0;2;1;1;A01
201700005453;1;33;0;0;2;7;1;B01
201700005454;1;7;0;6;0;1;1;A01
201700005454;2;7;0;0;0;1;1;B01
201700005455;1;7;0;0;2;1;1;A01
201700005455;1;21;0;0;0;4;1;B01
201700005456;2;7;0;13;0;0;17;A01
201700005457;1;7;0;13;0;2;13;A01
201700005458;2;7;0;0;2;3;13;B01
201700005458;1;33;0;0;2;3;0;A01
201700005459;0;7;0;13;0;9;21;A01
201700005460;0;33;0;0;0;0;1;A01
201700005461;2;7;0;0;2;3;1;B01
201700005461;2;7;0;0;2;8;1;C01
201700005461;1;7;0;0;2;3;13;A01
201700005462;2;7;0;0;0;9;1;A01
201700005463;1;33;0;2;0;2;1;A01
201700005464;1;7;0;0;0;4;24;B01
201700005464;1;1;0;1;0;1;2;A01
201700005465;0;7;0;2;0;0;1;A01
201700005466;2;7;0;0;2;2;2;A01
201700005466;2;7;0;0;0;6;23;B01
201700005466;2;7;0;0;0;8;15;C01
201700005467;2;7;0;0;2;3;0;B01
201700005467;1;7;0;0;2;3;0;A01
201700005468;2;7;0;0;9;1;1;A01
201700005468;2;1;0;0;2;7;19;B01
201700005469;1;7;0;0;2;2;17;A01
201700005469;1;1;0;0;2;4;13;B01
201700005470;0;33;0;13;0;2;1;A01
201700005471;1;7;0;13;0;0;21;A01
201700005472;1;7;0;8;0;1;1;A01
201700005473;1;33;0;8;0;1;1;A01
201700005474;1;7;0;13;0;3;1;A01
201700005475;1;7;0;0;1;2;1;A01
201700005476;0;10;0;15;0;6;1;A01
201700005477;0;7;0;4;0;2;0;A01
201700005478;1;7;0;0;0;7;15;A01
201700005478;2;33;0;0;0;1;1;B01
201700005479;1;7;0;0;2;1;1;B01
201700005479;2;7;0;0;2;1;1;A01
201700005480;1;33;0;0;0;8;1;B01
201700005480;1;7;0;0;2;2;9;A01
201700005481;1;7;0;0;1;1;1;A01
201700005482;0;7;0;0;1;3;1;A01
201700005483;2;2;0;0;2;1;1;A01
201700005483;1;7;0;0;2;5;17;B01
201700005484;0;7;0;0;1;1;2;A01
201700005485;0;7;0;6;0;1;1;A01
201700005486;1;7;0;0;2;3;15;A01
201700005486;2;2;0;0;2;1;1;B01
201700005487;1;7;0;0;9;2;15;B01
201700005487;1;30;0;0;2;3;1;A01
201700005488;1;1;0;0;2;6;19;B01
201700005488;1;10;0;0;2;3;15;A01
201700005489;1;7;0;0;1;2;1;A01
201700005490;2;7;0;0;2;1;1;B01
201700005490;0;30;0;0;2;7;1;A01
201700005491;2;7;0;0;1;2;14;A01
201700005492;2;1;0;0;0;5;19;A01
201700005492;2;7;0;0;2;3;1;B01
201700005493;1;7;0;0;1;2;17;A01
201700005494;1;2;0;0;2;1;1;B01
201700005494;1;2;0;0;2;1;1;C01
201700005494;2;7;0;0;2;3;15;A01
201700005495;1;7;0;0;2;2;1;A01
201700005495;2;1;0;0;0;7;19;B01
201700005496;1;33;0;0;6;1;1;A01
201700005497;1;7;0;0;2;1;13;A01
201700005497;2;7;0;0;2;3;1;B01
201700005498;2;2;0;0;2;1;1;A01
201700005498;2;7;0;0;2;7;9;B01
201700005499;1;33;0;12;0;7;1;A01
201700005500;1;7;0;0;0;0;0;A01
201700005500;2;37;1;0;2;2;1;B01
201700005501;1;7;0;0;1;3;1;A01
201700005502;2;33;0;0;2;9;1;B01
201700005502;1;7;0;0;2;3;15;A01
201700005503;1;33;0;0;0;8;1;A01
201700005504;1;7;0;0;2;8;1;C01
201700005504;1;7;0;0;2;2;1;B01
201700005504;1;7;0;0;2;1;5;A01
201700005505;2;7;0;8;2;1;1;B01
201700005505;1;7;0;0;2;1;15;A01
201700005506;1;7;0;0;2;1;5;A01
201700005506;2;10;0;10;2;1;1;B01
201700005507;2;33;0;0;2;1;1;B01
201700005507;1;10;0;0;2;2;1;A01
201700005508;1;10;0;0;2;8;15;B01
201700005508;1;33;0;0;2;1;17;A01
201700005509;1;7;0;0;2;3;0;B01
201700005509;1;34;0;0;2;7;1;A01
201700005510;2;10;0;0;2;3;0;B01
201700005510;2;30;0;0;2;1;3;A01
201700005511;1;32;0;0;2;1;2;A01
201700005511;1;7;0;0;2;6;2;B01
201700005512;2;1;0;0;2;7;16;B01
201700005512;1;7;0;0;2;3;16;A01
201700005513;1;32;0;0;1;2;17;A01
201700005514;1;33;0;0;2;9;17;A01
201700005514;2;7;0;0;2;3;15;B01
201700005515;1;31;0;6;0;1;0;A01
201700005516;1;32;0;0;0;0;1;A01
201700005516;1;7;0;0;0;0;15;B01
201700005517;1;7;0;8;1;1;1;A01
201700005518;1;33;0;12;0;1;5;A01
201700005519;1;32;0;0;2;1;1;B01
201700005519;2;7;0;0;2;2;15;A01
201700005520;1;7;0;0;2;2;2;A01
201700005520;1;33;0;0;2;8;2;B01
201700005521;1;1;0;0;2;4;1;B01
201700005521;1;7;0;0;2;2;1;A01
201700005522;1;1;0;0;2;4;2;B01
201700005522;1;34;0;0;2;2;2;Z01
201700005523;1;7;0;0;2;8;2;A01
201700005523;1;33;0;0;2;8;17;B01
201700005524;1;7;0;0;0;0;2;C01
201700005524;2;7;0;0;9;3;1;B01
201700005524;1;33;0;0;0;0;17;A01
201700005525;2;7;0;0;1;3;9;A01
201700005526;1;30;0;0;2;4;9;A01
201700005526;1;7;0;0;2;2;1;B01
201700005527;2;7;0;0;2;3;16;A01
201700005527;2;7;0;0;2;3;16;B01
201700005528;1;7;0;0;1;3;16;A01
201700005529;1;7;0;0;1;0;0;A01
201700005530;1;7;0;0;1;1;19;A01
201700005531;1;30;0;1;2;2;1;B01
201700005531;1;7;0;0;2;3;15;C01
201700005531;1;34;0;0;2;1;1;A01
201700005532;1;2;0;0;2;1;5;A01
201700005532;1;7;0;8;2;1;16;B01
201700005533;1;7;0;0;1;0;0;A01
201700005534;1;7;0;0;1;3;0;A01
201700005535;2;7;0;0;2;2;0;B01
201700005535;1;7;0;0;2;1;5;A01
201700005536;0;2;0;0;2;2;1;B01
201700005536;0;7;0;0;2;3;19;A01
201700005537;1;33;0;3;0;1;0;A01
201700005538;1;7;0;0;2;3;0;A01
201700005538;2;7;0;0;2;3;0;B01
201700005539;0;7;0;0;0;8;9;A01
201700005539;0;31;0;0;0;7;0;B01
201700005540;2;10;0;0;1;4;4;A01
201700005541;0;7;0;0;0;0;15;A01
201700005541;0;1;0;0;0;0;0;C01
201700005541;0;1;0;0;0;0;0;D01
201700005542;1;7;0;1;0;1;0;A01
201700005543;2;7;0;11;1;7;1;A01
201700005544;1;30;0;0;2;1;13;B01
201700005544;0;33;0;0;2;1;1;A01
201700005545;1;32;0;0;2;1;15;A01
201700005545;2;7;0;0;2;1;9;B01
201700005546;1;7;0;0;2;2;14;A01
201700005546;1;1;0;0;2;6;1;B01
201700005547;2;7;0;0;2;1;21;A01
201700005547;2;31;0;0;2;4;13;B01
201700005548;1;7;0;0;2;3;13;A01
201700005548;1;7;0;0;2;3;1;B01
201700005548;2;34;0;0;2;1;1;C01
201700005549;1;7;0;0;1;1;1;A01
201700005550;1;31;0;0;2;4;15;A01
201700005550;1;31;0;0;2;1;0;Z01
201700005551;1;1;0;0;2;7;2;B01
201700005551;1;7;0;0;2;7;2;A01
201700005552;1;7;0;0;2;3;23;C01
201700005552;1;33;0;0;2;8;1;A01
201700005552;2;7;0;0;2;1;15;B01
201700005553;1;7;0;0;2;2;15;A01
201700005553;2;31;0;0;2;1;1;B01
201700005554;1;7;0;0;1;2;17;A01
201700005555;1;99;0;0;9;4;16;A01
201700005555;1;1;0;0;2;1;1;B01
201700005556;1;7;0;0;9;1;14;A01
201700005556;2;1;0;0;2;1;1;B01
201700005557;1;37;1;0;1;7;24;A01
201700005558;1;7;0;9;0;1;15;A01
201700005559;2;7;0;0;1;1;1;A01
201700005560;1;33;0;0;2;3;1;A01
201700005560;2;7;0;0;2;2;15;Z01
201700005561;1;7;0;0;9;1;16;A01
201700005561;1;1;0;0;2;8;19;B01
201700005562;2;7;0;0;2;5;15;A01
201700005562;1;31;0;0;2;1;1;B01
201700005563;1;7;0;0;2;3;13;A01
201700005563;2;7;0;0;2;3;1;B01
201700005564;1;7;0;0;2;7;1;A01
201700005564;2;7;0;0;2;1;2;B01
201700005565;1;7;0;0;1;1;15;A01
201700005565;1;31;0;0;1;4;15;B01
201700005566;1;33;0;1;0;2;1;A01
201700005567;1;7;0;0;1;1;1;A01
201700005568;1;7;0;0;2;7;15;A01
201700005568;2;33;0;0;2;1;1;B01
201700005569;1;33;0;8;1;8;21;A01
201700005570;2;33;0;0;2;1;21;A01
201700005570;1;7;0;0;2;3;1;B01
201700005571;1;7;0;0;2;2;15;A01
201700005571;2;33;0;0;2;1;17;B01
201700005572;1;7;0;0;1;3;1;A01
201700005573;1;33;0;0;2;1;17;A01
201700005573;1;7;0;0;2;3;15;B01
201700005574;1;33;0;0;9;1;1;A01
201700005574;2;1;0;0;2;6;15;B01
201700005575;1;7;0;0;2;2;15;A01
201700005575;2;31;0;0;2;1;1;B01
201700005576;2;31;0;0;2;1;1;B01
201700005576;2;2;0;0;2;1;19;A01
201700005577;0;7;0;11;0;2;1;A01
201700005578;1;7;0;0;1;1;1;A01
201700005579;1;7;0;0;1;3;1;A01
201700005580;0;7;0;0;2;5;2;B01
201700005580;0;7;0;0;2;3;2;A01
201700005581;1;13;0;0;1;3;0;A01
201700005582;1;31;0;0;2;7;14;B01
201700005582;1;14;0;0;2;6;1;A01
201700005583;1;10;0;0;2;1;2;A01
201700005583;1;7;0;0;2;4;2;B01
201700005584;1;7;0;0;2;8;24;B01
201700005584;1;7;0;0;1;2;2;A01
201700005585;1;7;0;0;0;0;0;A01
201700005585;1;7;0;0;2;1;0;B01
201700005586;0;2;0;0;2;0;0;A01
201700005586;0;7;0;0;9;1;0;B01
201700005587;1;7;0;0;1;1;0;A01
201700005588;1;10;0;0;1;1;1;A01
201700005589;1;7;0;0;2;0;0;Z01
201700005589;1;7;0;0;2;0;0;A01
201700005590;1;7;0;0;2;3;0;A01
201700005590;1;30;0;0;2;5;0;B01
201700005591;1;33;0;0;2;1;1;B01
201700005591;2;7;0;0;2;8;10;A01
201700005592;1;7;0;0;2;2;1;B01
201700005593;2;7;0;0;2;2;9;A01
201700005593;1;34;0;0;2;0;0;B01
201700005594;1;7;0;0;2;3;15;A01
201700005594;1;7;0;15;0;9;17;B01
201700005595;1;32;0;0;2;7;2;B01
201700005595;1;7;0;0;2;1;9;A01
201700005596;1;32;0;0;2;7;17;A01
201700005596;1;7;0;0;2;3;15;B01
201700005597;1;7;0;0;0;6;2;B01
201700005597;1;33;0;0;2;2;17;A01
201700005598;1;33;0;0;2;1;2;C01
201700005598;2;7;0;0;0;0;5;A01
201700005598;1;7;0;0;0;4;2;B01
201700005599;1;7;0;0;2;7;15;A01
201700005599;1;30;0;0;2;1;1;B01
201700005600;1;14;0;0;1;2;1;A01
201700005601;2;7;0;0;1;2;9;A01
201700005602;1;7;0;0;1;0;0;A01
201700005603;1;7;0;0;2;3;15;A01
201700005603;2;30;0;0;2;2;1;B01
201700005604;2;7;0;0;2;3;15;A01
201700005604;2;30;0;0;2;1;1;B01
201700005605;1;7;0;0;1;2;1;A01
201700005606;2;33;0;0;2;2;16;B01
201700005606;2;7;0;0;2;3;1;A01
201700005607;1;7;0;0;1;2;14;A01
201700005608;1;7;0;0;1;0;0;A01
201700005609;2;30;0;12;0;1;1;A01
201700005610;2;34;0;0;2;2;9;A01
201700005610;2;7;0;0;2;3;17;B01
201700005611;1;13;0;0;2;2;0;B01
201700005611;1;7;0;0;2;3;9;A01
201700005612;2;2;0;10;0;8;13;A01
201700005613;1;30;0;0;2;4;2;A01
201700005613;1;7;0;0;2;2;2;B01
201700005614;1;7;0;0;2;6;20;B01
201700005614;1;30;0;0;2;1;2;A01
201700005615;1;7;0;0;2;3;0;A01
201700005615;1;7;0;0;2;3;1;B01
201700005616;2;7;0;8;0;2;1;A01
201700005617;1;7;0;0;2;3;5;A01
201700005617;0;7;0;0;2;1;1;B01
201700005618;1;30;0;0;2;2;0;B01
201700005618;1;7;0;0;2;3;2;A01
201700005619;1;7;0;0;2;6;9;A01
201700005619;1;32;0;0;2;0;21;B01
201700005620;2;7;0;0;2;3;1;B01
201700005620;1;33;0;0;2;1;17;A01
201700005621;1;7;0;0;2;6;2;B01
201700005621;1;32;0;0;2;2;17;A01
201700005622;1;7;0;0;2;1;13;A01
201700005622;1;7;0;0;2;6;1;B01
201700005623;1;7;0;0;1;5;1;A01
201700005624;2;30;0;0;2;1;1;B01
201700005624;1;7;0;0;2;1;15;A01
201700005625;2;7;0;0;2;1;1;A01
201700005625;1;31;0;0;2;1;1;B01
201700005626;1;33;0;0;2;1;13;A01
201700005626;2;7;0;0;2;1;0;B01
201700005627;1;7;0;0;2;0;0;Z01
201700005627;1;33;0;0;0;8;0;A01
201700005628;1;7;0;0;2;2;15;A01
201700005628;1;33;0;0;2;1;2;B01
201700005629;1;7;0;0;2;1;2;A01
201700005629;1;10;0;0;2;4;23;B01
201700005630;1;7;0;0;2;4;1;B01
201700005630;1;7;0;0;2;1;2;A01
201700005631;1;7;0;0;2;5;0;B01
201700005631;1;33;0;1;2;5;0;A01
201700005632;0;10;0;0;1;4;4;A01
201700005633;0;2;0;0;2;7;0;A01
201700005634;1;7;0;0;2;7;15;A01
201700005634;1;33;0;0;2;1;1;B01
201700005635;1;30;0;0;2;0;0;B01
201700005635;1;7;0;0;2;3;15;A01
201700005636;1;7;0;0;2;0;0;Z01
201700005636;2;2;0;0;2;2;17;A01
201700005637;1;10;0;0;2;1;16;A01
201700005637;1;7;0;0;2;4;16;B01
201700005638;0;30;0;7;0;1;0;A01
201700005639;2;7;0;0;2;6;1;A01
201700005639;2;32;0;0;2;1;2;B01
201700005640;2;7;0;0;1;2;1;A01
201700005640;2;7;0;0;2;4;21;B01
201700005640;2;7;0;0;2;1;2;C01
201700005641;2;7;0;0;1;3;1;A01
201700005642;1;7;0;0;2;0;0;A01
201700005642;1;33;0;0;1;1;2;B01
201700005643;2;30;0;0;2;3;15;B01
201700005643;1;33;0;0;2;1;13;A01
201700005644;2;7;0;0;1;1;1;A01
201700005645;1;7;0;0;2;5;23;B01
201700005645;1;33;0;0;2;8;18;A01
201700005646;2;7;0;0;2;2;22;A01
201700005646;2;31;0;0;2;3;21;B01
201700005646;2;7;0;0;2;3;23;C01
201700005647;1;34;0;0;2;1;17;B01
201700005647;1;7;0;0;2;8;11;A01
201700005648;1;7;0;0;2;3;9;A01
201700005648;1;33;0;0;2;1;9;B01
201700005649;1;33;0;0;1;1;17;A01
201700005650;1;34;0;0;2;1;1;B01
201700005650;2;7;0;0;2;3;15;A01
201700005651;1;7;0;0;2;4;1;B01
201700005651;1;31;0;0;2;1;1;A01
201700005652;1;7;0;0;2;0;9;B01
201700005652;1;2;0;0;2;0;17;A01
201700005653;1;31;0;8;0;1;1;A01
201700005654;1;33;0;0;2;1;17;B01
201700005654;1;7;0;0;2;8;10;A01
201700005655;1;7;0;0;2;1;15;A01
201700005655;1;7;0;0;2;5;2;B01
201700005656;1;7;0;0;9;3;15;A01
201700005656;2;37;1;0;2;2;2;B01
201700005657;1;7;0;0;1;1;0;A01
201700005658;1;34;0;0;2;1;1;A01
201700005658;1;7;0;0;2;3;20;B01
201700005659;2;7;0;0;2;2;15;A01
201700005659;1;33;0;0;2;1;21;B01
201700005660;2;7;0;0;2;0;0;A01
201700005660;2;33;0;0;2;8;1;B01
201700005661;1;7;0;0;2;3;21;A01
201700005661;1;33;0;0;2;4;23;B01
201700005662;1;33;0;0;1;1;1;A01
201700005663;1;7;0;0;2;1;16;A01
201700005663;2;7;0;0;2;6;23;B01
201700005663;2;7;0;0;2;8;23;C01
201700005664;1;7;0;0;2;3;9;A01
201700005664;2;7;0;0;2;3;1;C01
201700005664;1;33;0;0;2;1;21;B01
201700005665;1;7;0;0;2;1;9;A01
201700005665;1;7;0;0;2;7;15;B01
201700005666;2;30;0;0;2;1;1;B01
201700005666;1;7;0;0;2;8;19;A01
201700005667;2;7;0;0;2;7;9;A01
201700005667;2;31;0;0;2;8;9;B01
201700005668;1;7;0;0;0;0;10;A01
201700005668;1;33;0;0;2;3;21;B01
201700005669;2;7;0;0;2;1;1;B01
201700005669;1;7;0;8;2;1;19;A01
201700005670;2;7;0;0;2;7;9;A01
201700005670;2;33;0;1;2;1;1;B01
201700005671;1;7;0;0;2;1;19;B01
201700005671;2;7;0;0;2;2;15;A01
201700005672;1;33;0;0;1;1;21;A01
201700005673;1;7;0;0;2;4;1;A01
201700005673;1;34;0;0;2;8;1;B01
201700005673;2;31;0;0;2;0;1;C01
201700005674;1;7;0;15;1;1;18;A01
201700005675;2;7;0;0;2;1;15;A01
201700005675;1;30;0;0;2;1;1;B01
201700005676;2;7;0;0;2;5;12;A01
201700005676;2;33;0;0;2;3;1;B01
201700005677;2;33;0;0;2;1;1;B01
201700005677;2;7;0;0;2;2;16;A01
201700005678;1;30;0;0;2;4;15;B01
201700005678;1;33;0;0;9;1;0;A01
201700005679;1;7;0;0;2;3;15;B01
201700005679;1;33;0;0;2;7;16;A01
201700005680;2;7;0;0;2;2;1;C01
201700005680;2;7;0;0;2;4;2;B01
201700005680;2;33;0;0;2;1;2;A01
201700005681;1;7;0;0;1;8;14;A01
201700005682;2;33;0;0;2;1;1;B01
201700005682;1;7;0;0;2;2;15;A01
201700005683;2;7;0;0;2;7;10;A01
201700005683;1;33;0;0;2;1;0;B01
201700005684;2;33;0;0;2;1;0;B01
201700005684;1;7;0;0;2;7;0;A01
201700005685;1;7;0;0;2;2;15;A01
201700005685;1;7;0;0;2;3;1;C01
201700005685;2;30;0;0;2;1;1;B01
201700005686;2;7;0;0;2;1;2;A01
201700005686;2;7;0;0;2;4;2;B01
201700005687;2;7;0;0;1;1;15;A01
201700005688;1;32;0;0;2;3;18;B01
201700005688;1;7;0;0;9;2;12;A01
201700005689;1;32;0;0;2;1;15;B01
201700005689;1;7;0;0;2;8;15;C01
201700005689;1;7;0;0;2;2;1;A01
201700005690;2;10;0;0;2;6;19;A01
201700005690;2;30;0;0;2;2;17;B01
201700005691;2;33;0;0;2;1;2;A01
201700005691;2;14;0;0;2;4;23;B01
201700005692;1;7;0;0;1;2;2;A01
201700005693;1;7;0;0;2;3;2;A01
201700005693;1;32;0;0;2;4;15;B01
201700005694;2;30;0;0;1;1;0;A01
201700005695;1;32;0;0;2;1;1;B01
201700005695;2;7;0;0;2;1;15;A01
201700005696;1;7;0;0;1;1;1;A01
201700005697;1;7;0;0;1;1;7;A01
201700005698;2;7;0;0;2;2;7;A01
201700005698;2;7;0;0;2;8;19;B01
201700005699;2;7;0;2;0;8;0;A01
201700005700;1;7;0;0;2;3;15;A01
201700005700;1;32;0;1;2;1;17;B01
201700005701;1;1;0;0;9;1;0;A01
201700005701;1;1;0;0;9;1;0;B01
201700005702;1;32;0;0;2;1;0;A01
201700005703;1;34;0;0;1;1;1;A01
201700005704;1;32;0;0;2;2;15;A01
201700005704;1;30;0;0;2;2;1;B01
201700005705;1;10;0;0;2;7;9;A01
201700005705;1;33;0;0;2;2;1;B01
201700005706;1;33;0;0;2;1;0;B01
201700005706;1;7;0;0;2;1;0;A01
201700005707;1;7;0;0;1;1;0;A01
201700005708;1;33;0;1;2;1;0;A01
201700005709;0;7;0;0;0;0;0;A01
201700005710;1;37;1;0;2;7;1;A01
201700005710;1;7;0;0;2;1;1;B01
201700005711;1;7;0;0;2;2;15;A01
201700005711;1;31;0;0;2;1;1;B01
201700005712;1;31;0;0;1;1;1;A01
201700005713;1;14;0;0;1;5;1;A01
201700005714;1;33;0;0;2;1;0;B01
201700005714;1;7;0;0;2;3;1;A01
201700005715;1;10;0;0;1;1;9;A01
201700005716;1;7;0;0;1;1;0;A01
201700005717;1;7;0;0;1;2;0;A01
201700005718;1;32;0;0;2;1;0;B01
201700005718;1;7;0;0;2;1;0;A01
201700005719;1;10;0;0;2;3;10;A01
201700005719;1;32;0;0;2;2;2;B01
201700005720;1;10;0;0;2;3;1;A01
201700005720;1;10;0;0;2;1;1;B01
201700005720;1;10;0;0;2;3;2;C01
201700005721;1;7;0;0;1;1;0;A01
201700005722;0;33;0;0;2;1;1;B01
201700005722;1;7;0;0;2;1;11;A01
201700005723;1;32;0;0;2;8;1;B01
201700005723;1;10;0;0;2;3;19;A01
201700005724;1;30;0;0;1;1;0;A01
201700005725;1;10;0;0;2;3;15;A01
201700005725;1;33;0;1;2;1;17;B01
201700005726;1;32;0;0;2;1;1;B01
201700005726;1;10;0;0;2;1;1;A01