num_acc;senc;catv;occutc;obs;obsm;choc;manv;num_veh
201700005727;1;7;0;0;0;0;0;B01
201700005727;1;7;0;0;2;3;1;A01
201700005728;1;7;0;0;2;4;0;A01
201700005728;1;33;0;0;2;1;0;B01
201700005729;1;33;0;0;0;1;0;B01
201700005729;1;7;0;0;2;3;0;A01
201700005730;1;7;0;0;2;2;9;A01
201700005730;1;33;0;0;2;1;0;B01
201700005731;1;7;0;0;2;9;0;A01
201700005732;1;7;0;0;2;3;9;A01
201700005732;1;31;0;0;2;1;1;B01
201700005733;1;7;0;0;2;2;15;A01
201700005733;1;33;0;0;2;3;1;B01
201700005734;1;7;0;0;2;3;17;A01
201700005734;1;7;0;0;2;0;1;B01
201700005735;2;30;0;0;2;1;1;A01
201700005735;1;31;0;0;2;1;1;B01
201700005736;1;7;0;0;2;8;9;A01
201700005736;1;32;0;0;2;1;1;B01
201700005737;1;31;0;0;0;1;1;A01
201700005738;1;7;0;0;2;1;0;A01
201700005738;1;30;0;0;2;1;0;B01
201700005739;1;7;0;0;1;1;0;A01
201700005740;1;7;0;0;1;1;0;A01
201700005741;1;7;0;0;2;1;0;A01
201700005741;1;30;0;0;2;1;0;B01
201700005742;1;31;0;0;2;1;0;A01
201700005742;0;7;0;0;2;2;1;B01
201700005743;1;7;0;0;2;2;15;A01
201700005743;1;33;0;0;2;1;1;B01
201700005744;1;7;0;0;1;1;1;A01
201700005745;1;7;0;0;2;1;1;A01
201700005745;1;7;0;0;2;1;1;B01
201700005746;1;32;0;0;2;3;0;A01
201700005747;1;30;0;0;1;1;1;A01
201700005748;1;30;0;0;1;1;0;A01
201700005749;1;32;0;0;2;1;17;B01
201700005749;1;7;0;0;2;0;0;A01
201700005750;1;14;0;0;2;2;16;A01
201700005750;1;33;0;0;2;1;18;B01
201700005751;1;30;0;0;1;1;1;A01
201700005752;1;30;0;0;2;2;13;A01
201700005753;1;33;0;0;2;1;1;A01
201700005753;1;7;0;0;2;6;9;B01
201700005754;1;7;0;0;1;2;1;A01
201700005755;1;7;0;0;1;1;1;A01
201700005756;1;7;0;0;2;3;10;A01
201700005756;1;32;0;0;2;1;1;B01
201700005757;1;31;0;0;2;0;1;B01
201700005757;1;7;0;0;2;1;1;A01
201700005758;1;10;0;0;2;7;1;A01
201700005758;1;33;0;0;2;1;1;B01
201700005759;1;32;0;0;2;1;1;B01
201700005759;1;7;0;0;2;3;9;A01
201700005760;1;7;0;0;2;1;9;A01
201700005760;1;32;0;0;2;1;1;B01
201700005761;1;31;0;0;2;1;1;A01
201700005761;1;7;0;0;2;4;0;B01
201700005762;1;7;0;0;2;4;1;C01
201700005762;1;7;0;0;2;4;1;B01
201700005762;1;10;0;0;2;4;1;A01
201700005763;1;10;0;0;2;3;13;A01
201700005764;1;7;0;0;1;1;1;A01
201700005765;1;31;0;0;2;2;17;A01
201700005765;1;7;0;0;2;3;1;B01
201700005766;1;7;0;0;2;1;6;A01
201700005766;1;37;4;0;2;0;9;B01
201700005767;1;7;0;0;2;1;9;A01
201700005767;1;7;0;0;2;3;1;B01
201700005768;1;7;0;0;2;1;9;A01
201700005768;1;34;0;0;2;1;1;B01
201700005769;1;7;0;0;2;2;15;A01
201700005769;2;30;0;0;2;0;1;B01
201700005770;1;34;0;4;0;1;9;A01
201700005771;1;31;0;0;2;0;1;A01
201700005771;1;34;0;0;2;1;10;B01
201700005772;1;33;0;0;1;1;1;A01
201700005773;1;7;0;0;1;1;9;A01
201700005774;1;34;0;3;0;1;2;A01
201700005775;1;7;0;0;1;2;1;A01
201700005776;1;7;0;0;2;3;1;A01
201700005776;1;7;0;0;2;3;1;B01
201700005776;1;32;0;0;2;1;2;C01
201700005777;1;7;0;0;2;1;1;A01
201700005777;1;7;0;0;2;1;1;B01
201700005778;1;7;0;0;2;2;9;A01
201700005778;1;7;0;0;2;3;1;B01
201700005779;1;7;0;0;2;1;1;B01
201700005780;1;7;0;9;1;1;1;A01
201700005781;1;32;0;0;1;1;1;A01
201700005782;1;7;0;0;1;1;1;A01
201700005783;1;31;0;0;1;1;1;A01
201700005784;1;10;0;0;2;8;9;A01
201700005784;1;33;0;0;2;1;1;B01
201700005785;1;7;0;0;2;3;9;A01
201700005785;1;30;0;0;2;0;1;B01
201700005786;1;7;0;0;1;1;16;A01
201700005787;1;7;0;0;2;3;1;A01
201700005787;2;34;0;0;2;0;1;B01
201700005788;1;7;0;0;2;1;15;A01
201700005788;1;30;0;0;2;1;1;B01
201700005789;1;7;0;0;1;1;1;A01
201700005790;1;7;0;0;2;6;15;A01
201700005790;1;33;0;0;2;1;1;B01
201700005791;1;7;0;0;1;1;1;A01
201700005792;1;37;1;0;1;2;7;A01
201700005793;1;7;0;0;2;4;4;A01
201700005793;1;33;0;0;2;1;23;B01
201700005794;1;7;0;0;1;1;16;A01
201700005795;1;7;0;0;1;1;15;A01
201700005796;1;7;0;3;0;1;1;A01
201700005797;1;33;0;0;1;1;1;A01
201700005798;1;7;0;0;1;1;1;A01
201700005799;1;7;0;1;1;4;4;A01
201700005800;1;7;0;0;2;3;1;A01
201700005800;1;30;0;0;2;2;14;B01
201700005801;1;7;0;0;2;7;17;A01
201700005801;1;1;0;0;2;8;1;B01
201700005802;1;7;0;0;2;2;15;A01
201700005802;1;2;0;0;2;1;1;B01
201700005803;1;31;0;0;2;3;1;B01
201700005803;1;10;0;0;2;3;15;A01
201700005804;1;7;0;0;2;2;9;A01
201700005804;1;33;0;0;2;1;9;B01
201700005805;1;7;0;0;2;0;1;A01
201700005805;1;30;0;0;2;1;9;B01
201700005806;1;32;0;0;2;1;18;A01
201700005806;1;7;0;0;2;1;16;B01
201700005807;1;7;0;0;2;0;9;A01
201700005807;1;30;0;0;2;1;1;B01
201700005808;1;34;0;0;2;1;1;B01
201700005808;1;7;0;0;2;3;15;A01
201700005809;2;13;0;0;2;1;17;A01
201700005809;1;7;0;0;2;3;1;B01
201700005810;1;32;0;0;1;1;1;A01
201700005811;1;14;0;0;2;8;1;A01
201700005811;1;7;0;0;2;8;1;B01
201700005812;1;7;0;0;1;2;1;A01
201700005813;1;7;0;0;2;4;2;B01
201700005813;1;7;0;0;2;1;2;A01
201700005814;0;34;0;0;2;1;1;A01
201700005814;1;7;0;0;2;3;9;B01
201700005815;1;37;1;0;2;1;2;A01
201700005815;1;7;0;0;2;4;2;B01
201700005815;1;7;0;0;0;4;2;C01
201700005816;2;7;0;0;2;1;1;A01
201700005816;2;10;0;0;2;2;19;B01
201700005817;2;7;0;0;2;1;15;A01
201700005817;1;7;0;0;2;1;1;B01
201700005818;1;7;0;0;1;2;2;A01
201700005819;1;7;0;2;0;2;1;A01
201700005820;2;7;0;0;2;1;2;A01
201700005820;2;7;0;0;0;4;2;B01
201700005821;1;7;0;0;2;8;15;B01
201700005821;2;7;0;0;2;3;15;A01
201700005822;2;7;0;0;1;1;17;A01
201700005823;1;7;0;13;0;1;1;A01
201700005824;2;7;0;6;0;1;13;A01
201700005825;1;10;0;8;0;1;14;A01
201700005826;1;7;0;6;0;2;14;A01
201700005827;1;30;0;0;0;0;1;A01
201700005828;2;7;0;0;1;2;1;A01
201700005829;1;7;0;0;2;1;13;A01
201700005829;2;7;0;0;2;1;1;B01
201700005830;2;7;0;0;2;1;5;A01
201700005830;1;7;0;0;2;1;1;B01
201700005831;1;2;0;0;2;3;11;A01
201700005831;1;7;0;0;0;2;1;B01
201700005832;2;7;0;6;2;7;13;A01
201700005832;1;31;0;0;2;1;0;B01
201700005833;2;7;0;0;2;2;2;A01
201700005833;2;7;0;0;2;6;2;B01
201700005834;1;36;0;4;0;2;1;A01
201700005835;1;7;0;0;0;2;1;A01
201700005836;1;7;0;0;1;1;1;A01
201700005837;2;7;0;0;2;1;2;A01
201700005837;2;33;0;0;0;4;2;B01
201700005838;1;7;0;0;2;3;15;A01
201700005838;2;33;0;0;2;1;3;B01
201700005839;2;7;0;0;0;1;1;A01
201700005839;1;33;0;0;2;7;13;B01
201700005840;1;33;0;0;2;0;1;A01
201700005840;1;13;0;0;0;0;0;T01
201700005841;2;7;0;0;1;1;0;A01
201700005842;2;7;0;6;0;2;13;A01
201700005843;1;7;0;0;1;1;1;A01
201700005844;1;7;0;0;2;3;1;B01
201700005844;2;7;0;0;2;3;1;A01
201700005845;1;7;0;0;2;3;1;B01
201700005845;2;7;0;0;2;3;1;A01
201700005846;2;7;0;0;2;8;15;A01
201700005846;2;30;0;0;2;1;17;B01
201700005847;2;33;0;0;2;1;1;B01
201700005847;2;10;0;0;2;8;9;A01
201700005848;1;7;0;4;0;0;1;A01
201700005849;1;33;0;0;2;5;15;B01
201700005849;1;7;0;0;2;1;2;A01
201700005850;2;7;0;0;1;1;1;A01
201700005851;2;32;0;0;2;2;17;A01
201700005851;2;10;0;0;2;8;15;B01
201700005852;1;7;0;0;2;3;1;A01
201700005852;1;33;0;0;0;0;0;B01
201700005853;2;33;0;16;2;1;0;A01
201700005853;2;7;0;0;0;5;15;B01
201700005853;1;7;0;0;2;3;1;C01
201700005854;2;2;0;0;2;4;0;A01
201700005855;2;7;0;2;0;1;14;A01
201700005856;1;7;0;0;2;3;0;A01
201700005856;1;2;0;0;2;7;1;B01
201700005857;2;7;0;0;2;1;2;A01
201700005857;2;7;0;0;2;4;2;B01
201700005857;2;7;0;0;2;4;2;C01
201700005858;2;7;0;0;2;2;13;A01
201700005858;1;7;0;0;2;3;1;B01
201700005859;1;7;0;0;2;1;1;A01
201700005859;1;7;0;0;2;4;1;B01
201700005859;1;7;0;0;2;4;1;C01
201700005860;2;33;0;0;2;1;17;A01
201700005860;0;7;0;0;2;3;15;B01
201700005861;1;7;0;0;2;1;2;A01
201700005861;1;7;0;0;2;4;2;B01
201700005861;1;7;0;0;2;4;2;C01
201700005862;2;7;0;0;2;6;24;B01
201700005862;2;7;0;1;0;4;4;A01
201700005863;1;7;0;0;2;1;0;A01
201700005863;1;7;0;0;2;4;0;B01
201700005864;1;33;0;0;0;0;0;A01
201700005865;1;7;0;0;1;1;1;A01
201700005866;2;7;0;0;1;1;1;Z01
201700005867;2;10;0;0;2;1;1;A01
201700005867;2;7;0;0;2;5;2;B01
201700005868;2;32;0;0;2;1;2;A01
201700005868;2;10;0;0;2;4;0;B01
201700005869;2;7;0;5;0;2;14;A01
201700005870;2;32;0;0;1;1;3;A01
201700005871;2;7;0;0;2;8;3;A01
201700005871;1;2;0;0;0;0;0;B01
201700005872;2;30;0;0;9;1;0;A01
201700005872;1;7;0;0;9;6;0;B01
201700005873;2;2;0;0;0;0;0;A01
201700005874;2;2;0;0;2;3;17;A01
201700005874;2;7;0;0;2;3;15;B01
201700005875;1;7;0;0;2;1;2;A01
201700005875;1;30;0;0;2;1;2;B01
201700005875;1;3;0;0;9;4;0;C01
201700005876;2;7;0;0;2;0;0;A01
201700005876;1;31;0;0;2;1;1;B01
201700005876;1;30;0;0;2;1;1;C01
201700005877;0;7;0;0;2;1;2;A01
201700005877;1;7;0;0;0;4;2;B01
201700005878;1;7;0;0;2;1;2;A01
201700005878;1;14;0;0;2;6;2;B01
201700005879;1;7;0;0;1;3;1;A01
201700005880;1;2;0;0;2;8;2;A01
201700005880;1;7;0;0;2;2;12;B01
201700005881;1;2;0;0;2;1;2;A01
201700005881;1;7;0;0;2;4;1;B01
201700005882;1;30;0;0;2;1;13;A01
201700005882;2;7;0;0;2;1;1;B01
201700005883;2;30;0;0;0;7;0;A01
201700005884;1;7;0;0;1;3;2;A01
201700005885;1;1;0;0;0;0;0;A01
201700005886;1;7;0;13;0;7;1;A01
201700005887;1;7;0;0;0;0;0;A01
201700005888;2;7;0;0;2;3;19;B01
201700005888;2;33;0;0;2;2;17;A01
201700005889;1;33;0;0;2;1;1;B01
201700005889;2;7;0;0;2;5;17;A01
201700005890;1;7;0;0;0;0;1;A01
201700005890;1;1;0;0;0;0;1;B01
201700005891;1;7;0;0;2;1;1;A01
201700005891;1;7;0;0;2;4;23;B01
201700005892;2;7;0;0;2;1;2;A01
201700005892;2;7;0;0;2;4;2;C01
201700005892;2;7;0;0;2;4;2;B01
201700005893;1;2;0;0;0;7;16;A01
201700005894;1;7;0;6;0;3;13;A01
201700005895;1;7;0;0;2;1;16;A01
201700005895;1;7;0;0;2;1;2;B01
201700005896;2;7;0;0;1;1;1;A01
201700005897;1;7;0;14;0;2;1;A01
201700005898;1;7;0;0;1;0;20;A01
201700005899;1;7;0;0;2;1;17;A01
201700005899;1;7;0;0;2;3;23;B01
201700005900;2;1;0;0;2;3;13;A01
201700005900;1;7;0;0;9;3;13;B01
201700005901;1;7;0;0;2;1;2;A01
201700005901;1;7;0;0;2;4;2;B01
201700005902;1;7;0;0;2;1;1;A01
201700005902;2;7;0;0;2;1;1;B01
201700005903;1;7;0;6;0;1;14;A01
201700005904;1;7;0;0;2;1;2;A01
201700005904;1;7;0;0;2;4;2;B01
201700005905;2;33;0;0;0;0;1;A01
201700005906;1;7;0;0;2;3;15;B01
201700005906;1;33;0;0;2;2;17;A01
201700005907;1;7;0;0;2;1;9;A01
201700005907;2;7;0;0;2;7;23;B01
201700005908;2;31;0;0;0;7;23;A01
201700005909;2;7;0;13;0;2;16;A01
201700005910;1;7;0;0;2;2;15;A01
201700005910;2;1;0;0;2;1;1;B01
201700005911;2;34;0;0;2;2;2;B01
201700005911;2;7;0;0;2;6;16;A01
201700005912;2;37;1;0;2;1;1;A01
201700005912;2;7;0;16;0;4;0;B01
201700005913;1;7;0;0;9;1;2;A01
201700005913;1;33;0;0;2;4;2;B01
201700005913;2;7;0;0;2;2;2;C01
201700005914;1;30;0;0;0;0;0;A01
201700005915;1;7;0;0;2;3;13;A01
201700005915;2;13;0;0;2;3;1;B01
201700005916;2;7;0;0;1;3;15;A01
201700005917;1;2;0;0;0;8;21;A01
201700005918;2;7;0;0;1;1;2;A01
201700005919;2;7;0;0;1;1;1;A01
201700005920;1;30;0;0;1;1;17;A01
201700005921;1;7;0;6;2;5;13;A01
201700005921;2;7;0;0;2;8;1;B01
201700005922;2;10;0;0;1;0;15;A01
201700005923;1;33;0;0;0;8;1;A01
201700005924;1;7;0;0;2;3;13;A01
201700005924;2;7;0;0;2;3;1;B01
201700005924;2;10;0;0;2;3;1;C01
201700005925;1;7;0;0;2;2;13;B01
201700005925;2;7;0;0;2;2;13;A01
201700005926;2;33;0;0;2;1;17;A01
201700005926;2;7;0;0;2;3;15;B01
201700005927;2;33;0;0;2;1;1;A01
201700005927;1;7;0;0;2;1;15;B01
201700005928;2;33;0;0;2;1;18;A01
201700005928;2;7;0;0;9;5;9;B01
201700005929;1;7;0;0;2;1;9;A01
201700005929;1;34;0;0;2;4;23;B01
201700005930;2;34;0;0;0;0;1;A01
201700005931;1;31;0;0;2;1;13;A01
201700005931;2;2;0;0;2;1;1;B01
201700005932;1;7;0;0;2;1;13;A01
201700005932;2;7;0;0;2;1;1;B01
201700005932;1;7;0;0;2;3;1;C01
201700005933;2;2;0;0;0;3;2;A01
201700005934;1;7;0;0;2;3;13;A01
201700005934;2;7;0;0;2;3;1;B01
201700005935;2;31;0;0;2;1;17;A01
201700005935;2;7;0;0;2;6;15;B01
201700005936;1;7;0;0;2;1;2;A01
201700005936;1;7;0;0;2;6;21;B01
201700005937;2;2;0;0;0;8;1;A01
201700005938;1;7;0;0;2;3;13;A01
201700005938;2;7;0;0;2;8;0;B01
201700005939;1;7;0;0;2;3;1;A01
201700005939;2;33;0;0;2;8;1;B01
201700005940;2;7;0;0;1;3;19;A01
201700005941;2;7;0;0;2;2;1;B01
201700005941;2;7;0;0;2;3;9;A01
201700005942;2;33;0;0;2;1;17;A01
201700005942;2;7;0;0;2;6;23;B01
201700005943;2;7;0;6;0;6;13;A01
201700005944;2;7;0;0;1;3;1;A01
201700005945;1;7;0;0;2;1;1;A01
201700005945;1;7;0;0;2;4;1;B01
201700005945;1;7;0;0;2;4;1;C01
201700005945;1;7;0;0;2;4;1;D01
201700005945;1;7;0;0;2;4;1;E01
201700005946;1;30;0;0;2;7;17;A01
201700005946;1;7;0;0;2;8;15;B01
201700005947;1;7;0;0;2;1;1;A01
201700005947;1;7;0;0;9;4;15;B01
201700005948;1;34;0;4;2;3;13;A01
201700005948;2;7;0;0;2;2;19;B01
201700005949;2;33;0;0;2;2;1;B01
201700005949;2;7;0;0;2;1;15;A01
201700005950;2;30;0;0;0;0;1;A01
201700005951;2;7;0;0;2;1;21;A01
201700005951;2;7;0;0;2;4;23;B01
201700005952;2;7;0;0;2;1;2;A01
201700005952;2;10;0;0;2;4;2;B01
201700005953;1;2;0;6;0;1;1;A01
201700005954;2;2;0;0;0;0;1;A01
201700005955;1;30;0;0;1;0;1;A01
201700005956;1;33;0;0;2;4;2;B01
201700005956;1;7;0;0;2;1;2;A01
201700005957;2;33;0;0;2;1;17;A01
201700005957;2;7;0;0;2;8;15;B01
201700005958;1;30;0;0;0;0;16;A01
201700005959;1;10;0;0;2;2;15;A01
201700005959;1;31;0;0;2;5;1;B01
201700005960;2;7;0;0;2;3;13;A01
201700005960;1;1;0;0;2;1;1;B01
201700005961;1;33;0;0;0;7;1;A01
201700005962;2;2;0;0;0;7;1;A01
201700005963;1;7;0;0;1;0;0;A01
201700005964;1;2;0;0;2;1;17;A01
201700005964;1;7;0;0;2;8;15;B01
201700005965;2;7;0;0;1;6;4;A01
201700005966;2;7;0;0;2;1;9;A01
201700005966;2;2;0;0;2;5;9;B01
201700005967;2;7;0;6;0;2;1;A01
201700005968;1;7;0;0;2;3;1;A01
201700005968;2;33;0;0;2;3;1;B01
201700005969;2;7;0;0;2;2;2;A01
201700005969;2;30;0;0;1;1;16;B01
201700005970;2;31;0;0;2;7;17;A01
201700005970;2;7;0;0;2;3;15;B01
201700005971;1;7;0;0;2;1;0;A01
201700005971;1;7;0;0;2;2;1;B01
201700005972;1;34;0;0;0;2;1;A01
201700005973;2;7;0;0;2;1;1;B01
201700005973;2;10;0;0;2;8;19;A01
201700005974;1;1;0;0;0;0;19;A01
201700005975;2;7;0;0;2;2;2;A01
201700005975;2;7;0;0;2;6;2;B01
201700005976;2;7;0;6;0;2;14;A01
201700005977;1;31;0;6;0;7;1;A01
201700005978;1;7;0;0;2;1;13;A01
201700005978;2;7;0;0;2;2;2;B01
201700005978;2;7;0;0;2;1;2;C01
201700005979;1;7;0;6;0;1;15;A01
201700005980;1;2;0;0;0;8;1;A01
201700005981;1;1;0;0;2;1;0;A01
201700005981;1;7;0;0;9;2;9;B01
201700005982;2;7;0;10;0;2;14;A01
201700005983;1;7;0;13;0;1;16;A01
201700005984;1;7;0;6;0;2;1;A01
201700005985;1;7;0;0;1;2;1;A01
201700005986;1;7;0;8;0;1;1;A01
201700005987;2;7;0;1;0;1;13;A01
201700005988;2;7;0;0;1;3;15;A01
201700005989;0;7;0;0;2;2;15;A01
201700005989;0;32;0;0;2;1;1;B01
201700005990;1;7;0;0;1;1;15;A01
201700005991;2;33;0;0;0;1;1;A01
201700005992;2;7;0;0;2;2;9;A01
201700005992;2;2;0;0;2;1;1;B01
201700005993;1;30;0;0;0;0;0;A01
201700005993;0;7;0;0;0;0;0;B01
201700005994;0;33;0;0;2;3;1;A01
201700005994;0;33;0;0;2;3;17;B01
201700005995;1;33;0;0;1;1;1;A01
201700005996;1;7;0;0;1;1;15;A01
201700005997;0;3;0;0;2;3;1;A01
201700005997;0;30;0;0;2;3;13;B01
201700005998;2;7;0;0;2;3;15;A01
201700005998;1;34;0;0;2;1;1;B01
201700005999;1;33;0;0;2;1;2;A01
201700005999;1;7;0;0;2;4;2;B01
201700006000;0;7;0;0;1;1;9;A01
201700006001;1;33;0;0;1;0;2;A01
201700006002;1;33;0;0;2;1;19;B01
201700006002;2;7;0;0;2;1;1;A01
201700006003;1;7;0;0;2;3;0;A01
201700006003;2;31;0;0;2;1;1;B01
201700006004;1;32;0;0;0;7;1;A01
201700006005;1;33;0;0;2;1;1;A01
201700006005;1;1;0;0;2;8;15;B01
201700006006;1;7;0;0;2;3;13;A01
201700006006;2;7;0;0;2;3;1;B01
201700006007;1;2;0;0;1;3;1;A01
201700006008;1;33;0;0;1;1;13;A01
201700006009;0;2;0;0;2;1;17;A01
201700006009;1;7;0;0;2;1;1;B01
201700006010;2;30;0;0;2;1;17;A01
201700006010;2;7;0;0;2;3;15;B01
201700006011;2;3;0;0;1;1;1;A01
201700006012;1;2;0;0;0;0;0;A01
201700006013;2;31;0;0;2;1;2;A01
201700006013;2;30;0;0;2;4;2;B01
201700006014;1;32;0;0;2;1;17;A01
201700006014;1;2;0;0;2;0;0;B01
201700006015;1;7;0;0;2;3;20;A01
201700006015;0;32;0;0;2;7;1;B01
201700006016;1;30;0;0;2;3;0;A01
201700006016;2;7;0;0;2;8;0;B01
201700006017;2;33;0;0;2;1;13;A01
201700006017;2;7;0;0;2;3;1;B01
201700006018;0;7;0;0;0;7;15;A01
201700006018;0;33;0;0;0;1;2;B01
201700006018;0;7;0;0;0;3;1;C01
201700006019;1;32;0;0;2;2;16;A01
201700006019;2;38;1;0;2;3;15;B01
201700006020;1;7;0;0;2;3;19;A01
201700006020;2;7;0;0;2;3;1;B01
201700006020;2;7;0;0;2;3;1;D01
201700006021;2;7;0;0;1;2;1;A01
201700006022;1;33;0;0;2;1;1;A01
201700006022;1;34;0;0;2;0;5;Z01
201700006023;1;31;0;0;2;0;17;A01
201700006023;1;31;0;0;2;0;17;B01
201700006024;2;33;0;1;2;1;17;A01
201700006024;2;7;0;0;2;3;2;B01
201700006025;1;99;0;0;2;7;17;A01
201700006025;2;32;0;0;2;8;1;B01
201700006026;1;7;0;0;1;1;16;A01
201700006027;1;7;0;0;2;2;15;A01
201700006027;2;31;0;0;2;1;1;B01
201700006028;1;33;0;8;0;1;1;A01
201700006029;2;34;0;0;2;1;1;A01
201700006029;2;7;0;0;2;3;1;B01
201700006030;1;33;0;0;1;1;1;A01
201700006031;1;33;0;0;2;1;13;A01
201700006031;1;31;0;0;2;8;1;B01
201700006032;1;7;0;0;2;1;13;A01
201700006032;2;14;0;0;2;3;1;B01
201700006032;1;7;0;0;2;1;1;C01
201700006033;2;33;0;0;2;1;1;B01
201700006033;2;34;0;0;2;8;19;A01
201700006034;1;31;0;0;2;7;17;B01
201700006034;1;7;0;0;2;8;16;A01
201700006035;1;34;0;6;0;0;0;A01
201700006036;2;7;0;0;2;2;15;A01
201700006036;1;32;0;0;2;1;1;B01
201700006037;1;7;0;1;0;1;2;A01
201700006038;1;7;0;0;1;1;1;A01
201700006039;1;14;0;0;2;2;15;A01
201700006039;2;31;0;0;2;1;21;B01
201700006040;2;31;0;0;2;3;1;B01
201700006040;2;7;0;0;2;2;19;A01
201700006041;1;7;0;0;2;3;11;A01
201700006041;2;7;0;0;2;3;1;B01
201700006042;1;33;0;0;0;7;1;A01
201700006043;2;13;0;0;9;6;1;B01
201700006043;2;34;0;0;9;0;17;A01
201700006044;2;7;0;1;0;2;14;A01
201700006045;1;7;0;0;2;3;15;A01
201700006045;2;7;0;0;2;3;1;B01
201700006046;2;7;0;0;2;3;9;A01
201700006046;2;31;0;0;2;2;1;B01
201700006047;1;33;0;4;0;1;1;A01
201700006048;1;31;0;9;1;1;17;A01
201700006049;1;34;0;0;2;1;1;B01
201700006049;1;7;0;0;2;1;9;A01
201700006050;1;7;0;0;2;0;18;A01
201700006050;1;34;0;0;2;0;23;B01
201700006051;2;31;0;0;2;7;17;A01
201700006051;2;7;0;0;2;8;15;B01
201700006052;1;31;0;0;2;1;13;A01
201700006052;2;37;1;0;2;1;1;B01
201700006053;1;30;0;0;0;0;1;A01
201700006054;1;32;0;9;0;2;1;A01
201700006055;1;7;0;0;1;3;15;A01
201700006056;1;7;0;0;1;4;4;A01
201700006057;0;7;0;0;1;3;15;A01
201700006058;0;7;0;0;9;1;5;A01
201700006058;0;1;0;0;2;1;1;B01
201700006059;1;7;0;0;2;8;15;B01
201700006059;1;2;0;0;2;1;1;A01
201700006060;2;7;0;0;1;1;1;A01
201700006061;1;7;0;0;2;4;23;B01
201700006061;1;7;0;0;2;1;1;A01
201700006062;0;10;0;0;2;1;2;A01
201700006062;1;7;0;0;2;4;2;B01
201700006062;1;7;0;0;2;4;2;C01
201700006062;1;7;0;0;2;4;1;D01
201700006063;1;31;0;0;2;8;2;A01
201700006063;1;7;0;0;2;2;0;Z01
201700006064;1;7;0;0;2;1;15;A01
201700006064;1;2;0;0;2;1;1;B01
201700006065;1;31;0;0;2;1;2;A01
201700006065;1;7;0;0;2;4;23;B01
201700006066;1;34;0;0;2;8;1;A01
201700006067;1;3;0;1;0;2;1;A01
201700006068;1;7;0;0;2;2;1;A01
201700006068;1;31;0;0;2;8;1;B01
201700006069;1;7;0;0;2;4;1;B01
201700006069;1;30;0;0;2;1;1;A01
201700006070;2;7;0;8;0;3;2;A01
201700006070;0;7;0;1;2;1;24;C01
201700006071;2;7;0;1;2;5;1;A01
201700006071;1;7;0;0;2;1;1;B01
201700006072;2;7;0;0;2;1;2;A01
201700006072;2;7;0;0;2;6;2;B01
201700006073;2;7;0;0;2;2;2;A01
201700006073;1;2;0;0;2;4;1;B01
201700006073;1;7;0;0;2;8;1;C01
201700006074;0;7;0;0;2;1;1;A01
201700006074;1;7;0;0;2;2;1;B01
201700006075;2;7;0;0;2;4;23;B01
201700006075;2;10;0;9;2;2;1;A01
201700006076;0;31;0;1;0;1;1;A01
201700006077;1;33;0;0;2;1;2;A01
201700006077;1;7;0;0;2;4;23;B01
201700006078;1;31;0;1;0;1;1;A01
201700006079;1;7;0;0;2;3;1;B01
201700006079;1;7;0;0;2;3;13;A01
201700006080;2;15;0;0;2;4;1;B01
201700006080;2;10;0;0;2;1;0;A01
201700006081;2;30;0;0;2;1;1;A01
201700006081;0;7;0;0;2;8;15;B01
201700006082;1;7;0;0;1;3;1;A01
201700006082;2;7;0;0;1;3;1;B01
201700006083;2;32;0;0;1;1;1;A01
201700006084;2;7;0;0;2;3;0;A01
201700006084;1;7;0;0;2;1;1;B01
201700006084;2;7;0;0;2;6;1;C01
201700006085;1;7;0;0;2;0;19;A01
201700006085;1;31;0;0;2;8;23;B01
201700006086;1;7;0;0;2;1;15;A01
201700006086;1;33;0;0;2;1;1;B01
201700006087;0;7;0;0;2;7;11;A01
201700006087;0;34;0;0;2;7;0;B01
201700006088;0;7;0;0;2;1;1;A01
201700006088;0;32;0;0;2;1;1;B01
201700006089;2;1;0;0;2;7;19;A01
201700006089;2;33;0;0;2;1;1;B01
201700006090;1;7;0;0;2;3;1;B01
201700006090;1;33;0;0;2;1;1;A01
201700006091;0;7;0;0;2;0;0;A01
201700006091;0;7;0;0;2;0;0;B01
201700006092;1;7;0;0;2;1;2;A01
201700006092;1;7;0;0;2;4;2;B01
201700006093;1;7;0;0;2;3;15;A01
201700006093;2;7;0;1;2;3;1;B01
201700006094;2;32;0;0;2;1;1;A01
201700006094;2;33;0;0;2;2;1;B01
201700006095;1;7;0;0;2;3;0;A01
201700006095;1;32;0;0;2;4;1;B01
201700006096;1;7;0;8;0;1;1;A01
201700006097;1;10;0;0;1;1;1;A01
201700006098;0;7;0;0;2;3;1;A01
201700006098;2;7;0;0;2;2;1;B01
201700006099;1;7;0;0;1;8;2;A01
201700006100;2;7;0;0;2;1;15;A01
201700006100;0;10;0;1;2;4;23;C01
201700006100;0;10;0;1;2;3;1;B01
201700006101;1;40;1;0;1;2;1;A01
201700006102;1;7;0;0;1;2;1;A01
201700006103;0;7;0;0;1;1;0;Z01
201700006104;0;7;0;0;2;7;1;A01
201700006104;0;7;0;0;2;1;15;B01
201700006105;1;7;0;0;1;2;15;A01
201700006106;1;7;0;0;2;8;15;A01