num_acc;senc;catv;occutc;obs;obsm;choc;manv;num_veh
201700006465;1;7;0;0;9;2;0;A01
201700006466;0;7;0;0;1;3;1;A01
201700006467;0;7;0;0;1;2;1;A01
201700006468;2;7;0;0;2;1;2;A01
201700006468;2;30;0;0;2;4;2;B01
201700006468;2;7;0;0;0;4;2;C01
201700006469;1;33;0;3;0;8;1;A01
201700006470;2;7;0;0;0;4;15;A01
201700006470;2;7;0;0;2;4;23;B01
201700006470;2;7;0;0;2;1;1;C01
201700006471;2;7;0;0;2;8;2;A01
201700006471;2;2;0;15;2;7;2;B01
201700006472;0;10;0;8;0;2;1;A01
201700006473;0;7;0;0;1;3;15;A01
201700006474;2;7;0;0;2;8;1;C01
201700006474;2;7;0;14;0;3;1;D01
201700006474;2;7;0;0;2;8;1;B01
201700006474;1;17;0;0;2;1;1;A01
201700006475;1;30;0;0;2;1;1;A01
201700006475;1;7;0;0;2;4;1;B01
201700006476;2;7;0;0;2;1;1;B01
201700006476;0;7;0;0;2;7;19;A01
201700006477;2;7;0;0;2;1;1;A01
201700006477;2;7;0;0;0;5;15;B01
201700006477;1;7;0;0;2;8;1;C01
201700006478;1;7;0;13;0;3;18;A01
201700006479;1;34;0;0;2;1;1;B01
201700006479;0;7;0;0;2;3;19;A01
201700006480;1;7;0;0;2;1;21;A01
201700006480;0;7;0;0;2;3;19;B01
201700006481;0;7;0;0;1;8;1;A01
201700006482;1;7;0;1;0;1;1;A01
201700006483;2;7;0;0;2;1;15;A01
201700006483;1;1;0;0;2;1;1;B01
201700006484;0;7;0;0;2;1;1;B01
201700006484;0;33;0;0;2;7;15;A01
201700006485;0;7;0;0;2;3;1;B01
201700006485;0;7;0;0;2;3;5;A01
201700006486;1;7;0;0;2;2;9;A01
201700006486;1;17;0;0;2;6;2;B01
201700006487;2;7;0;0;0;3;0;B01
201700006487;1;7;0;4;2;3;1;A01
201700006488;1;7;0;0;2;6;2;A01
201700006488;2;7;0;0;2;8;1;C01
201700006488;1;7;0;0;2;2;2;B01
201700006489;1;7;0;0;9;3;15;A01
201700006489;1;1;0;0;2;2;1;B01
201700006490;1;7;0;0;0;0;0;C01
201700006490;1;7;0;0;2;1;2;A01
201700006490;1;7;0;0;2;4;2;B01
201700006491;2;7;0;0;1;2;1;A01
201700006492;1;7;0;0;0;1;1;A01
201700006492;2;1;0;0;0;0;0;B01
201700006493;1;10;0;0;1;3;0;A01
201700006494;1;33;0;0;0;7;1;B01
201700006494;1;7;0;0;2;1;9;A01
201700006495;1;10;0;0;2;2;13;A01
201700006495;1;7;0;3;0;6;23;B01
201700006496;1;7;0;0;2;1;2;A01
201700006496;1;1;0;0;2;4;15;B01
201700006497;2;33;0;0;2;7;21;B01
201700006497;1;7;0;0;2;1;15;A01
201700006498;1;10;0;0;2;3;1;B01
201700006498;1;1;0;0;2;1;2;C01
201700006498;2;10;0;0;2;3;1;A01
201700006499;2;7;0;0;2;7;1;B01
201700006499;1;7;0;0;2;2;19;A01
201700006500;1;2;0;0;2;1;1;B01
201700006500;0;10;0;0;2;7;15;A01
201700006501;1;7;0;0;1;3;2;A01
201700006502;1;10;0;0;2;6;2;B01
201700006502;1;30;0;0;2;2;17;A01
201700006503;2;10;0;0;2;3;13;A01
201700006503;1;10;0;0;2;8;1;B01
201700006503;1;7;0;0;2;3;1;C01
201700006504;2;33;0;0;2;1;1;B01
201700006504;1;7;0;0;2;3;1;A01
201700006505;2;10;0;0;2;5;15;A01
201700006505;2;14;0;0;2;3;2;B01
201700006506;2;7;0;12;1;5;14;A01
201700006507;1;7;0;0;1;4;4;A01
201700006508;1;10;0;0;1;2;1;A01
201700006509;2;7;0;1;1;1;1;B01
201700006510;1;7;0;0;2;1;21;B01
201700006510;2;7;0;0;2;1;13;A01
201700006511;2;7;0;0;2;1;2;A01
201700006511;2;7;0;0;2;1;2;B01
201700006511;2;7;0;0;2;0;2;C01
201700006512;1;10;0;1;1;8;13;C01
201700006513;1;7;0;0;2;4;2;B01
201700006513;0;7;0;0;2;1;5;C01
201700006513;1;31;0;0;2;1;2;A01
201700006514;1;7;0;0;2;1;2;A01
201700006514;1;30;0;0;2;4;2;B01
201700006515;1;33;0;0;2;1;2;A01
201700006515;1;10;0;0;9;0;2;B01
201700006516;1;7;0;0;9;1;9;A01
201700006516;1;1;0;0;2;7;14;B01
201700006517;2;17;0;0;9;7;0;A01
201700006517;1;1;0;0;2;1;2;B01
201700006518;2;7;0;0;2;1;13;A01
201700006518;1;7;0;0;2;1;1;B01
201700006519;1;7;0;14;2;2;9;A01
201700006519;1;33;0;0;2;3;1;B01
201700006520;2;7;0;0;9;2;9;A01
201700006520;2;1;0;0;2;7;1;B01
201700006521;1;30;0;0;1;1;13;A01
201700006522;1;7;0;13;0;1;1;A01
201700006523;1;1;0;0;2;3;9;B01
201700006523;1;7;0;0;2;2;9;A01
201700006524;2;7;0;0;2;3;13;A01
201700006524;1;7;0;0;2;3;1;B01
201700006525;2;7;0;0;2;6;23;D01
201700006525;1;33;0;0;2;1;2;B01
201700006525;1;33;0;0;9;1;1;C01
201700006525;2;7;0;0;2;2;6;A01
201700006526;1;33;0;0;2;1;2;A01
201700006526;1;7;0;0;0;5;15;B01
201700006527;1;7;0;0;0;1;1;B01
201700006527;2;7;0;0;0;1;19;A01
201700006528;1;10;0;0;2;1;13;B01
201700006528;2;7;0;0;2;1;1;A01
201700006529;0;7;0;0;2;4;20;A01
201700006529;0;1;0;0;2;7;5;B01
201700006530;2;7;0;0;2;3;13;A01
201700006530;1;7;0;0;2;3;1;B01
201700006531;1;7;0;13;0;1;0;A01
201700006532;1;3;0;1;1;5;4;A01
201700006533;1;7;0;0;1;2;2;A01
201700006534;1;7;0;0;2;1;13;A01
201700006534;2;7;0;0;2;1;2;C01
201700006534;2;7;0;0;2;3;1;B01
201700006535;2;10;0;0;0;3;1;A01
201700006536;1;33;0;15;0;1;15;A01
201700006537;1;2;0;0;1;1;1;A01
201700006538;2;30;0;0;0;0;1;A01
201700006539;2;30;0;12;0;3;13;A01
201700006540;2;2;0;0;1;1;11;A01
201700006541;2;7;0;2;0;1;1;A01
201700006542;1;7;0;4;2;7;13;A01
201700006542;2;7;0;0;2;1;1;B01
201700006543;1;7;0;12;0;2;12;A01
201700006544;1;14;0;0;1;1;1;A01
201700006545;2;7;0;2;0;1;14;A01
201700006546;2;1;0;3;0;1;14;A01
201700006547;1;7;0;0;1;2;2;A01
201700006548;1;1;0;0;2;1;2;B01
201700006548;1;7;0;0;2;5;9;A01
201700006549;1;7;0;0;1;1;23;A01
201700006550;1;7;0;15;0;1;1;A01
201700006551;0;7;0;0;0;8;15;A01
201700006551;0;2;0;0;2;1;17;B01
201700006552;0;10;0;0;2;3;15;B01
201700006552;0;2;0;0;2;1;1;A01
201700006553;2;1;0;0;0;0;0;A01
201700006554;1;10;0;0;2;3;1;B01
201700006554;2;10;0;0;2;1;15;A01
201700006555;1;7;0;0;2;1;1;A01
201700006555;1;7;0;0;0;4;23;B01
201700006556;2;7;0;0;2;1;1;B01
201700006556;1;7;0;0;2;3;13;A01
201700006557;2;7;0;0;2;1;1;A01
201700006557;1;7;0;0;0;8;1;B01
201700006558;0;33;0;0;2;8;13;A01
201700006558;0;7;0;0;2;8;1;B01
201700006559;1;7;0;0;2;2;15;A01
201700006559;2;7;0;0;2;1;1;B01
201700006560;2;31;0;0;2;3;15;A01
201700006560;1;7;0;0;2;3;1;B01
201700006561;1;10;0;0;0;8;15;B01
201700006561;1;1;0;0;2;2;3;A01
201700006562;0;7;0;0;1;3;15;A01
201700006563;0;34;0;0;2;8;1;B01
201700006563;0;7;0;0;2;3;15;A01
201700006564;0;7;0;0;2;1;1;B01
201700006564;0;7;0;0;2;1;17;A01
201700006565;2;7;0;13;0;1;12;A01
201700006566;2;7;0;6;0;1;1;A01
201700006567;2;20;0;0;0;4;1;B01
201700006567;2;7;0;0;2;1;1;A01
201700006568;2;15;0;6;0;1;0;A01
201700006568;2;17;0;0;2;2;1;B01
201700006569;1;7;0;0;2;1;0;A01
201700006569;1;7;0;3;0;5;1;B01
201700006570;2;7;0;0;0;9;1;A01
201700006571;2;7;0;13;0;9;0;A01
201700006572;1;34;0;0;0;7;1;A01
201700006573;1;7;0;4;0;3;0;A01
201700006574;2;7;0;0;2;1;2;A01
201700006574;2;7;0;0;0;4;2;B01
201700006575;1;7;0;3;2;0;1;B01
201700006575;1;7;0;3;2;2;17;A01
201700006576;2;7;0;0;2;4;0;B01
201700006576;2;7;0;0;2;1;0;A01
201700006577;2;7;0;0;2;1;1;A01
201700006577;2;7;0;0;2;6;1;B01
201700006578;2;7;0;13;0;1;1;A01
201700006579;1;7;0;5;0;1;1;A01
201700006580;2;10;0;3;0;8;13;A01
201700006581;1;7;0;7;0;8;0;A01
201700006582;1;13;0;0;2;3;2;B01
201700006582;1;7;0;0;2;5;1;A01
201700006583;2;7;0;0;2;1;1;A01
201700006583;2;14;0;0;2;6;2;B01
201700006584;2;7;0;1;0;1;1;B01
201700006584;2;7;0;4;2;4;23;A01
201700006585;1;34;0;7;0;1;1;A01
201700006586;1;7;0;0;2;4;1;B01
201700006586;1;7;0;0;2;2;1;C01
201700006586;1;7;0;0;2;1;3;A01
201700006587;1;33;0;0;0;0;17;A01
201700006588;1;33;0;0;2;1;0;A01
201700006588;2;7;0;0;2;3;15;B01
201700006589;1;7;0;0;0;4;23;B01
201700006589;1;7;0;0;0;4;23;A01
201700006589;1;7;0;0;2;4;23;C01
201700006589;1;7;0;0;2;1;2;D01
201700006590;1;33;0;0;1;0;1;A01
201700006591;2;7;0;13;2;2;1;B01
201700006591;1;7;0;13;2;8;19;A01
201700006592;1;99;0;6;0;3;5;A01
201700006592;2;7;0;6;0;3;1;B01
201700006593;1;33;0;0;2;1;1;A01
201700006593;2;7;0;0;2;3;1;B01
201700006594;1;33;0;0;1;2;19;A01
201700006595;0;33;0;0;0;0;1;B01
201700006595;0;7;0;0;0;0;13;A01
201700006596;1;33;0;6;2;1;13;A01
201700006596;2;7;0;0;2;2;1;B01
201700006596;2;7;0;0;2;1;1;C01
201700006597;2;7;0;1;2;1;1;A01
201700006597;2;7;0;6;0;4;1;B01
201700006597;1;7;0;0;2;6;1;D01
201700006598;1;33;0;13;0;1;1;A01
201700006599;0;17;0;0;2;3;15;B01
201700006599;2;2;0;0;2;3;1;A01
201700006600;1;2;0;0;2;1;1;B01
201700006600;2;7;0;6;2;1;17;A01
201700006601;1;1;0;0;2;8;15;B01
201700006601;1;7;0;0;2;1;1;A01
201700006602;1;7;0;6;0;1;13;A01
201700006603;2;7;0;0;1;1;1;A01
201700006604;0;30;0;0;2;1;1;A01
201700006604;0;7;0;0;2;8;1;B01
201700006605;1;7;0;0;0;0;1;A01
201700006606;2;7;0;8;0;1;1;A01
201700006607;1;7;0;0;2;2;1;B01
201700006607;2;7;0;0;2;2;13;A01
201700006608;2;7;0;2;0;7;1;A01
201700006609;1;7;0;13;0;1;1;A01
201700006610;2;7;0;0;2;3;1;B01
201700006610;1;7;0;0;2;3;13;A01
201700006611;2;34;0;0;2;7;1;A01
201700006611;1;7;0;0;2;1;20;B01
201700006612;2;33;0;0;2;1;1;B01
201700006612;2;7;0;0;2;3;9;A01
201700006613;0;7;0;0;2;3;13;A01
201700006613;0;7;0;0;2;3;1;B01
201700006614;1;7;0;16;0;9;14;A01
201700006615;1;7;0;3;0;1;1;A01
201700006616;1;10;0;14;0;2;1;B01
201700006616;1;7;0;14;0;1;1;C01
201700006616;1;7;0;4;0;3;1;A01
201700006617;2;7;0;0;2;2;17;A01
201700006617;2;7;0;0;2;6;1;B01
201700006618;1;10;0;3;0;4;2;B01
201700006618;1;17;0;0;2;1;2;A01
201700006619;1;7;0;4;0;1;1;A01
201700006620;2;33;0;4;0;3;6;A01
201700006621;2;10;0;0;2;0;17;A01
201700006621;2;10;0;0;2;1;1;B01
201700006622;2;10;0;3;0;2;0;A01
201700006623;2;7;0;0;2;1;1;A01
201700006623;2;7;0;0;0;4;1;B01
201700006624;2;7;0;0;0;4;1;A01
201700006624;2;17;0;0;2;2;2;B01
201700006625;1;17;0;0;0;8;1;A01
201700006626;2;7;0;14;0;1;1;A01
201700006627;1;17;0;3;0;7;0;A01
201700006628;2;33;0;4;2;1;1;A01
201700006628;2;33;0;0;2;2;1;B01
201700006629;1;7;0;0;0;0;1;A01
201700006630;1;33;0;0;2;1;2;B01
201700006630;1;7;0;0;0;4;21;A01
201700006631;1;7;0;15;0;9;0;A01
201700006632;2;7;0;0;0;1;2;A01
201700006633;2;7;0;4;2;3;2;A01
201700006633;2;14;0;0;2;3;2;B01
201700006634;1;7;0;4;0;3;0;A01
201700006635;2;33;0;0;0;0;14;A01
201700006636;1;7;0;3;0;1;0;A01
201700006637;2;17;0;0;0;0;1;A01
201700006638;2;33;0;0;2;5;0;B01
201700006638;0;7;0;0;2;3;0;A01
201700006639;2;7;0;0;2;7;12;A01
201700006639;2;33;0;0;2;3;3;B01
201700006640;1;15;0;0;2;0;2;B01
201700006640;1;7;0;0;2;1;2;A01
201700006641;1;7;0;5;0;1;0;A01
201700006642;1;7;0;2;0;1;0;A01
201700006643;2;7;0;3;0;1;1;A01
201700006644;1;7;0;2;9;7;0;A01
201700006645;1;7;0;11;0;1;1;A01
201700006646;2;33;0;0;2;8;1;B01
201700006646;0;7;0;0;2;2;6;A01
201700006647;2;7;0;4;0;3;1;A01
201700006648;1;7;0;0;1;3;0;A01
201700006648;1;7;0;0;0;0;0;B01
201700006649;2;7;0;4;2;0;0;A01
201700006649;2;17;0;0;2;6;1;B01
201700006650;1;7;0;0;0;9;17;A01
201700006651;1;7;0;0;2;2;17;A01
201700006651;1;7;0;0;0;6;1;B01
201700006652;1;7;0;13;0;0;17;A01
201700006653;2;17;0;1;1;1;0;A01
201700006654;1;7;0;3;0;2;21;A01
201700006655;2;7;0;15;0;1;14;A01
201700006656;1;7;0;3;0;3;1;A01
201700006657;0;7;0;2;0;1;1;A01
201700006658;2;7;0;4;0;8;13;A01
201700006659;1;7;0;3;0;1;0;A01
201700006660;0;7;0;13;0;2;14;A01
201700006661;1;10;0;3;2;7;13;A01
201700006661;1;7;0;0;2;8;13;B01
201700006661;1;7;0;4;2;7;13;C01
201700006662;1;7;0;0;0;0;0;A01
201700006663;1;33;0;0;2;1;2;A01
201700006663;1;17;0;0;0;4;2;B01
201700006664;2;7;0;0;2;1;2;A01
201700006664;2;17;0;0;2;4;1;B01
201700006664;2;10;0;0;2;1;1;C01
201700006664;2;17;0;0;2;8;1;D01
201700006664;2;7;0;4;2;2;17;E01
201700006665;2;7;0;0;9;1;1;A01
201700006666;2;7;0;3;0;7;1;A01
201700006666;2;7;0;14;2;2;1;B01
201700006667;2;15;0;5;0;2;1;A01
201700006668;1;7;0;0;0;0;1;A01
201700006669;2;14;0;2;0;1;1;A01
201700006670;2;7;0;13;2;4;2;A01
201700006670;2;10;0;13;2;4;2;B01
201700006671;2;17;0;0;2;1;23;A01
201700006671;2;17;0;0;2;4;23;B01
201700006672;2;7;0;0;2;6;11;B01
201700006672;2;7;0;0;2;2;1;A01
201700006673;2;7;0;0;2;2;1;A01
201700006673;2;7;0;3;0;4;2;B01
201700006674;2;7;0;0;2;2;12;A01
201700006674;2;7;0;0;0;6;1;B01
201700006675;1;7;0;4;0;9;1;A01
201700006676;1;7;0;4;0;1;1;A01
201700006677;1;17;0;4;2;1;17;A01
201700006677;1;17;0;0;2;3;17;B01
201700006677;1;10;0;0;2;1;17;C01
201700006678;2;7;0;0;2;1;2;A01
201700006678;2;17;0;0;2;4;2;B01
201700006679;1;7;0;0;0;0;1;A01
201700006680;1;7;0;0;0;4;23;B01
201700006680;1;14;0;1;0;1;14;A01
201700006681;2;7;0;3;0;3;21;A01
201700006682;2;7;0;0;2;2;1;A01
201700006682;2;17;0;0;0;6;1;B01
201700006683;1;7;0;0;0;1;1;B01
201700006683;1;7;0;0;2;0;0;A01
201700006684;1;7;0;0;2;1;2;A01
201700006684;1;7;0;0;2;4;2;B01
201700006685;1;7;0;1;0;1;1;B01
201700006685;1;7;0;0;0;2;1;A01
201700006686;2;7;0;13;0;1;21;A01
201700006686;2;10;0;0;0;0;11;B01
201700006687;2;7;0;0;1;1;1;C01
201700006687;2;7;0;0;1;2;1;A01
201700006687;2;10;0;0;1;2;1;B01
201700006688;1;17;0;0;2;3;14;C01
201700006688;1;7;0;3;0;1;13;A01
201700006688;1;7;0;0;2;1;1;B01
201700006689;1;7;0;0;2;6;1;C01
201700006689;1;7;0;0;2;4;1;B01
201700006689;1;7;0;0;2;1;1;A01
201700006690;2;7;0;0;0;4;2;B01
201700006690;2;7;0;0;2;2;2;A01
201700006691;2;14;0;0;0;4;2;B01
201700006691;2;17;0;0;2;1;2;A01
201700006692;1;7;0;0;2;6;12;A01
201700006692;1;33;0;0;2;1;1;B01
201700006693;2;7;0;3;0;8;1;A01
201700006694;2;7;0;0;2;3;1;B01
201700006694;2;7;0;3;2;7;14;A01
201700006695;2;7;0;0;2;1;2;A01
201700006695;2;14;0;0;0;4;2;B01
201700006696;1;33;0;0;0;0;0;A01
201700006697;1;7;0;0;1;2;2;B01
201700006698;2;7;0;0;2;1;2;C01
201700006698;2;7;0;0;2;1;2;B01
201700006698;2;7;0;0;2;1;2;A01
201700006699;1;7;0;0;2;1;2;A01
201700006699;1;7;0;0;0;3;2;B01
201700006700;2;7;0;0;0;4;2;A01
201700006700;2;10;0;0;0;1;2;B01
201700006700;2;7;0;0;0;7;2;C01
201700006701;2;7;0;0;0;4;2;A01
201700006701;2;7;0;0;2;1;2;B01
201700006701;2;7;0;0;2;1;2;C01
201700006702;2;15;0;3;2;8;1;A01
201700006702;2;7;0;13;2;7;1;B01
201700006702;1;7;0;0;9;1;1;C01
201700006703;1;15;0;3;2;9;1;A01
201700006703;1;10;0;0;0;8;24;B01
201700006704;1;7;0;0;0;4;2;B01
201700006704;1;7;0;0;2;1;2;A01
201700006705;1;33;0;0;0;4;1;A01
201700006705;1;14;0;0;2;3;2;B01
201700006706;1;17;0;0;2;6;1;C01
201700006706;1;17;0;0;0;0;11;A01
201700006706;1;7;0;0;2;7;1;B01
201700006707;2;7;0;0;2;1;2;A01
201700006707;2;7;0;0;0;4;2;C01
201700006707;2;7;0;0;2;4;1;B01
201700006708;1;7;0;0;1;2;1;A01
201700006709;2;17;0;0;2;6;0;B01
201700006709;2;10;0;1;0;1;1;A01
201700006710;2;7;0;0;2;6;1;B01
201700006710;1;7;0;0;2;2;1;A01
201700006711;1;7;0;0;0;4;21;B01
201700006711;1;7;0;0;2;1;21;C01
201700006711;1;7;0;0;0;9;12;A01
201700006712;1;7;0;0;2;1;17;A01
201700006712;1;17;0;0;2;4;1;B01
201700006713;2;7;0;0;0;5;1;D01
201700006713;2;7;0;0;2;6;2;B01
201700006713;2;7;0;0;2;1;2;A01
201700006713;2;7;0;0;0;6;2;C01
201700006714;2;7;0;3;0;1;1;A01
201700006715;2;17;0;0;2;2;2;A01
201700006715;2;14;0;4;0;6;1;B01
201700006716;1;7;0;4;0;8;1;A01
201700006717;1;7;0;4;0;3;1;A01
201700006718;2;7;0;0;2;1;2;A01
201700006718;2;7;0;0;2;4;1;B01
201700006718;2;7;0;0;2;4;1;C01
201700006719;2;7;0;0;2;1;2;A01
201700006719;2;17;0;0;0;4;1;B01
201700006720;1;31;0;3;0;8;1;A01
201700006721;2;33;0;0;2;1;1;A01
201700006721;2;7;0;0;2;4;1;B01
201700006722;2;7;0;0;2;1;2;A01
201700006722;2;7;0;0;2;4;2;B01
201700006722;2;7;0;0;2;4;2;C01
201700006722;2;7;0;0;0;4;2;D01
201700006723;1;7;0;4;0;1;2;A01
201700006724;1;7;0;4;0;1;21;A01
201700006724;1;7;0;0;0;0;23;B01
201700006725;1;17;0;0;2;3;2;A01
201700006725;2;17;0;0;0;6;1;C01
201700006725;1;7;0;0;0;5;23;B01
201700006726;2;7;0;14;0;2;11;A01
201700006726;2;7;0;0;2;4;23;B01
201700006727;2;7;0;0;2;2;14;B01
201700006727;2;7;0;4;0;6;1;A01
201700006728;0;7;0;0;2;3;1;B01
201700006728;0;15;0;0;2;3;15;A01
201700006729;1;10;0;0;0;4;1;B01
201700006729;1;33;0;0;2;1;2;A01
201700006730;2;10;0;3;0;3;1;A01
201700006731;2;7;0;0;2;6;1;B01
201700006731;2;7;0;0;2;5;1;C01
201700006731;2;7;0;0;2;1;1;A01
201700006732;2;7;0;3;0;3;1;A01
201700006733;2;7;0;4;0;1;1;A01
201700006734;2;7;0;0;2;1;1;A01
201700006734;2;7;0;0;2;4;9;B01
201700006735;1;7;0;13;0;2;1;A01
201700006736;2;7;0;0;2;2;3;A01
201700006736;2;7;0;3;0;4;2;B01
201700006737;2;10;0;0;0;1;2;E01
201700006737;2;7;0;0;0;1;2;B01
201700006737;2;7;0;0;0;1;2;D01
201700006737;2;7;0;0;0;4;2;A01
201700006737;2;7;0;0;0;1;2;C01
201700006738;2;7;0;14;0;1;11;A01
201700006739;1;7;0;0;2;5;1;B01
201700006739;1;7;0;0;2;1;1;C01
201700006739;1;7;0;0;2;3;1;A01
201700006740;2;7;0;0;2;1;2;A01
201700006740;2;7;0;0;2;4;1;B01
201700006741;1;7;0;3;0;6;1;A01
201700006741;1;7;0;0;2;1;2;B01
201700006741;1;7;0;0;2;1;3;C01
201700006742;2;7;0;0;1;9;1;A01
201700006742;2;7;0;0;2;8;1;B01
201700006743;2;7;0;16;0;3;1;A01
201700006744;1;7;0;0;2;1;1;F01
201700006744;1;7;0;0;2;3;2;D01
201700006744;1;7;0;0;2;6;20;E01
201700006744;1;7;0;0;2;1;21;A01
201700006744;1;17;0;0;0;0;11;B01
201700006745;1;17;0;0;0;0;2;C01
201700006745;1;15;0;0;2;3;1;A01
201700006746;1;7;0;3;0;1;1;A01
201700006747;1;7;0;0;0;9;13;A01
201700006748;2;7;0;0;0;4;23;B01
201700006748;2;7;0;0;2;1;9;A01
201700006748;2;7;0;0;2;4;23;C01
201700006748;2;7;0;0;0;4;23;D01
201700006749;2;7;0;0;2;1;1;A01
201700006749;2;7;0;0;2;4;2;B01
201700006749;2;7;0;0;0;4;23;C01
201700006750;1;7;0;0;2;1;2;A01
201700006750;1;7;0;0;2;4;1;B01
201700006751;2;7;0;13;0;1;12;A01
201700006752;1;7;0;0;2;1;1;A01
201700006752;1;7;0;0;0;4;2;B01
201700006753;1;7;0;3;0;9;1;A01
201700006754;1;7;0;0;2;1;2;A01
201700006754;1;7;0;0;2;4;2;B01
201700006754;1;7;0;0;2;4;2;C01
201700006754;1;7;0;0;2;4;2;D01
201700006755;1;7;0;3;0;9;1;A01
201700006755;1;7;0;14;0;3;1;B01
201700006755;1;7;0;0;2;1;1;C01
201700006755;1;7;0;14;0;1;1;D01
201700006756;1;7;0;0;2;1;1;A01
201700006756;1;7;0;0;2;4;1;B01
201700006757;1;7;0;0;2;1;2;B01
201700006757;1;17;0;0;0;3;2;A01
201700006757;1;7;0;0;2;1;2;C01
201700006758;2;10;0;0;2;1;2;A01
201700006758;2;7;0;0;0;4;2;B01
201700006759;2;7;0;3;0;8;1;A01
201700006760;1;15;0;0;0;0;2;B01
201700006760;1;7;0;0;2;1;2;A01
201700006761;2;7;0;0;2;2;17;A01
201700006761;2;17;0;0;0;0;2;B01
201700006762;2;7;0;1;0;1;2;A01
201700006762;2;7;0;0;0;4;23;B01
201700006763;1;7;0;3;0;2;1;D01
201700006763;1;7;0;16;0;0;1;E01
201700006763;1;7;0;0;2;0;1;C01
201700006763;1;7;0;0;2;1;1;B01
201700006763;2;7;0;0;2;1;5;A01
201700006764;2;7;0;0;0;3;1;A01
201700006764;1;7;0;0;9;1;1;C01
201700006764;1;7;0;0;9;6;1;B01
201700006765;1;7;0;3;0;2;1;A01
201700006766;1;10;0;0;2;1;2;A01
201700006766;1;17;0;0;0;4;2;B01
201700006767;2;7;0;0;0;7;1;B01
201700006767;2;7;0;0;2;1;15;A01
201700006768;1;33;0;0;2;1;17;A01
201700006769;2;33;0;0;2;1;3;A01
201700006769;2;7;0;0;0;5;12;B01
201700006770;1;17;0;0;2;4;2;B01
201700006770;1;17;0;0;2;2;2;A01
201700006771;1;7;0;0;2;1;2;A01
201700006771;1;15;0;0;0;6;2;B01
201700006772;1;7;0;4;0;1;2;A01
201700006773;1;10;0;0;2;3;1;B01
201700006773;1;7;0;0;2;2;17;A01
201700006774;1;7;0;0;1;1;1;A01
201700006775;1;7;0;14;0;1;2;C01
201700006775;1;7;0;4;2;3;1;A01
201700006775;1;7;0;14;0;3;21;B01
201700006776;2;7;0;3;0;9;1;A01
201700006777;1;7;0;0;2;2;14;A01
201700006777;1;17;0;0;0;6;0;B01
201700006778;1;10;0;4;0;2;2;A01
201700006778;1;7;0;4;0;6;2;B01
201700006779;1;33;0;0;2;1;2;A01
201700006779;1;7;0;0;0;5;2;B01
201700006780;1;7;0;4;2;1;2;A01
201700006780;1;7;0;0;2;8;1;B01
201700006781;1;7;0;4;0;1;13;A01
201700006782;2;7;0;0;2;4;2;D01
201700006782;2;10;0;0;2;1;2;A01
201700006782;2;7;0;0;2;4;2;C01
201700006782;2;7;0;0;0;4;2;E01
201700006782;2;7;0;0;2;4;2;B01
201700006783;2;7;0;13;0;0;0;A01
201700006784;2;7;0;4;0;1;1;A01
201700006785;1;7;0;0;2;3;1;B01
201700006785;1;17;0;0;2;7;1;C01
201700006785;1;7;0;0;2;8;21;D01
201700006785;2;7;0;0;2;3;5;A01
201700006786;1;7;0;3;0;7;12;A01
201700006787;1;7;0;0;2;0;0;C01
201700006787;1;7;0;0;2;0;0;B01
201700006787;1;10;0;0;2;4;21;E01
201700006787;1;7;0;0;2;0;0;D01
201700006787;1;7;0;4;0;3;0;A01
201700006788;2;7;0;0;2;5;2;D04
201700006788;2;7;0;0;2;8;2;C03
201700006788;2;14;0;0;2;4;2;B02
201700006788;2;7;0;0;2;4;2;A01
201700006789;1;7;0;0;2;1;2;A01
201700006789;1;14;0;0;2;4;2;B01
201700006790;2;17;0;13;2;8;1;B01
201700006790;1;7;0;0;2;3;13;A01
201700006791;1;7;0;0;0;1;1;A01
201700006792;1;7;0;3;0;3;2;A01
201700006793;1;7;0;0;2;1;17;A01
201700006793;2;15;0;0;2;3;1;B01
201700006794;2;7;0;0;2;1;2;A01
201700006794;2;7;0;0;2;4;2;B01
201700006794;2;7;0;0;2;4;21;C01
201700006794;2;7;0;0;2;1;21;D01
201700006794;2;7;0;0;2;4;1;E01
201700006795;2;7;0;0;2;1;1;A01
201700006795;2;7;0;0;2;8;1;C01
201700006795;2;10;0;0;2;4;1;D01
201700006795;2;7;0;0;2;6;1;B01
201700006796;1;17;0;3;0;2;1;A01
201700006796;2;7;0;0;9;1;1;B01
201700006796;2;7;0;0;9;1;1;C01
201700006797;2;14;0;0;0;6;1;C01
201700006797;2;7;0;0;2;1;1;B01
201700006797;2;7;0;0;2;6;17;A01
201700006798;1;7;0;0;2;1;1;A01
201700006798;1;7;0;3;0;1;13;C01
201700006798;1;7;0;0;0;4;1;B01
201700006799;2;7;0;3;0;2;1;A01
201700006800;2;7;0;0;1;1;15;A01
201700006801;2;10;0;0;0;4;23;B01
201700006801;2;30;0;0;2;1;1;A01
201700006802;1;7;0;0;2;2;1;A01
201700006802;0;7;0;0;0;6;23;B01
201700006803;1;2;0;12;0;7;1;A01
201700006804;2;10;0;0;1;3;1;A01
201700006805;2;37;10;0;2;2;1;B01
201700006805;2;1;0;0;0;0;1;A01
201700006806;0;7;0;1;1;1;1;A01
201700006807;1;17;0;0;2;6;1;B01
201700006807;1;7;0;0;2;3;9;A01
201700006808;1;7;0;0;2;3;13;A01