num_acc;senc;catv;occutc;obs;obsm;choc;manv;num_veh
201700006808;1;1;0;0;2;7;17;B01
201700006809;0;7;0;0;1;1;1;A01
201700006810;1;1;0;0;2;8;9;B01
201700006810;1;17;0;0;2;2;9;A01
201700006811;1;33;0;16;0;8;14;A01
201700006812;1;33;0;0;2;1;1;A01
201700006812;2;7;0;0;2;3;23;C01
201700006812;2;7;0;0;2;5;15;B01
201700006813;1;33;0;0;2;4;23;B01
201700006813;1;7;0;0;2;1;1;A01
201700006814;2;7;0;0;2;3;1;B01
201700006814;1;7;0;0;2;3;5;A01
201700006815;0;7;0;0;1;1;1;A01
201700006816;2;7;0;0;2;4;2;C01
201700006816;2;7;0;0;2;4;2;B01
201700006816;2;7;0;0;2;1;1;A01
201700006817;0;7;0;0;1;1;1;A01
201700006818;1;14;0;13;0;7;1;A01
201700006819;2;17;0;0;2;1;2;A01
201700006819;2;7;0;0;2;4;2;B01
201700006819;2;14;0;0;2;4;2;C01
201700006819;2;7;0;0;2;7;1;D01
201700006820;2;17;0;0;2;2;1;B01
201700006820;2;7;0;0;2;3;16;A01
201700006821;2;17;0;3;0;1;2;A01
201700006822;2;7;0;0;2;5;17;A01
201700006822;2;7;0;0;2;1;1;B01
201700006823;1;7;0;3;0;1;1;A01
201700006824;1;7;0;0;2;3;13;A01
201700006824;2;17;0;0;2;3;1;B01
201700006824;1;7;0;14;9;2;1;C01
201700006825;1;10;0;0;2;1;2;A01
201700006825;1;7;0;0;0;4;2;B01
201700006826;1;7;0;0;2;1;1;A01
201700006826;1;17;0;0;2;4;1;B01
201700006827;1;7;0;15;2;7;1;B01
201700006827;2;14;0;0;2;2;19;A01
201700006828;1;7;0;3;0;1;17;A01
201700006829;2;7;0;3;0;3;13;A01
201700006830;2;7;0;0;2;3;13;A01
201700006830;1;17;0;0;2;3;1;B01
201700006831;1;7;0;0;2;1;1;A01
201700006831;1;7;0;0;2;4;1;B01
201700006831;1;7;0;0;2;4;1;C01
201700006832;2;10;0;4;0;1;1;A01
201700006833;1;7;0;0;2;3;13;A01
201700006833;2;17;0;0;2;3;21;B01
201700006833;1;7;0;3;2;8;1;C01
201700006834;2;7;0;0;0;8;1;B01
201700006834;1;16;0;0;2;1;19;A01
201700006835;;7;0;1;0;7;24;B01
201700006835;1;38;0;1;1;5;24;A01
201700006836;2;17;0;0;2;1;2;A01
201700006836;2;17;0;0;0;4;23;B01
201700006837;1;7;0;0;2;7;1;A01
201700006837;2;17;0;0;2;3;1;B01
201700006838;2;7;0;0;0;4;1;A01
201700006838;2;7;0;0;2;1;2;C01
201700006838;2;7;0;0;2;1;2;B01
201700006839;1;7;0;4;0;3;1;A01
201700006840;1;7;0;0;2;1;21;G01
201700006840;1;7;0;0;0;4;24;A01
201700006840;1;7;0;0;0;1;0;D01
201700006840;1;7;0;0;0;7;1;C01
201700006840;1;7;0;0;9;1;1;H01
201700006840;1;37;1;14;2;2;21;B01
201700006840;1;7;0;0;0;3;1;F01
201700006841;1;10;0;3;0;4;1;B01
201700006841;1;7;0;4;2;2;2;A01
201700006842;1;7;0;0;0;4;1;B01
201700006842;1;10;0;0;2;1;1;A01
201700006843;1;37;1;0;2;8;1;B01
201700006843;1;7;0;0;2;8;15;A01
201700006844;2;7;0;0;2;2;13;A01
201700006844;1;14;0;0;2;2;1;B01
201700006845;2;7;0;0;2;4;23;B01
201700006845;2;7;0;0;2;1;1;A01
201700006845;2;7;0;0;2;4;23;D01
201700006845;2;7;0;0;2;4;23;C01
201700006846;2;10;0;0;2;7;1;B01
201700006846;2;33;0;0;2;3;9;A01
201700006847;0;14;0;4;0;3;13;A01
201700006848;1;7;0;3;0;8;2;B01
201700006848;1;15;0;0;2;7;12;A01
201700006849;1;7;0;0;1;3;1;A01
201700006850;2;7;0;4;0;2;1;A01
201700006851;2;7;0;0;2;2;2;A01
201700006851;2;7;0;0;2;6;2;B01
201700006852;1;17;0;0;2;2;12;A01
201700006852;1;7;0;0;2;6;1;B01
201700006852;1;7;0;0;2;1;1;C01
201700006853;1;14;0;0;2;5;1;B01
201700006853;1;7;0;0;2;3;1;A01
201700006854;2;7;0;0;2;1;1;A01
201700006854;2;7;0;0;0;4;1;D01
201700006854;2;7;0;3;0;5;1;B01
201700006854;2;7;0;0;0;4;1;C01
201700006855;2;7;0;0;2;1;11;A01
201700006855;2;17;0;0;0;6;1;B01
201700006856;2;7;0;3;2;2;12;A01
201700006856;2;7;0;0;0;6;1;B01
201700006857;2;7;0;1;0;1;2;B01
201700006857;2;17;0;0;0;6;23;A01
201700006858;2;7;0;3;0;1;14;A01
201700006859;2;7;0;4;0;3;0;A01
201700006860;1;17;0;3;2;7;6;A01
201700006860;2;14;0;0;2;1;21;B01
201700006861;1;7;0;3;0;1;13;A01
201700006862;1;17;0;0;0;8;1;B01
201700006862;1;7;0;1;2;1;1;C01
201700006862;1;7;0;0;2;1;1;D01
201700006862;1;7;0;0;2;7;14;A01
201700006863;1;7;0;13;0;1;18;A01
201700006864;2;7;0;4;2;3;1;A01
201700006864;2;17;0;0;2;3;1;B01
201700006865;2;17;0;0;0;4;2;A01
201700006865;2;17;0;0;2;1;2;B01
201700006866;1;7;0;0;2;1;5;A01
201700006866;2;7;0;0;2;1;2;B01
201700006867;1;7;0;0;0;4;2;A01
201700006867;1;7;0;0;2;4;2;B01
201700006867;1;7;0;0;2;1;2;C01
201700006867;1;7;0;0;2;1;2;D01
201700006867;1;7;0;0;2;1;2;E01
201700006867;1;15;0;0;2;3;17;F01
201700006868;1;7;0;0;0;4;24;A01
201700006868;1;7;0;1;0;1;1;B01
201700006869;1;15;0;0;1;7;1;B01
201700006870;2;7;0;3;0;2;1;A01
201700006871;2;10;0;1;1;7;1;A01
201700006871;2;7;0;0;2;8;24;B01
201700006872;2;7;0;4;0;2;0;A01
201700006873;0;15;0;0;1;2;20;A01
201700006874;1;10;0;0;2;4;17;B01
201700006874;1;7;0;0;2;3;0;C01
201700006874;1;7;0;1;2;8;21;D01
201700006874;1;7;0;0;2;1;17;A01
201700006874;1;15;0;0;2;6;23;E01
201700006875;1;7;0;1;0;2;1;A01
201700006875;1;10;0;3;0;9;1;B01
201700006876;2;14;0;3;0;2;0;A01
201700006877;1;7;0;0;2;6;11;A01
201700006877;1;7;0;4;0;2;1;B01
201700006877;1;15;0;0;0;6;1;C01
201700006878;1;10;0;1;0;2;21;C01
201700006878;1;7;0;0;2;1;2;A01
201700006878;1;7;0;0;0;4;0;B01
201700006879;1;10;0;0;2;7;14;A01
201700006879;1;17;0;0;0;8;1;B01
201700006880;1;7;0;4;0;8;13;A01
201700006881;2;17;0;0;0;4;1;B01
201700006881;2;7;0;0;2;1;1;A01
201700006881;2;17;0;14;0;1;2;D01
201700006881;2;17;0;0;0;5;1;C01
201700006882;1;7;0;0;2;4;1;B01
201700006882;1;15;0;0;2;1;1;A01
201700006883;1;7;0;13;0;9;14;A01
201700006884;1;17;0;3;0;2;14;A01
201700006885;2;17;0;0;0;6;1;A01
201700006885;2;10;0;0;2;2;14;B01
201700006886;1;7;0;4;0;1;1;A01
201700006887;2;7;0;4;0;3;13;A01
201700006888;2;7;0;0;2;2;13;A01
201700006888;2;17;0;0;0;8;11;B01
201700006889;1;7;0;0;2;2;14;A01
201700006889;1;7;0;0;2;3;1;B01
201700006890;1;7;0;0;0;6;1;A01
201700006890;1;7;0;0;2;2;2;B01
201700006891;1;7;0;0;2;4;2;B01
201700006891;1;7;0;0;2;1;2;A01
201700006892;2;7;0;15;0;1;1;A01
201700006893;1;7;0;3;0;6;14;B01
201700006893;1;15;0;0;2;1;2;A01
201700006894;2;7;0;13;0;9;14;A01
201700006895;2;7;0;4;2;7;14;A01
201700006895;2;17;0;0;2;6;1;B01
201700006895;2;7;0;0;2;4;1;C01
201700006896;1;7;0;13;0;9;14;A01
201700006897;2;7;0;0;2;1;2;A01
201700006897;2;7;0;0;2;3;2;B01
201700006897;2;7;0;0;2;1;2;C01
201700006897;2;7;0;0;2;4;2;D01
201700006897;2;7;0;0;0;4;2;E01
201700006898;1;7;0;13;0;4;21;A01
201700006899;2;10;0;4;0;1;1;A01
201700006900;2;7;0;14;0;1;1;D01
201700006900;2;17;0;0;0;6;1;B01
201700006900;2;7;0;0;2;2;11;A01
201700006900;2;7;0;14;0;8;21;C01
201700006901;2;10;0;13;0;1;17;A01
201700006902;0;7;0;0;1;4;4;A01
201700006903;2;7;0;0;2;1;13;A01
201700006903;1;7;0;0;2;1;1;B01
201700006904;2;7;0;0;2;8;15;B01
201700006904;2;33;0;0;2;7;17;A01
201700006905;2;1;0;0;2;1;2;B01
201700006905;2;17;0;0;0;4;23;A01
201700006906;0;7;0;0;9;5;16;A01
201700006906;0;1;0;0;2;1;1;B01
201700006907;1;32;0;0;2;1;17;B01
201700006907;1;7;0;0;2;8;15;A01
201700006908;0;7;0;2;2;4;0;A01
201700006908;0;7;0;0;2;1;1;B01
201700006909;0;33;0;0;2;8;17;A01
201700006909;0;7;0;0;9;3;1;B01
201700006910;0;7;0;6;0;1;1;A01
201700006911;2;7;0;0;2;1;14;A01
201700006911;1;7;0;0;2;3;0;B01
201700006912;0;34;0;0;2;1;1;B01
201700006912;0;7;0;0;2;2;15;A01
201700006913;0;7;0;0;2;3;1;A01
201700006913;0;7;0;0;2;3;1;B01
201700006914;0;7;0;0;2;1;1;A01
201700006914;0;7;0;0;0;6;1;C01
201700006914;0;7;0;0;2;4;1;B01
201700006915;1;1;0;0;0;0;0;A01
201700006916;2;33;0;0;2;1;1;B01
201700006916;0;7;0;0;2;2;15;A01
201700006917;0;1;0;0;2;1;2;B01
201700006917;0;33;0;0;2;2;23;A01
201700006918;2;34;0;0;2;1;17;A01
201700006918;2;7;0;0;1;3;15;B01
201700006919;0;2;0;0;2;1;1;A01
201700006919;0;7;0;0;2;8;19;B01
201700006920;0;7;0;13;5;1;1;A01
201700006921;2;7;0;0;2;3;13;A01
201700006921;1;17;0;0;2;3;1;B01
201700006922;2;38;39;13;0;7;14;A01
201700006923;1;17;0;0;0;0;1;C01
201700006923;2;7;0;0;9;1;1;A01
201700006923;2;7;0;0;9;1;1;B01
201700006924;1;33;0;0;0;8;1;A01
201700006925;1;7;0;0;2;2;17;A01
201700006925;1;17;0;0;0;0;1;B01
201700006926;2;7;0;0;1;2;1;A01
201700006927;1;7;0;0;2;2;2;A01
201700006927;1;7;0;0;0;6;2;B01
201700006928;1;7;0;0;2;1;5;A01
201700006928;2;7;0;0;2;3;1;B01
201700006928;2;7;0;0;2;2;0;C01
201700006928;2;7;0;0;0;0;0;D01
201700006928;2;7;0;0;0;0;0;E01
201700006928;2;7;0;0;2;1;0;F01
201700006928;2;7;0;0;2;1;0;G01
201700006928;2;7;0;0;2;1;0;H01
201700006929;1;7;0;0;2;2;0;B01
201700006929;1;33;0;0;2;4;11;A01
201700006930;1;7;0;0;2;2;14;A01
201700006930;1;15;0;3;0;9;1;B01
201700006931;2;7;0;0;2;3;2;A01
201700006931;2;14;0;0;0;5;2;B01
201700006932;1;7;0;0;2;1;2;A01
201700006932;1;7;0;3;0;4;2;B01
201700006933;1;33;0;14;0;1;0;A01
201700006934;1;7;0;3;2;4;2;A01
201700006934;1;7;0;0;2;1;2;B01
201700006934;1;7;0;0;2;2;2;C01
201700006934;1;7;0;0;2;2;2;D01
201700006934;1;7;0;0;2;7;2;E01
201700006935;1;17;0;0;2;2;2;A01
201700006935;1;7;0;0;2;6;1;B01
201700006935;1;7;0;3;0;3;2;C01
201700006936;1;7;0;4;0;3;1;A01
201700006937;0;7;0;0;2;2;17;A01
201700006937;0;7;0;3;0;6;1;B01
201700006938;1;7;0;0;2;1;2;A01
201700006938;1;14;0;0;0;4;2;B01
201700006938;1;7;0;14;0;2;2;C01
201700006939;2;7;0;0;2;4;1;A01
201700006939;2;7;0;0;2;1;1;B01
201700006940;1;7;0;0;2;2;14;A01
201700006940;1;7;0;0;0;6;1;B01
201700006940;2;7;0;0;5;1;1;C01
201700006941;2;7;0;13;0;6;1;A01
201700006942;2;7;0;0;0;4;1;B01
201700006942;2;7;0;2;0;9;2;A01
201700006943;2;7;0;3;2;2;2;A01
201700006943;2;7;0;3;2;5;2;B01
201700006944;1;7;0;13;2;3;2;A01
201700006944;1;7;0;7;0;8;2;B01
201700006945;2;10;0;1;0;1;0;A01
201700006945;2;17;0;0;0;4;0;B01
201700006946;1;7;0;4;0;3;1;A01
201700006947;1;17;0;3;0;3;1;A01
201700006948;1;7;0;0;0;6;1;A01
201700006948;1;7;0;0;2;1;13;B01
201700006949;1;7;0;4;0;3;2;A01
201700006949;1;7;0;3;0;5;0;B01
201700006950;1;33;0;3;0;1;1;A01
201700006951;1;7;0;0;0;6;23;A01
201700006951;1;17;0;0;2;2;1;B01
201700006952;1;7;0;4;0;9;1;A01
201700006953;1;7;0;3;0;5;2;A01
201700006953;1;7;0;0;2;3;2;B01
201700006954;1;7;0;3;0;2;1;A01
201700006954;1;7;0;3;2;0;11;B01
201700006954;1;7;0;0;0;0;1;C01
201700006954;1;7;0;0;0;1;1;D01
201700006955;2;7;0;0;0;4;1;A01
201700006955;2;7;0;1;0;2;1;B01
201700006955;2;7;0;1;0;1;1;C01
201700006956;1;10;0;0;2;7;2;A01
201700006956;1;10;0;0;2;6;1;B01
201700006957;1;7;0;16;0;2;0;A01
201700006958;2;7;0;4;0;8;1;A01
201700006959;2;10;0;3;0;2;1;A01
201700006960;1;7;0;0;0;4;2;B01
201700006960;1;10;0;0;2;1;2;C01
201700006960;1;7;0;3;0;1;13;A01
201700006961;2;7;0;0;2;1;2;C01
201700006961;2;7;0;0;2;2;17;A01
201700006961;2;7;0;0;2;8;1;B01
201700006962;1;7;0;0;1;3;1;A01
201700006963;1;7;0;0;1;1;1;A01
201700006964;1;7;0;0;1;8;1;A01
201700006965;0;7;0;0;1;2;9;A01
201700006966;0;31;0;0;2;1;1;A01
201700006966;0;7;0;0;2;3;9;B01
201700006967;0;7;0;0;2;1;9;A01
201700006967;0;37;0;0;2;2;2;B01
201700006968;0;7;0;0;1;3;15;A01
201700006969;1;7;0;9;0;7;0;A01
201700006970;0;7;0;0;2;3;9;A01
201700006970;0;1;0;0;2;0;0;B01
201700006971;0;7;0;0;1;1;16;A01
201700006972;1;7;0;0;2;1;2;A01
201700006972;1;37;3;0;2;4;2;B01
201700006973;1;7;0;0;2;0;2;A01
201700006974;0;7;0;0;1;1;15;A01
201700006975;1;7;0;0;2;1;24;B01
201700006975;2;7;0;1;2;1;5;A01
201700006975;2;7;0;0;2;0;0;D01
201700006976;1;7;0;0;1;1;1;A01
201700006977;1;7;0;0;1;7;1;A01
201700006978;0;7;0;0;2;7;16;B01
201700006978;0;7;0;0;2;1;0;A01
201700006979;1;32;0;0;2;1;1;A01
201700006979;0;7;0;0;2;2;12;B01
201700006980;0;30;0;0;2;1;1;M01
201700006980;0;7;0;0;2;7;15;B01
201700006981;2;31;0;0;2;1;1;B01
201700006981;1;7;0;0;2;8;15;A01
201700006982;1;7;0;0;2;7;15;A01
201700006982;1;34;0;0;2;1;17;B01
201700006983;1;7;0;0;1;1;1;A01
201700006984;0;7;0;8;0;8;1;A01
201700006985;0;31;0;0;0;1;0;A01
201700006986;0;7;0;0;2;2;15;A01
201700006986;0;2;0;0;2;1;1;B01
201700006987;0;7;0;0;0;0;0;B01
201700006987;0;7;0;0;0;0;0;A01
201700006988;1;7;0;0;1;1;15;A01
201700006989;1;31;0;0;1;1;1;A01
201700006990;2;7;0;0;2;1;15;A01
201700006990;2;7;0;0;2;1;1;B01
201700006991;0;37;10;0;1;8;1;A01
201700006992;1;33;0;0;2;1;1;A01
201700006993;2;7;0;0;0;9;13;A01
201700006994;1;7;0;0;2;8;15;A01
201700006994;1;7;0;0;2;1;1;B01
201700006995;1;31;0;9;2;2;14;A01
201700006996;1;7;0;0;1;7;1;A01
201700006997;2;31;0;0;0;7;2;A01
201700006998;1;7;0;0;0;9;12;A01
201700006999;2;1;0;0;2;1;9;B01
201700006999;1;7;0;0;2;8;9;A01
201700007000;0;7;0;0;1;1;1;A01
201700007001;0;1;0;15;0;1;14;A01
201700007002;2;7;0;0;2;4;16;A01
201700007002;2;1;0;0;2;1;1;B01
201700007003;0;33;0;0;2;1;2;A01
201700007003;0;7;0;0;2;5;1;B01
201700007004;0;7;0;0;2;4;1;A01
201700007004;0;7;0;0;2;1;1;B01
201700007005;1;1;0;0;2;1;1;B01
201700007005;1;7;0;0;2;2;15;A01
201700007006;1;7;0;0;0;9;1;A01
201700007007;1;7;0;0;2;4;1;B01
201700007007;1;7;0;0;2;1;1;A01
201700007008;0;7;0;0;1;1;15;A01
201700007009;1;7;0;0;2;3;17;B01
201700007009;1;7;0;0;2;3;15;A01
201700007010;2;31;0;0;2;1;17;A01
201700007010;2;7;0;0;2;8;15;B01
201700007011;2;15;0;2;0;1;1;A01
201700007012;1;7;0;0;2;1;21;A01
201700007012;2;15;0;0;2;1;1;B01
201700007012;1;10;0;0;2;8;2;C01
201700007013;2;7;0;3;0;1;14;A01
201700007014;1;7;0;0;2;1;1;A01
201700007014;1;17;0;0;2;4;17;B01
201700007015;2;7;0;0;2;2;1;C01
201700007015;2;17;0;0;2;8;1;B01
201700007015;2;7;0;3;2;1;17;A01
201700007016;1;10;0;0;2;6;1;C01
201700007016;1;17;0;0;2;2;2;A01
201700007017;1;7;0;3;0;9;18;A01
201700007018;1;10;0;3;0;3;17;A01
201700007019;2;7;0;3;0;3;1;A01
201700007020;2;7;0;0;0;7;1;C01
201700007020;2;7;0;0;2;4;1;B01
201700007020;2;7;0;0;2;1;1;A01
201700007021;1;16;0;0;2;2;1;A01
201700007021;1;14;0;0;9;1;0;C01
201700007022;1;17;0;0;0;4;1;B01
201700007022;1;7;0;0;2;1;2;A01
201700007023;2;7;0;4;0;3;1;A01
201700007024;2;7;0;3;2;2;17;B01
201700007024;2;7;0;0;2;6;1;A01
201700007025;1;7;0;0;1;3;14;A01
201700007026;2;16;0;13;0;1;1;A01
201700007027;1;7;0;0;2;1;2;A01
201700007027;1;15;0;0;0;0;2;B01
201700007028;2;7;0;3;0;1;1;A01
201700007029;1;7;0;3;0;3;21;C01
201700007029;1;7;0;0;2;1;1;B01
201700007029;1;7;0;0;2;1;1;A01
201700007030;2;7;0;3;0;2;0;H01
201700007030;2;7;0;0;2;1;1;D01
201700007030;2;7;0;0;2;3;1;F01
201700007030;2;7;0;0;2;1;1;B01
201700007030;2;10;0;3;0;2;1;A01
201700007030;2;7;0;0;2;1;1;C01
201700007030;2;7;0;0;2;4;1;E01
201700007030;2;7;0;0;2;1;2;G01
201700007031;1;7;0;7;0;1;1;A01
201700007032;2;17;0;0;2;1;1;B01
201700007032;2;10;0;0;2;1;17;A01
201700007033;2;7;0;13;0;2;1;A01
201700007034;1;7;0;3;2;6;9;B01
201700007034;1;7;0;0;2;2;1;A01
201700007035;1;7;0;0;2;3;1;B01
201700007035;2;33;0;0;2;1;13;A01
201700007036;1;7;0;2;0;0;1;A01
201700007037;1;33;0;0;2;8;1;B01
201700007037;2;7;0;0;2;3;15;A01
201700007038;0;10;0;1;1;7;1;B01
201700007039;0;7;0;0;2;1;1;A01
201700007039;0;7;0;0;2;7;15;B01
201700007040;0;33;0;3;0;1;1;A01
201700007041;2;7;0;13;0;2;21;D01
201700007041;1;7;0;13;2;5;21;A01
201700007041;2;7;0;0;2;8;1;B01
201700007041;2;7;0;0;2;1;1;C01
201700007042;0;37;9;0;1;1;1;A01
201700007043;1;7;0;1;0;1;14;A01
201700007043;1;17;0;0;0;0;24;B01
201700007044;1;17;0;0;2;8;2;C01
201700007044;1;10;0;0;2;1;17;A01
201700007044;2;17;0;15;2;3;1;B01
201700007045;0;17;0;0;0;3;1;A01
201700007046;1;7;0;0;2;3;13;A01
201700007046;2;15;0;0;2;3;1;B01
201700007047;1;14;0;0;1;2;1;A01
201700007048;2;7;0;0;2;1;1;C01
201700007048;1;15;0;0;0;3;1;A01
201700007049;1;7;0;0;1;1;1;A01
201700007050;1;7;0;0;2;1;1;A01
201700007050;1;1;0;0;2;3;19;B01
201700007051;0;7;0;0;0;1;2;A01
201700007051;0;7;0;0;2;4;2;B01
201700007051;0;7;0;0;0;4;2;C01
201700007052;2;7;0;0;2;1;1;B01
201700007052;1;7;0;0;2;7;19;A01
201700007053;1;33;0;0;2;9;1;B01
201700007053;2;7;0;0;0;8;15;A01
201700007054;1;7;0;0;1;3;19;A01
201700007055;0;7;0;0;2;1;15;B01
201700007055;0;33;0;0;2;1;18;A01
201700007056;0;2;0;0;2;8;0;A01
201700007056;0;2;0;0;2;8;0;B01
201700007057;0;7;0;0;2;1;15;A01
201700007057;0;7;0;6;0;3;1;B01
201700007058;1;7;0;0;2;1;1;B01
201700007058;0;7;0;0;2;7;0;A01
201700007059;0;10;0;0;9;2;2;A01
201700007059;0;1;0;0;2;3;15;B01
201700007060;0;7;0;0;2;1;15;B01
201700007060;0;7;0;0;2;3;1;A01
201700007061;1;15;0;0;0;1;1;B01
201700007061;2;7;0;3;2;7;16;A01
201700007062;1;17;0;0;2;7;1;B01
201700007062;1;7;0;0;2;3;15;A01
201700007063;1;7;0;0;0;4;2;C01
201700007063;1;7;0;0;2;4;2;B01
201700007063;1;15;0;0;2;1;2;A01
201700007064;1;7;0;0;2;1;13;A01
201700007064;1;17;0;0;2;1;1;B01
201700007065;0;14;0;13;0;0;0;A01
201700007066;1;37;1;0;1;1;17;A01
201700007067;1;10;0;0;2;1;2;B01
201700007067;1;14;0;0;0;4;23;A01
201700007068;0;38;1;0;2;1;1;B01
201700007068;0;7;0;0;2;8;15;A01
201700007069;1;17;0;0;2;8;13;A01
201700007069;2;7;0;0;0;8;21;B01
201700007070;1;14;0;0;2;3;1;B01
201700007070;2;10;0;0;2;3;1;A01
201700007071;2;17;0;16;0;2;1;A01
201700007072;2;17;0;2;0;2;1;A01
201700007073;2;17;0;14;2;1;2;A01
201700007073;2;10;0;0;0;4;2;B01
201700007074;1;7;0;0;2;3;13;A01
201700007074;2;14;0;0;2;8;1;B01
201700007075;1;15;0;0;2;1;2;A01
201700007075;1;7;0;0;2;4;23;B01
201700007075;1;14;0;0;0;4;23;C01
201700007076;2;14;0;13;0;7;1;A01
201700007077;1;10;0;0;2;1;19;A01
201700007077;2;14;0;0;2;7;1;B01
201700007078;2;17;0;8;0;8;1;A01
201700007079;1;14;0;7;0;3;2;A01
201700007080;2;17;0;3;0;7;1;A01
201700007080;2;17;0;14;0;8;2;B01
201700007080;2;7;0;14;0;1;2;C01
201700007081;1;7;0;0;2;5;1;B01
201700007081;1;7;0;0;2;3;11;A01
201700007081;1;15;0;1;2;2;1;C01
201700007082;2;10;0;0;0;5;23;A01
201700007082;2;17;0;1;0;3;21;B01
201700007083;2;7;0;3;0;3;16;A01
201700007084;1;7;0;3;0;8;1;A01
201700007085;2;33;0;0;2;4;1;B01
201700007085;2;7;0;0;2;2;1;A01
201700007086;1;33;0;3;0;7;1;A01
201700007087;2;7;0;4;0;1;1;A01
201700007088;2;17;0;1;0;1;2;A01
201700007088;2;17;0;0;0;4;20;B01
201700007089;2;15;0;0;2;2;1;B01
201700007089;2;7;0;3;2;7;0;A01
201700007090;1;7;0;0;2;7;1;A01
201700007090;1;15;0;0;2;8;12;B01
201700007091;1;7;0;3;2;1;0;A01
201700007091;1;7;0;0;2;6;1;B01
201700007092;1;7;0;0;2;1;2;B01
201700007092;1;15;0;0;0;4;2;A01
201700007093;2;10;0;3;0;3;0;A01
201700007094;2;7;0;0;2;1;1;A01
201700007094;2;15;0;0;0;6;1;B01
201700007095;2;7;0;0;1;1;1;A01
201700007096;2;7;0;2;0;2;0;A01
201700007097;2;10;0;0;0;0;2;A01
201700007097;2;7;0;14;0;9;2;B01
201700007098;2;10;0;3;0;8;14;A01
201700007099;2;15;0;0;1;1;1;A01
201700007100;1;7;0;0;2;4;2;C01
201700007100;1;7;0;0;2;4;23;D01
201700007100;1;7;0;1;0;1;2;B01
201700007100;1;7;0;3;0;1;2;A01
201700007100;1;7;0;0;2;4;23;E01
201700007101;2;7;0;0;0;5;2;A01
201700007102;2;7;0;0;0;1;2;A01
201700007102;2;7;0;0;0;4;0;B01
201700007103;1;15;0;0;2;1;2;A01
201700007103;1;7;0;0;0;4;2;B01
201700007104;2;7;0;14;0;4;2;B01
201700007104;2;7;0;0;2;1;2;A01
201700007105;1;15;0;0;0;4;1;A01
201700007105;1;15;0;0;2;1;1;B01
201700007105;1;15;0;0;2;1;1;C01
201700007105;1;15;0;0;2;1;1;D01
201700007106;1;7;0;0;2;7;2;A01
201700007106;1;15;0;0;2;3;2;B01
201700007107;1;17;0;3;2;1;1;B01
201700007107;1;17;0;0;2;7;1;D01
201700007107;1;7;0;5;2;1;16;A01
201700007108;1;7;0;3;0;3;0;A01
201700007109;2;17;0;3;0;2;0;A01
201700007110;2;7;0;4;0;1;1;A01
201700007111;1;7;0;15;0;0;0;A01
201700007112;2;33;0;3;0;0;1;A01
201700007113;2;7;0;0;0;3;2;A01
201700007113;2;7;0;0;2;6;2;B01
201700007114;1;7;0;0;0;9;1;A01
201700007115;1;7;0;0;2;1;1;A01
201700007115;1;17;0;0;0;4;1;B01
201700007116;2;10;0;3;0;8;0;A01
201700007117;2;33;0;0;2;7;21;A01
201700007117;2;10;0;0;0;6;1;B01
201700007118;1;10;0;0;2;2;1;A01
201700007118;1;31;0;15;2;9;15;B01
201700007119;2;7;0;0;2;1;17;A01
201700007119;1;7;0;0;2;6;21;B01
201700007119;1;7;0;0;2;1;21;C01
201700007120;1;7;0;0;2;4;23;A01
201700007120;1;30;0;0;2;1;2;B01
201700007121;1;7;0;0;1;2;15;A01
201700007122;1;7;0;0;0;4;2;A01
201700007122;1;33;0;0;2;1;2;B01
201700007123;1;7;0;0;2;1;13;A01
201700007123;2;7;0;0;2;1;1;B01
201700007124;0;7;0;16;0;9;1;A01
201700007125;2;7;0;13;0;2;1;A01
201700007126;2;7;0;0;2;1;11;A01
201700007126;1;14;0;0;2;1;1;B01
201700007127;2;15;0;0;2;3;15;A01
201700007127;1;33;0;0;2;3;1;B01
201700007128;2;14;0;0;2;2;2;A01
201700007128;1;7;0;0;2;5;11;B01
201700007129;2;7;0;0;2;3;1;A01
201700007129;1;38;50;0;2;3;1;B01
201700007130;2;7;0;0;2;1;17;A01
201700007130;1;7;0;0;2;1;1;B01
201700007130;1;7;0;0;2;1;2;C01
201700007130;2;15;0;0;2;6;1;D01
201700007131;2;7;0;4;2;7;13;A01
201700007131;1;15;0;4;2;1;1;B01
201700007131;2;7;0;0;2;6;1;C01
201700007132;2;33;0;3;2;8;11;A01
201700007132;2;7;0;0;2;7;1;B01
201700007132;2;7;0;3;2;0;1;C01
201700007133;1;7;0;0;1;1;2;B01
201700007133;1;7;0;14;0;1;2;C01
201700007133;1;7;0;0;2;4;2;D01
201700007134;1;7;0;0;2;9;2;B01
201700007134;1;7;0;0;0;4;2;C01
201700007134;1;7;0;0;2;1;2;A01
201700007135;2;7;0;1;0;1;1;A01
201700007136;1;7;0;0;2;1;2;A01
201700007136;1;7;0;0;2;9;2;B01
201700007136;1;7;0;0;2;7;2;C01
201700007137;1;7;0;0;2;1;5;A01
201700007137;2;7;0;0;2;6;1;B01
201700007137;2;7;0;0;2;1;1;C01
201700007137;2;7;0;0;2;1;1;D01
201700007138;2;7;0;0;2;4;2;D01
201700007138;2;10;0;0;2;1;2;A01
201700007138;2;7;0;0;2;4;2;B01
201700007138;2;7;0;0;2;4;2;E01
201700007138;2;7;0;0;2;4;2;F01
201700007138;2;7;0;0;2;4;2;C01