num_acc;senc;catv;occutc;obs;obsm;choc;manv;num_veh
201700007139;2;7;0;0;2;3;17;D01
201700007139;2;15;0;0;2;3;12;A01
201700007139;2;7;0;4;2;6;1;C01
201700007140;1;7;0;0;2;1;1;B01
201700007140;1;7;0;4;0;1;13;A01
201700007141;1;37;41;3;0;2;2;A01
201700007142;2;7;0;0;1;1;1;A01
201700007143;1;7;0;0;2;1;1;A01
201700007143;1;7;0;0;0;4;1;B01
201700007144;1;33;0;3;0;0;16;A01
201700007145;1;33;0;16;0;0;1;A01
201700007146;2;10;0;0;2;1;1;B01
201700007146;2;7;0;3;2;6;11;A01
201700007147;1;7;0;13;0;1;14;A01
201700007148;2;2;0;0;0;0;0;A01
201700007149;1;7;0;0;1;0;1;A01
201700007150;1;7;0;0;1;1;0;A01
201700007151;2;1;0;0;2;1;19;B01
201700007151;1;7;0;0;9;3;15;A01
201700007152;2;7;0;0;2;4;23;B01
201700007152;2;31;0;1;0;1;0;A01
201700007153;1;7;0;0;1;3;15;A01
201700007154;1;7;0;14;1;2;17;B01
201700007155;1;7;0;0;1;3;21;Z01
201700007156;1;7;0;2;0;3;14;A01
201700007157;2;7;0;0;1;3;1;A01
201700007158;1;17;0;0;2;3;1;B01
201700007158;2;7;0;0;2;3;13;A01
201700007159;1;7;0;4;0;1;0;A01
201700007160;1;10;0;0;2;1;2;B01
201700007160;1;15;0;0;2;4;2;A01
201700007161;2;7;0;13;0;1;0;A01
201700007162;1;7;0;14;0;1;1;A01
201700007163;1;7;0;0;2;4;1;B01
201700007163;1;33;0;0;2;1;1;A01
201700007164;1;10;0;13;0;5;0;A01
201700007165;2;7;0;0;0;9;2;A01
201700007166;1;7;0;0;0;4;2;A01
201700007166;1;7;0;0;2;5;2;C01
201700007166;1;7;0;0;2;4;2;D01
201700007166;1;7;0;0;2;5;2;B01
201700007166;1;7;0;0;2;1;2;E01
201700007167;2;10;0;0;0;1;1;A01
201700007167;2;7;0;0;0;4;1;B01
201700007168;2;7;0;4;0;1;1;A01
201700007169;0;10;0;13;0;2;1;A01
201700007170;0;7;0;0;2;3;1;A01
201700007170;0;2;0;8;2;2;17;B01
201700007171;1;7;0;13;2;6;2;B01
201700007171;1;7;0;4;2;2;14;A01
201700007172;2;7;0;6;2;6;1;A01
201700007172;2;7;0;0;2;1;1;B01
201700007173;0;14;0;13;0;1;1;A01
201700007174;0;17;0;0;2;3;1;B01
201700007174;0;10;0;0;2;3;1;A01
201700007175;1;17;0;0;0;5;2;A01
201700007175;1;7;0;10;2;3;18;B01
201700007176;1;17;0;13;0;2;1;A01
201700007177;1;7;0;0;9;3;15;A01
201700007177;2;1;0;0;2;1;3;B01
201700007178;2;7;0;0;2;5;15;A01
201700007178;1;30;0;0;2;1;1;B01
201700007179;1;10;0;0;0;0;13;A01
201700007179;1;33;0;0;0;0;17;B01
201700007180;1;7;0;15;0;8;1;A01
201700007181;0;2;0;0;2;1;1;B01
201700007181;0;7;0;0;2;2;15;A01
201700007182;1;7;0;0;0;6;19;A01
201700007182;1;33;0;0;2;1;1;B01
201700007183;1;7;0;0;0;9;1;A01
201700007184;1;7;0;0;2;3;1;A01
201700007184;2;7;0;0;2;5;1;B02
201700007185;1;7;0;3;0;1;1;A01
201700007186;0;7;0;0;1;1;2;A01
201700007187;1;7;0;1;1;2;2;A01
201700007188;2;7;0;0;2;3;13;A01
201700007188;1;7;0;0;0;3;1;B01
201700007189;1;7;0;0;2;0;2;A01
201700007189;1;33;0;3;0;2;2;B01
201700007190;1;7;0;13;0;2;2;A01
201700007191;0;1;0;0;9;1;1;A01
201700007192;1;33;0;13;0;1;1;A01
201700007193;2;1;0;13;0;1;1;A01
201700007194;1;1;0;0;1;1;2;A01
201700007195;1;7;0;0;2;8;13;A01
201700007195;1;33;0;0;2;3;1;B01
201700007196;2;1;0;0;0;0;1;A01
201700007197;1;1;0;0;1;1;1;A01
201700007198;1;7;0;0;2;8;1;A01
201700007198;2;1;0;0;2;8;1;B01
201700007199;2;2;0;13;0;9;1;A01
201700007200;2;1;0;0;0;0;1;A01
201700007201;1;33;0;0;0;1;1;A01
201700007202;2;33;0;0;2;3;13;A01
201700007202;1;7;0;0;2;8;1;B01
201700007203;2;1;0;4;0;1;1;A01
201700007204;2;33;0;3;0;2;1;A01
201700007205;1;7;0;0;9;8;1;A01
201700007206;0;10;0;0;1;6;20;A01
201700007207;2;7;0;0;2;3;1;A01
201700007207;1;7;0;0;2;3;13;B01
201700007208;2;7;0;0;1;3;2;A01
201700007209;1;17;0;0;0;0;1;B01
201700007209;1;7;0;0;2;2;1;A01
201700007210;1;7;0;16;0;9;1;A01
201700007211;2;7;0;0;0;4;2;C01
201700007211;2;7;0;0;2;1;2;A01
201700007211;2;7;0;0;2;4;2;B01
201700007212;2;7;0;0;2;4;2;B01
201700007212;2;7;0;0;2;1;2;D01
201700007212;2;7;0;3;0;1;17;A01
201700007212;2;7;0;0;2;1;2;C01
201700007213;1;7;0;1;0;3;2;A01
201700007214;1;7;0;0;2;1;2;C01
201700007214;1;7;0;1;2;2;2;B01
201700007214;1;14;0;0;0;4;2;D01
201700007214;1;7;0;0;0;1;2;A01
201700007215;0;7;0;13;2;1;1;A01
201700007215;2;7;0;13;2;3;11;B01
201700007216;1;7;0;0;2;3;11;A01
201700007216;1;33;0;0;2;7;1;B01
201700007217;2;7;0;3;0;1;0;A01
201700007218;1;7;0;3;0;3;1;A01
201700007219;1;33;0;3;0;8;2;A01
201700007220;2;10;0;0;2;1;11;D01
201700007220;2;7;0;0;2;1;2;A01
201700007220;2;7;0;3;0;4;2;B01
201700007220;2;10;0;0;0;6;0;E01
201700007221;2;7;0;0;2;1;1;B01
201700007221;2;7;0;0;2;7;1;A01
201700007222;2;7;0;3;0;9;1;A01
201700007223;1;37;11;0;0;1;1;A01
201700007223;2;7;0;0;0;1;13;B01
201700007224;1;7;0;3;2;2;2;A01
201700007224;1;7;0;0;0;6;1;B01
201700007225;2;10;0;3;0;3;23;A01
201700007225;2;7;0;14;2;1;23;B01
201700007226;2;15;0;13;0;2;0;A01
201700007227;2;7;0;0;2;2;1;A01
201700007227;2;15;0;0;2;4;1;B01
201700007228;1;7;0;0;2;7;2;A01
201700007228;1;17;0;0;2;8;9;B01
201700007229;1;7;0;3;0;1;1;A01
201700007230;1;17;0;0;0;8;1;A01
201700007231;1;7;0;3;0;9;17;A01
201700007232;2;15;0;0;2;1;2;A01
201700007232;2;7;0;3;2;9;2;C01
201700007232;2;10;0;0;2;9;1;D01
201700007232;2;7;0;3;2;9;1;E01
201700007232;2;10;0;0;2;4;1;F01
201700007233;2;7;0;0;2;1;1;A01
201700007233;2;14;0;0;2;3;1;B01
201700007234;1;33;0;0;2;1;3;A01
201700007234;1;7;0;0;0;4;11;B01
201700007235;1;17;0;1;1;2;1;A01
201700007236;1;33;0;0;2;1;17;A01
201700007236;2;17;0;0;2;3;1;B01
201700007236;1;17;0;0;2;6;2;C01
201700007236;2;10;0;0;9;3;1;D01
201700007237;2;17;0;0;0;4;2;A01
201700007237;2;17;0;0;2;1;1;B01
201700007238;2;17;0;0;0;0;0;A01
201700007238;2;15;0;0;2;3;2;B01
201700007239;2;7;0;0;2;1;9;A01
201700007239;1;17;0;0;2;8;1;B01
201700007240;1;17;0;0;2;2;1;B01
201700007240;1;7;0;4;2;6;9;A01
201700007241;2;7;0;3;0;1;1;A01
201700007242;1;17;0;0;2;2;1;B01
201700007242;1;7;0;0;2;4;1;A01
201700007243;2;14;0;0;0;4;23;A01
201700007243;2;10;0;0;2;1;2;B01
201700007244;2;17;0;6;0;0;0;A01
201700007245;2;14;0;0;2;3;1;B01
201700007245;2;7;0;0;2;3;1;C01
201700007245;1;17;0;0;2;3;1;A01
201700007246;1;15;0;0;2;5;10;A01
201700007246;1;2;0;0;2;8;18;B01
201700007247;1;17;0;0;2;3;1;B01
201700007247;2;7;0;0;2;3;13;A01
201700007248;1;10;0;7;2;4;1;B01
201700007248;1;17;0;0;0;4;1;D01
201700007248;1;17;0;7;2;1;1;A01
201700007248;1;10;0;0;2;6;1;C01
201700007249;0;7;0;2;0;3;1;A01
201700007250;1;7;0;0;2;1;13;A01
201700007250;2;17;0;16;2;3;1;B01
201700007251;1;14;0;0;2;3;13;A01
201700007251;2;17;0;0;2;3;1;B01
201700007252;0;7;0;0;2;1;19;A01
201700007252;0;14;0;0;2;8;1;B01
201700007253;2;17;0;0;2;1;1;B01
201700007253;1;7;0;0;2;1;13;A01
201700007254;1;7;0;0;2;4;2;A01
201700007254;1;7;0;0;2;4;2;B01
201700007255;2;33;0;4;0;7;1;A01
201700007256;1;38;1;0;1;2;1;A01
201700007257;1;15;0;0;2;2;1;B01
201700007257;1;7;0;6;2;8;9;A01
201700007258;0;33;0;0;2;1;1;B01
201700007258;1;14;0;0;2;2;15;A01
201700007259;1;7;0;4;0;3;1;A01
201700007260;2;33;0;12;0;1;6;A01
201700007261;2;7;0;16;0;3;13;A01
201700007262;2;7;0;0;0;9;1;A01
201700007262;2;7;0;1;0;3;1;B01
201700007263;1;7;0;8;0;1;14;A01
201700007264;1;10;0;0;2;2;1;A01
201700007264;1;17;0;0;0;6;1;B01
201700007265;2;7;0;13;1;1;21;A01
201700007266;1;7;0;0;2;2;1;B01
201700007266;2;7;0;13;2;6;1;A01
201700007267;1;7;0;2;0;7;0;A01
201700007268;2;7;0;13;0;3;1;A01
201700007269;1;34;0;0;2;1;2;A01
201700007269;1;7;0;0;0;4;2;B01
201700007270;1;7;0;0;2;2;17;A01
201700007270;1;17;0;0;0;6;1;B01
201700007271;2;10;0;0;2;1;2;A01
201700007271;2;10;0;0;0;4;2;B01
201700007272;1;33;0;0;0;0;0;A01
201700007273;1;7;0;0;2;1;1;A01
201700007273;1;10;0;0;2;4;2;B01
201700007273;1;10;0;0;2;4;2;C01
201700007273;1;10;0;0;0;4;2;D01
201700007274;1;33;0;0;2;9;2;A01
201700007274;1;7;0;0;0;0;1;B01
201700007275;1;7;0;0;2;2;1;A01
201700007275;1;17;0;0;2;6;1;B01
201700007276;1;33;0;0;0;0;0;A01
201700007277;2;34;0;0;0;0;0;A01
201700007278;2;33;0;3;2;8;2;A01
201700007278;2;7;0;0;2;7;14;B01
201700007279;2;34;0;0;0;8;1;A01
201700007280;1;7;0;0;2;1;2;A01
201700007280;1;7;0;0;2;4;2;B01
201700007281;1;7;0;0;2;6;1;B01
201700007281;2;7;0;0;2;2;0;A01
201700007281;1;7;0;0;2;2;0;C01
201700007281;1;7;0;3;2;1;1;D01
201700007282;1;31;0;0;0;8;15;A01
201700007283;1;10;0;0;0;1;21;A01
201700007283;1;34;0;0;0;7;1;B01
201700007284;1;32;0;0;0;7;2;A01
201700007285;1;15;0;0;0;6;2;B01
201700007285;1;10;0;0;2;2;17;A01
201700007286;2;32;0;4;0;8;1;A01
201700007287;1;34;0;12;0;7;1;A01
201700007288;1;7;0;0;0;4;1;A01
201700007288;1;2;0;0;2;1;1;B01
201700007289;2;34;0;12;0;7;1;A01
201700007290;2;34;0;0;2;1;2;A01
201700007290;2;7;0;0;0;4;1;B01
201700007291;2;17;0;11;1;5;1;A01
201700007292;1;7;0;4;0;2;1;A01
201700007293;1;34;0;0;0;0;1;A01
201700007294;1;10;0;0;0;4;2;B01
201700007294;1;33;0;0;2;1;2;A01
201700007295;2;2;0;14;0;3;1;A01
201700007296;2;10;0;4;2;9;2;A01
201700007296;2;7;0;4;0;8;1;B01
201700007297;1;17;0;0;0;4;9;B01
201700007297;1;7;0;3;2;1;0;A01
201700007298;2;7;0;0;2;3;1;B01
201700007298;2;7;0;0;2;1;1;C01
201700007298;1;7;0;0;2;3;13;A01
201700007299;1;7;0;0;2;3;1;C01
201700007299;2;10;0;0;2;6;13;A01
201700007300;2;7;0;0;0;6;23;B01
201700007300;1;17;0;14;2;2;12;A01
201700007301;1;7;0;0;2;6;1;C01
201700007301;1;7;0;0;2;3;13;A01
201700007301;2;7;0;0;2;3;1;B01
201700007302;2;15;0;0;0;4;2;A01
201700007302;2;17;0;0;2;4;2;B01
201700007302;2;17;0;0;2;1;2;C01
201700007303;2;33;0;0;2;1;1;B01
201700007303;1;7;0;0;2;3;5;A01
201700007304;1;7;0;4;0;4;2;A01
201700007304;1;10;0;0;2;1;2;B01
201700007305;1;17;0;0;1;2;1;A01
201700007306;2;7;0;0;0;0;12;B01
201700007306;2;7;0;4;0;1;1;A01
201700007307;2;7;0;0;2;4;2;E01
201700007307;2;7;0;0;2;4;2;D01
201700007307;2;7;0;0;2;4;2;F01
201700007307;2;14;0;0;2;1;2;A01
201700007307;2;7;0;0;2;4;2;C01
201700007307;2;7;0;0;2;4;0;B01
201700007308;2;7;0;0;2;3;23;B01
201700007308;2;7;0;0;2;1;1;A01
201700007309;1;7;0;0;1;1;2;A01
201700007310;2;7;0;0;2;1;1;A01
201700007310;1;7;0;0;2;1;5;B01
201700007311;0;17;0;0;0;5;0;A01
201700007311;2;10;0;1;0;3;1;B01
201700007312;1;7;0;0;2;1;2;A01
201700007312;1;7;0;0;2;9;2;B01
201700007312;1;10;0;0;2;4;2;C01
201700007313;2;7;0;0;2;3;13;A01
201700007313;1;7;0;0;2;8;1;B01
201700007313;1;10;0;0;2;1;1;C01
201700007313;1;10;0;0;2;3;1;D01
201700007314;1;7;0;4;0;1;14;A01
201700007315;2;10;0;3;2;1;1;A01
201700007315;2;7;0;0;2;1;1;B01
201700007315;2;7;0;0;2;8;1;C01
201700007315;2;17;0;0;2;4;1;D01
201700007315;2;7;0;0;9;6;1;E01
201700007315;2;7;0;0;2;1;1;F01
201700007316;2;7;0;0;2;2;17;A01
201700007316;2;7;0;0;0;6;1;B01
201700007317;0;7;0;0;2;1;13;A01
201700007317;0;7;0;0;0;1;1;B01
201700007318;2;37;1;13;0;7;1;A01
201700007319;2;17;0;0;0;5;23;A01
201700007319;2;17;0;14;0;3;2;B01
201700007320;2;33;0;0;2;2;17;A01
201700007320;2;17;0;0;2;3;15;B01
201700007321;2;17;0;0;2;3;1;B01
201700007321;1;7;0;0;2;3;13;A01
201700007322;0;7;0;0;2;1;23;A01
201700007322;0;15;0;0;2;1;5;B01
201700007323;2;7;0;0;2;3;13;A01
201700007323;1;38;2;0;2;3;1;B01
201700007324;2;7;0;0;2;3;13;A01
201700007324;1;14;0;0;2;3;1;B01
201700007325;1;33;0;0;2;1;17;A01
201700007325;1;17;0;0;0;8;15;B01
201700007326;2;7;0;3;2;2;2;A01
201700007326;2;14;0;0;0;6;0;B01
201700007327;2;3;0;3;2;6;2;A01
201700007327;2;7;0;0;2;2;2;B01
201700007328;1;14;0;16;0;7;14;A01
201700007329;2;10;0;0;2;3;13;A01
201700007329;1;38;1;0;2;3;1;B01
201700007330;1;7;0;13;0;9;17;A01
201700007331;2;14;0;0;2;2;21;A01
201700007331;2;7;0;0;0;6;15;B01
201700007332;1;38;40;0;2;7;1;B01
201700007332;1;7;0;0;2;1;2;A01
201700007333;1;7;0;0;2;1;13;A01
201700007333;2;38;20;0;2;1;1;B01
201700007334;1;7;0;0;2;3;13;A01
201700007334;2;17;0;0;2;3;1;B01
201700007335;1;7;0;0;2;4;15;A01
201700007335;1;15;0;0;2;2;2;B01
201700007336;2;7;0;0;0;5;19;A01
201700007336;1;15;0;0;2;1;1;B01
201700007337;2;17;0;0;2;2;1;B01
201700007337;2;7;0;16;2;3;9;A01
201700007338;2;7;0;0;2;8;13;A01
201700007338;1;17;0;0;2;3;21;B01
201700007339;0;14;0;1;0;3;13;A01
201700007340;2;33;0;0;2;2;17;A01
201700007340;2;14;0;0;0;8;15;B01
201700007341;1;7;0;0;2;1;23;C01
201700007341;2;7;0;0;2;3;15;B01
201700007341;2;37;3;0;2;2;7;A01
201700007342;1;17;0;0;2;3;21;A01
201700007342;1;7;0;0;2;5;2;B01
201700007342;1;7;0;0;0;4;2;C01
201700007342;2;38;17;0;2;2;1;D01
201700007343;1;2;0;0;2;1;13;A01
201700007343;2;37;9;0;2;3;1;B01
201700007344;2;7;0;0;2;1;21;B01
201700007344;1;38;35;0;2;5;15;A01
201700007345;2;17;0;0;1;5;21;A01
201700007346;1;7;0;13;0;2;1;A01
201700007347;1;7;0;13;0;7;1;A01
201700007348;2;7;0;0;2;2;11;A01
201700007348;2;7;0;3;0;6;1;B01
201700007349;2;7;0;0;2;1;2;A01
201700007349;2;7;0;0;0;4;1;B01
201700007350;1;7;0;14;0;1;2;B01
201700007351;1;7;0;0;0;4;2;B01
201700007351;1;7;0;0;2;1;2;A01
201700007352;2;7;0;13;2;3;1;A01
201700007352;1;14;0;0;2;3;1;B01
201700007353;1;7;0;0;2;3;13;A01
201700007353;2;14;0;13;2;3;1;B01
201700007354;1;17;0;6;0;0;14;A01
201700007355;1;33;0;0;2;1;1;B01
201700007355;1;14;0;0;0;7;16;A01
201700007356;2;17;0;0;2;6;21;B01
201700007356;1;7;0;0;2;3;13;A01
201700007356;2;17;0;0;2;1;1;C01
201700007357;2;7;0;13;2;3;13;A01
201700007357;1;38;37;0;2;1;1;B01
201700007358;2;7;0;0;2;1;1;C01
201700007358;2;7;0;0;2;1;1;D01
201700007358;2;37;2;0;2;8;15;B01
201700007358;1;7;0;0;2;3;13;A01
201700007359;1;17;0;4;0;8;16;A01
201700007360;0;7;0;15;0;3;10;A01
201700007360;0;7;0;0;0;2;17;B01
201700007361;0;17;0;13;0;6;1;A01
201700007362;1;15;0;0;0;0;1;A01
201700007362;2;7;0;5;9;7;1;C01
201700007362;2;7;0;3;9;1;1;D01
201700007363;1;7;0;0;2;1;2;A01
201700007363;1;7;0;0;2;4;2;B01
201700007363;1;7;0;0;0;4;2;C01
201700007364;1;2;0;0;0;4;1;A01
201700007364;1;7;0;0;2;1;2;B01
201700007364;1;7;0;0;2;1;2;C01
201700007365;1;7;0;0;2;4;2;A01
201700007365;1;7;0;0;2;1;2;B01
201700007365;1;7;0;0;2;1;2;C01
201700007366;1;7;0;0;1;3;1;A01
201700007367;1;7;0;0;6;2;1;A01
201700007367;1;7;0;14;0;2;1;B01
201700007368;2;10;0;0;2;1;2;A01
201700007368;2;7;0;0;2;4;2;B01
201700007368;2;7;0;0;2;4;2;D01
201700007368;2;7;0;0;2;4;2;C01
201700007369;1;7;0;0;0;0;13;B01
201700007369;1;17;0;0;2;8;1;C01
201700007369;1;7;0;4;2;3;11;A01
201700007370;1;33;0;0;2;7;1;B01
201700007370;1;7;0;0;2;8;11;A01
201700007371;2;7;0;0;0;6;23;B01
201700007371;2;7;0;1;2;2;0;A01
201700007372;1;7;0;0;2;1;18;A01
201700007372;1;7;0;0;2;6;1;B01
201700007372;1;7;0;0;2;1;1;C01
201700007372;1;7;0;0;2;5;1;D01
201700007373;2;17;0;0;0;4;2;B01
201700007373;2;17;0;0;2;1;2;A01
201700007374;2;7;0;0;0;1;2;B01
201700007374;2;7;0;0;0;4;2;A01
201700007375;1;7;0;15;0;0;1;A01
201700007376;2;34;0;0;2;1;23;B01
201700007376;2;7;0;0;2;4;4;A01
201700007377;1;17;0;0;2;2;12;B01
201700007377;1;7;0;3;0;8;1;A01
201700007378;1;14;0;0;2;2;14;A01
201700007378;1;7;0;0;0;6;1;B01
201700007379;1;7;0;0;0;4;1;B01
201700007379;1;17;0;0;2;2;12;A01
201700007380;1;17;0;0;2;2;12;A01
201700007380;1;7;0;0;2;1;1;B01
201700007380;1;7;0;0;2;9;1;C01
201700007381;2;7;0;0;2;8;3;B01
201700007381;2;10;0;0;0;4;23;C01
201700007381;2;7;0;0;2;7;1;A01
201700007381;2;7;0;0;2;1;2;D01
201700007382;2;7;0;0;2;4;2;G01
201700007382;2;7;0;0;2;1;2;D01
201700007382;2;10;0;0;2;4;1;B01
201700007382;2;7;0;0;2;1;2;A01
201700007382;2;7;0;0;2;5;2;C01
201700007382;2;7;0;0;2;1;2;F01
201700007382;2;7;0;0;2;3;2;E01
201700007383;1;7;0;3;2;8;12;B01
201700007383;1;7;0;3;2;2;1;A01
201700007384;2;7;0;0;2;1;1;C01
201700007384;2;7;0;0;2;6;23;B01
201700007384;2;7;0;1;0;2;14;A01
201700007385;2;7;0;4;0;1;1;A01
201700007386;2;7;0;0;2;7;21;A01
201700007386;2;17;0;4;2;3;1;B01
201700007387;0;34;0;0;0;8;1;A01
201700007388;1;33;0;0;2;1;2;A01
201700007388;1;7;0;0;0;4;2;B01
201700007388;1;7;0;0;0;5;2;C01
201700007389;1;7;0;0;2;2;12;A01
201700007389;1;7;0;3;0;6;1;B01
201700007390;1;14;0;1;1;2;1;A01
201700007391;1;34;0;0;0;7;1;A01
201700007392;2;7;0;0;2;7;12;A01
201700007392;2;33;0;0;2;8;1;B01
201700007393;2;7;0;0;0;0;0;A01
201700007393;2;7;0;3;0;1;21;B01
201700007394;1;17;0;1;0;2;1;A01
201700007394;1;7;0;0;0;6;24;B01
201700007395;2;33;0;0;2;8;1;A01
201700007395;2;7;0;0;2;7;12;B01
201700007396;2;7;0;0;2;2;12;B01
201700007396;2;33;0;0;2;1;3;A01
201700007396;2;7;0;0;0;6;1;C01
201700007397;2;33;0;0;2;7;12;B01
201700007397;2;7;0;0;0;6;1;A01
201700007398;1;33;0;0;0;8;2;A01
201700007399;1;7;0;0;2;4;1;D01
201700007399;1;33;0;0;2;1;21;A01
201700007399;1;10;0;0;2;1;1;E01
201700007399;1;7;0;0;0;5;1;C01
201700007399;1;7;0;0;0;6;1;B01
201700007400;1;7;0;0;2;2;2;B01
201700007400;1;7;0;0;0;5;2;A01
201700007401;2;7;0;0;2;7;2;B01
201700007401;2;2;0;0;2;7;1;A01
201700007402;2;7;0;4;0;2;1;A01
201700007403;1;17;0;0;2;1;2;A01
201700007403;1;7;0;0;2;4;1;B01
201700007404;2;7;0;0;2;1;2;A01
201700007404;2;7;0;0;2;4;2;B01
201700007404;2;7;0;0;2;4;2;C01
201700007405;2;99;0;0;0;4;11;A01
201700007405;2;7;0;0;2;1;2;B01
201700007406;2;33;0;0;9;1;1;A01
201700007406;2;7;0;4;0;2;1;B01
201700007407;2;17;0;4;0;3;16;A01
201700007408;2;7;0;0;0;4;2;A01
201700007408;2;33;0;0;2;1;2;B01
201700007409;2;7;0;0;0;8;23;A01
201700007409;2;7;0;1;0;1;2;B01
201700007410;2;33;0;0;0;3;1;A01
201700007411;1;7;0;0;2;4;11;A01
201700007411;1;14;0;0;2;3;1;B01
201700007411;1;7;0;0;2;6;1;C01
201700007411;1;7;0;0;0;6;1;D01
201700007412;1;33;0;3;0;8;1;A01
201700007413;1;15;0;0;2;3;1;A01
201700007413;0;7;0;3;2;5;12;B01
201700007414;1;7;0;0;0;4;1;A01
201700007414;1;7;0;0;2;1;2;B01
201700007414;1;2;0;0;2;1;2;C01
201700007415;1;7;0;4;0;4;0;A01
201700007415;1;7;0;4;2;1;2;B01
201700007416;1;32;0;0;2;1;2;A01
201700007416;1;7;0;0;2;6;1;B01
201700007417;1;33;0;0;0;8;19;A01
201700007418;1;14;0;0;2;5;12;C01
201700007418;1;7;0;0;2;1;11;B01
201700007418;1;7;0;0;0;9;1;A01
201700007419;2;7;0;3;0;7;0;A01
201700007420;1;14;0;3;0;3;1;A01
201700007421;1;7;0;3;2;1;2;A01
201700007421;1;7;0;2;0;4;1;B01
201700007422;1;7;0;5;0;1;14;A01
201700007423;1;7;0;0;2;1;13;A01
201700007423;2;15;0;0;2;1;1;B01
201700007424;1;7;0;0;2;1;2;B01
201700007424;1;13;0;0;0;0;23;D01
201700007424;1;7;0;0;2;1;2;C01
201700007424;1;7;0;0;5;1;1;A01
201700007425;2;7;0;4;0;2;14;A01
201700007426;0;7;0;0;2;1;1;B01
201700007426;0;7;0;0;2;1;17;A01
201700007427;1;33;0;0;2;1;17;B01
201700007427;1;10;0;0;2;6;15;A01
201700007428;2;7;0;13;0;3;1;A01
201700007429;1;32;0;12;0;1;5;A01
201700007430;2;7;0;3;2;1;2;A01
201700007430;2;38;20;0;0;4;2;B01
201700007431;2;10;0;0;2;1;2;A01
201700007431;2;7;0;0;0;4;2;B01
201700007432;1;7;0;0;2;1;2;A01
201700007432;1;99;0;0;2;4;2;B01
201700007433;1;7;0;4;2;2;1;A01
201700007433;1;17;0;0;0;3;2;B01
201700007433;1;7;0;0;9;8;1;C01
201700007434;1;7;0;0;2;3;5;A01
201700007434;2;7;0;0;2;3;0;B01
201700007434;2;10;0;0;2;8;0;C01
201700007435;1;7;0;0;1;7;2;A01
201700007436;0;1;0;0;1;0;5;A01
201700007437;0;7;0;0;1;1;1;A01
201700007438;0;7;0;0;2;7;1;A01
201700007438;0;1;0;0;2;8;1;B01
201700007439;0;7;0;0;1;1;17;A01
201700007440;0;7;0;9;0;1;1;B01
201700007440;0;10;0;0;0;3;1;A01
201700007441;2;33;0;1;0;1;14;A01
201700007442;1;10;0;0;1;2;1;A01
201700007443;2;7;0;1;1;1;20;A01
201700007444;1;33;0;0;2;9;17;B01
201700007444;1;7;0;0;2;8;17;A01
201700007445;2;7;0;13;0;1;1;A01
201700007446;0;7;0;0;2;3;9;B01
201700007446;0;7;0;0;2;1;1;A01
201700007447;0;7;0;0;1;3;1;A01
201700007448;1;7;0;0;2;1;15;A01
201700007448;2;7;0;0;2;7;1;B01
201700007449;0;7;0;0;1;1;0;A01
201700007450;2;7;0;0;0;1;1;A01
201700007451;0;1;0;0;0;4;2;B01
201700007451;0;7;0;0;2;0;2;A01
201700007452;1;7;0;0;2;1;15;A01
201700007452;0;33;0;0;2;1;1;B01
201700007453;1;33;0;0;0;0;17;A01
201700007454;0;7;0;1;0;1;16;A01
201700007455;0;7;0;0;1;2;1;A01
201700007456;1;33;0;0;2;2;1;B01
201700007456;0;7;0;0;2;8;15;A01
201700007457;1;31;0;6;0;1;1;A01
201700007458;0;7;0;15;0;3;21;A01
201700007459;1;7;0;0;2;4;1;C01
201700007459;1;7;0;0;2;4;1;B01
201700007459;1;7;0;0;2;1;1;A01
201700007460;0;7;0;0;0;3;20;A01
201700007460;0;2;0;12;0;6;1;B01
201700007461;0;7;0;0;1;2;1;A01
201700007462;2;7;0;0;1;2;1;A01
201700007463;1;7;0;3;2;1;1;B01
201700007463;2;7;0;0;2;1;13;A01
201700007464;2;7;0;0;2;1;13;A01
201700007464;1;14;0;0;2;1;1;B01
201700007465;2;17;0;0;2;3;2;A01
201700007465;2;7;0;3;0;5;0;B01
201700007466;1;14;0;13;9;1;1;A01
201700007467;1;7;0;15;0;1;14;A01
201700007468;2;7;0;0;0;4;0;B01
201700007468;2;7;0;0;2;1;2;A01
201700007469;1;33;0;0;2;1;13;A01
201700007469;2;14;0;0;2;1;21;B01
201700007470;1;7;0;0;2;3;2;A01
201700007470;1;7;0;0;0;3;0;E01
201700007470;1;7;0;0;2;5;2;D01
201700007470;1;7;0;0;2;2;0;B01
201700007470;1;7;0;0;2;9;0;C01
201700007471;1;7;0;3;0;9;1;A01
201700007472;1;7;0;0;2;8;21;C01
201700007472;1;7;0;0;2;2;21;E01
201700007472;1;17;0;0;2;1;2;B01
201700007472;1;7;0;0;0;4;0;A01
201700007472;1;15;0;0;0;3;23;D01
201700007473;1;17;0;0;0;0;1;B01
201700007473;1;7;0;0;2;3;12;A01
201700007474;1;16;0;0;0;0;1;B01
201700007474;1;7;0;0;2;1;2;A01
201700007475;2;10;0;0;2;2;2;A01
201700007475;2;7;0;0;0;6;2;B01
201700007476;1;7;0;15;0;9;1;A01
201700007477;1;7;0;3;0;9;1;A01
201700007478;1;7;0;0;0;6;11;A01
201700007478;1;10;0;0;2;2;1;B01