num_acc;senc;catv;occutc;obs;obsm;choc;manv;num_veh
201700007479;1;7;0;3;0;3;14;A01
201700007480;1;7;0;13;0;1;1;A01
201700007481;2;7;0;4;0;3;1;A01
201700007481;2;7;0;0;2;3;2;B01
201700007482;1;7;0;0;2;1;2;A01
201700007482;1;7;0;0;0;4;2;B01
201700007483;1;7;0;0;2;1;2;A01
201700007483;1;15;0;0;0;4;2;B01
201700007484;2;10;0;0;0;8;1;A01
201700007485;2;30;0;11;2;8;13;A01
201700007485;1;14;0;0;2;8;23;B01
201700007486;0;14;0;0;2;4;4;A01
201700007486;0;2;0;0;2;1;23;B01
201700007487;2;17;0;0;2;1;0;B01
201700007487;1;7;0;0;2;3;21;A01
201700007488;1;17;0;0;2;1;2;A01
201700007488;1;7;0;0;2;4;2;D01
201700007488;1;7;0;0;2;4;2;B01
201700007488;1;7;0;0;2;4;2;C01
201700007489;1;14;0;0;2;1;1;B01
201700007489;2;7;0;0;2;7;15;A01
201700007490;1;17;0;0;2;1;1;B01
201700007490;2;15;0;0;2;6;1;A01
201700007491;1;15;0;13;0;2;2;A01
201700007492;2;10;0;0;0;6;0;B01
201700007492;2;14;0;0;2;1;13;A01
201700007492;1;7;0;0;2;1;1;C01
201700007493;0;17;0;0;0;7;1;B01
201700007493;0;30;0;0;2;2;15;A01
201700007494;1;17;0;0;2;3;1;B01
201700007494;2;7;0;0;2;3;21;A01
201700007494;2;21;0;0;2;6;1;C01
201700007495;1;7;0;0;1;1;1;A01
201700007496;1;7;0;0;2;3;1;B01
201700007496;2;33;0;0;2;3;18;A01
201700007497;2;10;0;0;2;3;1;B01
201700007497;1;7;0;0;2;8;15;A01
201700007498;1;33;0;15;9;2;15;A01
201700007498;2;7;0;0;0;1;1;B01
201700007499;1;7;0;0;2;3;0;A01
201700007499;2;7;0;0;2;3;1;B01
201700007499;2;10;0;0;2;8;21;C01
201700007500;1;7;0;0;1;3;1;A01
201700007501;2;7;0;0;1;1;1;A01
201700007502;1;7;0;0;2;4;23;B01
201700007502;1;7;0;0;2;1;2;A01
201700007502;1;7;0;0;2;4;23;C01
201700007503;1;7;0;0;2;3;11;A01
201700007503;1;31;0;0;2;7;17;B01
201700007504;1;38;0;0;2;3;1;A01
201700007504;2;7;0;0;2;3;13;B01
201700007505;0;7;0;0;2;3;1;A01
201700007505;0;2;0;0;2;3;1;B01
201700007506;1;7;0;2;0;1;14;A01
201700007507;1;7;0;13;0;9;14;A01
201700007508;2;7;0;6;0;1;14;A01
201700007509;1;7;0;0;1;2;1;A01
201700007510;2;7;0;0;1;2;14;A01
201700007511;2;7;0;0;2;3;1;B01
201700007511;1;7;0;0;2;3;15;A01
201700007512;1;2;0;0;1;1;1;A01
201700007513;1;7;0;0;1;4;4;A01
201700007514;2;7;0;3;0;2;14;A01
201700007515;1;7;0;10;0;1;13;A01
201700007516;2;7;0;0;2;1;15;A01
201700007516;1;33;0;0;2;1;1;B01
201700007517;0;7;0;0;2;3;15;A01
201700007517;0;37;5;0;2;2;1;B01
201700007518;2;7;0;0;2;2;2;A01
201700007518;2;17;0;0;0;0;2;B01
201700007519;2;38;21;13;0;7;2;A01
201700007520;2;7;0;3;2;3;1;C01
201700007520;2;7;0;0;2;3;1;D01
201700007520;1;15;0;3;2;3;13;A01
201700007521;2;7;0;0;2;2;15;A01
201700007521;1;7;0;0;2;3;1;B01
201700007521;2;14;0;0;2;3;1;C01
201700007522;1;7;0;0;2;3;13;A01
201700007522;2;15;0;0;2;6;0;B01
201700007523;1;15;0;0;2;1;2;A01
201700007523;1;7;0;3;2;4;2;B01
201700007524;2;7;0;0;2;2;16;B01
201700007524;2;33;0;0;2;1;1;A01
201700007525;2;33;0;0;2;1;2;A01
201700007525;2;7;0;0;2;1;1;B01
201700007525;2;7;0;0;0;4;2;C01
201700007526;1;7;0;0;2;7;16;A01
201700007526;1;33;0;0;2;1;1;B01
201700007527;2;7;0;0;0;4;2;B01
201700007527;2;33;0;0;2;1;2;A01
201700007528;1;7;0;0;2;4;2;B01
201700007528;1;7;0;0;2;6;2;C01
201700007528;1;7;0;0;2;1;2;A01
201700007529;2;7;0;3;0;3;1;A01
201700007530;1;7;0;0;2;2;2;A01
201700007530;1;17;0;0;0;0;1;C01
201700007531;2;7;0;1;0;1;2;A01
201700007531;2;7;0;0;0;4;23;B01
201700007531;2;7;0;0;0;5;2;C01
201700007532;2;15;0;0;0;8;23;C01
201700007532;2;15;0;0;0;6;23;B01
201700007532;2;14;0;1;0;1;1;A01
201700007533;2;17;0;0;0;4;2;B01
201700007533;2;17;0;0;2;1;11;A01
201700007534;2;17;0;0;2;1;2;A01
201700007534;2;17;0;0;0;4;2;B01
201700007535;1;17;0;0;2;8;11;B01
201700007535;1;7;0;3;2;2;1;A01
201700007536;2;7;0;4;2;1;2;B01
201700007536;2;7;0;0;0;0;9;A01
201700007536;2;7;0;0;0;4;1;C01
201700007537;1;7;0;16;0;0;2;A01
201700007537;1;7;0;0;0;0;12;B01
201700007538;2;7;0;3;2;3;1;B01
201700007538;2;7;0;3;2;3;1;C01
201700007538;2;7;0;0;2;3;5;A01
201700007539;1;33;0;0;2;1;3;B01
201700007539;1;7;0;0;2;4;12;A01
201700007540;2;7;0;0;2;4;2;B01
201700007540;2;10;0;0;0;4;2;C01
201700007540;2;7;0;0;2;1;2;A01
201700007541;1;7;0;0;2;1;2;A01
201700007541;1;7;0;0;0;4;2;B01
201700007542;2;10;0;0;0;6;24;B01
201700007542;2;7;0;1;1;2;2;A01
201700007543;2;17;0;0;0;4;1;B01
201700007543;2;7;0;0;2;1;0;A01
201700007544;2;7;0;0;2;1;17;A01
201700007544;2;7;0;0;0;4;17;B01
201700007545;2;7;0;0;1;2;2;A01
201700007546;2;17;0;3;0;4;1;C01
201700007546;2;14;0;0;2;1;1;A01
201700007547;1;7;0;3;0;1;1;A01
201700007548;1;7;0;0;2;1;13;A01
201700007548;0;7;0;0;2;1;1;B01
201700007549;1;7;0;13;0;6;1;B01
201700007549;1;7;0;0;2;2;1;A01
201700007550;2;33;0;0;0;3;1;A01
201700007551;1;7;0;13;0;3;1;A01
201700007552;0;33;0;0;0;8;1;A01
201700007553;2;17;0;0;0;4;23;A01
201700007553;2;10;0;0;2;1;2;B01
201700007553;2;7;0;0;2;1;2;C01
201700007554;2;38;30;16;0;7;21;A01
201700007555;1;7;0;4;0;3;2;C01
201700007555;1;7;0;3;0;0;2;D01
201700007555;1;7;0;16;9;1;2;A01
201700007555;1;7;0;0;2;1;2;B01
201700007556;2;7;0;4;0;3;0;A01
201700007557;1;7;0;4;0;3;9;A01
201700007558;2;7;0;4;0;3;1;A01
201700007559;0;7;0;0;2;3;5;A01
201700007559;2;7;0;0;2;3;17;B01
201700007560;1;7;0;3;9;3;1;A01
201700007561;2;7;0;15;0;1;1;A01
201700007562;1;7;0;0;0;4;1;A01
201700007562;1;7;0;0;2;1;1;B01
201700007563;2;7;0;13;0;7;1;A01
201700007564;1;7;0;3;0;2;1;A01
201700007565;1;33;0;0;9;1;17;A01
201700007566;1;7;0;3;0;1;11;A01
201700007567;1;7;0;0;2;5;1;A01
201700007567;1;7;0;0;2;2;12;B01
201700007568;1;7;0;0;2;3;1;A01
201700007568;1;7;0;13;0;5;17;B01
201700007569;2;7;0;0;0;0;1;A01
201700007570;2;7;0;13;0;9;1;A01
201700007571;2;17;0;0;2;2;12;A01
201700007571;2;7;0;0;2;6;1;B01
201700007571;2;7;0;0;2;2;1;C01
201700007572;1;7;0;2;0;1;1;A01
201700007573;1;15;0;0;0;5;23;A01
201700007573;1;7;0;0;2;2;21;B01
201700007574;1;7;0;0;2;1;1;A01
201700007574;1;7;0;0;0;4;1;B01
201700007575;2;7;0;3;0;9;1;A01
201700007576;1;7;0;0;2;3;1;A01
201700007576;1;7;0;0;2;9;14;B01
201700007577;1;7;0;0;2;2;11;A01
201700007577;1;17;0;0;0;6;1;B01
201700007577;1;7;0;0;2;3;13;C01
201700007578;1;7;0;3;0;1;14;A01
201700007579;2;7;0;0;0;4;1;A01
201700007579;2;7;0;0;2;1;1;B01
201700007579;2;7;0;0;2;1;1;C01
201700007580;2;33;0;0;2;1;2;A01
201700007580;2;7;0;0;0;6;2;B01
201700007581;1;33;0;0;2;1;3;A01
201700007581;1;7;0;0;0;6;13;B01
201700007582;2;7;0;3;0;2;1;A01
201700007582;2;7;0;0;2;3;2;B01
201700007583;1;7;0;3;2;2;13;A01
201700007583;1;7;0;0;2;6;14;B01
201700007584;1;17;0;0;0;6;23;A01
201700007584;1;10;0;0;2;2;2;B01
201700007585;1;15;0;1;0;2;1;A01
201700007586;1;7;0;15;2;3;17;A01
201700007586;1;7;0;3;0;5;11;B01
201700007587;2;7;0;3;0;3;21;A01
201700007588;2;7;0;3;0;2;21;A01
201700007589;2;17;0;0;2;1;2;A01
201700007589;2;17;0;0;2;4;2;B01
201700007590;2;7;0;0;2;3;1;A01
201700007590;1;17;0;0;2;0;10;B01
201700007591;1;7;0;13;0;1;0;A01
201700007592;1;17;0;0;2;2;2;A01
201700007592;1;10;0;0;0;6;1;C01
201700007593;1;15;0;16;0;7;15;A01
201700007594;2;7;0;3;0;3;1;A01
201700007594;2;7;0;1;0;3;17;B01
201700007594;2;7;0;3;0;1;1;C01
201700007595;1;10;0;0;2;2;14;A01
201700007595;1;17;0;0;2;6;1;B01
201700007596;2;7;0;3;0;2;1;A01
201700007597;1;7;0;0;0;4;2;A01
201700007598;2;7;0;0;2;1;2;A01
201700007598;2;7;0;0;0;6;2;B01
201700007599;2;7;0;0;2;1;1;B01
201700007599;2;37;1;0;2;3;23;C01
201700007599;1;7;0;14;2;7;1;A01
201700007600;1;17;0;0;0;4;23;C01
201700007600;1;7;0;14;0;1;2;A01
201700007600;1;10;0;14;0;4;23;B01
201700007601;2;15;0;0;0;6;1;B01
201700007601;2;7;0;0;2;2;0;A01
201700007601;2;7;0;0;2;3;2;C01
201700007602;1;7;0;3;0;6;1;A01
201700007603;1;7;0;0;2;1;5;A01
201700007603;2;7;0;0;2;1;1;B01
201700007604;1;16;0;0;0;0;1;B01
201700007604;0;7;0;0;0;0;9;A01
201700007605;1;7;0;4;0;9;1;A01
201700007606;2;10;0;1;1;2;1;A01
201700007607;2;14;0;0;1;1;1;A01
201700007608;1;7;0;0;0;4;1;A01
201700007608;1;7;0;0;2;1;2;B01
201700007608;1;7;0;0;2;1;1;C01
201700007608;1;7;0;3;2;2;1;D01
201700007608;1;7;0;3;2;0;1;E01
201700007609;1;7;0;0;2;4;11;B01
201700007609;1;7;0;0;2;1;1;A01
201700007609;1;14;0;0;0;8;11;C01
201700007610;1;33;0;0;6;1;1;A01
201700007611;2;7;0;3;0;2;14;A01
201700007612;2;7;0;0;2;1;2;A01
201700007612;2;17;0;0;0;4;2;B01
201700007613;2;7;0;0;2;1;1;A01
201700007613;2;17;0;0;0;6;24;B01
201700007614;2;17;0;13;0;8;16;A01
201700007615;2;7;0;0;2;1;5;A01
201700007615;1;7;0;0;2;1;1;B01
201700007615;1;15;0;0;2;2;1;C01
201700007616;1;7;0;4;0;3;17;A01
201700007617;2;7;0;3;0;3;1;A01
201700007618;1;7;0;0;2;8;18;A01
201700007618;1;10;0;0;0;8;1;B01
201700007618;1;7;0;0;2;1;1;C01
201700007618;1;7;0;0;2;4;1;D01
201700007618;1;10;0;0;2;4;1;E01
201700007618;1;7;0;0;2;1;1;F01
201700007619;1;7;0;3;0;9;1;A01
201700007620;1;17;0;3;0;8;1;A01
201700007621;1;17;0;1;0;1;1;A01
201700007622;1;7;0;4;0;3;13;A01
201700007623;2;17;0;3;2;1;13;A01
201700007623;1;7;0;3;2;1;1;B01
201700007624;2;7;0;8;0;1;0;A01
201700007625;2;7;0;7;0;3;14;A01
201700007626;2;17;0;3;0;0;14;A01
201700007627;2;7;0;0;2;3;15;A01
201700007627;1;14;0;0;2;3;1;B01
201700007628;0;7;0;0;2;3;15;A01
201700007628;0;34;0;0;2;2;17;B01
201700007629;0;7;0;0;2;8;9;A01
201700007629;0;33;0;0;2;0;0;B01
201700007630;1;7;0;0;2;8;1;B01
201700007630;2;7;0;0;2;1;1;A01
201700007631;2;33;0;0;2;7;14;A01
201700007631;2;7;0;0;2;8;13;B01
201700007632;0;7;0;1;0;1;2;A01
201700007633;2;7;0;0;2;1;2;A01
201700007633;2;7;0;0;2;4;2;B01
201700007633;2;7;0;0;0;4;2;C01
201700007634;1;7;0;1;1;2;14;A01
201700007635;0;34;0;0;2;2;2;B01
201700007635;0;7;0;0;2;6;13;A01
201700007636;0;1;0;0;2;1;1;B01
201700007636;0;7;0;0;2;3;15;A01
201700007637;2;7;0;0;0;4;2;A01
201700007637;2;2;0;1;0;1;2;B01
201700007638;2;7;0;6;0;1;16;A01
201700007639;1;7;0;0;2;2;2;A01
201700007639;1;34;0;0;2;4;2;B01
201700007640;1;7;0;0;0;5;10;A01
201700007640;0;33;0;0;0;2;1;B01
201700007641;2;7;0;0;2;1;1;A01
201700007641;1;7;0;0;2;8;15;B01
201700007642;0;33;0;0;0;1;13;A01
201700007642;0;33;0;0;2;1;2;B01
201700007642;0;99;0;0;2;3;0;C01
201700007643;2;7;0;0;1;2;1;A01
201700007644;0;34;0;14;0;1;17;A01
201700007645;0;7;0;0;0;8;9;A01
201700007645;1;34;0;0;2;0;1;B01
201700007646;2;7;0;0;2;4;13;B01
201700007646;1;7;0;0;2;1;1;A01
201700007647;0;2;0;0;0;0;1;A01
201700007648;0;7;0;0;2;7;15;A01
201700007648;0;33;0;0;2;1;1;B01
201700007649;1;7;0;4;0;1;0;A01
201700007650;2;7;0;2;0;1;1;A01
201700007651;2;34;0;7;0;1;3;A01
201700007652;2;7;0;0;2;8;13;A01
201700007652;1;10;0;0;2;6;1;B01
201700007653;2;17;0;0;2;8;10;A01
201700007653;2;7;0;0;2;1;1;B01
201700007654;2;10;0;0;2;3;10;B01
201700007654;1;7;0;0;2;2;1;A01
201700007655;1;7;0;0;2;1;1;A01
201700007655;1;7;0;0;2;2;19;B01
201700007656;2;7;0;2;0;1;13;A01
201700007657;1;7;0;9;0;2;1;A01
201700007658;2;7;0;0;2;4;23;B01
201700007658;2;7;0;0;2;2;1;C01
201700007658;2;7;0;0;2;4;23;A01
201700007659;2;32;0;0;2;1;1;A01
201700007659;2;7;0;0;2;6;19;B01
201700007660;1;30;0;0;2;8;15;B01
201700007660;1;7;0;0;2;1;1;A01
201700007661;1;7;0;0;2;8;10;A01
201700007661;1;7;0;0;2;1;1;B01
201700007662;1;33;0;5;0;1;0;A01
201700007663;0;2;0;0;0;0;15;A01
201700007664;1;7;0;2;0;8;1;A01
201700007665;0;2;0;0;0;8;1;A01
201700007666;0;2;0;0;2;3;1;B01
201700007666;0;7;0;0;2;3;15;A01
201700007667;2;7;0;0;2;3;15;A01
201700007667;1;33;0;0;2;7;1;B01
201700007668;1;31;0;0;2;1;2;B01
201700007668;1;21;0;0;0;4;15;A01
201700007669;1;7;0;3;2;1;1;B01
201700007669;1;7;0;0;2;6;19;A01
201700007670;0;7;0;0;2;1;2;A01
201700007670;0;33;0;0;0;6;1;B01
201700007671;2;7;0;0;2;2;1;B01
201700007671;1;7;0;0;2;3;13;A01
201700007672;1;7;0;16;0;9;1;A01
201700007673;0;7;0;4;0;3;1;A01
201700007674;2;1;0;0;2;1;1;B01
201700007674;1;7;0;0;9;2;15;A01
201700007675;1;7;0;0;2;1;1;A01
201700007675;0;7;0;0;0;7;9;B01
201700007676;0;33;0;0;2;1;2;B01
201700007676;0;10;0;0;2;2;2;A01
201700007677;1;7;0;0;1;2;1;A01
201700007678;2;10;0;0;2;3;13;A01
201700007678;1;7;0;0;2;3;1;B01
201700007679;1;17;0;0;2;6;1;A01
201700007679;1;33;0;0;2;1;2;B01
201700007680;1;33;0;16;0;0;2;A01
201700007681;1;10;0;0;2;1;14;A01
201700007681;1;17;0;0;0;4;2;B01
201700007682;2;7;0;1;0;2;9;A01
201700007682;2;15;0;0;0;6;24;B01
201700007682;2;7;0;0;2;3;17;C01
201700007683;1;10;0;0;0;6;24;A01
201700007683;1;10;0;1;0;2;1;B01
201700007684;1;7;0;3;0;1;1;A01
201700007685;1;17;0;3;2;1;6;A01
201700007685;2;7;0;0;2;8;1;B02
201700007686;2;17;0;0;2;4;1;B01
201700007686;2;7;0;3;2;1;1;A01
201700007687;1;7;0;3;2;2;2;A01
201700007687;1;17;0;0;2;6;2;B01
201700007688;1;7;0;4;0;3;1;A01
201700007689;2;33;0;0;0;0;1;A01
201700007690;2;33;0;0;0;0;1;A01
201700007691;1;7;0;1;0;1;17;C01
201700007691;1;7;0;0;0;0;1;A01
201700007692;2;33;0;0;2;1;11;A01
201700007693;0;33;0;0;2;1;1;A01
201700007693;0;7;0;0;0;8;1;B01
201700007694;2;7;0;0;2;1;2;A01
201700007694;2;7;0;0;2;4;2;B01
201700007695;1;17;0;0;0;6;2;B01
201700007695;1;7;0;0;2;2;1;A01
201700007696;2;17;0;0;2;2;1;B01
201700007696;1;7;0;0;2;6;13;A01
201700007697;1;7;0;0;2;1;2;A01
201700007697;1;15;0;0;0;4;2;B01
201700007698;1;17;0;0;2;6;2;B01
201700007698;1;7;0;0;2;2;3;A01
201700007699;1;17;0;0;0;4;2;B01
201700007699;1;7;0;0;2;1;2;A01
201700007700;2;15;0;3;0;7;1;A01
201700007701;1;7;0;0;0;4;2;B01
201700007701;1;7;0;0;2;1;2;A01
201700007702;1;7;0;0;2;1;1;A01
201700007702;1;17;0;0;0;4;1;B01
201700007703;2;17;0;3;0;3;1;A01
201700007704;1;7;0;13;0;2;1;A01
201700007705;1;7;0;0;2;3;1;B01
201700007705;2;7;0;0;2;3;17;A01
201700007706;0;33;0;0;2;1;17;B01
201700007706;0;7;0;0;2;1;1;A01
201700007707;1;34;0;0;2;2;15;B01
201700007707;2;7;0;7;2;3;1;A01
201700007708;1;7;0;0;0;4;12;A01
201700007708;1;33;0;0;0;7;21;B01
201700007709;1;33;0;0;2;1;1;A01
201700007709;2;7;0;0;2;8;15;B01
201700007710;2;7;0;0;0;9;1;A01
201700007711;2;17;0;13;0;7;0;A01
201700007712;2;7;0;3;2;6;0;A01
201700007712;2;7;0;4;2;2;0;B01
201700007713;2;10;0;0;0;6;23;A01
201700007713;2;10;0;1;0;3;2;B01
201700007714;1;10;0;3;0;3;2;A01
201700007715;2;7;0;4;0;1;1;A01
201700007716;2;33;0;0;2;8;9;A01
201700007716;2;15;0;0;2;5;9;B01
201700007717;1;7;0;13;0;2;1;A01
201700007718;0;17;0;2;0;1;1;A01
201700007719;1;17;0;0;0;8;1;A01
201700007719;2;7;0;0;0;0;23;B01
201700007720;2;7;0;0;2;1;13;A01
201700007720;1;17;0;0;0;1;1;B01
201700007721;2;7;0;2;0;1;2;C01
201700007721;1;7;0;0;0;4;23;E01
201700007721;2;7;0;0;2;1;0;A01
201700007721;2;7;0;0;0;4;2;B01
201700007721;1;38;1;0;2;1;1;D01
201700007722;1;7;0;0;2;3;13;A01
201700007722;2;13;0;2;2;3;1;B01
201700007723;2;15;0;0;2;8;15;A01
201700007723;1;7;0;0;2;1;1;B01
201700007724;1;14;0;0;2;2;1;B01
201700007724;2;7;0;0;2;2;13;A01
201700007725;0;7;0;0;1;3;1;A01
201700007726;1;7;0;0;2;1;0;B01
201700007726;1;7;0;0;2;7;13;A01
201700007727;2;1;0;0;0;2;16;B01
201700007727;2;7;0;0;0;3;16;A01
201700007728;0;7;0;0;1;2;1;A01
201700007729;1;1;0;0;0;8;1;B01
201700007729;1;7;0;0;0;2;16;A01
201700007730;1;1;0;0;0;0;1;A01
201700007731;2;33;0;0;0;1;21;B01
201700007732;1;7;0;6;0;1;1;A01
201700007733;2;7;0;0;2;7;15;A01
201700007733;1;2;0;0;2;1;1;B01
201700007734;0;10;0;0;6;0;21;A01
201700007735;2;33;0;11;0;3;1;A01
201700007736;2;33;0;13;0;3;19;A01
201700007737;0;7;0;0;2;2;19;B01
201700007737;0;7;0;0;2;3;1;A01
201700007738;0;14;0;0;0;0;15;A01
201700007739;0;31;0;0;0;0;1;A01
201700007740;1;7;0;0;2;3;1;B01
201700007740;2;7;0;0;2;3;13;A01
201700007741;0;7;0;0;2;1;1;B01
201700007741;1;7;0;0;2;7;13;A01
201700007742;1;33;0;0;0;8;1;A01
201700007743;1;33;0;6;0;1;1;A01
201700007744;0;33;0;0;2;2;16;A01
201700007744;0;7;0;0;0;3;1;B01
201700007745;0;14;0;0;2;3;23;B01
201700007745;0;33;0;0;2;3;1;A01
201700007746;2;33;0;11;0;1;0;A01
201700007747;1;32;0;0;2;2;1;A01
201700007747;2;7;0;0;2;7;15;B01
201700007748;2;7;0;0;2;3;18;A01
201700007748;1;7;0;0;2;3;1;B01
201700007749;0;10;0;6;0;1;16;A01
201700007750;1;1;0;0;2;7;9;A01
201700007750;1;7;0;0;2;3;1;B01
201700007751;0;2;0;0;2;3;15;A01
201700007751;0;7;0;0;2;3;1;B01
201700007752;2;7;0;0;0;5;14;A01
201700007752;2;33;0;0;2;3;1;B01
201700007753;2;1;0;0;0;7;1;A01
201700007754;0;7;0;0;1;2;1;A01
201700007755;0;7;0;6;0;1;1;A01
201700007756;0;7;0;0;2;2;10;A01
201700007756;0;2;0;9;2;8;5;B01
201700007757;2;7;0;0;0;9;13;A01
201700007758;1;7;0;0;1;1;0;A01
201700007759;1;1;0;16;0;0;14;A01
201700007760;0;3;0;4;0;2;1;A01
201700007761;1;7;0;0;0;4;15;A01
201700007761;1;2;0;0;2;1;1;B01
201700007762;0;3;0;16;0;0;14;A01
201700007763;0;31;0;3;0;7;1;A01
201700007764;1;7;0;0;2;1;2;A01
201700007764;1;7;0;0;0;4;23;B01
201700007765;0;7;0;0;2;1;9;A01
201700007765;0;7;0;0;2;7;1;B01
201700007766;0;7;0;0;2;3;9;A01
201700007766;0;1;0;0;2;1;1;B01
201700007767;0;10;0;0;2;1;13;B01
201700007767;0;33;0;0;2;1;1;A01
201700007768;1;33;0;12;2;2;1;A01
201700007768;0;7;0;0;2;3;1;B01
201700007769;0;1;0;0;2;5;12;B01
201700007769;0;7;0;0;2;3;1;A01
201700007770;2;33;0;0;2;1;1;B01
201700007770;2;7;0;0;2;5;12;A01
201700007771;0;7;0;0;2;3;1;B01
201700007771;0;34;0;0;2;3;13;A01
201700007772;2;7;0;0;2;3;1;A01
201700007772;1;7;0;0;2;3;13;B01
201700007773;2;33;0;0;0;4;23;B01
201700007773;2;7;0;0;2;1;2;A01
201700007774;1;7;0;13;0;3;1;A01
201700007775;2;7;0;0;2;1;1;B01
201700007775;1;7;0;0;2;1;5;A01
201700007776;0;7;0;0;2;7;1;B01
201700007776;0;7;0;0;2;1;5;A01
201700007777;1;7;0;14;0;1;1;A01
201700007778;0;33;0;0;2;8;7;B01
201700007778;0;7;0;0;2;2;9;A01
201700007779;1;33;0;9;9;1;1;A01
201700007780;1;33;0;0;2;1;17;A01
201700007780;0;7;0;0;2;3;15;C01
201700007780;1;33;0;0;0;0;2;B01
201700007781;1;7;0;0;2;3;15;A01
201700007781;2;2;0;0;2;1;1;B01
201700007782;2;7;0;0;2;3;15;A01
201700007782;1;33;0;0;2;1;1;B01
201700007783;0;2;0;12;0;1;15;A01
201700007784;1;7;0;0;2;2;14;B01
201700007784;1;7;0;0;2;5;15;C01
201700007784;1;7;0;0;2;3;1;A01
201700007785;2;33;0;1;2;7;5;A01
201700007785;2;33;0;0;2;8;0;B01
201700007786;0;7;0;0;1;2;1;A01
201700007787;0;7;0;0;1;7;1;A01
201700007788;0;10;0;0;2;3;10;A01
201700007788;0;2;0;0;2;1;1;B01
201700007789;2;10;0;0;9;5;17;A01
201700007789;2;1;0;0;2;3;1;B01
201700007790;1;7;0;0;1;1;3;C01
201700007790;1;7;0;0;1;1;1;A01
201700007790;1;7;0;0;1;1;0;B01
201700007791;2;17;0;13;0;1;1;A01
201700007792;1;15;0;0;0;1;13;A01
201700007793;2;7;0;0;2;1;2;A01
201700007793;2;7;0;0;0;4;0;B01
201700007794;1;17;0;0;2;8;15;A01
201700007794;1;10;0;6;2;7;17;B01
201700007795;2;7;0;4;0;2;14;A01
201700007796;1;10;0;3;0;3;13;A01
201700007797;2;33;0;0;0;7;1;A01
201700007798;2;7;0;0;2;2;2;A01
201700007798;2;17;0;0;0;6;2;B01
201700007799;1;7;0;4;0;1;6;A01
201700007800;2;14;0;0;2;1;0;A01
201700007800;1;3;0;0;2;1;0;B01
201700007801;2;17;0;7;0;0;0;A01
201700007802;1;10;0;0;2;1;13;A01
201700007802;2;7;0;0;2;8;1;B01
201700007802;2;38;1;0;2;3;21;C01
201700007803;2;7;0;4;0;3;13;A01
201700007804;2;7;0;4;2;3;17;A01
201700007804;2;14;0;0;2;6;1;B01
201700007805;2;17;0;13;0;7;1;A01
201700007806;2;38;1;0;2;2;1;B01
201700007806;1;7;0;0;2;1;1;A01
201700007807;1;7;0;3;0;1;1;A01
201700007808;1;7;0;3;0;1;0;A01
201700007809;1;14;0;0;0;0;1;A01
201700007810;0;37;1;0;1;3;19;A01
201700007811;2;7;0;0;2;3;1;A01
201700007811;1;7;0;11;2;1;6;B01
201700007812;0;2;0;0;2;8;1;B01
201700007812;0;7;0;0;2;6;1;A01
201700007813;2;7;0;0;2;8;10;A01
201700007813;2;33;0;0;2;1;17;B01
201700007814;2;33;0;0;2;1;1;B01
201700007814;1;7;0;6;0;5;10;A01
201700007815;1;7;0;0;2;3;1;A01
201700007815;2;7;0;0;2;1;1;B01
201700007816;1;33;0;5;0;1;1;A01
201700007817;0;33;0;0;2;1;1;B01
201700007817;0;7;0;0;9;1;15;A01
201700007818;1;34;0;0;2;2;17;A01
201700007818;1;7;0;0;2;8;17;B01
201700007819;1;7;0;15;0;3;13;A01
201700007820;2;33;0;7;0;7;1;A01
201700007821;1;7;0;13;0;1;1;A01
201700007822;0;2;0;0;2;1;2;A01
201700007822;0;7;0;0;2;3;1;B01
201700007823;1;7;0;0;0;1;15;A01
201700007823;2;7;0;0;0;3;1;B01
201700007824;0;7;0;1;1;4;4;A01
201700007825;0;7;0;0;2;3;1;A01
201700007825;0;1;0;0;2;4;1;B01
201700007826;0;7;0;0;2;3;15;A01
201700007826;0;7;0;13;0;0;1;C01
201700007826;0;7;0;0;2;2;1;B01
201700007827;1;7;0;2;0;1;14;A01
201700007828;1;1;0;16;0;9;1;A01
201700007829;1;14;0;6;0;1;1;A01
201700007830;2;7;0;2;0;1;1;A01
201700007831;2;7;0;3;0;9;14;A01
201700007832;2;7;0;3;0;9;2;A01
201700007833;1;7;0;0;2;1;1;B01
201700007833;1;7;0;0;2;8;9;A01
201700007834;0;1;0;0;2;4;1;B01
201700007834;0;10;0;0;2;7;2;A01
201700007835;2;7;0;0;2;4;1;B01
201700007835;2;10;0;0;2;1;1;A01
201700007835;2;7;0;0;2;4;1;C01
201700007835;2;7;0;0;2;4;1;D01
201700007836;2;7;0;0;2;2;2;A01
201700007836;2;1;0;0;0;4;1;B01
201700007837;2;7;0;0;0;3;1;B01
201700007837;2;7;0;3;2;3;13;A01
201700007837;2;10;0;0;0;4;1;C01
201700007838;1;1;0;14;0;7;1;A01
201700007839;2;7;0;13;0;1;1;A01
201700007840;0;7;0;0;0;4;2;B01
201700007840;1;33;0;0;2;1;2;A01
201700007841;2;33;0;3;0;0;16;A01
201700007842;0;7;0;0;2;2;1;B01
201700007842;0;1;0;0;2;8;19;A01
201700007843;0;7;0;2;0;1;13;A01
201700007844;0;7;0;0;0;6;15;B01
201700007844;0;33;0;0;2;1;21;A01