num_acc;senc;catv;occutc;obs;obsm;choc;manv;num_veh
201700007845;1;7;0;0;0;9;1;A01
201700007846;2;7;0;13;0;1;1;A01
201700007847;2;37;1;0;2;2;16;B01
201700007847;2;33;0;1;2;3;18;A01
201700007848;1;1;0;0;2;7;1;B01
201700007848;1;7;0;0;2;3;9;A01
201700007849;1;7;0;0;1;3;15;A01
201700007850;1;7;0;0;2;1;1;C01
201700007850;2;7;0;0;2;3;1;B01
201700007850;1;7;0;0;2;3;13;A01
201700007851;2;7;0;4;0;3;1;A01
201700007852;2;7;0;0;0;4;2;C01
201700007852;2;7;0;0;2;4;2;B01
201700007852;2;7;0;0;2;1;2;A01
201700007853;1;7;0;13;0;2;1;A01
201700007854;2;7;0;4;0;1;0;A01
201700007855;1;7;0;0;2;2;12;A01
201700007855;1;7;0;3;0;6;1;B01
201700007856;1;7;0;3;0;1;1;A01
201700007857;2;10;0;0;0;6;0;B01
201700007857;2;17;0;0;2;2;1;A01
201700007858;2;15;0;0;0;6;1;B01
201700007858;2;7;0;0;2;1;12;A01
201700007859;1;7;0;0;0;1;1;A01
201700007860;2;7;0;4;0;1;2;C01
201700007860;2;7;0;0;0;0;2;D01
201700007860;2;7;0;0;0;4;2;E01
201700007860;2;7;0;0;0;8;2;A01
201700007860;2;7;0;0;0;0;2;B01
201700007861;1;7;0;0;1;2;19;A01
201700007862;0;7;0;0;1;1;0;A01
201700007863;0;30;0;0;0;8;15;B01
201700007863;0;7;0;0;2;1;1;A01
201700007864;0;7;0;0;2;1;19;A01
201700007864;0;7;0;0;2;8;0;B01
201700007865;1;7;0;11;2;1;0;A01
201700007865;1;7;0;11;0;7;1;B01
201700007866;0;7;0;0;1;3;0;A01
201700007867;1;7;0;0;1;1;15;A01
201700007868;0;7;0;0;2;1;1;A01
201700007868;0;7;0;0;2;4;2;B01
201700007869;0;15;0;14;0;8;1;A01
201700007870;2;7;0;0;9;1;1;A01
201700007871;1;7;0;6;0;1;1;A01
201700007872;1;7;0;13;0;2;14;A01
201700007873;1;7;0;16;0;2;1;A01
201700007874;1;7;0;2;0;1;1;A01
201700007875;2;7;0;0;2;6;2;B01
201700007875;2;17;0;0;2;2;2;A01
201700007876;2;7;0;0;2;1;14;A01
201700007876;2;31;0;0;2;4;1;B01
201700007877;1;7;0;0;2;4;2;B01
201700007877;1;15;0;0;2;2;1;C01
201700007877;1;7;0;0;2;1;2;A01
201700007878;2;10;0;13;0;7;1;A01
201700007879;2;7;0;0;2;1;1;A01
201700007879;2;16;0;0;0;6;1;B01
201700007880;1;7;0;3;0;9;12;A01
201700007881;2;33;0;0;2;8;17;A01
201700007881;1;7;0;0;2;3;1;B01
201700007882;0;7;0;0;9;8;15;A01
201700007882;0;1;0;0;2;8;16;B01
201700007883;0;7;0;8;0;7;1;A01
201700007884;0;7;0;0;1;1;1;A01
201700007885;2;7;0;0;0;0;1;A01
201700007886;0;99;0;0;0;7;15;A01
201700007887;0;7;0;0;2;6;2;B01
201700007887;0;31;0;0;2;1;2;A01
201700007888;0;7;0;0;0;1;1;A01
201700007888;0;1;0;0;0;1;1;B01
201700007889;0;2;0;12;0;2;1;A01
201700007890;1;7;0;3;0;2;1;A01
201700007891;2;7;0;13;0;1;1;A01
201700007892;1;7;0;0;0;9;0;A01
201700007893;1;7;0;7;0;3;1;A01
201700007894;2;7;0;4;0;3;1;A01
201700007895;1;7;0;13;0;1;1;A01
201700007896;2;7;0;0;2;1;2;A01
201700007896;2;17;0;0;0;4;1;B01
201700007897;2;7;0;1;0;1;20;A01
201700007897;2;7;0;0;0;5;0;B01
201700007897;2;7;0;0;0;6;0;C01
201700007898;1;7;0;3;0;3;1;A01
201700007899;1;14;0;3;0;9;13;A01
201700007900;2;7;0;13;0;1;1;A01
201700007901;2;7;0;8;0;1;2;A01
201700007902;2;7;0;13;0;9;0;A01
201700007903;2;7;0;4;0;8;1;A01
201700007904;2;7;0;3;0;3;1;A01
201700007905;1;7;0;0;2;2;17;A01
201700007905;1;7;0;3;0;6;2;B01
201700007906;2;7;0;3;0;1;0;A01
201700007907;2;7;0;3;2;2;12;A01
201700007907;2;7;0;3;0;4;1;B01
201700007907;2;7;0;3;2;1;2;C01
201700007908;0;3;0;2;0;0;1;A01
201700007909;1;7;0;0;2;1;1;B01
201700007909;2;7;0;0;2;1;17;A01
201700007910;1;7;0;2;0;8;1;A01
201700007911;0;7;0;0;2;6;2;B01
201700007911;0;7;0;0;2;0;17;A01
201700007912;0;7;0;13;2;4;0;B01
201700007912;0;7;0;13;2;1;0;A01
201700007913;0;10;0;0;9;0;9;A01
201700007913;0;1;0;0;2;5;12;B01
201700007914;0;7;0;0;1;2;0;A01
201700007915;0;7;0;0;2;1;1;B01
201700007915;0;7;0;0;2;8;6;A01
201700007916;1;1;0;0;2;6;1;B01
201700007916;0;7;0;0;9;1;9;A01
201700007917;2;1;0;0;2;6;1;B01
201700007917;1;7;0;0;9;3;15;A01
201700007918;0;7;0;0;0;8;0;A01
201700007918;0;7;0;0;2;1;0;B01
201700007919;0;1;0;0;2;1;1;B01
201700007919;0;7;0;0;9;3;1;A01
201700007920;0;7;0;0;1;1;15;A01
201700007921;2;7;0;0;0;0;13;A01
201700007921;1;2;0;13;0;0;2;B01
201700007922;0;7;0;8;0;1;1;A01
201700007923;0;1;0;0;2;2;13;A01
201700007923;0;7;0;2;0;2;2;B01
201700007924;0;10;0;1;2;1;1;B01
201700007924;0;7;0;6;2;6;1;A01
201700007925;0;7;0;13;0;9;1;A01
201700007926;0;7;0;0;2;3;1;C01
201700007926;0;33;0;0;2;3;17;A01
201700007926;0;7;0;0;2;8;21;B01
201700007927;0;7;0;0;2;3;1;B01
201700007927;0;7;0;0;2;3;5;A01
201700007928;0;7;0;16;0;1;2;A01
201700007929;2;7;0;2;0;1;0;A01
201700007930;1;15;0;0;0;5;1;B01
201700007930;1;33;0;0;2;3;1;A01
201700007931;0;7;0;0;2;3;5;B01
201700007931;0;7;0;0;2;1;1;A01
201700007932;2;7;0;0;2;1;1;A01
201700007932;2;7;0;0;2;4;1;B01
201700007933;1;33;0;0;0;0;1;A01
201700007934;2;33;0;13;0;1;16;A01
201700007935;2;7;0;0;0;4;1;B01
201700007935;2;7;0;0;2;1;1;A01
201700007936;1;17;0;0;0;4;2;B01
201700007936;1;7;0;0;2;1;0;A01
201700007937;2;10;0;0;2;1;0;A01
201700007937;2;17;0;0;0;6;1;B01
201700007938;1;7;0;0;0;4;23;A01
201700007938;1;7;0;1;0;1;2;B01
201700007938;1;7;0;0;2;8;1;C01
201700007939;2;7;0;3;0;1;0;A01
201700007940;2;7;0;4;0;3;13;A01
201700007941;1;7;0;0;2;6;9;A01
201700007941;1;7;0;0;2;2;1;B01
201700007941;1;7;0;0;2;6;2;C01
201700007942;0;2;0;0;2;3;17;A01
201700007942;0;7;0;0;2;3;15;B01
201700007943;0;2;0;0;1;0;17;A01
201700007944;2;7;0;2;0;7;0;A01
201700007945;1;7;0;0;2;1;1;A01
201700007945;1;17;0;0;0;6;1;B01
201700007946;1;7;0;0;2;1;2;A01
201700007946;1;7;0;0;0;4;0;D01
201700007946;1;7;0;0;0;4;0;B01
201700007946;1;7;0;0;0;4;0;C01
201700007947;1;7;0;0;2;2;14;A01
201700007947;1;15;0;0;0;0;1;B01
201700007948;2;17;0;0;2;1;2;A01
201700007948;2;17;0;0;2;4;2;B01
201700007948;2;17;0;0;0;4;23;C01
201700007949;2;17;0;3;0;1;1;A01
201700007950;1;7;0;0;2;1;2;A01
201700007950;1;7;0;0;0;4;2;B01
201700007951;2;17;0;6;0;1;1;A01
201700007951;2;10;0;0;2;1;1;B01
201700007951;2;7;0;0;2;1;1;C01
201700007951;2;17;0;0;0;0;1;D01
201700007951;1;17;0;0;9;3;0;E01
201700007952;2;7;0;3;0;1;14;A01
201700007953;1;7;0;3;2;5;17;A01
201700007953;1;7;0;3;2;3;1;B01
201700007954;2;7;0;6;0;2;14;A01
201700007955;1;7;0;0;1;1;1;A01
201700007956;1;7;0;0;9;3;13;A01
201700007956;2;99;0;0;2;3;0;B01
201700007957;1;7;0;0;1;1;1;Z01
201700007958;1;7;0;0;1;2;1;A01
201700007959;1;30;0;0;2;1;15;A01
201700007959;2;7;0;0;2;2;1;B01
201700007960;2;7;0;0;1;1;6;A01
201700007961;2;7;0;0;2;1;19;A01
201700007961;2;7;0;0;2;1;19;B01
201700007962;1;7;0;0;9;4;4;A01
201700007962;1;1;0;0;2;7;1;B01
201700007963;1;7;0;13;0;1;2;A01
201700007964;2;7;0;0;2;1;1;B01
201700007964;2;7;0;0;2;8;0;A01
201700007965;0;10;0;0;1;1;2;A01
201700007966;1;7;0;0;1;2;1;A01
201700007967;2;7;0;0;1;1;15;A01
201700007968;1;7;0;4;0;9;2;A01
201700007969;1;7;0;0;2;1;2;A01
201700007969;1;7;0;0;2;0;2;B01
201700007969;1;7;0;0;2;4;2;C01
201700007970;0;7;0;0;2;3;1;B01
201700007970;1;30;0;0;2;7;1;A01
201700007971;2;7;0;0;2;1;2;A01
201700007971;2;7;0;0;2;4;2;B01
201700007972;1;7;0;0;2;8;13;A01
201700007972;1;30;0;0;2;7;1;B01
201700007973;2;7;0;0;2;3;13;A01
201700007973;1;7;0;0;2;1;1;B01
201700007974;2;7;0;0;2;1;1;A01
201700007974;2;2;0;0;2;3;1;B01
201700007975;1;30;0;0;2;1;9;B01
201700007975;1;7;0;0;2;3;9;A01
201700007976;1;1;0;0;2;1;19;B01
201700007976;2;7;0;0;9;3;15;A01
201700007977;2;7;0;0;9;2;0;A01
201700007977;1;1;0;0;2;1;0;B01
201700007978;1;7;0;0;1;1;2;A01
201700007979;2;31;0;0;2;2;13;A01
201700007979;1;30;0;0;2;1;2;B01
201700007980;1;7;0;0;2;1;9;A01
201700007980;1;7;0;0;2;7;9;B01
201700007981;1;1;0;0;2;8;5;B01
201700007981;1;7;0;0;2;1;9;A01
201700007982;2;7;0;3;2;7;1;A01
201700007982;1;7;0;0;2;1;1;B01
201700007983;2;7;0;9;0;1;6;A01
201700007984;1;7;0;0;2;5;14;A01
201700007984;1;33;0;0;2;3;1;B01
201700007985;2;31;0;1;0;1;9;A01
201700007986;2;7;0;0;1;4;9;A01
201700007987;2;7;0;0;2;1;2;A01
201700007987;2;7;0;0;2;4;2;B01
201700007987;2;7;0;0;2;4;2;C01
201700007988;1;7;0;0;2;3;15;B01
201700007988;1;7;0;0;2;1;19;C01
201700007988;1;7;0;0;2;1;2;A01
201700007989;2;7;0;0;2;1;9;A01
201700007989;2;7;0;0;2;1;19;B01
201700007990;2;7;0;0;2;2;12;A01
201700007990;2;30;0;0;2;3;3;B01
201700007991;2;7;0;0;2;8;9;A01
201700007991;1;33;0;0;2;1;1;B01
201700007992;1;7;0;0;2;3;15;A01
201700007992;2;33;0;0;2;1;19;B01
201700007993;1;34;0;0;1;1;1;A01
201700007994;1;7;0;0;2;3;17;A01
201700007994;2;33;0;0;2;0;2;B01
201700007995;2;7;0;0;2;1;2;A01
201700007995;2;7;0;0;2;4;2;B01
201700007995;2;7;0;0;2;4;2;C01
201700007995;2;7;0;0;2;4;2;D01
201700007996;1;7;0;0;1;1;2;A01
201700007997;2;7;0;0;2;1;1;A01
201700007997;2;7;0;0;2;4;1;B01
201700007998;2;7;0;0;2;1;1;A01
201700007998;2;7;0;0;2;7;1;B01
201700007999;1;14;0;0;9;7;16;A01
201700007999;1;1;0;0;9;1;9;B01
201700008000;2;7;0;0;2;1;1;A01
201700008000;2;1;0;0;2;4;19;B01
201700008001;1;7;0;0;1;5;1;A01
201700008002;1;33;0;2;0;0;13;A01
201700008003;2;7;0;0;1;1;0;A01
201700008004;1;30;0;0;2;1;1;A01
201700008004;2;7;0;0;2;6;15;B01
201700008005;1;31;0;0;9;7;0;A01
201700008005;2;1;0;0;9;8;0;B01
201700008006;1;7;0;0;9;3;22;A01
201700008006;1;1;0;1;0;1;1;B01
201700008007;1;7;0;0;2;2;9;A01
201700008007;2;7;0;0;2;5;9;B01
201700008008;1;7;0;0;2;1;1;B01
201700008008;1;7;0;0;2;1;19;A01
201700008009;1;7;0;2;0;7;6;A01
201700008010;1;7;0;0;2;2;1;A01
201700008010;1;7;0;0;2;3;1;B01
201700008011;1;7;0;0;1;1;0;A01
201700008012;1;7;0;0;1;1;2;A01
201700008013;1;7;0;0;9;1;13;A01
201700008013;2;1;0;0;2;9;0;B01
201700008014;1;7;0;0;2;2;9;A01
201700008014;1;1;0;0;2;1;9;B01
201700008015;1;31;0;0;2;1;1;A01
201700008015;1;1;0;0;2;3;19;B01
201700008016;2;31;0;0;9;1;1;A01
201700008016;2;1;0;0;2;1;9;B01
201700008017;2;7;0;0;2;1;1;B01
201700008017;1;7;0;0;2;3;19;A01
201700008018;1;7;0;0;1;4;4;A01
201700008019;1;7;0;0;2;1;21;A01
201700008019;2;1;0;0;2;8;9;B01
201700008020;2;15;0;0;2;6;15;A01
201700008020;2;34;0;0;2;1;13;B01
201700008021;1;7;0;0;9;2;2;A01
201700008021;1;1;0;0;2;8;19;B01
201700008022;1;7;0;0;2;1;2;A01
201700008022;1;33;0;0;2;4;2;B01
201700008023;1;7;0;0;2;4;9;A01
201700008023;2;33;0;0;2;1;0;B01
201700008024;1;7;0;0;2;3;0;B01
201700008024;2;7;0;0;2;8;9;A01
201700008025;1;7;0;0;2;1;1;B01
201700008025;2;7;0;0;2;3;1;A01
201700008026;2;7;0;0;1;1;1;A01
201700008027;2;7;0;0;2;7;15;A01
201700008027;1;34;0;0;2;1;2;B01
201700008028;1;7;0;0;1;1;2;A01
201700008029;1;30;0;0;2;1;1;A01
201700008029;1;7;0;0;2;4;16;B01
201700008030;1;10;0;0;1;4;4;A01
201700008031;1;7;0;0;2;1;1;A01
201700008031;1;7;0;0;2;1;1;B01
201700008032;2;1;0;0;2;0;1;B01
201700008032;1;7;0;0;2;0;9;A01
201700008033;2;38;20;0;2;3;2;A01
201700008033;2;7;0;0;2;4;15;B01
201700008034;2;7;0;0;2;1;2;A01
201700008034;1;7;0;0;2;4;1;B01
201700008035;1;7;0;0;2;1;1;B01
201700008035;1;7;0;0;2;3;9;A01
201700008036;1;7;0;0;2;3;13;B01
201700008036;2;7;0;0;2;3;1;A01
201700008037;0;7;0;0;1;3;1;A01
201700008038;0;7;0;0;0;0;1;A01
201700008039;0;36;0;2;0;7;1;A01
201700008040;0;2;0;0;0;8;1;A01
201700008041;0;33;0;11;0;1;0;A01
201700008042;0;7;0;0;0;3;1;A01
201700008042;0;7;0;0;0;3;1;B01
201700008043;0;7;0;0;0;0;14;A01
201700008044;0;7;0;0;0;4;11;A01
201700008044;0;10;0;0;2;1;2;B01
201700008045;0;7;0;0;2;1;1;B01
201700008045;0;7;0;0;2;1;13;A01
201700008046;0;33;0;0;2;1;1;A01
201700008046;0;7;0;0;2;3;15;B01
201700008047;0;7;0;0;2;2;15;A01
201700008047;0;33;0;0;2;1;1;B01
201700008048;0;7;0;0;2;3;1;B01
201700008048;0;7;0;0;2;3;13;A01
201700008049;2;7;0;3;0;1;1;A01
201700008050;2;7;0;2;0;8;0;A01
201700008051;2;7;0;0;2;7;14;A01
201700008051;2;7;0;0;2;3;1;B01
201700008052;2;7;0;0;2;0;17;A01
201700008052;2;7;0;0;2;6;1;B01
201700008053;1;7;0;0;2;1;2;C01
201700008053;1;7;0;0;0;4;2;B01
201700008053;1;7;0;0;2;1;2;A01
201700008053;1;17;0;0;0;6;1;D01
201700008053;1;7;0;0;2;1;2;F01
201700008053;1;7;0;0;2;2;21;E01
201700008054;2;33;0;3;0;8;1;A01
201700008055;1;33;0;3;0;3;13;A01
201700008056;2;7;0;15;0;9;17;A01
201700008057;1;7;0;0;2;2;15;A01
201700008057;2;33;0;0;2;1;1;B01
201700008058;1;7;0;0;2;3;6;A01
201700008058;0;33;0;0;2;1;1;B01
201700008059;0;7;0;0;2;3;1;A01
201700008059;0;30;0;0;0;4;1;B01
201700008060;0;33;0;0;2;1;1;B01
201700008060;0;7;0;0;2;8;19;A01
201700008061;0;7;0;0;1;1;2;A01
201700008062;1;15;0;0;0;4;1;A01
201700008062;1;10;0;0;2;1;2;B01
201700008063;1;7;0;0;2;1;2;A01
201700008063;1;7;0;0;0;6;2;B01
201700008064;1;7;0;0;2;1;2;A01
201700008064;1;7;0;0;0;4;2;B01
201700008065;2;10;0;13;0;1;1;A01
201700008066;2;7;0;4;0;1;0;A01
201700008067;2;7;0;1;1;2;14;A01
201700008068;2;7;0;0;2;1;2;A01
201700008068;2;7;0;0;0;4;23;B01
201700008069;1;7;0;3;0;1;1;A01
201700008070;1;7;0;0;2;6;1;B01
201700008070;1;7;0;0;2;2;13;A01
201700008071;2;7;0;0;2;2;2;A01
201700008071;2;7;0;4;0;6;2;B01
201700008072;1;7;0;0;2;2;17;A01
201700008072;1;20;0;0;0;6;1;B01
201700008073;2;7;0;0;2;8;1;C01
201700008073;1;38;4;0;2;3;1;B01
201700008073;0;7;0;0;2;8;15;A01
201700008074;1;7;0;0;1;2;1;A01
201700008075;0;13;0;0;1;1;15;A01
201700008076;2;7;0;2;0;1;13;A01
201700008077;1;7;0;0;2;2;12;A01
201700008077;1;7;0;0;2;3;1;B01
201700008077;1;7;0;0;2;2;1;C01
201700008078;2;7;0;0;2;1;1;A01
201700008078;2;15;0;0;0;4;2;B01
201700008079;1;7;0;0;2;1;1;B01
201700008079;0;17;0;0;0;0;15;A01
201700008080;1;7;0;3;0;8;0;A01
201700008081;1;33;0;0;2;1;2;A01
201700008081;1;33;0;0;0;4;2;B01
201700008081;1;13;0;0;0;0;11;C01
201700008082;1;10;0;3;0;1;1;A01
201700008083;1;33;0;4;0;0;1;A01
201700008084;2;7;0;0;2;2;1;A01
201700008084;2;10;0;0;2;4;1;B01
201700008085;1;7;0;0;2;3;5;A01
201700008085;2;7;0;0;2;3;1;B01
201700008086;1;7;0;3;0;2;1;A01
201700008087;2;7;0;0;2;3;1;A01
201700008087;1;14;0;0;2;3;1;B01
201700008088;1;14;0;0;2;1;1;B01
201700008088;2;7;0;0;2;1;1;A01
201700008089;0;7;0;0;1;1;1;A01
201700008090;2;7;0;13;0;0;1;A01
201700008091;1;33;0;0;0;7;17;A01
201700008092;1;7;0;0;2;8;10;A01
201700008092;1;15;0;0;2;2;1;B01
201700008093;2;30;0;0;2;1;1;B01
201700008093;0;7;0;0;2;8;15;A01
201700008093;0;7;0;0;0;6;23;C01
201700008094;0;10;0;0;1;3;1;A01
201700008095;2;33;0;0;2;1;1;B01
201700008095;1;7;0;0;2;6;19;A01
201700008096;1;1;0;0;2;1;1;A01
201700008096;2;7;0;0;2;0;15;B01
201700008097;1;33;0;12;0;1;1;A01
201700008098;1;7;0;3;0;1;1;A01
201700008099;2;7;0;15;0;9;14;A01
201700008100;2;7;0;3;0;1;14;A01
201700008101;1;7;0;0;2;3;2;A01
201700008101;1;17;0;0;2;6;2;B01
201700008102;2;7;0;13;0;1;1;A01
201700008103;2;7;0;0;0;0;1;A01
201700008104;1;7;0;0;2;6;2;B01
201700008104;1;7;0;0;2;2;2;A01
201700008105;1;7;0;0;2;2;1;B01
201700008105;1;7;0;0;2;2;1;Z01
201700008106;1;7;0;0;1;0;0;A01
201700008107;1;7;0;0;2;5;15;A01
201700008107;1;7;0;0;2;1;1;B01
201700008108;1;7;0;0;0;0;0;Z01
201700008108;1;7;0;0;2;4;2;B01
201700008108;1;7;0;0;2;1;2;A01
201700008108;1;7;0;0;2;4;2;C01
201700008109;2;7;0;0;2;7;19;A01
201700008109;1;2;0;0;2;1;1;B01
201700008110;2;7;0;0;2;3;6;A01
201700008110;2;2;0;0;0;0;0;B01
201700008111;1;31;0;0;1;1;1;A01
201700008112;1;10;0;0;2;2;2;A01
201700008112;1;1;0;0;0;0;0;B01
201700008113;1;7;0;0;2;2;17;A01
201700008113;2;17;0;0;2;2;1;B01
201700008114;1;7;0;0;2;0;1;A01
201700008115;1;7;0;0;2;1;1;A01
201700008115;1;7;0;0;2;1;1;B01
201700008115;0;7;0;0;2;1;2;C01
201700008116;1;2;0;0;2;1;2;A01
201700008116;1;7;0;0;0;0;0;B01
201700008117;1;7;0;1;2;4;24;A01
201700008117;0;7;0;0;0;0;0;B01
201700008118;1;7;0;0;0;9;1;A01
201700008119;2;7;0;0;2;4;1;B01
201700008119;2;7;0;0;2;1;2;A01
201700008120;1;7;0;0;2;4;2;B01
201700008120;1;7;0;0;2;1;2;A01
201700008121;2;7;0;2;0;2;19;A01
201700008122;1;7;0;3;0;1;1;A01
201700008123;1;1;0;0;2;1;0;B01
201700008123;1;7;0;0;2;3;12;A01
201700008124;1;33;0;0;2;1;1;A01
201700008124;1;10;0;0;2;3;1;B01
201700008125;1;7;0;0;2;4;2;B01
201700008125;0;7;0;0;2;4;2;D01
201700008125;1;7;0;0;2;4;2;C01
201700008125;1;7;0;0;2;1;2;A01
201700008126;1;7;0;4;0;3;2;A01
201700008127;2;7;0;1;0;1;1;A01
201700008128;2;31;0;0;2;1;19;A01
201700008128;2;7;0;0;2;3;1;B01
201700008129;1;10;0;0;1;7;1;A01
201700008130;2;7;0;0;2;4;2;B01
201700008130;2;7;0;0;2;1;2;A01
201700008131;1;7;0;0;2;1;1;B01
201700008131;2;7;0;0;2;5;15;A01
201700008132;1;7;0;0;2;5;2;B01
201700008132;1;33;0;0;2;1;2;A01
201700008133;1;7;0;0;0;0;0;A01
201700008133;1;33;0;0;2;9;1;B01
201700008134;1;33;0;0;0;9;1;A01
201700008135;2;7;0;0;2;1;2;A01
201700008135;2;33;0;0;2;4;2;B01
201700008136;1;7;0;0;2;9;0;A01
201700008137;1;7;0;0;0;9;1;A01
201700008138;2;7;0;0;2;1;1;B01
201700008138;1;2;0;0;2;1;17;A01
201700008139;2;7;0;0;1;6;4;A01
201700008140;1;7;0;0;2;1;1;A01
201700008140;2;7;0;0;2;3;0;B01
201700008141;1;7;0;0;5;6;1;A01
201700008142;2;2;0;0;2;1;1;B01
201700008142;2;7;0;0;2;5;9;A01
201700008143;1;7;0;2;0;1;1;A01
201700008144;1;7;0;0;2;1;1;A01
201700008144;1;1;0;0;2;8;1;B01
201700008145;1;1;0;0;2;1;0;B01
201700008145;1;7;0;0;2;3;6;A01
201700008146;2;7;0;0;1;0;1;A01
201700008147;1;7;0;0;1;1;1;A01
201700008148;1;10;0;0;1;1;1;A01
201700008149;1;7;0;0;2;3;5;A01
201700008149;2;7;0;0;2;3;1;B01
201700008150;2;7;0;2;0;1;14;A01
201700008151;1;7;0;2;0;3;13;A01
201700008152;1;7;0;14;0;1;1;A01
201700008153;1;7;0;0;2;1;1;B01
201700008153;2;7;0;0;2;1;6;A01
201700008154;2;37;3;0;2;2;1;B01
201700008154;2;2;0;0;2;3;9;A01
201700008155;1;7;0;0;1;1;1;A01
201700008156;1;7;0;0;2;1;2;A01
201700008156;1;10;0;0;2;4;2;B01
201700008156;1;7;0;0;2;4;2;C01
201700008157;1;7;0;6;0;1;1;A01
201700008158;2;7;0;0;2;2;1;B01
201700008158;2;7;0;0;2;3;5;A01
201700008159;1;2;0;0;2;1;1;B01
201700008159;1;7;0;0;2;5;15;A01
201700008160;1;2;0;0;2;2;1;A01
201700008160;1;7;0;0;2;6;15;B01
201700008161;2;7;0;0;2;1;9;A01
201700008161;2;30;0;0;2;2;1;B01
201700008162;1;31;0;6;0;1;14;A01
201700008163;1;7;0;0;2;5;2;C01
201700008163;1;7;0;0;2;5;2;B01
201700008163;1;7;0;0;2;3;1;A01
201700008164;1;33;0;0;2;1;1;A01
201700008164;1;7;0;0;2;3;1;B01
201700008165;1;33;0;11;0;1;1;A01
201700008166;1;7;0;13;0;1;16;A01
201700008167;0;2;0;0;0;2;1;A01
201700008168;1;33;0;0;0;7;1;A01
201700008169;1;7;0;0;2;1;1;A01
201700008169;1;7;0;0;2;4;2;B01
201700008170;1;7;0;0;1;1;1;A01
201700008171;1;7;0;0;2;1;9;A01
201700008171;1;1;0;0;2;7;1;B01
201700008172;1;33;0;0;2;4;1;B01
201700008172;1;33;0;0;2;1;2;A01
201700008173;1;2;0;16;0;8;1;A01
201700008174;1;7;0;0;2;1;1;A01
201700008174;1;7;0;0;2;4;1;B01
201700008175;2;7;0;13;0;1;14;A01
201700008176;1;30;0;0;2;7;1;B01
201700008176;1;7;0;0;2;3;11;A01
201700008177;1;7;0;0;2;3;10;A01
201700008177;1;33;0;0;2;7;1;B01
201700008178;1;30;0;0;2;1;1;B01
201700008178;1;7;0;0;2;1;1;A01
201700008179;1;2;0;0;2;1;1;B01
201700008179;1;7;0;0;2;4;4;A01
201700008180;1;7;0;0;2;0;1;A01
201700008180;1;2;0;0;2;1;1;B01
201700008181;1;7;0;0;2;8;1;B01
201700008181;1;7;0;0;2;1;1;A01
201700008182;1;10;0;0;2;3;6;A01
201700008182;1;30;0;0;2;8;1;B01
201700008183;1;7;0;0;1;1;1;A01
201700008184;1;31;0;0;2;1;2;B01
201700008184;1;7;0;0;2;3;15;A01
201700008185;1;30;0;0;0;7;16;A01
201700008186;1;31;0;6;0;2;1;A01
201700008187;2;7;0;0;1;3;1;A01
201700008188;1;7;0;0;2;3;1;A01
201700008188;1;7;0;0;2;2;1;B01
201700008189;1;7;0;0;2;1;2;A01
201700008189;1;7;0;0;2;4;2;D01
201700008189;1;7;0;0;2;9;2;C01
201700008189;1;7;0;0;2;9;2;B01
201700008190;1;30;0;0;0;7;1;A01
201700008191;1;33;0;0;2;9;1;B01
201700008191;1;3;0;0;2;1;15;A01
201700008192;1;2;0;0;2;8;16;A01
201700008192;2;10;0;0;2;1;1;B01
201700008193;1;7;0;0;2;7;1;B01
201700008193;1;7;0;0;2;3;9;A01
201700008194;1;7;0;0;2;0;2;A01
201700008194;1;1;0;0;2;9;2;B01
201700008195;1;7;0;0;1;2;1;A01
201700008196;1;7;0;0;1;1;1;A01
201700008197;1;33;0;0;2;1;1;B01
201700008197;1;7;0;0;2;2;15;A01
201700008198;1;7;0;9;0;7;14;A01
201700008199;1;7;0;0;2;4;2;D01
201700008199;1;10;0;0;2;1;2;A01
201700008199;1;10;0;0;2;4;2;C01
201700008199;1;10;0;0;2;4;2;B01
201700008200;1;7;0;0;2;1;1;B01
201700008200;1;7;0;0;2;2;15;A01
201700008201;1;31;0;0;0;7;1;A01
201700008202;1;7;0;0;2;1;2;A01
201700008202;1;7;0;0;2;4;2;B01
201700008203;1;7;0;0;2;1;2;A01
201700008203;1;7;0;0;2;4;2;B01
201700008204;1;15;0;0;2;2;2;A01
201700008204;1;7;0;0;2;4;2;D01
201700008204;1;7;0;0;2;9;2;B01
201700008204;1;7;0;0;2;9;2;C01
201700008205;1;7;0;0;2;1;19;A01
201700008205;1;7;0;0;2;3;1;B01
201700008206;1;7;0;0;0;9;1;A01
201700008207;1;7;0;0;2;4;1;B01
201700008207;1;7;0;0;2;1;1;A01
201700008208;1;33;0;0;9;7;1;A01
201700008209;1;7;0;0;2;4;2;B01
201700008209;1;7;0;0;2;1;1;A01
201700008210;2;7;0;0;2;1;1;A01
201700008210;2;2;0;0;2;4;2;B01
201700008211;2;10;0;0;1;1;1;A01
201700008212;1;7;0;0;2;4;2;C01
201700008212;1;7;0;0;2;1;2;A01
201700008212;1;7;0;0;2;9;2;B01
201700008213;1;7;0;0;2;6;22;A01
201700008213;1;13;0;1;0;5;1;B01
201700008214;2;7;0;0;2;2;15;A01
201700008214;1;7;0;0;2;2;1;B01
201700008215;2;7;0;0;2;3;1;B01
201700008215;1;7;0;0;2;1;13;A01
201700008216;1;7;0;9;0;3;13;A01
201700008217;1;7;0;0;2;3;11;A01
201700008217;1;7;0;0;2;2;1;B01
201700008218;1;30;0;0;0;7;1;A01
201700008219;1;10;0;0;2;7;15;A01