num_acc;senc;catv;occutc;obs;obsm;choc;manv;num_veh
201700008219;2;2;0;0;2;1;1;B01
201700008220;1;10;0;0;2;4;1;C01
201700008220;1;7;0;0;2;1;1;A01
201700008220;1;7;0;0;2;4;1;B01
201700008221;1;7;0;0;1;2;1;A01
201700008222;1;7;0;0;2;4;2;C01
201700008222;1;7;0;14;0;1;2;A01
201700008222;1;7;0;14;0;2;2;B01
201700008223;1;34;0;0;2;1;1;B01
201700008223;1;7;0;0;2;2;15;A01
201700008224;1;7;0;0;1;1;1;A01
201700008225;1;7;0;2;0;9;1;A01
201700008226;1;7;0;0;2;1;9;A01
201700008226;1;7;0;0;2;3;1;B01
201700008227;1;7;0;0;1;2;1;A01
201700008228;2;33;0;0;2;1;17;B01
201700008228;2;7;0;0;2;3;10;A01
201700008229;2;7;0;0;2;7;1;A01
201700008229;1;7;0;0;2;1;1;B01
201700008230;1;7;0;0;1;2;1;A01
201700008231;2;10;0;0;2;1;1;B01
201700008231;1;7;0;0;2;3;13;A01
201700008232;1;7;0;0;2;2;1;B01
201700008232;1;7;0;0;2;1;19;A01
201700008233;2;7;0;0;2;1;2;A01
201700008233;2;7;0;0;2;4;2;B01
201700008234;1;30;0;0;0;1;1;A01
201700008235;1;7;0;0;1;1;1;A01
201700008236;1;7;0;0;2;1;1;B01
201700008236;2;1;0;0;2;7;19;A01
201700008237;1;7;0;0;2;3;1;B01
201700008237;2;7;0;0;2;3;1;A01
201700008238;1;7;0;0;1;3;9;A01
201700008239;1;7;0;0;2;1;1;B01
201700008239;2;7;0;0;2;8;19;A01
201700008240;1;7;0;0;2;7;13;A01
201700008240;2;7;0;0;2;1;1;B01
201700008241;1;17;0;0;2;3;13;A01
201700008241;2;7;0;0;2;3;1;B01
201700008241;2;7;0;0;2;8;1;C01
201700008241;2;7;0;0;2;1;1;D01
201700008241;2;7;0;0;2;8;1;E01
201700008242;1;7;0;0;2;1;2;A01
201700008242;1;17;0;0;2;4;2;B01
201700008243;1;7;0;0;0;4;2;B01
201700008243;1;7;0;0;2;1;2;A01
201700008244;2;7;0;3;2;1;2;A01
201700008244;2;10;0;0;2;6;2;B01
201700008245;1;7;0;13;2;8;15;A01
201700008245;1;38;40;0;2;2;17;B01
201700008246;1;7;0;0;2;1;2;A01
201700008246;2;7;0;3;2;4;2;B01
201700008247;1;7;0;3;0;1;13;A01
201700008248;1;7;0;4;2;1;0;A01
201700008248;1;7;0;0;2;2;2;B01
201700008249;1;7;0;0;1;0;1;A01
201700008250;1;7;0;4;0;1;14;A01
201700008251;1;7;0;3;0;8;1;A01
201700008252;1;7;0;0;2;8;13;A01
201700008252;1;7;0;0;2;3;0;B01
201700008252;1;7;0;0;2;1;17;C01
201700008253;1;14;0;13;0;9;2;A01
201700008254;1;33;0;3;0;8;1;A01
201700008255;1;7;0;0;2;2;0;B01
201700008255;1;7;0;0;2;7;1;C01
201700008255;1;17;0;0;2;8;1;A01
201700008256;1;7;0;4;2;1;23;A01
201700008256;1;7;0;14;0;1;1;B01
201700008257;2;7;0;0;2;3;1;C01
201700008257;1;14;0;0;2;3;1;A01
201700008257;2;7;0;0;2;8;1;B01
201700008258;2;7;0;13;0;1;1;A01
201700008259;2;10;0;0;2;1;1;A01
201700008259;2;17;0;0;0;0;1;B01
201700008260;1;17;0;11;0;3;0;A01
201700008261;2;10;0;0;2;1;2;A01
201700008261;2;7;0;0;0;4;1;B01
201700008262;2;7;0;0;0;4;2;A01
201700008262;2;7;0;0;2;1;2;B01
201700008263;2;10;0;1;0;1;13;A01
201700008264;0;7;0;0;1;1;1;A01
201700008265;1;7;0;0;2;3;0;A01
201700008265;1;7;0;0;2;2;1;B01
201700008266;2;7;0;6;0;1;13;A01
201700008267;1;7;0;0;2;4;2;B01
201700008267;1;7;0;0;2;1;2;A01
201700008268;2;2;0;0;2;3;1;B01
201700008268;2;10;0;1;2;2;1;A01
201700008269;2;2;0;0;2;1;5;A01
201700008269;0;7;0;0;2;8;1;B01
201700008270;2;7;0;6;0;2;0;A01
201700008271;1;32;0;0;0;7;0;A01
201700008272;2;7;0;0;2;3;0;B01
201700008272;1;7;0;0;2;1;17;A01
201700008273;1;7;0;0;2;3;9;A01
201700008273;1;33;0;0;2;2;9;B01
201700008274;2;7;0;0;2;4;4;A01
201700008274;2;7;0;0;2;1;1;B01
201700008275;2;2;0;0;2;1;1;B01
201700008275;1;7;0;0;2;3;15;A01
201700008276;0;7;0;0;2;8;14;B01
201700008276;1;7;0;0;2;7;17;A01
201700008277;1;7;0;0;1;1;16;A01
201700008278;1;10;0;0;2;3;13;A01
201700008278;1;32;0;0;2;7;21;B01
201700008279;1;7;0;0;2;2;1;A01
201700008279;0;30;0;0;2;1;1;B01
201700008280;2;33;0;0;2;1;0;B01
201700008280;1;7;0;0;2;4;0;A01
201700008281;2;7;0;0;2;1;0;B01
201700008281;2;7;0;0;2;1;0;A01
201700008282;1;7;0;0;2;4;2;B01
201700008282;1;7;0;0;2;1;2;C01
201700008282;1;7;0;0;2;1;2;A01
201700008283;1;7;0;0;2;1;0;A01
201700008283;0;7;0;0;2;3;1;B01
201700008284;2;7;0;0;1;1;1;A01
201700008285;1;33;0;0;0;7;9;A01
201700008286;1;7;0;0;2;7;22;A01
201700008286;1;1;0;1;0;8;9;B01
201700008287;2;30;0;0;2;1;1;B01
201700008287;1;7;0;0;2;4;10;A01
201700008288;2;7;0;0;1;1;2;A01
201700008289;1;33;0;0;2;1;2;A01
201700008289;1;7;0;0;2;4;2;B01
201700008290;0;7;0;0;1;1;1;A01
201700008291;0;31;0;0;2;8;1;B01
201700008291;0;7;0;0;2;1;9;A01
201700008292;2;7;0;0;2;3;0;B01
201700008292;1;10;0;0;2;2;1;A01
201700008293;1;7;0;0;2;4;2;B01
201700008293;1;7;0;0;2;1;2;A01
201700008294;1;7;0;0;2;1;2;A01
201700008294;1;7;0;0;2;4;2;B01
201700008295;1;1;0;0;2;1;16;A01
201700008295;1;10;0;0;2;3;1;B01
201700008296;1;7;0;0;2;1;1;A01
201700008296;0;7;0;1;2;4;2;B01
201700008297;1;33;0;0;2;3;9;A01
201700008297;1;7;0;0;2;1;1;B01
201700008298;2;7;0;0;1;1;1;A01
201700008299;1;10;0;0;1;1;1;A01
201700008300;2;7;0;0;2;2;9;B01
201700008300;2;7;0;0;2;1;9;A01
201700008301;2;7;0;0;2;4;2;B01
201700008301;2;7;0;0;2;1;2;A01
201700008302;2;1;0;0;2;1;1;B01
201700008302;1;7;0;0;2;3;9;A01
201700008303;2;7;0;0;2;1;15;A01
201700008303;1;2;0;0;2;1;1;B01
201700008304;1;1;0;0;2;7;15;B01
201700008304;1;14;0;0;2;8;15;A01
201700008305;1;7;0;0;2;6;0;B01
201700008305;1;7;0;0;2;1;1;A01
201700008306;0;7;0;0;1;0;0;A01
201700008307;2;7;0;0;2;8;9;A01
201700008307;1;33;0;0;2;8;1;B01
201700008308;1;33;0;0;2;1;17;B01
201700008308;1;7;0;0;2;8;15;A01
201700008309;2;7;0;0;2;1;2;B01
201700008309;2;7;0;0;2;4;4;A01
201700008310;1;7;0;0;2;4;2;B01
201700008310;1;33;0;0;2;2;2;A01
201700008311;2;33;0;0;0;0;1;A01
201700008312;2;7;0;0;2;1;2;A01
201700008312;2;7;0;0;2;4;2;B01
201700008313;1;2;0;0;2;1;2;A01
201700008313;1;2;0;0;2;1;5;B01
201700008314;1;7;0;0;2;1;2;A01
201700008314;2;7;0;0;2;1;2;B01
201700008315;1;7;0;0;2;5;9;B01
201700008315;2;7;0;0;2;1;9;A01
201700008316;1;7;0;0;2;1;2;A01
201700008316;1;7;0;0;2;4;2;B01
201700008317;1;7;0;0;2;0;1;B01
201700008317;2;7;0;0;2;0;1;A01
201700008318;2;7;0;0;2;4;9;B01
201700008318;2;7;0;0;2;1;9;A01
201700008318;2;7;0;0;2;1;2;C01
201700008319;1;7;0;0;2;1;2;B01
201700008319;2;10;0;0;2;1;13;A01
201700008320;1;7;0;0;2;5;1;A01
201700008320;1;7;0;0;2;1;1;B01
201700008321;2;7;0;0;1;1;1;A01
201700008322;0;10;0;0;1;2;1;A01
201700008323;2;10;0;0;2;3;1;B01
201700008323;2;33;0;0;2;7;12;A01
201700008324;2;7;0;0;2;4;15;A01
201700008324;1;32;0;0;2;1;2;B01
201700008325;1;14;0;0;2;1;2;B01
201700008325;2;7;0;0;2;1;13;A01
201700008326;1;7;0;0;1;4;4;A01
201700008327;2;7;0;0;1;0;0;A01
201700008328;2;14;0;0;2;1;2;A01
201700008328;2;7;0;0;2;4;2;B01
201700008328;2;14;0;0;2;4;2;C01
201700008329;1;7;0;0;0;0;9;A01
201700008329;2;1;0;0;0;0;9;B01
201700008330;2;31;0;0;2;0;20;A01
201700008330;1;7;0;0;2;1;1;B01
201700008331;1;7;0;0;2;0;2;A01
201700008332;1;7;0;0;1;1;20;A01
201700008333;1;30;0;0;2;1;12;A01
201700008333;1;7;0;0;2;3;1;B01
201700008334;1;7;0;8;0;1;15;A01
201700008335;1;7;0;0;1;2;2;A01
201700008336;2;7;0;0;2;4;23;A01
201700008336;1;7;0;0;2;0;23;B01
201700008337;1;31;0;0;9;0;0;A01
201700008338;1;30;0;0;2;0;0;A01
201700008339;1;7;0;0;2;0;0;B01
201700008339;2;31;0;0;2;0;0;A01
201700008340;1;31;0;0;2;1;1;A01
201700008340;1;7;0;0;2;0;9;B01
201700008341;1;7;0;0;2;1;1;A01
201700008341;1;7;0;0;2;0;1;B01
201700008342;1;7;0;0;2;0;1;B01
201700008342;2;7;0;0;2;0;1;A01
201700008343;1;31;0;0;0;0;21;A01
201700008344;1;37;11;0;1;2;2;A01
201700008345;1;1;0;0;2;0;0;B01
201700008345;1;7;0;0;2;0;0;A01
201700008346;2;7;0;0;2;2;9;A01
201700008346;1;34;0;0;2;2;0;B01
201700008347;1;7;0;0;2;0;2;C01
201700008347;1;7;0;0;2;0;2;A01
201700008347;1;7;0;0;2;0;2;B01
201700008348;1;7;0;0;2;2;2;A01
201700008348;1;1;0;0;2;0;0;B01
201700008349;1;7;0;0;2;2;2;B01
201700008349;1;7;0;0;2;3;2;A01
201700008350;1;7;0;0;1;7;0;A01
201700008351;1;31;0;0;2;1;17;A01
201700008351;1;7;0;0;2;8;2;B01
201700008352;1;7;0;0;1;3;20;A01
201700008353;2;7;0;0;2;1;9;A01
201700008353;1;7;0;0;2;7;1;B01
201700008354;1;2;0;0;2;4;15;A01
201700008354;1;7;0;0;2;5;1;B01
201700008355;1;34;0;2;0;1;21;A01
201700008356;1;7;0;0;2;4;2;C01
201700008356;1;7;0;0;2;4;2;B01
201700008356;1;7;0;0;2;1;2;A01
201700008357;1;7;0;0;1;7;2;B01
201700008357;1;7;0;0;2;1;2;A01
201700008358;1;30;0;0;2;1;14;A01
201700008358;1;7;0;0;2;4;0;B01
201700008359;1;7;0;0;2;4;2;B01
201700008359;1;7;0;0;2;1;2;A01
201700008360;1;7;0;0;2;1;2;A01
201700008360;1;33;0;0;2;2;2;B01
201700008361;1;7;0;0;2;8;2;B01
201700008361;1;7;0;0;2;7;2;A01
201700008362;2;31;0;0;2;1;2;B01
201700008362;1;7;0;0;2;3;2;A01
201700008362;1;7;0;0;9;1;2;C01
201700008363;2;7;0;0;2;3;15;B01
201700008363;2;7;0;0;2;2;19;A01
201700008364;1;7;0;0;2;3;1;B01
201700008364;2;7;0;0;2;2;12;A01
201700008365;2;7;0;0;2;4;2;E01
201700008365;2;7;0;0;2;4;2;C01
201700008365;2;7;0;0;2;1;1;A01
201700008365;2;10;0;0;2;4;2;B01
201700008365;2;7;0;0;2;4;2;D01
201700008366;1;31;0;0;1;0;1;A01
201700008367;1;7;0;0;1;0;2;A01
201700008368;1;7;0;0;9;2;14;A01
201700008369;1;7;0;0;2;4;2;A01
201700008369;1;7;0;0;2;1;2;B01
201700008370;1;7;0;0;1;1;2;A01
201700008371;1;7;0;0;1;1;0;A01
201700008372;1;10;0;0;2;7;2;A01
201700008372;1;33;0;0;2;8;2;B01
201700008373;2;10;0;0;1;2;1;A01
201700008374;1;7;0;0;2;1;2;B01
201700008374;1;7;0;0;2;4;2;C01
201700008374;1;7;0;0;2;1;2;A01
201700008375;1;33;0;0;2;1;0;A01
201700008375;1;7;0;0;2;4;1;B01
201700008376;1;2;0;0;2;1;1;A01
201700008376;1;7;0;0;2;3;1;B01
201700008377;1;7;0;13;0;8;1;A01
201700008378;2;7;0;15;0;1;14;A01
201700008379;1;7;0;2;0;1;1;A01
201700008380;2;7;0;3;2;6;1;B01
201700008380;2;10;0;3;2;2;12;A01
201700008381;2;10;0;0;2;1;11;A01
201700008381;2;10;0;0;0;4;2;B01
201700008382;2;7;0;0;2;5;2;A01
201700008382;2;7;0;3;2;4;1;B01
201700008383;0;33;0;7;0;2;1;A01
201700008384;1;7;0;15;9;0;0;A01
201700008385;1;17;0;3;2;3;11;B01
201700008385;2;7;0;3;2;3;5;A01
201700008386;1;7;0;0;0;4;23;B01
201700008386;1;7;0;0;2;1;2;A01
201700008387;0;7;0;0;1;2;1;A01
201700008388;1;7;0;0;9;3;1;A01
201700008388;2;1;0;0;2;1;0;B01
201700008389;1;7;0;6;0;1;1;A01
201700008390;0;7;0;16;0;1;1;A01
201700008391;1;7;0;0;2;2;2;A01
201700008391;1;21;0;0;0;6;2;B01
201700008392;2;7;0;0;2;5;1;B01
201700008392;1;31;0;0;2;2;1;C01
201700008392;2;7;0;0;2;3;1;A01
201700008393;1;7;0;8;0;2;0;A01
201700008394;2;7;0;0;9;2;1;A01
201700008394;2;1;0;0;2;4;1;B01
201700008395;1;7;0;0;2;3;1;A01
201700008395;1;7;0;0;2;9;23;B01
201700008395;2;7;0;0;2;2;1;C01
201700008396;1;7;0;0;2;8;1;A01
201700008396;2;33;0;0;2;1;1;B01
201700008397;0;7;0;13;0;1;1;A01
201700008398;1;7;0;0;2;3;1;A01
201700008398;2;2;0;0;2;1;5;B01
201700008399;2;7;0;0;2;1;19;A01
201700008399;1;33;0;0;2;1;1;B01
201700008400;0;7;0;0;2;1;1;B01
201700008400;0;2;0;0;2;1;15;A01
201700008401;0;7;0;8;0;1;1;A01
201700008402;0;7;0;0;2;2;6;A01
201700008402;0;32;0;0;2;1;1;B01
201700008403;0;7;0;0;2;1;0;B01
201700008403;0;7;0;0;2;1;0;A01
201700008404;2;7;0;13;0;1;0;A01
201700008405;0;7;0;0;2;1;0;B01
201700008405;0;7;0;0;2;3;0;A01
201700008406;0;7;0;0;2;1;5;A01
201700008406;0;7;0;0;2;1;1;B01
201700008407;2;7;0;0;2;2;2;A01
201700008407;2;33;0;0;2;4;2;B01
201700008408;1;17;0;0;0;0;21;A01
201700008408;1;14;0;0;2;1;1;C01
201700008408;1;10;0;0;2;1;1;D01
201700008409;2;7;0;3;0;1;1;A01
201700008410;2;7;0;0;2;1;1;A01
201700008410;2;7;0;0;2;5;1;B01
201700008411;2;7;0;1;0;1;1;A01
201700008411;2;10;0;0;0;4;23;B01
201700008412;1;33;0;4;0;3;13;A01
201700008413;0;37;10;0;2;2;1;B01
201700008413;0;7;0;0;2;3;16;A01
201700008414;1;7;0;0;0;6;13;B01
201700008414;1;33;0;0;2;2;12;A01
201700008415;2;33;0;0;0;8;3;A01
201700008415;2;7;0;0;0;0;2;B01
201700008416;0;14;0;15;2;2;2;A01
201700008416;0;7;0;0;2;5;2;B01
201700008417;2;7;0;0;2;3;13;A01
201700008417;1;17;0;0;2;3;1;B01
201700008418;2;7;0;0;2;4;23;B01
201700008418;2;15;0;0;2;1;17;A01
201700008418;2;7;0;0;0;4;1;C01
201700008418;2;7;0;0;2;4;1;D01
201700008418;2;7;0;0;2;5;1;E01
201700008419;1;33;0;6;0;9;13;A01
201700008420;2;7;0;3;0;2;1;A01
201700008421;2;33;0;0;0;1;3;A01
201700008422;2;7;0;0;0;1;1;A01
201700008423;2;7;0;3;0;2;14;A01
201700008424;1;15;0;13;0;9;1;A01
201700008425;2;7;0;3;0;3;11;A01
201700008426;2;7;0;0;2;3;17;A01
201700008426;1;14;0;0;2;3;21;B01
201700008427;2;7;0;15;2;3;17;A01
201700008427;2;15;0;0;0;7;1;B01
201700008428;1;15;0;0;2;2;17;B01
201700008428;1;7;0;0;0;8;15;A01
201700008429;1;7;0;0;2;1;15;A01
201700008429;2;15;0;0;2;3;1;B01
201700008430;0;17;0;0;1;2;16;A01
201700008431;0;17;0;0;2;1;1;B01
201700008431;0;7;0;0;2;1;13;A01
201700008432;2;10;0;0;2;2;2;B01
201700008432;2;3;0;0;2;6;2;A01
201700008433;2;15;0;0;2;2;1;B01
201700008433;1;7;0;0;2;2;17;A01
201700008434;2;10;0;0;0;9;1;A01
201700008435;2;7;0;13;0;1;14;A01
201700008435;1;7;0;0;9;3;0;C01
201700008435;1;7;0;0;9;3;0;B01
201700008436;2;17;0;0;1;3;1;A01
201700008437;2;2;0;0;2;1;5;A01
201700008437;1;14;0;0;2;2;1;B01
201700008438;1;7;0;0;0;2;0;A01
201700008438;2;14;0;0;0;1;1;B01
201700008439;2;7;0;4;0;1;1;A01
201700008440;2;7;0;3;0;1;1;A01
201700008441;1;10;0;0;2;2;12;A01
201700008441;1;7;0;0;2;6;1;B01
201700008442;1;7;0;3;0;1;1;A01
201700008443;1;7;0;0;2;2;2;A01
201700008443;1;7;0;0;0;4;2;B01
201700008444;2;7;0;13;0;1;1;A01
201700008445;2;10;0;0;0;6;2;B01
201700008445;2;7;0;0;2;2;2;A01
201700008446;1;10;0;0;2;1;2;A01
201700008446;1;15;0;0;0;4;2;B01
201700008447;2;7;0;3;0;3;0;A01
201700008448;1;10;0;0;2;1;2;A01
201700008448;1;15;0;0;0;6;1;B01
201700008449;2;7;0;0;2;2;1;A01
201700008449;2;17;0;0;2;6;2;B01
201700008450;1;7;0;0;2;3;13;A01
201700008450;2;14;0;0;2;8;1;B01
201700008451;2;17;0;3;0;7;1;A01
201700008452;1;33;0;0;2;3;13;A01
201700008452;2;17;0;0;2;8;1;B01
201700008453;0;38;30;16;0;7;1;A01
201700008454;2;7;0;3;0;1;13;A01
201700008455;1;15;0;0;2;2;1;B01
201700008455;2;7;0;0;2;5;13;A01
201700008456;1;13;0;6;0;3;14;A01
201700008457;2;7;0;0;2;2;15;A01
201700008457;2;37;3;0;2;1;1;B01
201700008458;1;7;0;6;0;1;14;A01
201700008459;1;7;0;7;0;3;14;A01
201700008460;2;15;0;4;0;1;14;A01
201700008461;1;7;0;3;2;3;13;A01
201700008461;1;15;0;0;2;6;1;B01
201700008462;2;7;0;0;2;1;1;B01
201700008462;1;7;0;0;2;1;13;A01
201700008463;2;7;0;7;2;1;1;A01
201700008463;2;7;0;0;2;4;2;B01
201700008464;0;7;0;0;2;1;1;B01
201700008464;0;3;0;0;2;1;13;A01
201700008465;0;7;0;1;0;2;2;A01
201700008465;0;7;0;0;0;6;1;B01
201700008466;1;7;0;0;2;3;1;B01
201700008466;2;7;0;0;2;3;1;A01
201700008467;2;31;0;0;2;7;1;B01
201700008467;1;37;0;0;2;6;19;A01
201700008468;1;7;0;12;0;3;13;A01
201700008468;2;15;0;12;2;3;21;B01
201700008469;1;7;0;0;2;8;16;A01
201700008469;1;7;0;0;2;1;1;B01
201700008470;1;3;0;0;2;1;13;A01
201700008470;2;7;0;0;2;1;0;B01
201700008471;1;7;0;0;2;1;2;A01
201700008471;1;7;0;0;2;4;15;B01
201700008472;1;7;0;0;2;2;15;A01
201700008472;2;1;0;0;2;1;1;B01
201700008473;1;32;0;0;2;0;1;B01
201700008473;0;7;0;0;2;0;15;A01
201700008474;0;31;0;0;2;2;17;B01
201700008474;0;7;0;0;2;3;15;A01
201700008475;2;7;0;0;1;2;1;A01
201700008476;1;1;0;0;1;1;1;P01
201700008477;2;31;0;0;2;1;1;A01
201700008477;1;7;0;0;2;3;15;B01
201700008478;1;7;0;0;2;3;15;A01
201700008478;1;33;0;0;2;2;17;B01
201700008479;2;10;0;0;2;3;15;A01
201700008479;1;1;0;0;2;8;1;B01
201700008480;0;7;0;1;1;2;17;A01
201700008480;0;7;0;0;2;7;24;B01
201700008481;1;7;0;0;1;3;15;A01
201700008482;1;7;0;0;2;1;19;A01
201700008482;1;7;0;0;2;3;1;B01
201700008483;1;15;0;0;1;6;0;A01
201700008484;1;7;0;0;2;1;2;C01
201700008484;1;7;0;0;2;1;2;A01
201700008484;1;7;0;0;2;1;2;B01
201700008485;1;7;0;6;0;1;1;A01
201700008486;1;33;0;0;1;1;1;A01
201700008487;1;1;0;0;0;1;2;A01
201700008488;1;7;0;0;1;2;2;A01
201700008489;1;7;0;0;2;1;2;B01
201700008489;1;33;0;0;2;1;13;A01
201700008490;1;1;0;0;2;1;2;B01
201700008490;1;7;0;0;9;5;15;A01
201700008491;2;7;0;0;2;8;10;A01
201700008491;2;10;0;0;2;2;2;B01
201700008492;2;14;0;0;1;2;17;A01
201700008493;1;7;0;0;1;1;2;A01
201700008494;1;7;0;0;2;4;23;B01
201700008494;1;7;0;0;2;1;2;A01
201700008495;1;33;0;11;0;1;2;A01
201700008496;1;7;0;2;0;2;1;A01
201700008497;1;7;0;0;2;3;5;A01
201700008497;1;33;0;3;2;3;21;B01
201700008498;1;15;0;0;2;3;13;B01
201700008498;1;7;0;0;2;1;13;A01
201700008498;1;7;0;0;2;1;2;D01
201700008498;1;7;0;0;2;1;2;C01
201700008499;1;15;0;0;2;3;11;A01
201700008499;1;7;0;0;2;1;2;B01
201700008500;1;7;0;11;2;2;6;A01
201700008500;1;33;0;0;2;1;2;B01
201700008500;1;7;0;0;2;1;2;C01
201700008501;1;14;0;0;2;3;2;A01
201700008501;1;17;0;0;0;0;23;B01
201700008502;1;33;0;4;0;1;1;A01
201700008503;1;33;0;0;2;3;1;A01
201700008503;2;13;0;0;2;8;1;B01
201700008504;1;34;0;3;0;8;2;A01
201700008505;2;14;0;0;2;4;1;A01
201700008505;2;14;0;0;2;1;2;B01
201700008506;1;10;0;3;0;2;1;A01
201700008507;2;14;0;3;0;3;0;A01
201700008508;1;7;0;0;2;1;13;A01
201700008508;2;7;0;0;2;1;1;B01
201700008509;0;7;0;2;0;8;1;A01
201700008510;2;33;0;0;2;7;1;A01
201700008510;1;7;0;0;2;2;15;B01
201700008511;1;7;0;0;0;6;9;A01
201700008511;1;33;0;0;2;1;1;B01
201700008511;2;7;0;0;2;1;1;C01
201700008512;2;7;0;0;2;1;13;A01
201700008512;1;7;0;0;2;1;21;B01
201700008513;1;7;0;0;2;5;1;A01
201700008513;2;17;0;0;2;2;1;B01
201700008514;1;10;0;2;0;1;13;A01
201700008515;2;2;0;12;0;7;1;A01
201700008516;1;7;0;0;1;1;15;A01
201700008517;1;7;0;0;0;4;15;A01
201700008517;2;7;0;0;2;1;1;B01
201700008518;2;2;0;0;0;0;1;A01
201700008519;0;33;0;0;0;8;1;A01
201700008520;1;7;0;0;1;3;1;A01
201700008521;2;33;0;2;0;1;1;A01
201700008522;1;7;0;0;2;6;1;A01
201700008522;2;15;0;0;2;3;1;B01
201700008523;2;38;30;0;2;1;2;A01
201700008523;2;14;0;0;0;4;1;B01
201700008524;2;38;12;0;2;1;2;A01
201700008524;2;7;0;0;0;4;2;B01
201700008525;1;3;0;0;2;1;13;A01
201700008525;2;17;0;0;2;1;1;B01
201700008526;1;7;0;3;0;1;14;A01
201700008527;2;7;0;0;0;4;24;A01
201700008527;2;17;0;1;0;1;2;B01
201700008528;2;7;0;16;0;1;17;A01
201700008529;2;7;0;0;0;4;24;A01
201700008529;2;17;0;1;0;2;2;B01
201700008530;1;10;0;16;0;2;0;A01
201700008531;2;7;0;0;2;3;1;B01
201700008531;1;7;0;0;2;0;0;A01
201700008532;1;33;0;0;0;7;2;A01
201700008533;0;7;0;0;2;4;2;B01
201700008533;0;7;0;0;2;1;2;A01
201700008533;0;7;0;0;2;4;2;C01
201700008534;1;30;0;15;0;2;14;A01
201700008535;0;7;0;0;1;1;1;A01
201700008536;0;7;0;0;2;8;1;D01
201700008536;0;7;0;0;2;8;1;B01
201700008536;1;7;0;0;2;2;15;A01
201700008536;1;7;0;0;2;3;1;C01
201700008537;0;7;0;0;1;3;1;A01
201700008538;1;7;0;0;2;4;2;C01
201700008538;1;7;0;0;2;4;2;B01
201700008538;1;7;0;0;2;1;2;A01
201700008539;0;7;0;0;2;3;1;A01
201700008539;1;7;0;0;2;1;0;B01
201700008540;1;33;0;0;2;7;17;B01
201700008540;1;7;0;0;2;1;15;A01
201700008541;1;7;0;0;2;6;2;A01
201700008541;1;10;0;0;0;0;0;B01
201700008542;1;7;0;0;1;3;1;A01
201700008543;2;7;0;0;2;3;15;A01
201700008543;1;33;0;0;2;1;1;B01
201700008544;2;7;0;0;2;2;2;B01
201700008544;2;7;0;0;2;8;15;A01
201700008545;1;33;0;0;0;8;15;A01
201700008546;1;13;0;4;0;9;0;A01
201700008547;0;3;0;0;2;3;13;B01
201700008547;0;7;0;0;2;3;1;A01
201700008548;0;7;0;13;0;2;14;A01
201700008549;2;7;0;6;0;1;1;A01
201700008550;0;7;0;0;2;0;0;B01
201700008550;0;7;0;0;2;1;2;A01
201700008551;1;7;0;0;1;2;1;A01
201700008552;0;30;0;0;0;0;0;B01
201700008552;0;7;0;0;0;0;0;A01
201700008553;1;7;0;13;0;9;0;A01
201700008554;0;7;0;6;0;1;0;A01
201700008555;2;33;0;0;1;1;1;F01
201700008556;1;33;0;12;0;1;0;A01
201700008557;1;7;0;0;1;0;0;A01
201700008558;1;7;0;13;0;1;1;A01
201700008559;1;7;0;0;2;9;0;B01
201700008559;1;7;0;0;2;3;13;A01
201700008560;1;33;0;0;0;0;0;A01
201700008560;1;7;0;0;0;0;0;B01
201700008561;2;7;0;0;2;4;15;B01
201700008561;2;7;0;0;2;1;11;A01
201700008562;1;34;0;0;2;1;1;B01
201700008562;1;7;0;0;2;2;16;A01
201700008563;1;13;0;0;1;1;1;A01
201700008564;1;20;0;0;2;3;1;B01
201700008564;1;7;0;0;2;1;10;A01
201700008565;0;7;0;0;1;2;1;A01
201700008566;2;33;0;0;2;1;1;A01
201700008566;0;7;0;0;2;3;15;B01
201700008567;1;34;0;0;2;2;17;A01
201700008567;1;7;0;0;2;3;15;B01
201700008568;2;7;0;0;2;1;1;C01
201700008568;0;7;0;0;2;3;13;A01
201700008568;2;7;0;0;2;1;1;B01
201700008569;2;7;0;0;2;1;15;A01
201700008569;2;33;0;0;2;2;1;B01
201700008570;1;10;0;0;2;1;2;A01
201700008570;1;7;0;0;2;4;2;B01
201700008570;1;7;0;0;2;4;2;C01
201700008570;1;7;0;0;2;4;2;D01
201700008571;0;32;0;0;2;3;1;A01
201700008571;0;7;0;0;2;1;0;B01
201700008572;1;10;0;0;2;5;1;B01
201700008572;1;7;0;0;2;3;9;A01
201700008573;1;7;0;0;1;1;0;A01
201700008574;0;7;0;0;2;1;13;A01
201700008574;0;7;0;0;2;1;1;B01
201700008575;2;7;0;0;2;1;1;B01
201700008575;1;7;0;0;2;1;13;A01
201700008576;1;7;0;2;0;1;13;A01
201700008577;2;33;0;0;2;1;17;A01
201700008577;1;7;0;0;2;1;23;B01
201700008578;2;31;0;0;2;3;1;B01
201700008578;1;7;0;0;2;3;15;A01
201700008579;1;7;0;0;2;1;2;A01
201700008579;1;7;0;0;2;4;23;B01
201700008580;1;7;0;0;2;8;1;B01
201700008580;1;7;0;0;2;1;19;A01
201700008581;1;33;0;0;2;1;1;B01
201700008581;1;7;0;0;2;1;9;A01
201700008582;1;7;0;2;2;3;13;A01
201700008582;2;7;0;0;2;7;1;B01
201700008583;1;7;0;0;9;2;9;A01
201700008583;1;1;0;0;2;1;15;B01