num_acc;senc;catv;occutc;obs;obsm;choc;manv;num_veh
201700008940;2;7;0;0;2;1;1;B01
201700008940;1;1;0;0;2;3;15;A01
201700008941;1;14;0;0;1;1;15;A01
201700008942;2;7;0;0;2;1;2;A01
201700008942;2;33;0;0;2;4;2;B01
201700008943;1;7;0;0;1;1;1;A01
201700008944;1;7;0;10;0;0;0;A01
201700008945;2;37;0;0;2;3;1;A01
201700008945;1;7;0;0;2;4;4;Z01
201700008946;1;32;0;0;2;2;18;A01
201700008946;1;7;0;0;2;2;2;B01
201700008947;1;7;0;0;1;1;7;A01
201700008948;1;7;0;0;1;1;15;A01
201700008949;2;33;0;0;2;1;1;B01
201700008949;2;7;0;0;2;3;15;A01
201700008950;1;7;0;16;0;1;9;A01
201700008950;1;33;0;0;2;3;21;B01
201700008951;2;7;0;0;2;1;2;A01
201700008951;2;7;0;0;2;4;2;B01
201700008952;1;30;0;0;2;1;1;A01
201700008952;1;7;0;0;2;4;15;B01
201700008953;2;2;0;0;2;2;0;A01
201700008953;2;7;0;0;2;8;15;B01
201700008954;1;7;0;0;2;2;1;A01
201700008954;1;7;0;0;2;1;1;B01
201700008955;1;7;0;0;2;0;10;A01
201700008955;2;33;0;0;2;1;1;B01
201700008956;1;7;0;0;2;0;15;A01
201700008956;2;30;0;0;2;2;1;B01
201700008957;1;33;0;0;2;1;1;B01
201700008957;1;34;0;0;2;0;0;A01
201700008958;1;33;0;0;0;0;1;A01
201700008959;2;32;0;0;0;8;1;A01
201700008960;2;7;0;0;2;4;2;B01
201700008960;2;10;0;0;2;1;2;A01
201700008961;1;7;0;0;9;0;15;Z01
201700008961;1;1;0;0;2;1;0;A01
201700008962;1;31;0;0;2;7;1;A01
201700008963;1;7;0;0;2;4;15;B01
201700008963;1;30;0;0;2;0;0;A01
201700008964;2;32;0;0;2;7;17;A01
201700008964;2;7;0;0;2;6;15;B01
201700008965;1;33;0;0;2;7;1;A01
201700008965;1;7;0;0;2;6;11;B01
201700008966;1;7;0;0;2;3;1;B01
201700008966;1;7;0;0;2;4;1;C01
201700008966;1;7;0;0;2;1;17;A01
201700008967;1;30;0;0;2;1;17;A01
201700008967;1;7;0;0;2;8;1;B01
201700008968;1;33;0;7;0;1;1;A01
201700008969;1;7;0;0;2;3;0;B01
201700008969;1;34;0;0;2;1;0;A01
201700008970;1;7;0;0;2;8;1;C01
201700008970;2;7;0;0;2;3;2;B01
201700008970;2;34;0;0;2;7;17;A01
201700008971;1;2;0;0;2;7;17;A01
201700008971;1;7;0;0;2;3;15;B01
201700008972;2;7;0;0;1;3;1;A01
201700008973;1;7;0;0;1;1;1;Z01
201700008974;2;7;0;0;2;3;15;A01
201700008974;1;34;0;0;2;3;1;B01
201700008975;2;33;0;0;2;1;5;B01
201700008975;1;7;0;0;2;8;15;A01
201700008976;2;33;0;0;1;6;1;A01
201700008977;2;7;0;0;2;1;2;A01
201700008977;2;7;0;0;2;4;2;B01
201700008978;1;14;0;0;2;3;1;B01
201700008978;2;7;0;0;2;1;13;A01
201700008979;1;30;0;0;2;1;17;B01
201700008979;1;7;0;0;2;3;9;A01
201700008980;1;7;0;0;1;2;1;A01
201700008981;2;7;0;0;1;3;2;A01
201700008982;2;7;0;0;1;0;16;Z01
201700008983;2;7;0;0;2;1;1;A01
201700008983;2;7;0;0;2;3;15;B01
201700008984;1;7;0;9;0;2;1;A01
201700008985;1;30;0;0;2;2;17;B01
201700008985;1;7;0;0;2;8;13;A01
201700008986;1;30;0;0;1;1;17;A01
201700008987;1;7;0;0;2;3;15;B01
201700008987;1;7;0;0;2;2;17;A01
201700008988;1;2;0;8;0;1;14;A01
201700008989;1;33;0;0;1;1;1;A01
201700008990;2;7;0;0;2;1;0;B01
201700008990;2;7;0;0;2;8;1;A01
201700008991;1;7;0;0;2;1;2;A01
201700008991;1;7;0;0;2;4;2;B01
201700008992;1;30;0;0;1;1;0;A01
201700008993;1;7;0;0;2;8;15;A01
201700008993;2;7;0;0;2;1;1;B01
201700008994;1;7;0;0;2;2;2;B01
201700008994;1;7;0;0;2;3;9;A01
201700008995;1;7;0;0;1;2;0;A01
201700008996;2;7;0;0;1;1;2;A01
201700008997;1;7;0;0;1;0;1;A01
201700008998;2;7;0;0;2;1;1;A01
201700008998;1;3;0;0;2;2;15;B01
201700008999;1;37;0;0;0;0;1;A01
201700009000;1;7;0;3;0;0;0;A01
201700009001;1;7;0;0;2;1;2;A01
201700009001;1;7;0;0;2;4;2;B01
201700009002;1;32;0;0;1;1;3;A01
201700009003;1;7;0;0;2;7;19;A01
201700009003;1;7;0;0;2;1;1;B01
201700009004;1;30;0;0;0;0;1;A01
201700009005;2;33;0;0;0;1;1;A01
201700009006;1;33;0;0;2;2;15;A01
201700009006;1;10;0;0;2;0;15;B01
201700009007;1;7;0;0;2;1;0;B01
201700009007;1;7;0;0;2;1;16;A01
201700009008;2;30;0;0;2;1;0;A01
201700009008;1;7;0;0;2;4;3;B01
201700009009;2;7;0;0;2;3;2;C01
201700009009;1;7;0;0;2;2;1;B01
201700009009;2;7;0;0;2;3;9;A01
201700009010;2;31;0;0;2;1;1;B01
201700009010;2;7;0;0;2;3;10;A01
201700009011;1;34;0;0;2;1;1;B01
201700009011;1;7;0;0;2;2;10;A01
201700009012;2;7;0;0;2;2;1;B01
201700009012;1;7;0;15;0;0;13;A01
201700009013;1;7;0;0;2;2;0;B01
201700009013;2;30;0;0;2;1;0;A01
201700009014;2;32;0;0;2;3;6;B01
201700009014;2;33;0;0;2;1;2;A01
201700009015;2;32;0;0;2;1;1;B01
201700009015;1;7;0;0;2;3;15;A01
201700009016;1;7;0;0;2;1;19;A01
201700009016;2;32;0;0;2;1;1;B01
201700009017;2;7;0;0;2;0;0;Z01
201700009017;1;7;0;0;2;1;1;A01
201700009018;1;33;0;0;2;0;0;A01
201700009018;1;1;0;0;2;8;11;B01
201700009019;2;7;0;0;2;3;1;B01
201700009019;1;7;0;0;2;3;5;A01
201700009020;2;7;0;1;0;1;2;A01
201700009020;2;7;0;0;2;4;23;B01
201700009021;1;32;0;0;2;4;2;B01
201700009021;1;7;0;0;2;1;2;A01
201700009022;2;7;0;0;2;1;2;A01
201700009022;2;7;0;0;2;4;1;B01
201700009023;1;7;0;0;2;7;15;B01
201700009023;2;7;0;0;2;1;1;A01
201700009024;2;7;0;0;2;3;2;B01
201700009024;2;7;0;0;2;8;10;A01
201700009025;1;30;0;8;0;0;0;A01
201700009026;1;7;0;0;2;6;15;A01
201700009026;1;32;0;0;2;1;1;B01
201700009027;1;33;0;0;1;0;0;A01
201700009028;1;7;0;0;2;2;20;A01
201700009028;1;30;0;0;2;8;18;B01
201700009029;2;7;0;0;2;1;1;B01
201700009029;1;7;0;0;2;6;0;A01
201700009030;1;7;0;0;2;3;15;A01
201700009030;1;32;0;0;2;1;1;B01
201700009031;1;7;0;0;2;3;1;A01
201700009031;1;7;0;0;2;1;1;B01
201700009032;1;7;0;0;2;7;15;A01
201700009032;2;31;0;0;2;1;1;B01
201700009033;1;32;0;0;2;0;0;B01
201700009033;1;7;0;0;2;0;0;A01
201700009034;1;7;0;0;1;3;8;A01
201700009035;1;7;0;0;2;3;0;B01
201700009035;1;7;0;0;2;1;0;A01
201700009036;1;30;0;0;2;1;1;B01
201700009036;1;7;0;0;2;6;2;A01
201700009037;2;7;0;0;2;3;0;A01
201700009037;2;7;0;0;2;0;0;C01
201700009037;2;7;0;0;2;5;0;B01
201700009038;2;10;0;0;2;6;15;A01
201700009038;1;31;0;0;2;1;1;B01
201700009039;1;7;0;0;1;2;17;A01
201700009040;2;31;0;0;2;1;13;A01
201700009040;2;7;0;0;2;3;17;B01
201700009040;1;7;0;0;2;3;2;C01
201700009041;2;10;0;1;1;2;1;A01
201700009042;2;7;0;0;1;1;1;Z01
201700009043;2;30;0;0;2;8;0;A01
201700009043;2;7;0;0;2;2;15;B01
201700009044;1;7;0;0;1;2;0;A01
201700009045;2;7;0;0;2;1;1;B01
201700009045;1;32;0;0;2;7;15;A01
201700009046;1;34;0;0;2;1;17;A01
201700009046;1;7;0;0;2;6;11;B01
201700009047;2;7;0;0;2;1;1;B01
201700009047;2;32;0;0;2;6;1;A01
201700009048;1;7;0;0;1;0;0;A01
201700009049;1;7;0;0;2;1;2;A01
201700009049;1;7;0;0;2;4;2;B01
201700009050;1;30;0;0;2;1;1;B01
201700009050;2;7;0;0;2;1;5;A01
201700009051;1;7;0;0;2;1;1;B01
201700009051;1;7;0;0;2;3;19;A01
201700009052;2;33;0;0;0;7;0;A01
201700009053;1;7;0;6;0;2;1;A01
201700009054;1;30;0;0;0;0;0;A01
201700009055;1;7;0;0;2;6;0;B01
201700009055;1;7;0;0;2;2;0;A01
201700009056;1;7;0;0;2;8;6;B01
201700009056;2;7;0;0;2;3;1;C01
201700009056;1;2;0;0;2;1;2;A01
201700009057;2;31;0;0;2;1;1;B01
201700009057;2;7;0;0;2;3;15;A01
201700009058;1;34;0;0;0;0;0;A01
201700009059;2;7;0;0;2;5;23;A01
201700009059;2;7;0;0;2;0;0;Z01
201700009060;2;34;0;0;2;1;1;A01
201700009060;1;7;0;0;2;4;1;B01
201700009061;1;7;0;0;1;1;2;A01
201700009062;2;7;0;0;2;2;9;A01
201700009062;2;7;0;0;2;3;1;B01
201700009063;1;10;0;0;1;2;1;A01
201700009064;1;7;0;0;1;8;16;A01
201700009065;1;30;0;0;2;1;1;B01
201700009065;2;7;0;0;2;2;1;Z01
201700009066;1;7;0;0;2;4;2;B01
201700009066;1;7;0;0;2;1;2;A01
201700009067;1;7;0;0;2;8;2;C01
201700009067;1;33;0;0;2;3;13;A01
201700009067;2;1;0;0;2;3;13;B01
201700009068;1;30;0;0;9;1;1;B01
201700009068;1;33;0;0;9;7;15;A01
201700009069;1;7;0;0;2;2;1;B01
201700009069;2;7;0;0;2;3;15;A01
201700009070;1;7;0;0;1;1;2;A01
201700009071;2;7;0;0;2;3;10;Z01
201700009071;2;2;0;0;2;1;1;A01
201700009072;1;7;0;1;1;3;1;A01
201700009073;2;2;0;0;2;2;17;A01
201700009073;2;7;0;0;2;3;15;B01
201700009074;2;7;0;0;2;1;2;A01
201700009074;2;7;0;0;2;4;2;B01
201700009075;1;7;0;0;2;1;2;A01
201700009075;1;7;0;0;2;4;2;B01
201700009076;2;30;0;0;2;2;15;A01
201700009076;1;34;0;0;2;3;1;B01
201700009077;1;7;0;0;2;4;1;A01
201700009077;1;7;0;0;2;1;2;Z01
201700009078;1;7;0;0;2;1;2;B01
201700009078;1;13;0;0;2;4;4;A01
201700009079;1;7;0;0;1;0;0;A01
201700009080;2;34;0;0;1;0;0;Z01
201700009081;1;33;0;0;2;7;1;B01
201700009081;1;7;0;0;2;0;2;A01
201700009082;1;7;0;0;2;6;15;A01
201700009082;1;33;0;0;2;2;17;B01
201700009083;2;7;0;0;2;0;0;A01
201700009083;1;7;0;0;2;1;15;B01
201700009084;1;7;0;0;2;0;16;A01
201700009084;2;33;0;0;2;3;1;B01
201700009085;2;7;0;0;1;2;1;A01
201700009086;1;30;0;0;2;4;16;B01
201700009086;1;7;0;0;2;0;0;C01
201700009086;1;7;0;0;2;1;16;A01
201700009087;1;7;0;0;2;2;0;Z01
201700009087;1;30;0;0;2;1;2;A01
201700009088;1;7;0;8;0;2;1;A01
201700009089;1;7;0;0;1;1;1;Z01
201700009090;1;7;0;0;2;4;2;B01
201700009090;1;7;0;0;2;1;2;A01
201700009091;1;7;0;0;2;1;0;B01
201700009091;1;7;0;0;2;8;0;A01
201700009092;1;30;0;0;2;2;17;A01
201700009092;1;7;0;0;2;6;20;B01
201700009093;1;1;0;0;2;1;1;B01
201700009093;1;7;0;0;2;2;15;A01
201700009094;1;7;0;0;1;0;0;Z01
201700009095;1;7;0;0;2;1;9;A01
201700009095;1;34;0;0;2;3;2;B01
201700009096;1;10;0;0;2;4;2;B01
201700009096;1;7;0;0;2;1;2;A01
201700009097;2;10;0;0;2;1;15;A01
201700009097;1;32;0;0;2;1;5;B01
201700009098;2;32;0;0;2;1;2;A01
201700009098;1;7;0;0;2;3;0;B01
201700009099;1;7;0;0;1;1;1;A01
201700009100;2;13;0;0;2;0;0;B01
201700009100;2;20;0;9;2;3;14;A01
201700009101;1;7;0;0;2;4;2;B01
201700009101;1;7;0;0;2;1;2;A01
201700009102;1;7;0;0;2;3;1;A01
201700009102;1;32;0;0;2;0;1;B01
201700009103;2;7;0;0;2;8;1;B01
201700009103;1;2;0;0;2;8;13;A01
201700009104;2;30;0;0;2;8;0;A01
201700009105;1;7;0;0;1;2;9;A01
201700009106;2;7;0;0;2;4;2;B01
201700009106;2;10;0;0;2;1;2;A01
201700009107;2;33;0;0;2;2;1;A01
201700009107;2;7;0;0;2;8;15;B01
201700009108;2;7;0;0;2;2;0;A01
201700009108;2;7;0;0;2;3;1;B01
201700009109;1;2;0;0;2;1;0;A01
201700009109;1;7;0;0;2;5;0;B01
201700009110;1;2;0;0;2;5;17;B01
201700009110;1;7;0;0;2;3;10;A01
201700009111;1;7;0;0;2;4;1;B01
201700009111;1;7;0;0;2;1;1;A01
201700009112;1;7;0;0;2;1;0;A01
201700009112;1;7;0;0;2;1;2;B01
201700009113;1;7;0;1;0;2;1;A01
201700009114;2;7;0;0;1;1;16;A01
201700009115;2;33;0;0;2;3;1;B01
201700009115;2;7;0;0;2;6;15;A01
201700009116;1;33;0;8;0;2;0;A01
201700009117;2;1;0;0;2;3;19;A01
201700009117;1;7;0;0;9;0;0;B01
201700009118;1;7;0;0;2;1;16;A01
201700009118;2;7;0;1;2;3;1;B01
201700009119;1;7;0;0;2;7;1;A01
201700009119;2;7;0;0;2;1;19;B01
201700009120;1;7;0;0;2;1;1;Z01
201700009120;1;7;0;0;2;4;1;B01
201700009121;1;7;0;0;2;0;1;A01
201700009121;1;33;0;0;2;0;1;B01
201700009122;1;7;0;0;1;7;0;A01
201700009123;1;7;0;0;1;1;17;A01
201700009124;1;7;0;0;2;1;19;A01
201700009124;1;2;0;0;2;0;0;B01
201700009125;1;7;0;0;2;1;5;A01
201700009125;2;7;0;0;2;1;0;B01
201700009126;1;34;0;0;2;3;2;B01
201700009126;1;7;0;0;2;0;0;A01
201700009127;2;32;0;0;2;0;0;B01
201700009127;1;99;0;0;2;0;0;Z01
201700009128;1;7;0;0;1;3;1;A01
201700009129;1;7;0;0;2;4;1;B01
201700009129;1;7;0;0;2;1;2;Z01
201700009130;1;7;0;0;2;3;15;A01
201700009130;1;7;0;0;2;1;2;B01
201700009131;2;7;0;0;2;3;15;A01
201700009131;1;32;0;0;2;8;1;B01
201700009132;1;7;0;0;2;7;14;Z01
201700009132;1;32;0;0;2;8;2;A01
201700009133;2;7;0;0;2;1;1;A01
201700009133;2;14;0;0;1;4;23;B01
201700009134;1;7;0;0;2;1;2;A01
201700009134;1;2;0;0;2;4;1;B01
201700009135;1;7;0;0;2;7;16;B01
201700009135;1;30;0;0;2;0;18;A01
201700009136;2;7;0;0;1;0;0;A01
201700009137;1;31;0;0;2;1;1;B01
201700009137;1;7;0;0;2;2;16;A01
201700009138;1;3;0;0;2;5;15;A01
201700009138;2;10;0;0;2;1;2;Z01
201700009139;2;30;0;0;1;7;7;A01
201700009140;1;7;0;0;1;0;1;A01
201700009141;1;7;0;0;2;0;0;Z01
201700009141;2;7;0;0;9;3;9;A01
201700009142;1;7;0;0;2;4;4;A01
201700009142;1;7;0;0;2;1;1;B01
201700009143;1;7;0;0;2;8;1;A01
201700009143;2;7;0;0;2;3;13;Z01
201700009144;1;7;0;0;2;1;13;A01
201700009144;2;7;0;0;2;1;1;B01
201700009145;1;7;0;0;2;2;0;B01
201700009145;1;7;0;0;2;3;15;A01
201700009146;1;30;0;0;2;1;19;A01
201700009146;1;33;0;0;2;3;1;B01
201700009147;1;30;0;0;2;0;2;Z01
201700009147;1;30;0;0;2;6;2;B01
201700009148;1;7;0;0;1;8;0;A01
201700009149;2;7;0;0;2;0;0;Z01
201700009149;2;7;0;0;2;1;2;A01
201700009149;2;7;0;0;2;4;23;C01
201700009149;2;7;0;0;2;4;23;B01
201700009150;1;7;0;0;1;1;16;A01
201700009151;1;7;0;0;2;2;15;A01
201700009151;2;33;0;0;2;1;1;B01
201700009152;1;7;0;0;2;2;17;A01
201700009152;1;7;0;0;2;6;1;B01
201700009153;2;7;0;0;2;6;10;A01
201700009153;2;30;0;0;2;1;1;B01
201700009154;2;7;0;0;2;5;15;Z01
201700009154;1;7;0;0;2;3;15;A01
201700009155;1;7;0;0;2;2;1;A01
201700009155;1;7;0;0;2;3;10;B01
201700009156;1;7;0;0;2;1;0;A01
201700009156;1;34;0;0;2;4;1;B01
201700009157;1;7;0;0;2;0;1;Z01
201700009157;1;7;0;0;2;5;1;A01
201700009158;1;7;0;8;0;1;9;A01
201700009159;2;7;0;0;0;0;13;A01
201700009159;2;1;0;0;2;0;0;B01
201700009160;2;7;0;0;2;4;0;A01
201700009161;1;33;0;0;2;3;15;A01
201700009161;1;7;0;0;2;3;15;B01
201700009162;1;33;0;0;2;6;17;B01
201700009162;1;7;0;0;2;2;15;A01
201700009163;2;2;0;0;2;7;17;A01
201700009163;2;7;0;0;2;6;2;B01
201700009164;1;32;0;0;2;3;1;B01
201700009164;2;32;0;0;2;8;1;C01
201700009164;1;2;0;0;2;1;1;A01
201700009165;2;7;0;0;2;3;13;A01
201700009165;2;30;0;0;2;2;17;B01
201700009166;1;7;0;0;1;2;0;A01
201700009167;1;7;0;0;2;5;15;B01
201700009167;1;7;0;0;2;3;1;A01
201700009168;2;10;0;0;1;4;4;A01
201700009169;1;7;0;0;2;0;0;Z01
201700009169;1;30;0;0;2;4;15;B01
201700009170;1;33;0;0;1;1;1;A01
201700009171;2;7;0;0;2;3;0;B01
201700009171;1;33;0;0;2;1;1;A01
201700009172;1;32;0;0;2;1;1;B01
201700009172;2;7;0;0;2;3;10;A01
201700009173;2;7;0;2;0;1;1;A01
201700009174;2;7;0;0;1;0;16;Z01
201700009175;1;7;0;0;2;3;1;B01
201700009175;2;7;0;0;2;1;1;A01
201700009176;1;7;0;0;1;2;1;A01
201700009177;1;2;0;9;2;5;15;B01
201700009177;1;7;0;9;2;8;15;A01
201700009178;1;7;0;0;2;8;1;B01
201700009178;2;7;0;0;2;1;1;Z01
201700009179;2;7;0;0;1;2;16;A01
201700009180;1;7;0;0;1;1;17;A01
201700009181;2;7;0;0;2;1;9;B01
201700009181;2;7;0;0;2;4;20;A01
201700009182;1;30;0;0;2;0;0;B01
201700009182;1;7;0;0;2;0;0;A01
201700009183;0;7;0;13;0;1;1;A01
201700009184;2;7;0;0;2;0;0;A01
201700009184;1;32;0;0;2;0;0;B01
201700009185;1;2;0;0;0;3;16;A01
201700009186;1;7;0;0;1;1;1;A01
201700009187;1;7;0;0;1;1;14;A01
201700009188;1;33;0;0;2;2;0;A01
201700009188;1;7;0;0;2;0;0;B01
201700009189;1;7;0;0;2;4;2;A01
201700009189;1;7;0;0;2;0;0;Z01
201700009190;1;7;0;0;1;1;1;A01
201700009191;1;7;0;0;2;3;1;B01
201700009191;2;2;0;0;2;3;17;A01
201700009192;1;37;0;1;0;2;7;A01
201700009192;1;7;0;0;2;4;2;B01
201700009193;1;7;0;0;2;0;0;B01
201700009193;1;7;0;0;2;5;2;A01
201700009194;1;7;0;0;2;7;1;A01
201700009194;1;33;0;0;2;1;1;B01
201700009195;2;7;0;0;2;8;2;A01
201700009195;2;2;0;0;2;1;2;B01
201700009196;1;7;0;0;2;8;10;A01
201700009196;1;37;0;0;9;3;24;C01
201700009196;2;32;0;0;2;7;0;B01
201700009197;2;7;0;8;2;1;1;A01
201700009197;2;7;0;0;2;2;1;B01
201700009198;2;7;0;0;2;2;15;B01
201700009198;1;30;0;0;2;1;1;A01
201700009199;1;33;0;0;2;1;21;A01
201700009199;1;7;0;0;2;8;19;B01
201700009200;1;31;0;0;0;1;1;A01
201700009201;1;7;0;0;2;3;2;A01
201700009201;1;7;0;0;2;2;19;B01
201700009202;1;7;0;0;2;2;15;B01
201700009202;1;30;0;0;2;2;1;A01
201700009203;2;7;0;0;2;4;2;C01
201700009203;2;7;0;0;2;1;2;A01
201700009203;2;7;0;0;2;4;2;B01
201700009204;1;32;0;0;2;7;1;B01
201700009204;1;1;0;0;2;0;0;Z01
201700009205;1;7;0;0;2;1;2;A01
201700009205;1;7;0;0;2;4;2;B01
201700009206;2;10;0;0;1;1;15;A01
201700009207;1;32;0;0;2;1;1;B01
201700009207;1;7;0;0;2;5;0;A01
201700009208;1;7;0;0;2;3;9;A01
201700009208;2;33;0;0;2;8;15;B01
201700009209;2;7;0;0;2;0;2;B01
201700009209;1;7;0;0;2;3;17;A01
201700009210;1;7;0;0;2;5;0;B01
201700009210;1;7;0;0;2;3;2;A01
201700009211;1;7;0;0;2;1;1;A01
201700009211;1;7;0;0;2;4;23;B01
201700009212;2;34;0;0;1;8;21;A01
201700009213;1;7;0;0;2;4;2;B01
201700009213;1;32;0;0;2;1;2;A01
201700009214;1;33;0;0;2;1;2;B01
201700009214;2;7;0;0;2;1;15;A01
201700009215;1;7;0;0;2;1;2;A01
201700009215;1;7;0;0;2;4;15;B01
201700009216;2;30;0;0;2;0;0;A01
201700009216;1;34;0;0;2;2;0;B01
201700009216;1;7;0;0;2;2;0;C01
201700009217;1;7;0;9;0;3;13;A01
201700009218;1;31;0;0;2;1;1;B01
201700009218;1;7;0;0;2;0;0;C01
201700009218;1;7;0;0;2;0;0;A01
201700009219;2;30;0;0;2;8;0;B01
201700009219;2;7;0;0;2;1;0;Z01
201700009220;2;7;0;0;2;0;0;A01
201700009220;1;7;0;0;2;0;0;B01
201700009221;1;7;0;0;1;1;1;A01
201700009222;1;7;0;0;2;8;13;A01
201700009222;1;33;0;0;2;1;1;B01
201700009223;1;37;0;0;1;7;9;A01
201700009224;1;7;0;0;2;3;9;A01
201700009224;1;7;0;0;2;1;1;B01
201700009224;1;7;0;0;2;1;24;E01
201700009225;1;33;0;0;2;7;15;A01
201700009225;1;7;0;0;9;4;2;B01
201700009226;2;10;0;0;2;0;1;B01
201700009226;1;7;0;0;2;3;13;A01
201700009227;1;7;0;0;2;1;2;A01
201700009227;1;7;0;0;2;4;23;B01
201700009228;1;7;0;0;2;2;1;A01
201700009228;2;7;0;0;2;3;1;B01
201700009229;1;37;0;0;1;2;0;A01
201700009230;1;10;0;1;0;2;21;A01
201700009231;1;33;0;0;2;4;1;B01
201700009231;1;7;0;0;2;1;2;A01
201700009232;2;7;0;0;2;1;1;A01
201700009232;2;7;0;0;2;6;1;B01
201700009233;2;7;0;0;1;0;0;A01
201700009234;2;32;0;0;2;8;1;B01
201700009234;2;7;0;0;2;1;15;A01
201700009235;2;7;0;0;2;1;2;B01
201700009235;2;7;0;0;2;1;2;A01
201700009235;2;7;0;0;2;6;2;C01
201700009236;1;32;0;0;2;1;2;A01
201700009236;1;7;0;0;2;5;2;B01
201700009237;1;7;0;0;2;1;2;Z01
201700009237;1;7;0;0;2;4;1;B01
201700009238;1;2;0;0;2;7;17;A01
201700009238;1;7;0;0;2;3;13;Z01
201700009239;1;7;0;0;2;0;0;A01
201700009239;1;7;0;0;2;4;1;B01
201700009240;1;7;0;0;2;3;1;B01
201700009240;2;10;0;0;2;0;16;Z01
201700009241;1;33;0;0;9;1;1;A01
201700009242;2;7;0;0;1;2;1;A01
201700009243;1;7;0;0;2;6;16;A01
201700009243;1;7;0;0;2;2;1;B01
201700009244;1;7;0;0;0;0;9;A01
201700009244;1;30;0;0;2;0;21;B01
201700009245;1;31;0;0;2;0;0;B01
201700009245;1;7;0;1;2;3;0;A01
201700009246;2;7;0;0;1;2;2;A01
201700009247;1;7;0;0;1;1;1;A01
201700009248;1;7;0;0;2;1;1;A01
201700009248;1;7;0;0;2;0;0;B01
201700009249;2;30;0;0;2;6;21;B01
201700009249;1;10;0;0;2;0;15;A01
201700009250;1;30;0;16;0;9;1;A01
201700009251;1;7;0;0;2;2;0;A01
201700009251;1;7;0;0;2;3;0;B01
201700009252;1;7;0;0;1;0;0;A01
201700009253;1;7;0;0;2;3;10;A01
201700009253;1;30;0;0;2;2;0;B01
201700009254;1;7;0;0;2;3;1;B01
201700009254;1;7;0;0;2;8;9;A01
201700009255;1;33;0;8;0;0;1;A01
201700009256;1;7;0;0;0;0;15;B01
201700009256;2;34;0;12;0;1;1;A01
201700009257;1;7;0;0;2;1;1;A01
201700009257;1;7;0;8;2;3;1;B01
201700009257;1;7;0;0;2;3;1;C01
201700009258;1;7;0;0;2;6;10;Z01
201700009258;2;7;0;0;2;3;1;A01
201700009258;1;7;0;0;2;8;1;B01
201700009259;2;33;0;0;2;1;13;A01
201700009259;1;7;0;0;2;1;1;B01
201700009260;0;7;0;0;2;4;1;A01
201700009260;0;1;0;0;0;0;0;B01
201700009261;2;7;0;0;2;8;1;B01
201700009261;2;14;0;0;2;1;15;A01
201700009262;1;7;0;0;1;1;0;A01
201700009263;1;7;0;0;2;0;0;A01
201700009263;1;7;0;0;2;0;0;B01
201700009264;2;30;0;0;2;1;0;B01
201700009264;1;10;0;0;2;1;15;A01
201700009265;1;7;0;0;1;3;2;A01
201700009266;1;30;0;0;2;0;0;B01
201700009266;1;7;0;0;2;3;15;A01
201700009267;1;30;0;0;1;1;17;A01
201700009268;1;2;0;0;0;0;1;A01
201700009269;1;34;0;0;1;1;17;A01
201700009270;2;32;0;0;1;0;0;Z01
201700009271;2;1;0;0;2;2;2;B01
201700009271;2;7;0;0;9;3;22;A01
201700009272;2;34;0;0;2;1;1;B01
201700009272;1;7;0;0;2;7;10;A01
201700009273;1;7;0;0;2;8;0;B01
201700009273;1;34;0;0;2;7;0;A01
201700009274;1;7;0;0;2;1;14;A01
201700009274;1;7;0;0;2;8;1;B01
201700009275;2;7;0;0;2;1;7;A01
201700009275;2;33;0;0;2;0;0;B01
201700009276;2;34;0;12;0;0;0;A01
201700009277;1;7;0;8;0;1;0;A01
201700009278;1;34;0;10;0;8;10;A01
201700009279;1;7;0;0;2;2;12;A01
201700009279;1;32;0;0;2;0;0;B01
201700009280;1;34;0;0;2;8;0;B01
201700009280;1;7;0;0;2;2;19;A01
201700009281;1;31;0;0;2;1;1;B01
201700009281;1;7;0;0;2;4;16;A01
201700009282;2;7;0;0;1;2;17;A01
201700009283;1;32;0;0;2;0;0;Z01
201700009283;1;33;0;0;2;7;2;A01
201700009284;1;7;0;0;2;6;1;B01
201700009284;1;7;0;0;2;2;2;A01
201700009285;1;7;0;0;1;1;1;A01
201700009286;2;33;0;0;2;3;1;A01
201700009286;1;7;0;0;2;3;15;B01
201700009287;1;7;0;1;2;2;1;B01
201700009288;2;7;0;0;1;1;1;B01
201700009288;1;7;0;0;2;2;15;A01
201700009289;1;7;0;8;0;1;1;A01
201700009290;1;7;0;0;2;0;0;B01
201700009290;1;7;0;1;2;1;0;Z01
201700009291;1;7;0;0;2;4;2;B01
201700009291;1;10;0;0;2;1;2;A01
201700009292;2;33;0;0;0;8;1;A01
201700009293;1;7;0;0;1;4;4;A01
201700009294;1;7;0;0;2;1;1;A01
201700009294;1;7;0;0;2;0;0;B01
201700009295;1;30;0;0;2;1;2;B01
201700009295;1;7;0;0;2;4;23;Z01
201700009296;2;7;0;4;0;1;2;A01
201700009297;1;7;0;0;1;4;0;A01
201700009298;1;33;0;0;2;0;0;B01
201700009298;1;7;0;0;2;7;0;Z01
201700009299;1;17;0;0;2;1;2;A01
201700009299;1;7;0;0;2;4;2;B01
201700009300;1;33;0;0;2;1;3;B01
201700009300;1;7;0;0;2;1;4;A01
201700009301;1;7;0;0;2;8;13;Z01
201700009301;1;32;0;0;2;2;1;B01
201700009302;1;7;0;0;1;1;0;A01
201700009303;1;7;0;2;0;1;1;A01
201700009304;1;7;0;0;1;0;0;A01