num_acc;senc;catv;occutc;obs;obsm;choc;manv;num_veh
201700009305;2;33;0;0;2;1;1;B01
201700009305;1;7;0;0;2;0;0;A01
201700009306;1;7;0;0;1;2;15;A01
201700009307;1;7;0;4;0;2;14;A01
201700009308;2;7;0;0;1;0;0;A01
201700009309;1;7;0;0;2;1;1;A01
201700009309;1;7;0;0;2;7;1;B01
201700009310;1;7;0;0;2;5;15;A01
201700009310;1;33;0;0;2;1;1;B01
201700009311;1;7;0;0;2;7;12;A01
201700009311;2;37;0;0;2;3;1;B01
201700009312;1;7;0;0;2;0;0;D01
201700009312;1;7;0;0;2;0;0;C01
201700009312;1;7;0;0;2;0;0;F02
201700009312;1;7;0;0;2;0;0;A01
201700009312;1;7;0;0;2;0;0;B01
201700009312;1;7;0;0;2;0;0;E01
201700009313;2;7;0;13;0;2;0;A01
201700009314;2;7;0;0;2;2;0;A01
201700009314;1;32;0;0;2;1;0;B01
201700009315;1;31;0;0;2;8;1;B01
201700009315;2;7;0;0;2;3;0;A01
201700009316;1;7;0;0;2;6;15;B01
201700009316;1;13;0;0;2;0;1;A01
201700009317;1;7;0;0;1;1;15;A01
201700009318;1;7;0;0;1;2;0;Z01
201700009319;2;3;0;0;2;1;1;A01
201700009319;1;7;0;0;2;0;0;B01
201700009320;1;14;0;0;2;7;12;A01
201700009320;1;7;0;0;2;8;1;B01
201700009321;2;7;0;0;2;2;12;A01
201700009321;2;33;0;0;2;1;1;B01
201700009322;1;7;0;0;2;5;0;C01
201700009322;1;7;0;0;2;1;1;B01
201700009322;1;7;0;0;2;1;5;A01
201700009323;1;7;0;0;2;2;16;B01
201700009323;1;30;0;0;2;3;2;A01
201700009324;2;7;0;0;2;4;12;B01
201700009324;2;7;0;0;2;1;1;A01
201700009325;1;33;0;0;2;1;2;B01
201700009325;1;7;0;0;2;3;15;A01
201700009326;2;32;0;0;2;2;3;B01
201700009326;2;7;0;0;2;8;13;Z01
201700009327;1;7;0;0;2;7;15;A01
201700009327;2;33;0;0;2;1;1;B01
201700009328;1;7;0;0;1;1;1;B01
201700009329;1;34;0;0;2;7;1;B01
201700009329;1;7;0;0;2;3;10;A01
201700009330;1;7;0;0;2;3;9;A01
201700009330;2;7;0;0;2;2;0;B01
201700009331;1;7;0;0;1;2;20;A01
201700009332;1;7;0;0;2;4;2;B01
201700009332;1;7;0;0;2;0;0;Z01
201700009332;1;7;0;0;2;4;2;C01
201700009333;1;33;0;0;2;3;1;A01
201700009333;1;7;0;0;2;3;15;B01
201700009334;2;7;0;0;2;1;1;B01
201700009334;1;33;0;0;2;9;5;A01
201700009335;1;33;0;0;2;1;1;B01
201700009335;1;7;0;0;2;5;15;A01
201700009336;1;7;0;0;2;3;9;A01
201700009336;1;32;0;0;2;2;0;B01
201700009337;2;7;0;0;2;1;16;Z01
201700009337;2;30;0;0;2;1;15;A01
201700009338;2;2;0;0;2;2;1;B01
201700009338;1;30;0;0;2;0;0;Z01
201700009339;1;7;0;0;2;5;1;B01
201700009339;1;33;0;0;2;1;16;A01
201700009340;1;2;0;0;2;0;0;B01
201700009340;1;10;0;0;2;3;15;A01
201700009341;2;7;0;0;2;0;2;A01
201700009341;2;32;0;0;2;4;23;B01
201700009342;2;7;0;0;2;2;15;B01
201700009342;1;2;0;0;2;1;2;A01
201700009343;1;34;0;0;2;0;1;B01
201700009343;1;7;0;0;2;6;15;A01
201700009344;2;7;0;0;2;2;0;B01
201700009344;2;33;0;0;2;2;18;A01
201700009345;1;2;0;0;2;1;1;B01
201700009345;1;7;0;0;2;6;9;A01
201700009346;1;32;0;0;2;1;1;B01
201700009346;1;7;0;0;2;1;15;A01
201700009347;1;15;0;0;2;4;4;A01
201700009347;1;30;0;0;2;1;2;B01
201700009348;1;7;0;0;0;1;1;A01
201700009349;1;7;0;0;2;2;15;B01
201700009349;1;31;0;0;2;1;17;A01
201700009350;1;7;0;0;2;3;15;A01
201700009350;1;32;0;0;2;1;17;B01
201700009351;2;7;0;0;2;8;15;A01
201700009351;2;31;0;0;2;1;1;B01
201700009352;2;7;0;0;2;0;9;B01
201700009352;1;30;0;1;0;3;21;A01
201700009353;1;7;0;0;2;2;1;B01
201700009353;2;30;0;0;2;1;5;A01
201700009354;1;7;0;0;2;6;1;B01
201700009354;1;7;0;0;2;2;1;A01
201700009355;1;33;0;0;2;0;0;B01
201700009355;1;7;0;0;2;8;0;A01
201700009356;2;7;0;0;1;2;1;A01
201700009357;1;13;0;0;2;1;0;Z01
201700009357;1;30;0;0;2;4;0;B01
201700009358;1;7;0;15;0;1;13;A01
201700009359;2;33;0;1;0;1;2;A01
201700009360;1;7;0;0;2;4;1;A01
201700009360;1;7;0;0;2;4;1;B01
201700009360;1;7;0;0;2;1;1;C01
201700009361;1;13;0;0;1;7;2;A01
201700009362;2;7;0;0;2;3;0;B01
201700009362;2;34;0;0;2;2;0;A01
201700009363;1;33;0;0;2;8;1;B01
201700009363;1;7;0;0;2;7;14;Z01
201700009364;2;33;0;0;2;1;1;B01
201700009364;2;7;0;0;2;8;9;A01
201700009365;2;7;0;0;2;4;2;B01
201700009365;1;7;0;0;2;1;2;A01
201700009366;1;7;0;0;2;3;1;B01
201700009366;1;7;0;0;2;8;19;A01
201700009367;2;7;0;0;2;7;12;Z01
201700009367;1;7;0;0;2;6;0;C01
201700009367;2;7;0;0;2;3;2;B01
201700009368;1;2;0;0;2;1;9;A01
201700009368;2;7;0;0;2;8;1;B01
201700009369;2;7;0;0;2;2;13;A01
201700009369;2;7;0;0;2;0;0;B01
201700009370;1;30;0;0;2;0;0;B01
201700009370;1;7;0;0;2;0;0;A01
201700009371;1;7;0;0;1;1;1;A01
201700009372;1;32;0;0;2;1;3;A01
201700009372;1;7;0;0;2;8;15;B01
201700009373;1;7;0;0;2;0;0;Z01
201700009373;1;30;0;0;2;1;1;A01
201700009374;2;33;0;0;1;1;1;A01
201700009375;2;7;0;0;2;1;2;Z01
201700009375;2;7;0;0;2;4;23;B01
201700009376;1;7;0;0;1;2;2;Z01
201700009377;1;7;0;0;2;2;16;A01
201700009377;1;32;0;0;2;6;0;B01
201700009378;1;7;0;0;2;7;15;A01
201700009378;2;7;0;0;2;1;1;B01
201700009379;1;10;0;0;1;2;1;A01
201700009380;2;7;0;0;2;2;1;A01
201700009380;2;30;0;0;2;1;1;B01
201700009381;1;7;0;0;1;0;0;Z01
201700009382;1;7;0;0;1;7;1;Z01
201700009383;1;2;0;0;0;0;0;A01
201700009384;1;7;0;0;2;0;0;B01
201700009384;2;32;0;0;2;1;1;A01
201700009385;2;7;0;0;2;1;15;A01
201700009385;1;30;0;0;2;1;2;B01
201700009386;2;7;0;0;1;0;0;A01
201700009387;1;7;0;0;2;9;1;A01
201700009387;1;7;0;0;2;6;2;B01
201700009387;1;7;0;0;2;1;2;Z01
201700009388;1;7;0;0;2;2;15;B01
201700009388;1;33;0;0;2;1;1;A01
201700009389;1;7;0;0;1;0;0;A01
201700009390;1;33;0;0;2;1;1;B01
201700009390;1;7;0;0;2;2;20;A01
201700009391;2;34;0;0;2;7;22;B01
201700009391;2;7;0;0;2;8;22;A01
201700009392;2;2;0;0;2;2;17;A01
201700009392;2;7;0;0;2;8;13;B01
201700009393;1;33;0;0;0;0;15;A01
201700009394;1;1;0;0;0;0;0;A01
201700009395;0;32;0;0;0;0;0;B01
201700009395;0;32;0;0;0;1;16;A01
201700009396;1;7;0;0;2;3;1;B01
201700009396;1;30;0;0;2;1;0;A01
201700009397;1;7;0;0;2;5;23;B01
201700009397;1;10;0;0;2;3;2;A01
201700009398;1;7;0;0;1;1;1;A01
201700009399;1;7;0;0;1;1;1;A01
201700009400;2;33;0;0;2;8;23;C01
201700009400;2;7;0;0;2;8;23;D01
201700009400;2;7;0;0;2;1;15;A01
201700009400;1;34;0;0;2;9;1;B01
201700009401;2;32;0;0;2;1;0;B01
201700009401;2;30;0;0;2;1;5;A01
201700009402;2;7;0;0;2;0;0;A01
201700009402;1;30;0;0;2;1;1;B01
201700009403;1;7;0;0;2;3;1;B01
201700009403;2;7;0;0;2;3;13;A01
201700009404;1;7;0;8;0;2;1;A01
201700009405;1;7;0;0;2;4;1;B01
201700009405;1;7;0;0;2;1;1;A01
201700009406;1;7;0;14;0;9;6;A01
201700009407;1;33;0;8;0;7;0;A01
201700009407;1;7;0;0;2;1;0;B01
201700009408;1;7;0;0;9;0;0;A01
201700009409;1;7;0;0;2;5;1;B01
201700009409;0;20;0;0;2;2;1;A01
201700009410;2;7;0;0;1;3;1;A01
201700009411;2;7;0;0;2;1;1;A01
201700009411;2;32;0;0;2;6;15;B01
201700009412;2;2;0;0;2;1;1;B01
201700009412;1;7;0;0;2;2;15;A01
201700009413;1;7;0;0;2;1;2;A01
201700009413;1;7;0;0;2;4;0;B01
201700009414;1;7;0;0;2;3;1;B01
201700009414;1;7;0;0;2;3;1;A01
201700009415;2;7;0;0;2;1;15;A01
201700009415;1;2;0;0;2;3;2;B01
201700009416;1;7;0;0;1;0;0;Z01
201700009417;2;1;0;0;4;8;19;A01
201700009417;1;40;0;0;9;2;2;B01
201700009418;2;33;0;0;2;1;1;B01
201700009418;2;7;0;0;2;8;10;A01
201700009419;1;7;0;0;2;6;1;B01
201700009419;1;13;0;0;2;2;0;Z01
201700009420;1;7;0;0;1;3;1;A01
201700009421;1;7;0;0;2;4;2;B01
201700009421;1;7;0;0;2;1;2;A01
201700009422;1;7;0;0;2;1;5;A01
201700009422;1;7;0;0;2;6;1;C01
201700009422;1;7;0;0;2;3;1;B01
201700009423;1;7;0;0;2;3;10;A01
201700009423;1;30;0;0;2;2;21;B01
201700009424;2;30;0;0;2;0;1;A01
201700009424;2;7;0;0;2;4;0;C01
201700009424;2;7;0;0;2;6;1;B01
201700009425;2;7;0;0;1;2;0;Z01
201700009426;1;34;0;0;2;8;1;B01
201700009426;1;31;0;0;2;7;14;A01
201700009427;1;7;0;0;2;0;0;Z01
201700009427;1;33;0;0;2;0;17;A01
201700009428;1;7;0;0;2;3;1;B01
201700009428;1;34;0;0;2;1;1;A01
201700009429;2;32;0;0;0;0;2;A01
201700009430;2;7;0;0;2;1;5;A01
201700009430;1;7;0;0;2;1;1;B01
201700009431;1;7;0;0;2;8;15;Z01
201700009431;1;33;0;0;2;7;1;A01
201700009432;1;7;0;0;2;3;13;A01
201700009432;2;32;0;0;2;1;1;B01
201700009433;1;7;0;0;2;3;9;B01
201700009433;1;7;0;0;2;1;12;A01
201700009434;1;32;0;0;2;1;23;B01
201700009434;1;7;0;0;2;0;0;A01
201700009435;1;7;0;0;1;6;4;A01
201700009436;2;34;0;0;2;6;0;B01
201700009436;2;7;0;0;2;1;2;A01
201700009437;1;7;0;0;1;2;2;A01
201700009438;1;32;0;0;2;8;9;B01
201700009438;1;7;0;0;9;7;9;A01
201700009439;2;2;0;0;2;7;21;B01
201700009439;2;7;0;0;9;8;9;A01
201700009440;1;7;0;0;2;3;15;A01
201700009440;2;7;0;0;2;8;1;B01
201700009441;1;33;0;0;2;1;1;A01
201700009441;1;10;0;0;2;5;19;B01
201700009442;1;7;0;0;1;2;2;A01
201700009443;1;7;0;0;2;3;15;B01
201700009443;1;30;0;0;2;6;1;A01
201700009444;2;32;0;8;0;1;1;A01
201700009445;1;7;0;0;2;2;1;B01
201700009445;1;7;0;0;2;0;17;A01
201700009446;2;7;0;4;0;1;1;A01
201700009446;2;7;0;0;9;0;0;Z01
201700009447;2;32;0;0;2;1;1;B01
201700009447;2;7;0;0;2;3;9;A01
201700009448;1;7;0;0;2;1;0;A01
201700009448;1;7;0;0;2;4;0;B01
201700009449;2;40;0;0;2;3;19;B01
201700009449;1;7;0;0;4;1;19;A01
201700009450;1;7;0;0;2;6;23;C01
201700009450;1;7;0;0;2;1;2;A01
201700009450;1;7;0;0;2;9;23;B01
201700009451;1;7;0;0;2;0;0;A01
201700009451;1;7;0;0;2;0;0;B01
201700009452;2;7;0;0;2;2;15;A01
201700009452;1;31;0;0;2;1;1;B01
201700009453;1;31;0;12;0;1;1;A01
201700009454;1;7;0;0;2;6;19;A01
201700009454;1;32;0;0;2;1;1;B01
201700009455;1;17;0;0;1;0;1;A01
201700009456;2;7;0;0;2;1;1;Z01
201700009456;2;7;0;0;2;6;0;B01
201700009457;2;33;0;0;1;1;1;A01
201700009458;2;7;0;0;2;0;15;A01
201700009458;2;33;0;0;2;7;17;B01
201700009459;1;7;0;0;1;0;15;A01
201700009460;2;7;0;0;2;4;23;B01
201700009460;2;7;0;0;2;1;2;A01
201700009460;2;7;0;0;2;4;23;C01
201700009461;1;32;0;0;2;4;2;B01
201700009461;1;7;0;0;2;1;2;Z01
201700009462;2;10;0;0;1;7;0;A01
201700009463;1;7;0;8;2;1;2;B01
201700009463;2;3;0;0;2;3;15;A01
201700009464;1;7;0;0;2;7;1;B01
201700009464;1;10;0;0;2;1;1;A01
201700009465;2;2;0;0;2;0;0;A01
201700009465;2;7;0;0;2;0;0;B01
201700009466;1;7;0;0;1;2;1;A01
201700009467;2;7;0;0;2;1;2;Z01
201700009467;2;7;0;0;2;4;2;B01
201700009468;1;7;0;0;2;1;15;A01
201700009468;1;7;0;0;2;6;15;B01
201700009469;1;7;0;0;2;7;1;A01
201700009469;1;7;0;0;2;1;1;B01
201700009470;2;7;0;0;1;0;0;A01
201700009471;0;7;0;0;2;2;9;A01
201700009471;0;7;0;0;2;1;1;B01
201700009472;1;31;0;15;2;7;0;B01
201700009472;1;7;0;0;0;0;0;Z01
201700009473;2;7;0;8;0;0;0;A01
201700009474;1;30;0;0;2;1;1;B01
201700009474;1;30;0;0;2;2;1;A01
201700009475;2;32;0;0;0;0;2;A01
201700009476;1;7;0;0;2;2;14;A01
201700009476;1;34;0;0;2;8;0;B01
201700009477;1;7;0;0;2;4;4;A01
201700009477;1;32;0;0;2;1;23;B01
201700009478;1;32;0;0;2;1;23;B01
201700009478;1;10;0;0;2;4;4;A01
201700009479;1;7;0;0;2;1;2;A01
201700009479;1;7;0;0;2;5;1;B01
201700009480;1;7;0;0;2;3;15;A01
201700009480;1;34;0;0;2;3;1;B01
201700009481;2;30;0;0;1;1;0;Z01
201700009482;1;7;0;0;2;1;15;A01
201700009482;2;33;0;0;2;1;2;B01
201700009483;2;14;0;6;0;1;0;A01
201700009484;1;7;0;0;2;4;1;B01
201700009484;1;7;0;0;2;1;1;A01
201700009485;1;10;0;0;2;4;2;B01
201700009485;1;7;0;0;2;1;2;A01
201700009486;1;7;0;0;2;3;15;A01
201700009486;1;7;0;0;2;1;1;B01
201700009487;1;7;0;1;1;2;1;A01
201700009488;2;7;0;0;2;1;1;B01
201700009488;1;34;0;1;2;1;1;A01
201700009489;1;7;0;0;2;2;1;B01
201700009489;1;30;0;0;2;1;1;A01
201700009490;1;7;0;0;2;2;0;B01
201700009490;1;30;0;0;2;1;1;A01
201700009491;1;7;0;8;0;1;21;A01
201700009492;2;32;0;0;0;7;21;A01
201700009493;1;7;0;0;1;0;0;A01
201700009494;1;7;0;0;1;2;1;A01
201700009495;1;7;0;0;2;1;0;A01
201700009495;1;7;0;0;2;7;0;B01
201700009496;1;7;0;0;2;6;0;B01
201700009496;1;7;0;0;2;3;0;A01
201700009497;1;7;0;0;2;3;16;A01
201700009497;1;7;0;0;2;6;1;B01
201700009498;1;7;0;0;2;7;2;B01
201700009498;1;7;0;0;2;1;16;A01
201700009499;2;7;0;0;2;1;2;A01
201700009499;2;7;0;0;2;4;2;C01
201700009499;2;7;0;0;2;4;2;B01
201700009500;0;33;0;0;2;8;1;A01
201700009500;0;7;0;0;2;8;19;B01
201700009501;2;30;0;0;2;7;1;B01
201700009501;1;34;0;0;2;1;5;A01
201700009502;1;7;0;0;2;3;1;A01
201700009502;1;7;0;0;2;0;0;Z01
201700009503;1;31;0;0;2;3;1;B01
201700009503;2;7;0;0;2;1;17;A01
201700009504;2;7;0;0;2;6;1;B01
201700009504;2;7;0;0;2;2;1;A01
201700009505;1;31;0;0;0;1;0;A01
201700009506;1;7;0;0;1;1;1;A01
201700009507;1;2;0;0;2;2;2;B01
201700009507;1;7;0;0;2;3;2;A01
201700009508;1;7;0;0;2;8;15;A01
201700009508;1;30;0;0;2;0;0;B01
201700009509;1;7;0;0;2;5;4;A01
201700009509;1;32;0;0;2;1;1;B01
201700009510;1;7;0;0;1;2;1;A01
201700009511;2;7;0;0;2;5;15;A01
201700009511;1;32;0;0;2;1;1;B01
201700009512;1;33;0;0;2;1;12;A01
201700009512;1;7;0;0;2;6;1;B01
201700009513;1;32;0;0;0;0;0;A01
201700009514;2;7;0;0;2;4;0;C01
201700009514;1;7;0;0;2;5;0;B01
201700009514;2;7;0;0;2;1;0;A01
201700009515;2;33;0;0;2;4;2;B01
201700009515;2;7;0;0;2;1;2;A01
201700009516;1;7;0;1;0;3;16;A01
201700009517;1;7;0;0;2;4;1;A01
201700009517;1;7;0;0;2;4;0;B01
201700009518;1;7;0;0;1;4;4;A01
201700009519;1;32;0;0;0;1;1;A01
201700009520;2;7;0;0;2;1;1;A01
201700009520;2;7;0;0;2;4;1;B01
201700009521;2;30;0;0;2;1;1;B01
201700009521;1;7;0;0;2;7;15;A01
201700009522;1;7;0;0;2;8;0;B01
201700009522;1;33;0;0;2;1;0;A01
201700009523;1;7;0;0;2;0;0;B01
201700009523;1;32;0;0;2;1;1;A01
201700009524;1;30;0;0;2;1;1;B01
201700009524;2;7;0;0;2;2;0;Z01
201700009525;2;32;0;11;0;2;13;A01
201700009526;2;7;0;0;2;1;1;Z01
201700009526;1;34;0;0;2;8;1;B01
201700009527;1;37;0;0;1;1;1;A01
201700009528;1;32;0;0;0;0;17;A01
201700009529;1;7;0;0;2;0;0;B01
201700009529;1;7;0;0;2;1;5;A01
201700009530;1;34;0;0;1;1;1;A01
201700009531;1;7;0;0;2;4;0;B01
201700009531;1;7;0;0;2;1;0;A01
201700009532;1;7;0;8;0;1;2;A01
201700009533;2;7;0;0;2;1;2;A01
201700009533;2;7;0;0;2;4;2;B01
201700009534;2;31;0;0;2;1;1;B01
201700009534;2;7;0;0;2;3;15;A01
201700009535;2;2;0;0;2;2;2;A01
201700009535;1;7;0;0;2;1;0;Z01
201700009536;2;7;0;0;2;3;1;B01
201700009536;1;34;0;0;2;2;1;A01
201700009537;1;7;0;8;0;1;1;A01
201700009538;1;7;0;0;2;4;2;A01
201700009538;2;7;0;0;2;1;1;Z01
201700009539;2;7;0;2;0;1;14;A01
201700009540;2;7;0;0;2;0;0;B01
201700009540;1;30;0;0;2;0;0;A01
201700009541;1;34;0;0;2;4;2;B01
201700009541;1;7;0;0;2;1;2;A01
201700009542;1;30;0;0;2;0;0;B01
201700009542;1;7;0;0;2;3;0;A01
201700009543;2;30;0;0;2;8;17;A01
201700009544;1;7;0;0;1;1;2;A01
201700009545;1;7;0;0;2;3;1;A01
201700009545;2;7;0;0;2;8;1;B01
201700009546;1;7;0;0;1;0;16;Z01
201700009547;1;7;0;0;2;1;15;A01
201700009547;1;7;0;0;2;6;1;B01
201700009548;1;7;0;0;1;0;0;A01
201700009549;1;32;0;0;1;1;1;A01
201700009550;1;7;0;0;2;2;15;A01
201700009550;1;32;0;0;2;2;1;B01
201700009551;1;7;0;0;1;3;15;A01
201700009552;2;7;0;0;2;0;0;Z01
201700009552;2;7;0;0;2;6;1;A01
201700009553;2;33;0;0;0;0;0;B01
201700009553;1;7;0;0;0;0;0;A01
201700009554;1;33;0;0;2;8;0;B01
201700009554;1;7;0;0;2;1;1;A01
201700009555;1;7;0;0;2;1;24;C01
201700009555;1;7;0;1;2;2;0;B01
201700009555;1;30;0;1;2;9;14;A01
201700009556;2;31;0;0;9;7;0;A01
201700009557;1;30;0;0;0;0;0;A01
201700009558;1;32;0;0;0;9;0;A01
201700009559;1;32;0;0;2;1;0;B01
201700009559;1;7;0;0;2;3;0;A01
201700009560;2;37;0;0;2;6;2;B01
201700009560;2;2;0;0;2;9;17;A01
201700009560;1;7;0;0;2;8;1;C01
201700009561;1;33;0;0;0;1;0;A01
201700009562;1;7;0;0;2;3;15;B01
201700009562;1;32;0;0;2;2;17;A01
201700009563;2;7;0;0;1;0;0;A01
201700009564;1;7;0;0;2;0;0;B01
201700009564;1;33;0;0;2;1;5;A01
201700009565;1;30;0;0;1;0;2;A01
201700009566;1;32;0;0;1;1;7;A01
201700009567;1;7;0;0;2;0;0;Z01
201700009567;1;7;0;1;0;1;16;A01
201700009567;1;7;0;0;2;6;24;B01
201700009568;1;33;0;0;2;1;2;B01
201700009568;1;7;0;0;2;3;2;A01
201700009569;1;7;0;0;1;0;0;Z01
201700009570;0;7;0;0;2;3;15;B01
201700009570;1;7;0;0;2;1;1;A01
201700009571;2;7;0;0;1;1;1;A01
201700009572;2;7;0;6;0;1;2;A01
201700009573;2;7;0;0;1;2;1;A01
201700009574;1;2;0;1;1;7;2;A01
201700009575;1;7;0;0;2;3;1;A01
201700009575;1;7;0;0;2;6;1;B01
201700009576;1;30;0;0;2;1;2;B01
201700009576;2;7;0;0;2;0;0;Z01
201700009577;2;7;0;8;0;0;21;A01
201700009578;1;33;0;0;2;1;0;B01
201700009578;1;7;0;0;2;1;15;A01
201700009579;1;7;0;0;2;1;2;A01
201700009579;1;7;0;0;2;4;1;B01
201700009580;2;7;0;0;2;4;2;B01
201700009580;2;7;0;0;2;6;1;C01
201700009580;2;7;0;0;2;6;2;D01
201700009580;2;7;0;0;2;1;1;A01
201700009581;1;7;0;0;2;1;1;B01
201700009581;1;7;0;0;2;6;1;A01
201700009582;2;7;0;0;2;0;2;A01
201700009582;2;7;0;0;2;4;2;B01
201700009583;2;34;0;0;2;1;0;B01
201700009583;2;10;0;0;2;1;5;Z01
201700009584;1;7;0;0;2;1;2;B01
201700009584;1;7;0;0;2;1;2;A01
201700009584;1;15;0;0;2;4;11;Z01
201700009585;1;7;0;0;2;1;9;A01
201700009585;1;7;0;0;2;7;14;B01
201700009586;2;10;0;0;0;0;15;B01
201700009586;1;7;0;14;0;3;1;A01
201700009587;1;7;0;0;1;6;4;A01
201700009588;1;7;0;0;2;1;15;A01
201700009588;1;7;0;0;2;2;1;B01
201700009589;2;30;0;0;2;1;0;A01
201700009589;1;7;0;0;2;4;1;B01
201700009590;2;10;0;0;2;1;1;B01
201700009590;1;33;0;0;2;2;0;A01
201700009591;2;10;0;0;1;4;4;A01
201700009592;1;7;0;0;2;2;2;Z01
201700009592;1;2;0;0;2;4;1;B01
201700009593;1;7;0;0;2;4;2;C01
201700009593;1;7;0;0;2;4;2;B01
201700009593;1;7;0;0;2;1;2;A01
201700009594;1;2;0;1;0;1;17;B01
201700009594;1;10;0;0;2;0;22;A01
201700009595;1;30;0;0;2;5;15;B01
201700009595;1;7;0;0;2;0;0;Z01
201700009596;2;7;0;1;0;3;0;B01
201700009596;1;2;0;0;2;1;1;A01
201700009597;2;7;0;0;2;3;19;B01
201700009597;1;32;0;0;2;1;2;Z01
201700009598;2;10;0;8;0;1;1;A01
201700009599;1;7;0;0;1;2;1;A01
201700009600;2;31;0;0;1;1;0;A01
201700009601;2;37;0;0;2;5;15;B01
201700009601;1;34;0;0;2;1;2;A01
201700009602;2;7;0;0;1;4;4;A01
201700009603;1;7;0;0;2;6;0;B01
201700009603;1;10;0;0;2;2;16;A01
201700009604;1;7;0;1;0;9;1;A01
201700009605;2;7;0;9;0;2;1;A01
201700009606;1;7;0;0;2;1;5;A01
201700009606;2;7;0;0;2;1;1;B01
201700009607;1;7;0;0;2;1;1;A01
201700009607;1;7;0;0;2;4;23;B01
201700009608;2;3;0;0;2;0;0;A01
201700009608;2;7;0;0;2;0;15;B01
201700009609;1;7;0;0;2;4;1;B01
201700009609;1;7;0;0;2;0;0;Z01
201700009610;1;1;0;0;0;0;0;C01
201700009610;1;30;0;0;0;0;1;B01
201700009611;1;7;0;0;2;1;2;A01
201700009611;1;7;0;0;2;4;2;B01
201700009612;2;7;0;0;2;3;2;B01
201700009612;2;33;0;0;2;4;2;A01
201700009613;2;1;0;0;2;7;15;A01
201700009613;2;7;0;0;2;1;1;B01
201700009614;1;33;0;1;0;0;0;A01
201700009615;1;7;0;0;2;3;15;A01
201700009615;2;33;0;0;2;3;1;B01
201700009616;1;30;0;0;2;0;0;A01
201700009616;1;7;0;0;2;0;0;B01
201700009617;1;7;0;0;2;1;1;Z01
201700009617;1;7;0;0;2;4;23;B01
201700009617;2;7;0;0;2;4;23;C01
201700009617;1;7;0;0;2;0;0;A01
201700009618;1;30;0;0;2;3;2;A01
201700009618;1;7;0;0;2;2;2;B01
201700009619;2;30;0;0;2;1;1;B01
201700009619;2;7;0;0;2;8;10;A01
201700009620;2;34;0;0;2;1;2;B01
201700009620;1;7;0;0;2;2;15;A01
201700009621;2;7;0;0;2;3;16;B01
201700009621;1;7;0;0;2;2;1;A01
201700009622;2;7;0;0;1;7;15;A01
201700009623;1;7;0;0;2;3;10;B01
201700009623;1;33;0;0;2;1;1;A01
201700009624;2;7;0;0;1;8;0;A01
201700009625;1;7;0;15;2;7;1;A01
201700009625;1;7;0;0;2;1;1;B01
201700009626;1;7;0;0;2;1;0;A01
201700009626;2;34;0;0;2;3;0;B01
201700009627;2;2;0;0;1;1;0;Z01
201700009628;1;33;0;0;2;1;0;A01
201700009628;1;7;0;0;2;8;0;Z01
201700009629;1;1;0;0;2;7;2;B01
201700009629;1;7;0;0;2;1;9;A01
201700009630;2;7;0;0;1;0;0;A01
201700009631;1;1;0;0;2;1;1;A01
201700009631;1;7;0;8;9;1;16;B01
201700009632;1;7;0;0;1;1;9;A01
201700009633;2;2;0;0;2;1;1;A01
201700009633;1;13;0;0;2;7;15;B01
201700009634;1;7;0;0;2;1;1;A01
201700009634;1;7;0;0;2;8;1;B01
201700009635;2;7;0;0;2;8;22;A01
201700009635;2;30;0;0;9;7;17;B01
201700009636;1;30;0;0;1;0;0;A01
201700009637;1;7;0;0;1;2;1;A01
201700009638;1;33;0;0;2;1;14;B01
201700009638;1;7;0;0;2;5;16;A01
201700009639;2;7;0;0;2;8;15;B01
201700009639;2;30;0;0;2;1;17;A01
201700009640;1;7;0;0;2;6;15;A01
201700009640;1;31;0;0;2;1;1;B01
201700009641;1;33;0;0;2;1;21;B01
201700009641;2;7;0;0;2;1;15;A01
201700009642;1;7;0;0;2;3;0;B01
201700009642;1;34;0;0;2;2;0;A01
201700009643;1;31;0;0;2;1;1;B01
201700009643;1;7;0;0;2;7;1;A01
201700009644;1;7;0;0;2;3;1;B01
201700009644;1;7;0;0;2;1;1;A01
201700009644;1;7;0;0;9;0;23;C01
201700009645;2;7;0;0;2;0;0;Z01
201700009645;1;30;0;0;2;0;0;A01
201700009646;1;7;0;0;1;2;1;A01
201700009647;1;7;0;0;2;2;1;A01
201700009647;1;33;0;0;2;1;1;B01
201700009648;1;32;0;0;1;1;1;A01
201700009649;1;7;0;0;2;1;2;A01
201700009649;1;7;0;0;2;4;2;B01
201700009650;2;7;0;0;1;0;0;A01
201700009651;1;10;0;0;2;1;1;B01
201700009651;0;7;0;0;2;6;10;A01
201700009652;1;7;0;0;2;8;0;A01
201700009652;1;2;0;0;2;7;17;B01
201700009653;1;7;0;0;1;2;11;A01
201700009654;1;30;0;0;2;2;1;B01
201700009654;1;7;0;0;2;3;1;A01
201700009655;1;33;0;0;2;8;18;B01
201700009655;1;7;0;0;2;2;12;A01
201700009656;2;30;0;0;2;3;14;A01
201700009656;2;7;0;0;2;7;16;B01
201700009657;1;31;0;0;0;0;0;A01
201700009658;2;33;0;0;2;1;1;B01
201700009658;2;7;0;0;2;8;19;A01
201700009659;2;7;0;0;1;1;2;A01
201700009660;1;32;0;0;2;0;0;A01
201700009661;2;10;0;0;2;5;2;A01
201700009661;2;30;0;0;2;1;2;B01
201700009662;1;7;0;0;1;2;0;A01