num_acc;senc;catv;occutc;obs;obsm;choc;manv;num_veh
201700009663;2;7;0;0;2;5;9;A01
201700009663;1;30;0;0;2;1;1;B01
201700009664;1;7;0;0;2;2;19;A01
201700009664;1;2;0;0;2;0;0;B01
201700009665;2;7;0;0;1;1;1;A01
201700009666;1;7;0;8;0;1;0;A01
201700009667;1;30;0;0;1;1;1;Z01
201700009668;2;7;0;0;2;3;1;B01
201700009668;1;7;0;0;2;1;0;Z01
201700009669;1;7;0;0;2;7;9;A01
201700009669;1;33;0;0;2;8;1;B01
201700009670;1;7;0;0;2;1;1;A01
201700009670;2;31;0;0;2;7;1;B01
201700009671;1;7;0;0;2;8;1;B01
201700009671;2;10;0;0;2;3;1;A01
201700009672;1;33;0;0;2;1;2;B01
201700009672;2;7;0;0;2;2;15;A01
201700009673;1;10;0;0;1;4;4;A01
201700009674;1;7;0;0;1;2;17;A01
201700009675;2;34;0;0;0;7;0;A01
201700009676;2;7;0;0;2;0;0;B01
201700009676;1;7;0;0;2;0;0;Z01
201700009677;2;7;0;0;2;3;15;A01
201700009677;1;30;0;0;2;1;0;B01
201700009678;1;7;0;0;1;2;1;A01
201700009679;2;30;0;0;2;1;13;A01
201700009679;1;7;0;0;2;3;1;B01
201700009680;1;33;0;0;2;4;1;A01
201700009680;1;7;0;0;2;1;2;Z01
201700009681;1;7;0;0;2;1;2;A01
201700009681;1;7;0;0;2;4;2;B01
201700009682;1;7;0;0;2;4;15;B01
201700009682;1;33;0;0;2;1;5;A01
201700009683;1;7;0;0;2;1;1;A01
201700009683;0;7;0;0;2;1;1;B01
201700009684;2;7;0;0;2;8;15;A01
201700009684;2;7;0;0;2;2;17;B01
201700009685;1;7;0;0;1;0;0;Z01
201700009686;1;7;0;0;2;3;2;B01
201700009686;1;7;0;0;2;2;19;A01
201700009687;1;7;0;0;2;3;9;A01
201700009687;1;31;0;0;2;7;1;B01
201700009688;2;37;0;0;1;1;0;A01
201700009689;1;33;0;0;0;8;0;A01
201700009690;1;34;0;0;2;1;1;A01
201700009690;1;10;0;0;2;4;1;B01
201700009691;1;31;0;0;2;0;0;B01
201700009691;1;7;0;0;2;0;0;Z01
201700009692;1;2;0;0;1;1;1;Z01
201700009693;1;7;0;0;1;3;2;A01
201700009694;1;30;0;0;2;7;5;A01
201700009694;1;7;0;0;2;2;13;B01
201700009695;1;7;0;0;2;3;2;B01
201700009695;1;7;0;0;2;2;15;A01
201700009696;2;7;0;8;2;5;16;A01
201700009696;2;7;0;0;2;3;1;B01
201700009697;2;7;0;0;2;2;1;A01
201700009697;2;30;0;16;9;1;16;B01
201700009698;1;7;0;0;2;8;1;Z01
201700009698;1;7;0;0;2;1;1;B01
201700009699;1;7;0;0;1;2;0;A01
201700009700;1;30;0;0;2;1;13;A01
201700009700;2;7;0;0;2;1;0;B01
201700009701;1;2;0;0;2;2;1;A01
201700009701;1;7;0;0;2;7;1;B01
201700009702;2;7;0;0;2;1;1;A01
201700009702;2;30;0;0;2;8;10;B01
201700009702;2;7;0;0;2;1;1;C01
201700009703;2;31;0;0;2;4;23;A01
201700009703;1;7;0;0;2;1;2;Z01
201700009704;2;99;0;0;9;1;2;Z01
201700009704;2;33;0;0;2;0;0;A01
201700009705;1;32;0;0;1;0;0;Z01
201700009706;2;7;0;8;0;8;1;A01
201700009707;1;7;0;0;1;6;4;A01
201700009708;2;7;0;0;2;2;1;B01
201700009708;2;32;0;0;2;3;2;A01
201700009709;1;7;0;0;9;0;0;Z01
201700009709;1;7;0;0;2;1;2;A01
201700009710;2;7;0;0;2;0;15;B01
201700009710;1;31;0;0;2;1;16;A01
201700009711;1;99;0;0;1;1;1;Z01
201700009712;2;7;0;8;0;9;1;A01
201700009713;2;7;0;0;2;3;1;B01
201700009713;1;2;0;0;2;1;2;A01
201700009714;1;7;0;0;2;0;0;B01
201700009714;1;30;0;0;2;1;1;A01
201700009715;1;7;0;0;2;2;15;B01
201700009715;2;30;0;0;2;0;0;Z01
201700009716;1;33;0;0;2;1;1;B01
201700009716;1;7;0;0;2;3;15;A01
201700009717;2;7;0;3;0;2;14;A01
201700009718;1;7;0;8;2;1;0;A01
201700009719;1;1;0;0;2;0;0;Z01
201700009719;2;7;0;0;2;5;1;B01
201700009720;1;34;0;0;0;2;1;A01
201700009721;1;7;0;0;2;3;1;A01
201700009721;2;7;0;0;2;3;16;Z01
201700009722;1;30;0;0;2;0;17;B01
201700009722;1;7;0;0;2;8;1;A01
201700009723;2;33;0;0;2;4;20;B01
201700009723;2;33;0;0;2;1;2;A01
201700009724;2;30;0;0;2;1;2;A01
201700009724;2;7;0;0;2;6;0;B01
201700009725;1;7;0;0;1;0;0;A01
201700009726;1;7;0;0;2;1;1;A01
201700009726;1;32;0;0;2;4;1;B01
201700009727;1;7;0;0;2;2;2;A01
201700009727;1;7;0;0;2;6;2;B01
201700009728;2;7;0;0;1;3;1;A01
201700009729;1;7;0;0;2;3;1;B01
201700009729;1;7;0;0;2;2;15;A01
201700009730;1;17;0;0;2;7;1;A01
201700009730;1;7;0;0;2;8;1;B01
201700009731;2;2;0;0;2;1;1;B01
201700009731;1;7;0;0;2;2;15;A01
201700009732;1;7;0;0;2;2;1;C01
201700009732;1;7;0;0;2;1;1;A01
201700009732;1;7;0;0;2;4;1;B01
201700009733;2;7;0;0;2;1;2;A01
201700009733;2;7;0;0;2;4;2;B01
201700009734;1;7;0;0;2;7;0;A01
201700009734;1;1;0;0;2;0;0;B01
201700009735;1;37;0;0;1;7;1;A01
201700009736;2;7;0;0;2;2;15;A01
201700009736;1;2;0;0;2;1;8;B01
201700009737;2;32;0;0;2;1;1;B01
201700009737;2;7;0;0;2;5;16;A01
201700009738;1;30;0;0;2;1;0;A01
201700009738;2;7;0;0;2;2;0;B01
201700009739;1;7;0;0;1;1;0;A01
201700009740;1;7;0;0;1;4;4;A01
201700009741;1;7;0;0;2;3;11;A01
201700009741;1;33;0;0;2;3;0;B01
201700009742;1;7;0;0;2;1;2;A01
201700009742;1;7;0;0;2;1;2;B01
201700009743;2;33;0;0;2;8;1;B01
201700009743;2;7;0;0;2;2;9;A01
201700009744;2;7;0;0;2;6;2;A01
201700009744;1;7;0;0;2;3;2;Z01
201700009745;1;13;0;0;2;1;10;A01
201700009745;2;33;0;0;2;1;1;B01
201700009746;1;7;0;0;2;0;0;A01
201700009746;1;7;0;0;2;0;0;B01
201700009747;2;7;0;8;2;1;17;A01
201700009747;1;7;0;0;2;0;0;B01
201700009748;2;7;0;0;2;3;0;A01
201700009748;2;7;0;0;2;6;1;B01
201700009749;1;7;0;0;2;1;15;A01
201700009749;2;31;0;0;2;1;1;B01
201700009750;2;7;0;0;1;1;23;B01
201700009750;2;7;0;0;2;1;1;A01
201700009751;1;32;0;0;1;6;13;A01
201700009752;2;7;0;0;2;1;2;A01
201700009752;2;7;0;0;2;4;2;B01
201700009753;2;7;0;0;2;7;16;B01
201700009753;2;30;0;0;0;0;0;A01
201700009754;1;7;0;0;2;3;15;A01
201700009754;1;31;0;0;2;2;17;B01
201700009755;1;7;0;0;0;0;15;Z01
201700009755;2;30;0;0;2;7;21;A01
201700009756;1;7;0;0;2;4;2;C01
201700009756;1;7;0;0;2;1;2;Z01
201700009756;1;7;0;0;2;4;2;B01
201700009757;1;7;0;0;2;1;1;A01
201700009757;1;33;0;0;2;7;15;B01
201700009758;1;7;0;0;2;8;1;B01
201700009758;2;1;0;0;2;3;13;A01
201700009759;2;7;0;0;2;1;1;A01
201700009759;0;7;0;0;2;0;16;Z01
201700009760;1;7;0;0;2;8;10;A01
201700009760;1;34;0;0;2;1;2;B01
201700009761;1;7;0;0;2;0;14;A01
201700009761;1;7;0;0;2;6;0;B01
201700009762;1;7;0;0;2;3;15;B01
201700009762;1;7;0;0;2;2;17;A01
201700009763;1;2;0;0;0;0;1;A01
201700009764;1;7;0;0;1;1;2;A01
201700009765;2;33;0;0;2;1;1;B01
201700009765;1;7;0;0;2;2;15;A01
201700009766;1;7;0;0;2;2;2;A01
201700009766;1;7;0;0;2;2;20;B01
201700009767;1;7;0;0;2;1;9;B01
201700009767;1;30;0;0;2;1;5;Z01
201700009768;1;33;0;0;2;1;17;B01
201700009768;1;7;0;0;2;3;9;A01
201700009769;1;7;0;0;2;2;17;A01
201700009769;2;33;0;15;2;1;17;B01
201700009770;1;7;0;0;1;2;0;A01
201700009771;1;7;0;0;1;1;0;A01
201700009772;1;7;0;0;2;8;15;B01
201700009772;2;34;0;0;2;7;15;A01
201700009773;1;33;0;0;9;0;0;A01
201700009774;1;7;0;9;0;1;1;A01
201700009775;1;7;0;0;2;1;1;B01
201700009775;2;7;0;0;2;1;19;Z01
201700009776;1;33;0;0;2;5;1;A01
201700009776;1;7;0;0;2;0;13;Z01
201700009777;2;10;0;0;1;3;15;A01
201700009778;2;10;0;0;2;8;13;B01
201700009778;1;32;0;0;2;7;0;A01
201700009779;1;36;0;0;2;3;1;A01
201700009779;1;7;0;0;2;1;0;B01
201700009780;1;13;0;14;0;1;14;A01
201700009781;1;2;0;0;2;1;5;A01
201700009781;1;7;0;0;2;3;1;B01
201700009782;1;33;0;0;2;0;0;A01
201700009783;2;7;0;0;2;2;1;A01
201700009783;1;2;0;0;2;3;1;B01
201700009784;1;7;0;0;2;7;16;A01
201700009784;1;2;0;0;2;8;1;B01
201700009785;2;30;0;16;0;4;14;B01
201700009785;2;32;0;1;0;1;18;A01
201700009786;1;34;0;0;2;1;2;A01
201700009786;1;14;0;0;2;0;0;Z01
201700009787;2;30;0;0;1;1;13;A01
201700009788;1;7;0;0;1;2;15;A01
201700009789;1;30;0;0;2;3;15;A01
201700009789;1;7;0;0;2;1;1;B01
201700009790;1;7;0;0;1;2;1;A01
201700009791;1;7;0;16;0;1;15;A01
201700009792;1;7;0;0;2;7;15;A01
201700009792;2;33;0;0;2;1;1;B01
201700009793;1;7;0;0;2;3;3;Z01
201700009793;2;2;0;0;2;0;0;B01
201700009794;1;7;0;0;2;2;15;A01
201700009794;1;7;0;0;2;1;1;B01
201700009795;2;10;0;0;1;2;2;A01
201700009796;2;7;0;0;2;6;11;B01
201700009796;2;7;0;0;2;2;1;A01
201700009797;1;7;0;1;1;1;1;A01
201700009798;2;7;0;0;2;2;2;A01
201700009798;2;7;0;8;2;4;14;B01
201700009799;2;7;0;8;2;3;16;A01
201700009799;2;33;0;0;2;2;1;B01
201700009799;1;7;0;0;2;1;1;C01
201700009800;1;7;0;0;2;1;2;A01
201700009800;1;7;0;0;2;4;1;B01
201700009801;2;7;0;0;2;3;16;B01
201700009801;1;33;0;0;2;0;0;A01
201700009802;1;7;0;0;2;3;0;A01
201700009802;1;7;0;0;2;8;17;B01
201700009803;2;7;0;0;2;2;1;A01
201700009803;1;3;0;0;2;1;15;B01
201700009804;1;7;0;0;2;2;2;A01
201700009804;1;7;0;0;2;6;2;B01
201700009805;1;7;0;0;2;3;0;B01
201700009805;1;7;0;0;2;2;0;A01
201700009806;2;7;0;0;2;2;1;B01
201700009806;2;7;0;0;2;0;0;A01
201700009807;2;7;0;0;2;1;1;Z01
201700009807;1;1;0;0;2;0;19;B01
201700009808;2;7;0;0;0;9;6;A01
201700009809;1;34;0;0;2;7;0;A01
201700009809;2;37;0;0;2;0;0;B01
201700009810;2;7;0;0;2;1;2;C01
201700009810;2;7;0;0;2;4;2;A01
201700009810;2;7;0;0;2;5;2;B01
201700009811;1;32;0;0;0;7;14;A01
201700009812;1;7;0;0;1;1;1;A01
201700009813;2;7;0;0;2;3;1;B01
201700009813;1;7;0;0;2;0;10;A01
201700009814;1;7;0;0;1;1;1;A01
201700009815;2;31;0;0;2;5;0;A01
201700009815;2;30;0;0;2;8;0;B01
201700009816;2;37;0;0;2;3;7;B01
201700009816;2;7;0;0;2;2;16;A01
201700009817;2;33;0;9;2;7;1;A01
201700009817;1;7;0;0;2;1;1;B01
201700009818;1;7;0;12;2;2;2;A01
201700009818;1;7;0;0;2;2;3;B01
201700009818;1;7;0;0;2;5;1;C01
201700009819;1;7;0;0;1;3;15;A01
201700009820;1;7;0;0;2;5;15;B01
201700009820;1;7;0;0;2;2;1;A01
201700009821;1;34;0;0;2;8;11;B01
201700009821;1;7;0;0;2;2;1;A01
201700009822;1;32;0;0;2;1;1;B01
201700009822;1;7;0;0;2;1;15;A01
201700009823;2;7;0;0;2;3;17;A01
201700009823;1;32;0;0;2;1;1;B01
201700009824;1;33;0;0;0;8;2;B01
201700009824;1;7;0;0;0;0;10;A01
201700009825;1;7;0;0;2;0;10;A01
201700009825;1;34;0;0;2;3;0;B01
201700009826;2;7;0;0;1;1;1;A01
201700009827;1;7;0;0;2;5;0;C01
201700009827;2;7;0;1;2;8;1;A01
201700009827;2;7;0;0;2;1;2;B01
201700009828;1;7;0;0;2;1;21;B01
201700009828;2;34;0;0;2;1;21;A01
201700009829;2;7;0;0;2;0;15;A01
201700009829;1;33;0;0;2;0;1;B01
201700009830;1;32;0;0;2;6;2;B01
201700009830;1;32;0;0;2;2;12;A01
201700009831;2;7;0;0;2;4;2;E01
201700009831;2;7;0;0;2;4;2;C01
201700009831;2;7;0;0;2;1;1;A01
201700009831;2;7;0;0;2;4;2;D01
201700009831;2;7;0;0;2;4;2;B01
201700009832;2;31;0;0;2;7;1;B01
201700009832;2;7;0;0;2;8;1;A01
201700009833;1;7;0;0;2;0;0;A01
201700009833;1;33;0;0;2;8;17;B01
201700009833;2;7;0;0;2;8;0;C01
201700009834;1;7;0;0;1;2;1;A01
201700009835;1;30;0;0;2;7;17;B01
201700009835;1;7;0;0;2;8;22;A01
201700009836;1;7;0;0;2;1;1;A01
201700009836;1;32;0;0;2;4;0;B01
201700009837;2;7;0;6;0;1;0;A01
201700009838;1;37;0;1;0;1;2;A01
201700009839;1;37;0;0;2;3;1;B01
201700009839;2;7;0;0;2;1;1;A01
201700009840;1;7;0;0;2;4;2;A01
201700009840;1;7;0;0;2;4;2;B01
201700009841;2;7;0;0;2;3;16;A01
201700009841;1;33;0;0;2;1;1;B01
201700009842;2;7;0;0;2;3;2;A01
201700009842;1;7;0;0;2;8;6;B01
201700009843;2;1;0;0;2;1;1;A01
201700009843;2;7;0;0;2;7;16;B01
201700009844;1;34;0;0;1;1;0;A01
201700009845;1;7;0;14;2;1;1;A01
201700009845;1;7;0;14;2;1;1;B01
201700009846;1;33;0;0;2;1;1;B01
201700009846;2;7;0;0;2;2;15;A01
201700009847;1;7;0;0;2;2;1;B01
201700009847;1;33;0;0;2;8;3;A01
201700009847;1;7;0;0;2;6;1;C01
201700009848;1;7;0;0;2;7;12;A01
201700009848;1;33;0;0;2;3;0;B01
201700009849;1;7;0;0;2;7;16;B01
201700009849;1;2;0;0;2;7;1;A01
201700009850;1;34;0;1;0;1;14;A01
201700009851;1;10;0;15;0;2;1;A01
201700009852;2;33;0;0;2;0;0;B01
201700009852;2;7;0;0;2;0;0;A01
201700009853;1;7;0;0;2;4;11;B01
201700009853;1;30;0;0;2;1;1;A01
201700009854;1;7;0;0;2;4;2;B01
201700009854;1;7;0;0;2;1;2;A01
201700009854;1;7;0;0;2;4;2;C01
201700009855;1;1;0;0;2;2;9;A01
201700009855;2;32;0;0;9;1;2;B01
201700009856;1;7;0;0;2;1;16;A01
201700009856;0;31;0;0;2;7;15;B01
201700009857;1;7;0;0;1;1;1;A01
201700009858;1;7;0;0;2;0;0;Z01
201700009858;1;30;0;0;2;0;1;A01
201700009859;1;7;0;0;2;1;1;A01
201700009859;1;7;0;0;2;4;1;B01
201700009860;2;37;0;0;2;1;1;B01
201700009860;1;33;0;0;2;3;1;A01
201700009861;2;7;0;1;0;1;1;A01
201700009862;1;32;0;0;2;2;17;B01
201700009862;1;7;0;0;0;6;22;A01
201700009862;2;7;0;0;2;1;1;C01
201700009863;1;7;0;0;2;4;23;B01
201700009863;1;7;0;0;2;1;2;A01
201700009864;1;7;0;8;0;2;14;A01
201700009865;2;7;0;0;2;1;1;C01
201700009865;1;31;0;0;2;9;1;A01
201700009865;1;7;0;0;2;4;13;B01
201700009866;2;7;0;0;2;8;15;A01
201700009866;1;33;0;0;2;7;21;B01
201700009867;1;32;0;0;1;1;1;A01
201700009868;1;7;0;0;1;3;1;A01
201700009869;1;7;0;0;2;2;0;A01
201700009869;2;7;0;0;2;1;0;B01
201700009870;1;7;0;9;1;4;24;A01
201700009871;1;7;0;0;2;2;2;B01
201700009871;1;7;0;1;2;6;0;A01
201700009872;2;7;0;0;1;1;9;A01
201700009873;2;30;0;0;0;0;2;A01
201700009874;1;7;0;0;2;0;0;B01
201700009874;1;7;0;0;2;0;0;A01
201700009874;1;7;0;0;2;0;0;C01
201700009875;1;7;0;0;2;4;1;B01
201700009875;1;7;0;0;2;1;1;A01
201700009876;0;31;0;0;2;2;2;A01
201700009876;1;7;0;0;2;3;2;B01
201700009877;1;7;0;0;2;0;0;A01
201700009877;1;30;0;0;2;7;2;B01
201700009878;2;7;0;0;2;1;15;A01
201700009878;1;32;0;0;2;1;21;B01
201700009879;2;33;0;0;1;1;1;Z01
201700009880;1;3;0;0;2;0;9;A01
201700009880;1;2;0;0;2;0;1;B01
201700009881;1;7;0;0;2;2;15;A01
201700009881;2;2;0;0;2;1;1;B01
201700009882;1;7;0;5;0;3;1;A01
201700009883;1;31;0;0;2;1;1;A01
201700009883;1;7;0;0;2;0;19;Z01
201700009884;2;31;0;0;2;8;1;B01
201700009884;2;7;0;0;2;1;15;A01
201700009885;2;7;0;0;2;4;1;Z01
201700009885;2;2;0;0;2;0;1;A01
201700009886;1;7;0;0;2;3;2;A01
201700009886;1;31;0;0;2;4;23;B01
201700009887;1;31;0;0;2;1;1;A01
201700009887;2;7;0;0;2;3;1;Z01
201700009888;1;7;0;0;2;3;1;A01
201700009888;2;7;0;0;2;3;1;B01
201700009889;1;7;0;0;1;0;1;Z01
201700009890;1;7;0;0;2;1;2;A01
201700009890;1;1;0;0;2;4;2;B01
201700009891;1;33;0;0;2;1;21;B01
201700009891;1;7;0;0;9;4;20;A01
201700009892;1;7;0;0;2;7;1;B01
201700009892;1;7;0;0;2;3;19;A01
201700009893;1;7;0;8;1;1;16;A01
201700009894;1;7;0;0;2;6;15;A01
201700009894;1;30;0;0;2;1;1;B01
201700009895;2;32;0;0;1;0;21;A01
201700009896;1;7;0;0;2;6;10;A01
201700009896;1;7;0;0;2;1;1;B01
201700009897;2;31;0;0;1;0;5;A01
201700009898;1;31;0;0;2;3;11;A01
201700009898;1;7;0;0;2;5;11;B01
201700009899;1;7;0;0;2;4;4;Z01
201700009899;1;7;0;0;2;7;1;A01
201700009900;2;33;0;0;2;1;1;B01
201700009900;1;7;0;0;2;1;15;A01
201700009901;2;7;0;0;2;3;15;A01
201700009901;1;31;0;0;2;1;1;B01
201700009902;1;30;0;0;2;8;5;A01
201700009902;1;7;0;0;2;1;1;B01
201700009903;1;31;0;0;2;4;9;B01
201700009903;1;7;0;0;2;1;1;A01
201700009904;1;7;0;0;1;3;0;A01
201700009904;2;7;0;0;1;3;2;B01
201700009905;1;7;0;0;1;1;1;A01
201700009906;1;33;0;0;2;1;1;B01
201700009906;1;7;0;0;2;6;15;A01
201700009907;2;7;0;3;0;9;21;A01
201700009908;1;2;0;0;1;3;1;A01
201700009909;1;7;0;0;2;4;2;B01
201700009909;2;7;0;0;2;1;2;A01
201700009909;2;7;0;0;2;4;2;C01
201700009910;1;7;0;0;2;8;15;B01
201700009910;1;33;0;0;2;1;17;A01
201700009911;2;7;0;12;0;1;21;A01
201700009912;1;7;0;0;2;4;2;A01
201700009912;1;7;0;0;2;1;2;B01
201700009913;1;7;0;0;2;5;15;B01
201700009913;1;7;0;0;2;3;21;A01
201700009914;2;30;0;0;2;4;14;A01
201700009914;2;7;0;0;2;0;7;Z01
201700009915;2;7;0;0;2;1;2;A01
201700009915;2;31;0;0;2;4;2;B01
201700009916;2;7;0;8;2;1;1;B01
201700009916;2;7;0;0;2;3;0;A01
201700009917;2;7;0;0;2;1;1;B01
201700009917;1;7;0;0;2;1;17;A01
201700009918;1;7;0;0;1;3;1;A01
201700009919;2;31;0;0;2;2;0;B01
201700009919;2;7;0;0;2;2;15;A01
201700009920;2;30;0;0;2;1;0;B01
201700009920;2;10;0;0;2;3;9;A01
201700009921;1;7;0;0;2;4;2;B01
201700009921;1;7;0;0;2;1;2;A01
201700009922;1;7;0;0;2;0;15;A01
201700009922;1;7;0;6;2;1;21;B01
201700009923;2;7;0;13;0;1;16;A01
201700009924;1;30;0;0;9;1;2;A01
201700009925;1;37;0;0;2;6;23;B01
201700009925;1;7;0;0;2;6;14;A01
201700009926;1;7;0;0;1;3;1;A01
201700009927;1;7;0;0;1;2;17;A01
201700009928;1;7;0;0;2;2;17;A01
201700009928;1;31;0;0;2;1;0;B01
201700009929;2;99;0;0;2;1;17;A01
201700009929;2;7;0;0;2;8;15;B01
201700009930;1;34;0;0;2;3;21;A01
201700009930;2;7;0;0;2;3;1;B01
201700009931;1;7;0;0;2;2;16;A01
201700009931;1;30;0;0;2;2;7;B01
201700009932;1;31;0;0;2;1;1;A01
201700009932;1;7;0;0;2;3;19;B01
201700009933;1;7;0;0;2;2;17;A01
201700009933;1;37;0;0;2;6;1;B01
201700009934;1;33;0;0;2;1;2;B01
201700009934;1;7;0;0;2;3;15;A01
201700009935;1;7;0;0;2;2;9;A01
201700009935;1;7;0;0;2;2;9;B01
201700009936;1;7;0;0;2;2;15;A01
201700009936;1;7;0;0;2;1;2;B01
201700009937;2;33;0;0;2;8;1;A01
201700009937;1;10;0;0;2;0;15;Z01
201700009938;2;7;0;0;2;4;2;C01
201700009938;2;7;0;0;2;1;2;A01
201700009938;2;3;0;0;2;4;2;B01
201700009939;1;33;0;0;2;1;19;A01
201700009939;2;7;0;0;2;3;1;B01
201700009939;2;34;0;0;2;1;1;C01
201700009940;2;7;0;6;0;3;24;A01
201700009941;2;7;0;0;9;2;1;B01
201700009941;2;1;0;0;2;1;19;A01
201700009942;1;34;0;4;0;1;2;A01
201700009943;2;7;0;0;1;1;19;A01
201700009944;2;33;0;0;2;2;1;A01
201700009944;1;7;0;0;2;1;19;B01
201700009945;2;7;0;0;2;7;2;B01
201700009945;1;34;0;0;2;1;2;A01
201700009946;2;7;0;0;2;6;15;B01
201700009946;2;34;0;0;2;2;17;A01
201700009947;1;7;0;0;2;1;1;A01
201700009947;1;7;0;0;2;3;1;B01
201700009948;2;7;0;0;2;3;1;B01
201700009948;1;7;0;0;2;1;13;A01
201700009949;1;7;0;0;2;5;0;B01
201700009949;1;33;0;0;2;5;2;A01
201700009950;1;7;0;0;2;1;19;B01
201700009950;1;7;0;0;2;8;19;A01
201700009951;1;32;0;0;2;1;1;A01
201700009951;1;7;0;0;2;5;17;Z01
201700009952;1;33;0;0;0;0;0;A01
201700009953;1;99;0;0;2;4;2;Z01
201700009953;1;31;0;0;2;1;2;A01
201700009954;2;7;0;0;2;2;1;B01
201700009954;1;7;0;0;2;3;9;A01
201700009955;2;7;0;0;2;4;23;B01
201700009955;2;31;0;0;2;1;0;A01
201700009956;2;7;0;0;2;4;23;B01
201700009956;2;7;0;0;2;1;1;A01
201700009957;1;34;0;0;2;1;21;B01
201700009957;1;31;0;0;2;4;9;A01
201700009958;1;7;0;0;2;3;1;B01
201700009958;1;7;0;0;2;1;15;A01
201700009959;1;7;0;0;1;1;9;A01
201700009960;1;37;0;0;2;1;2;B01
201700009960;1;7;0;0;2;8;9;A01
201700009961;1;7;0;0;2;1;2;Z01
201700009961;1;7;0;0;2;4;2;B01
201700009962;2;15;0;0;2;1;2;A01
201700009962;2;32;0;0;2;4;2;B01
201700009963;2;31;0;0;2;8;1;A01
201700009963;1;7;0;0;2;8;15;B01
201700009964;1;7;0;0;2;2;9;A01
201700009964;1;31;0;0;2;7;15;B01
201700009965;1;34;0;0;9;7;21;B01
201700009965;1;7;0;0;0;0;0;Z01
201700009966;2;7;0;0;2;1;10;A01
201700009966;1;30;0;0;2;1;1;B01
201700009967;2;7;0;0;2;3;2;A01
201700009967;1;7;0;0;2;1;15;B01
201700009968;1;7;0;6;2;5;17;B01
201700009968;1;7;0;0;2;3;15;A01
201700009969;2;2;0;0;0;8;2;A01
201700009970;1;7;0;0;2;1;0;A01
201700009970;1;7;0;0;2;4;0;B01
201700009971;1;7;0;8;2;8;1;B01
201700009971;2;7;0;0;2;2;0;A01
201700009972;2;7;0;0;1;1;15;A01
201700009973;1;7;0;0;1;2;1;A01
201700009974;2;7;0;0;2;4;2;B01
201700009974;2;31;0;0;2;1;2;A01
201700009975;1;7;0;0;2;2;7;A01
201700009975;1;33;0;0;2;1;16;B01
201700009976;1;7;0;0;2;1;2;B01
201700009976;2;33;0;0;2;1;19;A01
201700009977;1;7;0;0;1;1;20;A01
201700009978;1;7;0;0;2;1;10;A01
201700009978;2;33;0;0;2;1;12;B01
201700009979;2;7;0;0;2;3;15;A01
201700009979;1;7;0;0;2;1;1;B01
201700009980;1;7;0;0;2;1;2;A01
201700009980;2;7;0;0;2;1;15;B01
201700009981;1;7;0;0;0;6;15;B01
201700009981;1;13;0;0;2;3;2;A01
201700009982;1;7;0;0;2;1;5;A01
201700009982;1;7;0;0;2;1;1;B01
201700009983;2;31;0;0;2;1;5;A01
201700009983;1;2;0;0;2;8;19;B01
201700009984;2;7;0;0;1;3;1;A01
201700009985;1;7;0;0;2;1;2;Z01
201700009985;1;7;0;0;2;6;23;A01
201700009986;1;7;0;0;1;7;11;A01
201700009987;2;31;0;0;1;1;17;A01
201700009988;1;33;0;0;2;1;17;B01
201700009988;2;7;0;0;2;3;15;A01
201700009989;1;31;0;0;2;8;21;B01
201700009989;2;7;0;0;2;3;19;A01
201700009990;2;7;0;0;1;3;9;A01
201700009991;1;31;0;0;2;9;1;A01
201700009991;1;7;0;0;2;6;2;B01
201700009992;1;31;0;0;1;1;0;A01
201700009993;1;7;0;0;2;7;1;A01
201700009993;1;7;0;0;2;1;15;B01
201700009994;1;7;0;0;2;3;9;A01
201700009994;1;7;0;0;2;1;15;B01
201700009995;2;33;0;0;2;1;5;A01
201700009995;1;7;0;0;2;8;0;B01
201700009996;2;7;0;0;2;1;1;B01
201700009996;1;7;0;0;2;7;1;A01
201700009997;2;31;0;9;0;1;0;A01
201700009998;1;7;0;4;0;8;13;A01
201700009999;2;7;0;0;2;1;9;A01
201700009999;1;31;0;0;2;1;1;B01
201700010000;1;7;0;0;2;3;9;A01
201700010000;1;32;0;0;2;1;17;B01
201700010001;1;7;0;0;1;1;1;A01
201700010002;2;7;0;0;1;4;20;A01
201700010003;1;7;0;0;2;8;23;C01
201700010003;1;31;0;0;2;1;17;A01
201700010003;1;7;0;0;2;8;15;B01
201700010004;1;31;0;0;2;8;1;A01
201700010005;1;34;0;0;2;1;1;B01
201700010005;1;7;0;0;2;2;1;A01
201700010006;1;31;0;0;2;3;21;B01
201700010006;2;7;0;0;2;1;15;A01
201700010007;1;33;0;0;2;1;17;B01
201700010007;1;7;0;0;2;6;13;A01
201700010008;2;7;0;0;2;8;15;A01
201700010008;2;31;0;0;2;1;2;B01
201700010009;2;31;0;0;2;1;1;B01
201700010009;2;1;0;0;2;8;10;A01
201700010010;1;7;0;0;1;4;4;A01
201700010011;1;14;0;0;2;6;15;A01
201700010011;1;7;0;0;2;2;17;B01
201700010012;1;7;0;0;1;1;11;A01
201700010013;2;7;0;0;2;3;15;B01
201700010013;2;30;0;0;2;2;17;A01
201700010014;2;31;0;0;1;1;17;A01
201700010015;1;7;0;0;1;1;2;A01
201700010016;2;7;0;0;2;7;12;A01
201700010016;1;7;0;0;2;1;1;B01
201700010017;2;7;0;0;2;4;2;B01
201700010017;2;7;0;0;2;1;2;A01
201700010018;2;7;0;0;2;6;1;B01