num_acc;senc;catv;occutc;obs;obsm;choc;manv;num_veh
201700010018;1;33;0;0;2;1;5;A01
201700010019;2;33;0;0;2;0;1;A01
201700010019;2;31;0;0;2;0;1;B01
201700010020;1;14;0;0;1;1;9;A01
201700010021;1;7;0;0;1;6;11;A01
201700010022;1;34;0;0;2;1;21;A01
201700010022;1;7;0;0;2;6;15;B01
201700010023;1;7;0;0;2;3;15;A01
201700010023;2;31;0;0;2;1;1;B01
201700010024;2;33;0;0;2;4;2;B01
201700010024;2;7;0;0;2;1;2;A01
201700010025;1;7;0;1;0;4;23;B01
201700010025;1;7;0;0;2;2;21;A01
201700010025;1;7;0;0;2;5;23;C01
201700010026;1;1;0;0;2;1;1;A01
201700010026;2;7;0;0;9;3;15;B01
201700010027;1;7;0;0;2;0;0;Z01
201700010027;1;7;0;0;2;2;1;A01
201700010028;2;7;0;9;0;1;15;A01
201700010029;2;7;0;8;0;1;6;A01
201700010030;1;31;0;0;2;1;2;B01
201700010030;2;7;0;0;2;2;15;A01
201700010031;2;32;0;0;2;6;1;B01
201700010031;2;7;0;0;2;2;14;A01
201700010032;1;31;0;9;0;1;1;A01
201700010033;1;10;0;0;2;3;7;B01
201700010033;1;7;0;0;2;7;16;A01
201700010034;1;30;0;0;2;3;18;B01
201700010034;1;7;0;0;2;2;16;A01
201700010035;1;33;0;13;0;1;14;A01
201700010036;1;7;0;0;2;5;15;B01
201700010036;2;33;0;0;2;7;21;A01
201700010037;1;7;0;0;2;4;2;B01
201700010037;1;7;0;0;2;1;2;Z01
201700010038;1;7;0;0;2;3;1;B01
201700010038;1;7;0;0;2;2;13;A01
201700010039;1;7;0;0;2;1;2;A01
201700010039;1;7;0;0;2;4;2;B01
201700010040;1;7;0;0;2;3;15;A01
201700010040;2;34;0;0;2;1;19;B01
201700010041;1;7;0;0;2;4;23;B01
201700010041;1;7;0;0;2;1;2;A01
201700010042;1;7;0;0;1;0;0;A01
201700010043;1;7;0;0;2;6;1;B01
201700010043;1;7;0;0;2;1;1;A01
201700010044;2;7;0;0;2;2;2;A01
201700010044;2;7;0;0;2;4;2;C01
201700010044;2;7;0;0;2;6;2;B01
201700010045;2;7;0;0;2;2;1;B01
201700010045;2;7;0;0;2;1;1;A01
201700010046;1;7;0;0;2;1;1;B01
201700010046;1;7;0;0;2;3;15;A01
201700010047;2;31;0;0;0;0;1;A01
201700010048;2;7;0;0;2;2;1;B01
201700010048;1;7;0;0;2;1;19;A01
201700010049;1;7;0;0;2;4;9;B01
201700010049;2;7;0;0;2;1;9;A01
201700010050;1;33;0;0;1;1;8;Z01
201700010051;1;33;0;0;1;0;21;A01
201700010052;1;7;0;0;2;1;19;A01
201700010052;2;7;0;0;2;8;19;B01
201700010053;2;7;0;0;1;1;19;Z01
201700010054;1;33;0;0;2;1;2;A01
201700010054;1;7;0;0;2;5;1;B01
201700010055;1;7;0;0;2;3;21;A01
201700010055;1;31;0;0;2;7;21;B01
201700010056;2;7;0;0;2;7;15;A01
201700010056;2;37;0;0;2;8;9;Z01
201700010057;1;7;0;0;1;4;4;A01
201700010058;1;37;0;0;0;0;7;B01
201700010058;1;7;0;0;0;0;12;A01
201700010059;1;7;0;0;2;3;16;B01
201700010059;1;7;0;0;2;1;1;A01
201700010060;1;7;0;0;1;1;15;A01
201700010061;1;31;0;0;2;1;1;Z01
201700010061;1;7;0;0;2;2;1;A01
201700010062;1;7;0;8;2;3;1;A01
201700010062;1;37;0;0;2;1;7;B01
201700010063;1;7;0;0;1;1;15;A01
201700010064;1;33;0;0;2;1;1;B01
201700010064;1;33;0;0;2;4;15;A01
201700010065;1;7;0;0;2;0;0;A01
201700010065;1;30;0;0;2;0;0;B01
201700010066;1;7;0;0;2;1;1;B01
201700010066;2;7;0;0;2;8;15;A01
201700010067;1;30;0;0;2;1;1;B01
201700010067;2;10;0;0;2;1;15;Z01
201700010068;1;7;0;0;2;0;20;Z01
201700010068;1;31;0;0;2;8;1;B01
201700010069;2;31;0;0;2;3;1;B01
201700010069;1;7;0;0;2;3;1;A01
201700010070;1;7;0;0;2;3;10;A01
201700010070;1;33;0;0;2;1;1;B01
201700010071;2;33;0;0;2;1;15;A01
201700010071;1;7;0;0;2;5;15;B01
201700010072;2;3;0;6;0;1;1;A01
201700010073;1;7;0;0;2;5;1;B01
201700010073;1;10;0;0;2;1;9;A01
201700010074;1;31;0;4;0;1;13;A01
201700010075;1;31;0;0;0;8;21;A01
201700010075;2;7;0;0;0;0;13;B01
201700010076;1;7;0;0;2;4;9;Z01
201700010076;1;7;0;0;2;7;2;A01
201700010077;1;33;0;0;2;0;10;A01
201700010077;1;7;0;0;0;0;10;Z01
201700010078;1;7;0;0;2;1;1;A01
201700010078;1;7;0;0;2;8;1;B01
201700010079;1;33;0;0;0;7;1;A01
201700010080;1;31;0;0;0;0;21;A01
201700010081;1;2;0;0;0;8;13;A01
201700010082;2;7;0;0;2;3;13;A01
201700010082;2;30;0;0;2;1;17;B01
201700010083;1;7;0;1;0;3;17;A01
201700010083;1;34;0;0;2;1;1;B01
201700010084;1;7;0;0;2;3;9;A01
201700010084;2;7;0;0;2;5;1;B01
201700010085;1;33;0;0;2;0;2;B01
201700010085;2;7;0;0;2;1;1;Z01
201700010086;2;7;0;0;2;8;1;B01
201700010086;1;30;0;0;2;1;5;A01
201700010087;2;7;0;0;2;1;1;B01
201700010087;1;7;0;0;2;1;13;A01
201700010087;2;7;0;0;2;3;1;C01
201700010088;1;33;0;0;0;3;1;A01
201700010089;1;1;0;0;2;0;1;B01
201700010089;2;32;0;0;2;1;2;A01
201700010090;2;34;0;0;2;7;17;B01
201700010090;1;20;0;0;2;6;15;A01
201700010091;2;7;0;0;2;1;2;A01
201700010091;2;7;0;0;9;4;23;B01
201700010092;1;7;0;0;2;7;1;B01
201700010092;1;7;0;0;2;1;1;A01
201700010093;1;7;0;0;1;1;15;A01
201700010094;1;31;0;0;2;1;14;B01
201700010094;1;7;0;0;2;3;16;A01
201700010095;1;7;0;0;1;2;1;A01
201700010096;1;7;0;0;2;7;15;B01
201700010096;1;7;0;0;2;1;16;A01
201700010097;2;7;0;1;2;3;1;B01
201700010097;1;7;0;0;2;1;5;Z01
201700010098;1;7;0;0;2;3;16;A01
201700010098;1;7;0;0;2;7;2;B01
201700010099;1;7;0;0;2;1;2;B01
201700010099;2;7;0;0;2;2;10;A01
201700010100;2;14;0;0;1;5;4;A01
201700010101;1;10;0;0;2;2;10;A01
201700010101;1;33;0;0;2;8;1;B01
201700010102;1;7;0;0;1;3;1;A01
201700010103;1;7;0;0;2;4;2;B01
201700010103;1;7;0;0;2;1;2;A01
201700010104;2;7;0;0;1;3;1;A01
201700010105;1;7;0;0;2;1;1;B01
201700010105;1;7;0;0;2;3;1;A01
201700010106;1;7;0;8;0;2;0;A01
201700010107;2;7;0;0;1;1;15;A01
201700010108;1;34;0;12;0;2;14;A01
201700010109;1;7;0;0;1;4;4;A01
201700010110;1;34;0;0;1;0;17;Z01
201700010111;1;7;0;0;2;1;1;B01
201700010111;1;7;0;0;2;4;15;A01
201700010112;1;7;0;13;0;8;13;A01
201700010113;1;7;0;0;1;1;0;A01
201700010114;1;7;0;0;2;2;1;A01
201700010114;1;33;0;0;2;3;1;B01
201700010115;1;7;0;0;2;4;1;C01
201700010115;1;7;0;0;2;4;1;B01
201700010115;1;7;0;0;2;1;1;A01
201700010116;1;7;0;8;0;1;1;A01
201700010117;1;31;0;0;2;4;1;B01
201700010117;1;7;0;0;2;1;1;A01
201700010118;2;7;0;0;2;7;15;A01
201700010118;1;7;0;0;2;1;1;B01
201700010119;1;7;0;0;1;3;16;A01
201700010120;1;7;0;0;1;2;1;A01
201700010121;2;30;0;4;1;0;1;A01
201700010122;1;13;0;0;2;2;1;A01
201700010122;1;32;0;0;2;8;1;B01
201700010123;1;1;0;0;2;0;19;B01
201700010123;1;7;0;0;9;8;0;A01
201700010124;1;32;0;0;2;3;1;B01
201700010124;1;7;0;0;2;1;15;A01
201700010125;1;7;0;0;2;1;2;A01
201700010125;2;7;0;0;2;4;2;B01
201700010126;1;7;0;0;2;1;1;A01
201700010126;1;7;0;0;2;7;15;B01
201700010127;2;7;0;0;1;1;1;A01
201700010128;1;7;0;0;2;1;15;A01
201700010128;2;31;0;0;2;1;17;B01
201700010129;2;40;0;0;1;1;0;A01
201700010130;1;33;0;0;2;1;1;A01
201700010130;1;7;0;0;2;5;16;Z01
201700010131;2;7;0;0;2;1;2;A01
201700010131;2;7;0;0;2;4;2;B01
201700010132;2;33;0;0;2;1;1;B01
201700010132;1;7;0;0;2;2;15;A01
201700010133;2;7;0;0;2;0;16;B01
201700010133;2;33;0;0;2;7;7;A01
201700010134;0;7;0;0;1;1;15;A01
201700010135;1;7;0;0;2;6;23;B01
201700010135;1;7;0;14;0;1;1;A01
201700010136;1;7;0;0;2;1;9;Z01
201700010136;1;7;0;1;2;3;1;A01
201700010137;1;7;0;0;2;3;17;B01
201700010137;1;7;0;0;2;3;23;C01
201700010137;1;7;0;0;2;2;17;A01
201700010137;2;7;0;0;2;3;21;D01
201700010138;1;33;0;0;2;3;13;A01
201700010138;2;7;0;0;2;8;1;B01
201700010139;1;7;0;0;2;7;10;A01
201700010139;1;7;0;0;2;9;1;B01
201700010140;1;34;0;0;2;6;15;B01
201700010140;1;7;0;7;2;1;17;A01
201700010141;1;7;0;0;2;4;2;B01
201700010141;2;7;0;0;2;1;2;A01
201700010142;2;2;0;0;2;1;2;A01
201700010142;2;7;0;0;2;4;2;B01
201700010143;2;33;0;0;2;8;1;A01
201700010143;2;7;0;0;2;3;1;B01
201700010144;1;7;0;0;1;2;1;A01
201700010145;2;7;0;0;2;1;15;A01
201700010145;1;31;0;0;2;2;1;B01
201700010146;2;1;0;0;1;8;2;A01
201700010147;2;34;0;0;2;8;17;A01
201700010147;2;7;0;0;2;8;15;B01
201700010148;1;7;0;0;1;1;7;A01
201700010149;1;31;0;0;2;7;15;A01
201700010149;2;2;0;0;2;8;2;B01
201700010150;1;10;0;1;1;1;17;A01
201700010150;2;2;0;0;1;8;24;B01
201700010151;1;7;0;0;2;1;1;B01
201700010151;1;7;0;0;2;7;1;A01
201700010152;1;7;0;0;2;3;20;A01
201700010152;1;31;0;0;2;7;1;B01
201700010153;1;7;0;0;2;3;19;A01
201700010153;2;33;0;0;2;1;1;B01
201700010154;0;7;0;0;1;2;0;A01
201700010155;1;7;0;0;2;1;2;B01
201700010155;2;7;0;0;2;2;15;A01
201700010156;1;7;0;0;2;3;15;B01
201700010156;1;7;0;0;2;5;23;A01
201700010157;2;7;0;0;2;1;1;B01
201700010157;2;33;0;0;2;2;7;A01
201700010158;1;7;0;0;1;3;1;A01
201700010159;1;7;0;0;1;1;9;A01
201700010160;2;7;0;0;1;3;15;A01
201700010161;1;7;0;0;1;1;19;A01
201700010162;1;7;0;0;2;2;1;A01
201700010162;1;34;0;0;2;1;1;B01
201700010163;1;7;0;0;2;1;1;Z01
201700010163;1;1;0;0;2;4;1;B01
201700010164;1;10;0;0;1;1;0;A01
201700010165;1;7;0;0;2;3;1;A01
201700010165;2;7;0;0;2;1;1;B01
201700010166;1;7;0;0;2;4;2;B01
201700010166;1;7;0;0;2;1;1;Z01
201700010167;1;31;0;0;0;3;1;A01
201700010168;1;7;0;2;0;1;1;A01
201700010169;1;7;0;0;1;3;2;A01
201700010170;1;7;0;0;2;3;1;B01
201700010170;1;7;0;0;2;1;1;A01
201700010170;1;7;0;0;2;1;9;C01
201700010171;1;7;0;0;2;1;9;A01
201700010171;1;31;0;0;2;7;9;B01
201700010172;2;33;0;0;2;9;21;B01
201700010172;1;7;0;0;2;1;15;A01
201700010173;2;7;0;0;2;6;1;B01
201700010173;2;7;0;0;2;2;1;A01
201700010174;1;7;0;0;2;4;16;B01
201700010174;1;31;0;0;2;1;1;A01
201700010175;1;1;0;0;2;2;15;B01
201700010175;2;7;0;0;2;3;2;Z01
201700010176;1;7;0;0;2;3;15;A01
201700010176;2;33;0;0;2;1;1;B01
201700010177;1;7;0;1;2;1;1;A01
201700010177;1;7;0;0;2;2;24;B01
201700010178;1;7;0;0;2;4;2;C01
201700010178;1;7;0;0;2;1;2;A01
201700010178;1;7;0;0;2;4;2;B01
201700010179;1;7;0;15;0;1;19;A01
201700010180;2;34;0;0;2;1;19;A01
201700010180;1;7;0;0;2;8;1;B01
201700010181;1;7;0;0;2;2;15;B01
201700010181;1;33;0;0;2;3;17;A01
201700010182;2;7;0;0;2;7;14;A01
201700010182;2;31;0;0;2;8;1;B01
201700010183;1;7;0;0;1;1;1;A01
201700010184;2;33;0;0;2;7;2;A01
201700010184;2;7;0;0;2;4;2;B01
201700010185;1;17;0;4;0;3;13;A01
201700010186;1;7;0;0;1;3;0;A01
201700010187;2;1;0;0;2;1;1;B01
201700010187;1;7;0;0;9;4;4;Z01
201700010188;1;7;0;0;2;1;1;B01
201700010188;2;7;0;0;2;8;1;A01
201700010189;2;7;0;0;2;1;15;A01
201700010189;1;7;0;0;2;3;1;B01
201700010190;1;31;0;0;1;1;19;A01
201700010191;1;7;0;0;1;3;2;A01
201700010192;1;7;0;0;2;7;15;B01
201700010192;2;20;0;0;2;1;1;A01
201700010193;1;7;0;0;1;7;14;Z01
201700010194;1;31;0;0;2;1;1;B01
201700010194;2;7;0;0;2;2;10;Z01
201700010195;2;31;0;8;0;2;9;A01
201700010196;1;7;0;0;2;3;1;B01
201700010196;2;30;0;0;2;2;1;A01
201700010197;2;7;0;15;0;1;1;A01
201700010198;2;33;0;8;0;2;21;A01
201700010199;2;30;0;0;0;2;16;A01
201700010200;2;31;0;0;2;1;2;A01
201700010200;2;7;0;0;2;5;2;B01
201700010201;1;2;0;1;0;3;0;A01
201700010202;1;7;0;0;2;4;0;B01
201700010202;1;7;0;0;2;1;0;A01
201700010203;2;7;0;8;2;1;0;A01
201700010203;1;7;0;0;2;3;1;B01
201700010204;2;2;0;0;2;1;1;B01
201700010204;1;7;0;0;2;3;1;A01
201700010205;2;7;0;0;2;4;1;C01
201700010205;2;7;0;0;2;1;1;A01
201700010205;2;7;0;0;2;1;1;B01
201700010206;1;30;0;0;2;2;1;B01
201700010206;2;7;0;0;2;3;10;Z01
201700010207;1;7;0;0;2;0;15;A01
201700010207;1;30;0;0;2;0;15;B01
201700010208;1;33;0;0;2;7;1;B01
201700010208;1;7;0;0;2;3;1;A01
201700010209;1;7;0;0;2;2;15;A01
201700010209;1;34;0;0;2;1;1;B01
201700010210;1;7;0;0;1;2;1;A01
201700010211;1;7;0;0;2;2;2;A01
201700010211;2;7;0;0;2;8;16;B01
201700010212;2;10;0;0;2;2;16;A01
201700010212;2;7;0;0;2;6;16;B01
201700010213;2;31;0;0;1;1;18;A01
201700010214;1;7;0;0;2;3;13;B01
201700010214;1;7;0;0;2;2;17;A01
201700010215;1;31;0;12;0;0;1;A01
201700010216;2;13;0;1;2;7;7;A01
201700010216;2;10;0;0;2;4;24;B01
201700010217;1;7;0;0;2;7;16;B01
201700010217;1;7;0;0;2;1;1;A01
201700010218;2;7;0;0;2;4;1;B01
201700010218;2;7;0;0;2;1;7;A01
201700010219;1;20;0;0;2;0;0;A01
201700010219;1;20;0;0;2;1;0;B01
201700010220;1;31;0;0;2;0;1;B01
201700010220;1;7;0;0;2;2;1;A01
201700010221;1;33;0;0;9;8;17;A01
201700010222;2;31;0;0;1;0;17;A01
201700010223;1;7;0;0;1;2;1;A01
201700010224;1;7;0;15;0;4;1;B01
201700010224;1;7;0;0;2;1;1;A01
201700010225;1;30;0;0;2;2;17;B01
201700010225;1;7;0;0;0;3;15;A01
201700010226;2;7;0;0;2;1;1;B01
201700010226;1;7;0;0;2;3;23;A01
201700010227;1;7;0;0;2;8;11;A01
201700010227;1;7;0;0;2;2;1;B01
201700010228;1;7;0;15;0;1;0;A01
201700010229;2;7;0;1;0;2;1;A01
201700010229;2;7;0;0;2;4;24;D01
201700010229;2;7;0;0;2;6;24;C01
201700010230;2;33;0;0;0;1;2;A01
201700010231;2;7;0;0;2;1;2;A01
201700010232;1;7;0;0;1;0;0;Z01
201700010233;1;7;0;0;1;2;1;A01
201700010234;2;7;0;1;0;0;0;B01
201700010234;2;14;0;0;0;0;0;A01
201700010235;1;10;0;0;2;1;2;Z01
201700010235;1;34;0;0;2;4;2;B01
201700010236;2;33;0;0;2;7;14;B01
201700010236;2;7;0;0;2;3;1;A01
201700010237;1;2;0;0;2;7;15;A01
201700010237;1;7;0;0;2;2;2;B01
201700010238;1;30;0;0;2;1;0;A01
201700010238;1;7;0;0;9;1;0;Z01
201700010239;1;7;0;0;1;1;1;A01
201700010240;2;7;0;0;2;4;4;A01
201700010240;1;7;0;0;2;6;15;B01
201700010241;1;7;0;0;1;0;17;Z01
201700010242;2;37;0;0;2;3;7;B01
201700010242;2;7;0;0;2;7;16;A01
201700010243;1;31;0;0;0;0;2;A01
201700010244;2;7;0;0;1;1;17;A01
201700010245;1;10;0;0;2;4;2;B01
201700010245;1;7;0;0;2;1;2;A01
201700010246;1;7;0;0;2;5;1;B01
201700010246;2;7;0;0;2;3;21;A01
201700010247;2;30;0;0;2;3;1;A01
201700010247;1;7;0;0;2;0;15;Z01
201700010248;1;7;0;14;0;2;1;A01
201700010249;1;7;0;0;1;4;20;A01
201700010250;1;7;0;0;2;1;15;A01
201700010250;2;32;0;0;2;1;1;B01
201700010251;1;34;0;0;2;7;16;A01
201700010251;1;7;0;0;2;7;16;B01
201700010252;1;7;0;0;2;0;1;Z01
201700010252;1;31;0;0;2;4;1;A01
201700010253;2;7;0;0;2;5;16;A01
201700010253;2;30;0;0;2;1;18;B01
201700010254;1;7;0;0;2;1;2;Z01
201700010254;1;7;0;0;2;6;1;A01
201700010255;2;7;0;0;2;2;1;Z01
201700010255;2;7;0;0;2;3;1;B01
201700010256;2;7;0;8;2;5;1;A01
201700010256;2;7;0;0;2;2;16;Z01
201700010257;1;30;0;0;9;5;0;A01
201700010257;1;7;0;0;2;1;0;Z01
201700010258;1;7;0;0;1;1;1;A01
201700010259;1;2;0;0;2;3;0;B01
201700010259;1;7;0;0;2;5;16;A01
201700010260;1;37;0;0;2;2;1;A01
201700010260;1;7;0;0;2;6;23;B01
201700010261;1;7;0;0;2;4;1;B01
201700010261;1;7;0;0;2;1;1;A01
201700010262;1;33;0;0;0;0;1;A01
201700010263;1;7;0;0;2;8;1;B01
201700010263;2;7;0;0;2;1;13;A01
201700010263;1;31;0;0;2;8;1;C01
201700010264;1;7;0;0;2;3;13;A01
201700010264;2;7;0;12;2;8;2;B01
201700010265;2;7;0;0;1;3;0;A01
201700010266;2;2;0;0;0;0;1;A01
201700010267;1;7;0;1;0;1;13;A01
201700010268;1;33;0;0;2;4;2;B01
201700010268;1;7;0;0;2;1;2;Z01
201700010269;1;7;0;0;0;0;1;B01
201700010269;1;30;0;0;2;0;23;A01
201700010270;1;2;0;0;2;3;19;A01
201700010270;2;7;0;14;2;3;19;B01
201700010271;1;34;0;8;0;1;15;A01
201700010272;1;7;0;0;2;1;19;A01
201700010272;1;7;0;0;2;7;19;B01
201700010273;2;10;0;0;2;2;1;A01
201700010273;2;31;0;0;2;0;23;B01
201700010274;1;10;0;0;1;4;4;A01
201700010275;2;30;0;0;2;1;5;A01
201700010275;2;7;0;0;2;3;0;B01
201700010276;1;7;0;0;2;4;2;B01
201700010276;1;33;0;0;2;1;2;A01
201700010277;1;10;0;0;2;4;0;B01
201700010277;1;33;0;0;2;1;0;A01
201700010278;1;7;0;0;2;1;1;B01
201700010278;2;7;0;0;2;3;15;A01
201700010279;1;7;0;0;2;3;15;A01
201700010279;1;7;0;0;2;7;1;B01
201700010280;2;15;0;0;2;2;15;A01
201700010280;1;7;0;0;2;8;15;B01
201700010281;2;7;0;0;2;4;0;A01
201700010281;2;7;0;0;2;1;23;B01
201700010282;2;2;0;0;0;2;1;A01
201700010283;1;10;0;8;0;1;1;A01
201700010284;1;33;0;0;2;4;2;A01
201700010284;1;7;0;0;2;4;2;B01
201700010285;1;7;0;0;2;0;21;B01
201700010285;1;33;0;0;2;3;15;A01
201700010286;2;7;0;0;1;0;9;A01
201700010287;2;33;0;0;1;1;5;A01
201700010288;1;7;0;0;2;3;14;C01
201700010288;1;7;0;0;2;3;15;A01
201700010288;1;7;0;0;2;3;14;B01
201700010289;1;33;0;14;0;3;13;A01
201700010290;1;3;0;0;2;3;13;A01
201700010290;2;7;0;0;2;3;21;B01
201700010291;2;34;0;0;2;1;1;B01
201700010291;1;7;0;0;2;3;10;A01
201700010292;1;7;0;0;2;5;9;A01
201700010292;1;33;0;0;2;3;21;B01
201700010293;2;30;0;0;0;1;1;A01
201700010294;2;30;0;0;2;7;17;A01
201700010294;2;7;0;0;2;8;13;X01
201700010295;2;7;0;0;2;1;9;A01
201700010295;2;31;0;0;2;7;15;B01
201700010296;2;7;0;0;2;8;1;B01
201700010296;1;31;0;0;2;1;13;A01
201700010297;2;7;0;0;1;0;1;A01
201700010298;1;7;0;0;2;8;1;A01
201700010298;1;7;0;0;2;1;1;B01
201700010299;2;7;0;0;1;1;1;A01
201700010300;1;7;0;0;1;2;16;A01
201700010301;1;7;0;0;9;5;15;Z01
201700010301;1;30;0;0;2;1;19;B01
201700010302;1;7;0;0;1;3;2;Z01
201700010303;1;7;0;0;2;6;2;A01
201700010303;1;32;0;0;2;0;1;B01
201700010304;2;30;0;12;0;0;0;A01
201700010305;1;7;0;0;2;2;2;A01
201700010305;1;7;0;0;2;6;2;B01
201700010306;1;7;0;0;2;1;1;A01
201700010306;1;7;0;0;2;3;24;B01
201700010307;1;31;0;1;0;0;0;A01
201700010308;1;7;0;8;0;1;1;A01
201700010308;2;7;0;8;0;1;15;B01
201700010309;2;1;0;14;0;1;21;A01
201700010309;2;37;0;0;2;7;7;B01
201700010310;1;33;0;0;1;0;7;Z01
201700010311;1;30;0;0;2;3;5;A01
201700010311;2;7;0;0;2;3;1;B01
201700010312;2;7;0;0;2;3;15;A01
201700010312;2;31;0;0;2;1;17;Z01
201700010313;2;7;0;8;0;2;14;A01
201700010314;1;7;0;8;1;1;15;Z01
201700010315;1;7;0;8;0;2;15;A01
201700010315;2;7;0;0;2;0;0;B01
201700010316;1;30;0;0;0;7;15;A01
201700010317;2;34;0;0;2;1;21;B01
201700010317;1;7;0;0;2;3;15;A01
201700010318;1;40;0;0;1;1;2;A01
201700010319;1;7;0;0;1;1;10;A01
201700010320;1;7;0;0;2;0;19;B01
201700010320;2;33;0;0;2;1;1;A01
201700010321;1;7;0;0;2;4;23;B01
201700010321;1;7;0;0;2;4;23;C01
201700010321;1;14;0;0;2;1;9;A01
201700010322;2;7;0;0;1;0;15;Z01
201700010323;1;7;0;0;1;1;18;A01
201700010324;1;7;0;0;2;3;21;B01
201700010324;1;7;0;0;2;7;15;A01
201700010325;2;7;0;0;2;1;1;Z01
201700010325;2;33;0;0;2;4;12;B01
201700010326;1;33;0;0;1;3;21;A01
201700010327;1;7;0;0;2;1;9;A01
201700010327;1;34;0;1;2;9;1;B01
201700010328;1;7;0;0;9;6;13;B01
201700010328;1;33;0;0;2;1;17;A01
201700010329;1;7;0;0;2;4;2;C01
201700010329;1;10;0;0;2;1;2;A01
201700010329;1;33;0;0;2;1;2;B01
201700010330;1;33;0;0;2;4;2;B01
201700010330;1;7;0;0;2;1;2;Z01
201700010331;2;30;0;0;2;3;0;A01
201700010331;1;7;0;0;2;3;17;B01
201700010332;2;34;0;0;2;1;2;C01
201700010332;1;7;0;0;2;3;13;A01
201700010332;2;33;0;0;2;1;2;B01
201700010333;1;7;0;3;0;1;1;A01
201700010334;1;7;0;8;9;1;21;A01
201700010335;1;7;0;0;2;2;14;A01
201700010335;1;34;0;0;2;6;1;B01
201700010336;1;33;0;0;2;0;2;A01
201700010337;2;34;0;0;2;1;2;A01
201700010337;2;7;0;0;2;8;15;B01
201700010338;1;7;0;0;2;4;23;B01
201700010338;1;7;0;0;2;0;1;Z01
201700010339;1;37;0;0;2;2;1;A01
201700010340;1;30;0;0;2;1;7;A01
201700010340;1;7;0;0;2;6;23;B01
201700010341;1;7;0;0;2;0;0;Z01
201700010341;1;7;0;0;2;4;2;B01
201700010342;1;34;0;0;1;1;1;A01
201700010343;2;33;0;0;1;1;0;A01
201700010344;1;7;0;0;9;2;1;A01
201700010345;1;7;0;0;2;3;15;B01
201700010345;2;34;0;0;2;1;17;A01
201700010346;1;7;0;0;1;1;1;A01
201700010347;1;7;0;0;1;7;17;A01
201700010348;1;33;0;0;2;1;1;B01
201700010348;1;7;0;0;2;3;15;A01
201700010349;1;7;0;0;9;1;12;A01
201700010349;1;1;0;0;2;4;2;B01
201700010350;1;32;0;0;2;1;23;B01
201700010350;1;7;0;0;2;4;23;A01
201700010351;1;33;0;0;2;9;1;B01
201700010351;1;7;0;0;2;7;1;A01
201700010352;2;7;0;0;2;1;15;A01
201700010352;2;37;0;0;2;1;1;B01
201700010353;2;7;0;0;2;9;23;B01
201700010353;2;7;0;0;2;4;23;C01
201700010353;2;7;0;0;2;1;2;A01
201700010354;1;32;0;0;0;7;9;A01
201700010355;2;7;0;0;0;1;21;A01
201700010356;1;7;0;0;1;1;1;A01
201700010357;1;7;0;0;2;1;2;A01
201700010357;1;32;0;0;2;3;2;B01
201700010358;1;30;0;0;2;7;1;B01
201700010358;2;30;0;0;2;0;1;Z01
201700010359;1;34;0;0;2;1;1;B01
201700010359;1;7;0;0;2;1;15;A01
201700010360;1;7;0;0;2;2;17;A01
201700010360;2;7;0;0;2;6;13;B01
201700010361;1;99;0;0;1;0;19;Z01
201700010362;1;30;0;0;2;1;0;B01
201700010362;1;7;0;0;2;1;15;A01
201700010363;2;7;0;0;2;3;2;B01
201700010363;1;31;0;0;2;1;16;A01
201700010364;1;7;0;0;1;3;15;A01
201700010365;2;7;0;0;2;1;2;A01
201700010365;2;33;0;0;2;4;2;B01
201700010366;1;7;0;0;2;7;15;A01
201700010366;2;7;0;0;2;1;8;B01
201700010367;2;7;0;0;2;1;13;B01
201700010367;1;33;0;0;2;3;19;A01
201700010368;1;7;0;0;2;7;16;A01
201700010368;1;34;0;0;2;8;1;B01
201700010369;1;33;0;1;0;1;13;A01
201700010370;1;7;0;0;2;7;15;A01
201700010370;1;7;0;0;2;7;15;C01
201700010370;1;7;0;0;2;3;2;B01
201700010371;2;31;0;0;2;4;7;B01
201700010371;2;7;0;0;2;1;2;Z01
201700010372;1;34;0;0;2;1;0;B01
201700010372;1;7;0;0;2;8;15;A01
201700010373;1;7;0;0;2;6;10;A01
201700010373;1;7;0;0;2;2;2;Z01
201700010374;2;7;0;0;2;2;17;A01
201700010374;2;7;0;8;2;6;1;B01
201700010375;1;37;0;0;2;3;13;A01
201700010375;2;7;0;0;2;3;1;B01
201700010376;1;7;0;0;2;8;15;A01
201700010376;1;7;0;0;2;2;17;B01
201700010377;1;31;0;0;2;8;18;A01
201700010377;1;7;0;0;2;7;1;B01
201700010378;2;33;0;1;2;1;0;A01
201700010378;1;7;0;0;2;1;0;B01
201700010379;1;7;0;0;1;3;7;A01
201700010380;1;30;0;0;2;3;13;A01
201700010380;1;7;0;0;2;2;7;B01
201700010381;1;7;0;0;2;0;15;Z01
201700010381;1;34;0;0;2;0;16;A01
201700010382;1;2;0;0;2;1;1;B01
201700010382;2;7;0;0;2;7;15;A01
201700010383;1;7;0;0;2;2;15;A01
201700010383;1;7;0;0;2;3;1;B01
201700010384;1;7;0;0;2;3;1;B01
201700010384;2;30;0;0;2;1;5;A01
201700010385;1;7;0;0;1;3;1;A01
201700010386;2;31;0;9;0;0;1;A01
201700010387;1;31;0;0;2;2;2;B01
201700010387;1;7;0;0;2;4;2;A01