num_acc;senc;catv;occutc;obs;obsm;choc;manv;num_veh
201700010388;1;7;0;0;2;2;15;A01
201700010388;2;33;0;0;2;1;17;B01
201700010389;1;7;0;0;1;1;1;A01
201700010390;1;33;0;0;2;6;0;B01
201700010390;1;7;0;0;2;0;0;A01
201700010391;1;7;0;0;2;2;16;A01
201700010391;1;37;0;0;2;3;7;B01
201700010392;2;31;0;0;2;1;1;B01
201700010392;1;7;0;0;2;2;15;A01
201700010393;1;33;0;0;1;1;7;A01
201700010394;1;33;0;8;2;3;1;A01
201700010394;1;7;0;0;2;3;23;B01
201700010395;2;2;0;0;2;1;17;A01
201700010395;1;7;0;0;2;2;15;B01
201700010396;1;7;0;0;2;4;2;B01
201700010396;1;7;0;0;2;1;2;A01
201700010397;1;7;0;0;2;2;15;B01
201700010397;1;7;0;8;2;1;1;A01
201700010398;2;7;0;0;2;1;2;C01
201700010398;1;7;0;0;2;3;17;A01
201700010398;2;7;0;0;2;3;1;B01
201700010399;2;7;0;4;0;1;1;A01
201700010400;2;7;0;0;2;3;0;A01
201700010400;2;34;0;0;2;7;0;B01
201700010401;2;7;0;0;2;1;2;B01
201700010401;1;31;0;0;2;1;17;A01
201700010402;1;7;0;0;2;4;23;B01
201700010402;1;7;0;0;2;1;2;A01
201700010403;2;7;0;0;2;1;2;A01
201700010403;2;7;0;0;2;4;2;B01
201700010404;1;33;0;0;2;1;12;A01
201700010404;1;7;0;0;2;4;1;B01
201700010405;2;7;0;0;2;1;9;A01
201700010405;2;33;0;0;2;8;2;B01
201700010406;2;7;0;0;2;3;13;A01
201700010406;2;32;0;0;2;1;17;B01
201700010407;1;31;0;0;0;0;16;A01
201700010408;1;33;0;0;2;7;9;A01
201700010408;1;7;0;0;2;2;1;B01
201700010409;1;7;0;0;2;1;2;Z01
201700010409;1;34;0;0;2;4;2;A01
201700010410;1;7;0;0;2;6;15;B01
201700010410;1;33;0;0;2;1;13;A01
201700010411;1;7;0;0;2;1;19;A01
201700010411;1;33;0;0;2;6;19;B01
201700010412;1;7;0;0;2;1;15;A01
201700010412;1;7;0;0;2;1;1;B01
201700010413;1;7;0;0;2;4;0;B01
201700010413;1;7;0;0;2;1;0;A01
201700010414;1;33;0;0;2;1;1;A01
201700010414;1;7;0;0;2;3;10;Z01
201700010415;1;7;0;8;1;1;17;A01
201700010416;1;7;0;0;1;1;13;Z01
201700010417;1;14;0;0;2;5;15;A01
201700010417;2;31;0;0;2;1;1;B01
201700010418;0;33;0;0;2;1;2;B01
201700010418;1;7;0;0;2;2;1;A01
201700010419;2;7;0;0;0;0;15;A01
201700010419;1;33;0;0;0;7;21;B01
201700010420;1;7;0;0;9;1;9;A01
201700010420;1;7;0;0;9;4;23;B01
201700010420;1;7;0;0;2;4;23;C01
201700010421;1;7;0;0;2;1;0;B01
201700010421;1;34;0;0;2;7;9;A01
201700010422;1;7;0;0;1;4;20;A01
201700010423;1;7;0;0;2;5;14;Z01
201700010423;1;34;0;0;2;3;1;B01
201700010424;1;7;0;0;2;3;15;A01
201700010424;1;31;0;0;2;1;1;B01
201700010425;1;7;0;0;2;1;2;A01
201700010425;1;7;0;0;2;4;2;B01
201700010426;2;30;0;0;1;1;7;A01
201700010427;1;7;0;0;2;3;1;A01
201700010427;2;7;0;0;2;3;15;Z01
201700010428;1;10;0;0;2;3;1;B01
201700010428;1;7;0;0;2;5;16;A01
201700010429;1;33;0;0;2;1;1;B01
201700010429;1;7;0;0;2;3;10;A01
201700010430;1;7;0;0;1;0;0;A01
201700010431;1;7;0;0;1;2;16;Z01
201700010432;1;7;0;0;2;8;15;A01
201700010432;2;31;0;0;2;1;17;B01
201700010433;1;7;0;1;0;1;14;A01
201700010434;1;7;0;0;2;3;1;B01
201700010434;1;7;0;0;2;1;1;A01
201700010435;1;7;0;0;2;3;19;B01
201700010435;1;7;0;0;2;1;19;Z01
201700010436;1;7;0;9;1;1;2;A01
201700010437;1;33;0;0;1;3;21;A01
201700010438;1;7;0;0;2;5;15;B01
201700010438;1;33;0;0;2;5;1;A01
201700010439;2;34;0;0;1;1;1;A01
201700010440;1;31;0;0;2;1;7;A01
201700010440;1;7;0;0;2;2;11;B01
201700010441;2;7;0;0;2;2;1;B01
201700010441;2;31;0;0;2;1;1;A01
201700010442;1;7;0;1;0;3;13;A01
201700010443;2;34;0;0;1;1;1;A01
201700010444;2;7;0;0;1;1;2;A01
201700010445;1;7;0;0;2;3;17;A01
201700010445;2;7;0;0;2;3;23;C01
201700010445;2;7;0;0;2;3;2;B01
201700010446;2;7;0;0;2;3;0;B01
201700010447;1;33;0;0;2;4;23;B01
201700010447;1;34;0;0;2;1;9;A01
201700010448;2;7;0;0;2;8;15;B01
201700010448;2;33;0;0;2;7;17;A01
201700010449;1;7;0;0;2;2;9;A01
201700010449;1;33;0;0;2;8;1;B01
201700010450;2;7;0;0;1;2;0;A01
201700010451;1;34;0;0;1;0;5;Z01
201700010452;1;31;0;0;1;3;1;A01
201700010453;1;7;0;0;2;4;13;B01
201700010453;1;7;0;0;2;2;1;C01
201700010453;1;7;0;0;2;1;2;A01
201700010454;1;34;0;0;0;0;9;A01
201700010455;1;34;0;0;2;1;2;A01
201700010455;1;7;0;0;2;4;2;B01
201700010456;2;7;0;12;2;2;6;A01
201700010456;1;7;0;0;2;3;1;B01
201700010457;2;31;0;0;2;4;1;B01
201700010457;2;7;0;0;2;2;1;A01
201700010458;2;7;0;0;2;3;1;B01
201700010458;1;7;0;7;2;1;15;A01
201700010459;1;32;0;0;2;1;2;B01
201700010459;1;7;0;0;2;8;19;A01
201700010460;2;31;0;0;2;5;0;B01
201700010460;2;32;0;0;2;1;0;A01
201700010461;2;7;0;0;1;3;9;A01
201700010462;1;7;0;0;2;2;15;A01
201700010462;1;33;0;0;2;3;2;B01
201700010463;2;7;0;0;2;3;1;B01
201700010463;2;7;0;0;2;1;15;A01
201700010464;1;33;0;0;2;7;15;B01
201700010464;2;7;0;0;2;1;9;A01
201700010465;1;7;0;8;0;2;0;A01
201700010466;2;30;0;0;2;3;3;B01
201700010466;1;7;0;0;2;1;9;A01
201700010467;1;7;0;0;2;4;1;B01
201700010467;1;14;0;0;2;1;1;A01
201700010468;1;7;0;0;2;7;1;A01
201700010468;1;7;0;16;0;1;9;B01
201700010469;2;31;0;0;2;1;1;A01
201700010469;2;33;0;0;2;3;1;B01
201700010470;2;30;0;0;1;8;17;A01
201700010471;2;33;0;0;2;1;1;B01
201700010471;1;7;0;0;2;1;20;A01
201700010472;1;7;0;0;2;2;20;B01
201700010472;1;3;0;0;2;3;20;A01
201700010473;1;30;0;0;2;1;7;B01
201700010473;1;7;0;0;2;5;16;A01
201700010474;1;7;0;9;0;1;2;A01
201700010475;1;37;0;0;1;2;1;A01
201700010476;1;7;0;0;2;2;16;Z01
201700010476;1;33;0;0;2;1;1;B01
201700010477;1;7;0;0;1;8;1;A01
201700010478;1;34;0;0;2;2;1;B01
201700010478;1;31;0;0;2;1;1;A01
201700010479;2;7;0;1;0;1;13;A01
201700010480;2;7;0;0;2;2;15;A01
201700010480;2;31;0;0;2;1;1;B01
201700010481;1;7;0;0;2;4;1;B01
201700010481;1;7;0;0;2;1;2;A01
201700010482;1;7;0;0;2;6;15;A01
201700010482;1;7;0;0;2;2;7;B01
201700010483;1;7;0;0;2;1;2;A01
201700010483;1;7;0;0;2;4;23;B01
201700010484;1;34;0;0;2;1;2;B01
201700010484;1;7;0;0;2;1;2;A01
201700010485;2;7;0;0;1;2;19;A01
201700010486;1;7;0;0;2;2;2;A01
201700010486;1;7;0;0;2;1;2;B01
201700010487;1;33;0;0;1;1;1;A01
201700010488;1;7;0;0;2;1;15;A01
201700010488;1;34;0;0;2;0;0;B01
201700010489;1;7;0;0;1;7;1;A01
201700010490;1;7;0;0;2;4;23;B01
201700010490;1;10;0;0;2;1;2;A01
201700010490;1;7;0;0;2;4;23;C01
201700010491;1;7;0;0;2;8;9;A01
201700010491;1;33;0;0;2;7;17;B01
201700010492;1;7;0;0;2;7;15;B01
201700010492;2;31;0;0;2;1;21;A01
201700010493;2;7;0;0;2;3;2;A01
201700010493;2;31;0;0;2;7;17;B01
201700010494;1;33;0;0;0;0;15;A01
201700010495;1;33;0;0;2;3;1;B01
201700010495;1;7;0;0;2;2;1;A01
201700010496;1;32;0;0;1;1;21;A01
201700010497;1;7;0;0;2;3;1;B01
201700010497;1;2;0;0;2;1;5;A01
201700010498;2;7;0;0;2;6;15;A01
201700010498;2;31;0;0;2;1;1;B01
201700010499;1;7;0;0;2;7;14;A01
201700010499;1;33;0;0;2;8;1;B01
201700010499;1;7;0;0;2;4;2;C01
201700010500;1;7;0;0;2;0;0;A01
201700010500;1;33;0;0;2;2;1;B01
201700010501;2;31;0;0;2;6;2;B01
201700010501;1;7;0;0;2;1;2;A01
201700010502;1;7;0;0;1;2;17;A01
201700010503;2;31;0;0;2;1;17;B01
201700010503;2;7;0;0;2;8;15;Z01
201700010504;1;7;0;0;2;2;15;A01
201700010504;2;7;0;0;2;5;1;B01
201700010505;2;7;0;0;2;2;16;A01
201700010505;2;1;0;0;2;3;7;B01
201700010506;1;7;0;1;0;3;13;A01
201700010507;1;7;0;0;1;4;4;A01
201700010508;2;10;0;3;0;1;2;A01
201700010509;2;31;0;0;2;1;2;B01
201700010509;2;7;0;0;2;6;0;A01
201700010510;2;7;0;6;0;1;19;A01
201700010511;2;7;0;0;2;6;2;Z01
201700010511;1;2;0;0;2;1;1;A01
201700010512;1;7;0;0;2;4;2;B01
201700010512;1;7;0;0;2;1;2;A01
201700010513;2;7;0;0;2;7;14;A01
201700010513;2;33;0;0;2;3;7;B01
201700010514;1;2;0;0;0;1;1;A01
201700010515;1;31;0;0;0;7;15;A01
201700010516;1;7;0;0;2;8;1;A01
201700010516;1;34;0;0;1;8;1;B01
201700010517;2;7;0;14;0;4;2;B01
201700010517;2;7;0;0;2;1;2;A01
201700010518;1;33;0;0;2;1;1;B01
201700010518;1;7;0;0;2;5;15;A01
201700010519;1;33;0;0;1;1;1;A01
201700010520;1;30;0;0;2;7;2;B01
201700010520;1;7;0;0;2;1;2;A01
201700010521;1;33;0;0;2;7;15;A01
201700010521;1;33;0;0;2;1;1;B01
201700010522;2;7;0;0;2;2;1;B01
201700010522;1;7;0;0;2;5;15;A01
201700010523;1;7;0;0;2;1;16;B01
201700010523;1;7;0;0;2;2;15;A01
201700010524;1;7;0;0;2;3;15;A01
201700010524;2;31;0;0;2;1;1;B01
201700010525;2;33;0;13;0;1;14;A01
201700010526;1;7;0;0;2;4;1;B01
201700010526;1;7;0;0;2;1;1;A01
201700010527;1;14;0;0;2;7;16;B01
201700010527;1;7;0;0;2;3;1;A01
201700010528;1;7;0;0;2;4;1;B01
201700010528;1;7;0;0;2;1;1;A01
201700010529;1;37;0;0;2;3;1;B01
201700010529;2;7;0;0;2;1;13;A01
201700010530;1;7;0;0;1;0;0;Z01
201700010531;2;10;0;8;0;3;13;A01
201700010532;1;7;0;0;1;0;0;A01
201700010533;1;31;0;0;2;1;1;B01
201700010533;2;7;0;0;2;3;10;A01
201700010534;1;31;0;0;2;2;21;A01
201700010534;1;7;0;0;2;3;23;B01
201700010535;2;7;0;0;2;3;10;A01
201700010535;2;31;0;0;2;2;13;B01
201700010536;1;10;0;0;2;4;2;B01
201700010536;1;10;0;0;2;1;2;A01
201700010537;2;37;0;0;2;3;1;B01
201700010537;2;30;0;0;2;7;21;A01
201700010538;2;7;0;0;2;1;2;A01
201700010538;2;7;0;0;2;4;23;B01
201700010539;2;7;0;0;2;0;9;Z01
201700010539;1;32;0;0;2;0;1;B01
201700010540;2;10;0;0;2;8;1;B01
201700010540;1;7;0;0;2;3;1;A01
201700010541;2;7;0;1;0;2;14;A01
201700010542;1;7;0;0;9;4;23;C01
201700010542;1;7;0;14;2;3;12;A01
201700010542;1;7;0;0;2;4;23;B01
201700010543;2;2;0;0;1;0;0;Z01
201700010544;1;7;0;0;2;1;0;A01
201700010544;1;7;0;0;2;7;0;B01
201700010545;2;7;0;0;2;3;2;B01
201700010545;2;7;0;0;2;2;15;A01
201700010546;2;7;0;0;2;1;1;A01
201700010546;2;7;0;0;2;4;23;B01
201700010546;2;7;0;0;2;4;23;C01
201700010547;2;33;0;14;0;1;1;B01
201700010547;2;7;0;0;2;5;1;A01
201700010548;1;31;0;0;2;4;2;B01
201700010548;1;7;0;0;2;1;2;A01
201700010549;1;31;0;0;2;1;2;A01
201700010549;1;33;0;0;2;5;23;B01
201700010550;1;7;0;0;1;6;4;A01
201700010551;1;7;0;0;2;0;1;Z01
201700010551;1;30;0;0;2;1;2;B01
201700010552;1;7;0;0;1;3;1;A01
201700010553;1;7;0;0;2;3;1;B01
201700010553;2;30;0;0;2;1;1;A01
201700010554;1;31;0;0;2;8;0;A01
201700010555;1;7;0;0;2;4;2;B01
201700010555;1;7;0;0;2;1;2;A01
201700010555;1;7;0;0;2;4;2;C01
201700010555;1;7;0;0;2;4;15;D01
201700010556;2;7;0;8;0;1;1;A01
201700010557;2;7;0;0;2;4;2;C01
201700010557;2;7;0;0;2;1;2;A01
201700010557;2;7;0;0;2;4;2;B01
201700010558;1;7;0;0;1;1;1;Z01
201700010559;1;7;0;0;1;1;15;A01
201700010560;1;37;0;0;1;2;2;A01
201700010561;1;7;0;0;1;3;1;A01
201700010562;1;34;0;0;2;1;9;A01
201700010562;1;31;0;0;2;1;9;B01
201700010563;0;7;0;0;2;3;1;B01
201700010563;1;30;0;0;2;1;15;A01
201700010564;1;7;0;6;0;1;16;A01
201700010565;1;33;0;0;2;1;2;B01
201700010565;2;7;0;0;2;5;15;A01
201700010566;2;10;0;0;2;4;7;B01
201700010566;2;7;0;0;2;4;7;A01
201700010567;1;33;0;0;1;1;1;A01
201700010568;1;7;0;0;2;2;19;A01
201700010568;1;7;0;0;2;6;1;B01
201700010569;1;7;0;0;2;4;15;C01
201700010569;1;31;0;0;2;4;2;B01
201700010569;1;7;0;0;2;1;2;A01
201700010570;1;7;0;0;2;1;2;A01
201700010570;1;33;0;0;2;4;2;B01
201700010571;1;7;0;0;2;7;20;A01
201700010571;1;30;0;0;2;1;18;B01
201700010572;2;13;0;1;2;1;1;B01
201700010572;1;7;0;1;0;1;1;A01
201700010573;2;7;0;0;9;5;16;A01
201700010573;2;1;0;0;2;1;1;B01
201700010574;1;7;0;0;2;2;9;B01
201700010574;1;7;0;0;2;5;4;A01
201700010575;1;7;0;0;2;4;2;C01
201700010575;1;10;0;0;2;4;2;B01
201700010575;1;10;0;0;2;1;2;A01
201700010576;2;30;0;0;2;8;15;A01
201700010576;2;7;0;0;2;1;11;B01
201700010577;1;7;0;0;2;1;13;B01
201700010577;1;10;0;0;2;3;1;A01
201700010578;1;33;0;0;1;3;1;A01
201700010579;1;33;0;0;2;1;17;B01
201700010579;1;7;0;0;2;3;15;A01
201700010580;2;33;0;0;2;7;15;A01
201700010580;1;31;0;0;2;1;1;B01
201700010581;1;7;0;0;1;4;20;A01
201700010582;1;7;0;0;1;1;0;Z01
201700010583;1;7;0;0;2;7;1;A01
201700010583;1;7;0;0;2;2;15;B01
201700010584;1;31;0;8;0;1;1;A01
201700010585;2;7;0;0;2;2;2;B01
201700010585;2;33;0;0;2;1;1;A01
201700010586;1;32;0;0;2;1;2;Z01
201700010586;1;30;0;0;2;3;1;B01
201700010587;1;7;0;0;2;2;15;A01
201700010587;2;33;0;0;2;1;1;B01
201700010588;1;7;0;0;2;1;1;A01
201700010588;1;7;0;0;2;8;15;B01
201700010589;1;1;0;0;2;4;1;B01
201700010589;1;7;0;0;9;1;2;A01
201700010590;1;7;0;0;2;1;0;A01
201700010591;1;7;0;0;2;1;21;A01
201700010591;1;7;0;0;2;4;16;B01
201700010592;2;7;0;0;2;1;16;A01
201700010592;2;30;0;0;2;8;0;B01
201700010593;1;33;0;0;2;1;1;B01
201700010593;1;7;0;0;2;6;2;A01
201700010594;2;33;0;0;0;7;15;A01
201700010595;1;33;0;0;2;1;2;A01
201700010595;1;7;0;0;2;6;2;B01
201700010596;1;7;0;0;2;1;5;A01
201700010596;2;7;0;0;2;1;2;B01
201700010597;1;7;0;0;1;0;0;Z01
201700010598;1;2;0;0;2;1;17;A01
201700010598;1;7;0;0;2;0;1;Z01
201700010599;1;7;0;0;1;1;15;A01
201700010600;2;7;0;0;2;2;1;B01
201700010600;1;7;0;0;2;3;15;A01
201700010601;1;7;0;0;2;4;23;B01
201700010601;1;7;0;0;2;1;2;A01
201700010602;1;7;0;0;2;3;2;A01
201700010602;1;33;0;0;2;5;2;B01
201700010603;1;7;0;0;2;5;1;C01
201700010603;1;7;0;0;2;5;1;B01
201700010603;1;7;0;0;2;3;13;A01
201700010604;1;7;0;0;1;1;0;A01
201700010605;2;33;0;0;2;4;2;B01
201700010605;2;7;0;0;2;3;2;A01
201700010606;2;7;0;0;2;8;23;C01
201700010606;1;7;0;0;2;0;0;A01
201700010606;1;7;0;0;2;2;19;B01
201700010607;2;7;0;0;2;3;13;A01
201700010607;1;7;0;0;2;3;1;B01
201700010608;2;33;0;4;0;1;0;A01
201700010609;1;7;0;0;1;7;21;A01
201700010610;2;7;0;9;2;3;0;A01
201700010610;1;32;0;0;2;8;0;B01
201700010611;1;7;0;0;1;0;0;A01
201700010612;1;30;0;0;2;1;0;B01
201700010612;1;33;0;0;2;7;0;A01
201700010613;1;7;0;0;1;3;1;A01
201700010614;1;10;0;0;2;1;1;A01
201700010614;1;30;0;0;2;4;1;B01
201700010615;2;7;0;0;2;2;2;A01
201700010615;2;7;0;0;2;6;23;B01
201700010616;1;2;0;8;2;1;0;A01
201700010617;1;7;0;15;0;1;1;A01
201700010618;1;7;0;0;2;1;1;A01
201700010618;1;7;0;0;2;4;1;B01
201700010619;1;7;0;8;0;1;1;A01
201700010620;0;7;0;14;0;2;1;A01
201700010621;1;7;0;0;1;1;15;A01
201700010622;1;7;0;0;1;1;15;A01
201700010623;1;7;0;0;2;4;23;A01
201700010623;1;7;0;0;2;1;2;Z01
201700010624;2;7;0;0;2;2;1;Z01
201700010624;1;33;0;0;2;1;1;A01
201700010625;1;7;0;0;2;4;0;C01
201700010625;1;7;0;0;2;1;0;A01
201700010625;1;7;0;0;2;4;0;B01
201700010626;1;33;0;6;0;7;14;A01
201700010627;1;7;0;0;2;4;2;B01
201700010627;1;7;0;0;2;1;2;A01
201700010627;1;7;0;0;2;4;2;C01
201700010628;1;7;0;0;1;3;1;A01
201700010629;1;7;0;0;2;8;9;B01
201700010629;2;34;0;0;2;1;17;A01
201700010630;1;7;0;0;1;1;19;A01
201700010631;1;30;0;0;2;1;17;A01
201700010631;1;7;0;0;2;4;15;B01
201700010632;1;7;0;0;2;3;15;A01
201700010632;1;7;0;0;2;3;19;B01
201700010633;0;3;0;0;0;0;1;A01
201700010634;2;7;0;0;2;3;19;A01
201700010634;1;7;0;0;2;5;2;B01
201700010635;1;7;0;0;1;0;18;Z01
201700010636;1;7;0;0;1;4;4;Z01
201700010637;1;7;0;0;1;0;0;Z01
201700010638;1;7;0;0;2;3;15;A01
201700010638;1;2;0;0;2;5;1;B01
201700010639;2;7;0;0;2;8;13;B01
201700010639;2;34;0;0;2;2;17;A01
201700010640;1;33;0;0;2;1;21;A01
201700010640;1;7;0;0;0;0;13;B01
201700010641;1;7;0;11;0;1;13;A01
201700010642;1;33;0;0;2;8;13;B01
201700010642;1;7;0;0;2;2;14;A01
201700010643;1;33;0;0;2;0;1;B01
201700010643;2;7;0;0;2;1;15;A01
201700010644;2;7;0;0;2;3;9;A01
201700010644;2;33;0;0;2;1;2;B01
201700010645;1;7;0;0;2;1;7;A01
201700010645;1;7;0;0;2;4;23;B01
201700010646;1;7;0;0;2;3;0;B01
201700010646;1;7;0;0;2;2;16;A01
201700010647;2;30;0;0;2;8;17;A01
201700010647;1;33;0;0;2;8;1;B01
201700010648;1;33;0;0;2;1;21;B01
201700010648;1;1;0;0;2;4;1;A01
201700010649;1;30;0;0;2;6;2;B01
201700010649;1;7;0;0;2;8;14;A01
201700010650;1;7;0;8;0;1;1;A01
201700010651;1;7;0;0;2;1;1;A01
201700010651;1;7;0;0;2;4;23;B01
201700010652;1;31;0;0;2;2;17;A01
201700010652;1;7;0;0;2;8;1;B01
201700010653;1;7;0;0;2;8;1;B01
201700010653;2;7;0;0;2;8;13;A01
201700010654;2;37;0;0;2;3;15;A01
201700010654;1;30;0;0;2;1;1;B01
201700010655;2;30;0;0;2;8;2;A01
201700010655;1;7;0;0;2;2;15;B01
201700010656;1;30;0;0;2;1;7;B01
201700010656;1;7;0;0;2;2;7;A01
201700010657;1;20;0;0;2;3;23;C01
201700010657;2;7;0;0;2;3;1;A01
201700010657;2;31;0;0;2;2;21;B01
201700010658;1;7;0;8;0;3;13;A01
201700010659;2;7;0;0;2;6;10;A01
201700010659;2;31;0;0;2;1;1;B01
201700010660;1;33;0;0;1;1;9;A01
201700010661;1;30;0;0;2;7;6;A01
201700010661;1;7;0;0;2;1;1;B01
201700010662;1;7;0;0;2;3;15;A01
201700010662;1;2;0;0;2;1;21;B01
201700010663;1;7;0;0;1;2;2;Z01
201700010664;2;10;0;0;2;4;7;B01
201700010664;2;7;0;0;2;4;7;D01
201700010664;2;7;0;0;2;4;7;C01
201700010664;2;15;0;0;2;1;7;A01
201700010665;1;7;0;0;1;3;16;Z01
201700010666;1;7;0;0;2;2;2;A01
201700010666;1;13;0;0;2;6;23;B01
201700010667;1;30;0;0;2;1;1;A01
201700010667;0;7;0;0;2;4;4;Z01
201700010668;1;33;0;8;2;7;18;A01
201700010668;2;7;0;0;2;2;15;B01
201700010669;1;7;0;0;1;4;4;Z01
201700010670;1;7;0;0;1;1;0;A01
201700010671;1;33;0;0;1;1;1;A01
201700010672;1;7;0;0;2;7;15;A01
201700010672;1;34;0;0;2;1;1;B01
201700010673;1;7;0;0;2;2;16;A01
201700010673;1;31;0;0;2;1;2;B01
201700010674;1;13;0;0;2;3;1;A01
201700010674;1;7;0;0;2;3;13;B01
201700010675;2;1;0;0;2;4;1;B01
201700010675;2;7;0;0;9;1;2;Z01
201700010676;1;7;0;0;1;3;0;A01
201700010677;2;10;0;0;2;3;13;B01
201700010677;1;10;0;0;2;3;13;A01
201700010678;2;7;0;0;9;1;9;A01
201700010678;2;1;0;0;2;4;9;B01
201700010679;2;7;0;0;2;6;1;B01
201700010679;1;7;0;0;2;3;15;A01
201700010680;1;7;0;0;2;0;12;A01
201700010680;1;31;0;0;2;1;18;B01
201700010681;2;7;0;0;2;4;2;B01
201700010681;2;7;0;0;2;1;2;A01
201700010682;1;31;0;0;1;1;1;A01
201700010683;1;7;0;0;1;2;21;A01
201700010684;1;31;0;0;1;1;1;A01
201700010685;2;34;0;0;2;1;1;A01
201700010685;2;33;0;0;2;4;23;B01
201700010686;1;7;0;0;1;2;1;A01
201700010687;2;7;0;0;1;4;20;A01
201700010688;2;7;0;0;2;8;19;A01
201700010688;1;30;0;0;2;1;1;B01
201700010689;1;34;0;0;9;7;21;A01
201700010690;2;7;0;0;2;1;1;B01
201700010690;2;7;0;0;2;7;15;A01
201700010691;2;30;0;0;1;1;1;Z01
201700010692;1;33;0;0;2;4;2;B01
201700010692;1;10;0;0;2;1;2;A01
201700010693;2;31;0;0;2;1;1;B01
201700010693;2;7;0;0;2;8;15;A01
201700010694;1;7;0;0;2;4;2;Z01
201700010694;1;7;0;0;2;4;2;B01
201700010695;1;30;0;0;2;1;2;A01
201700010695;1;7;0;0;2;4;2;B01
201700010696;2;2;0;0;1;0;21;Z01
201700010697;2;7;0;0;2;3;13;A01
201700010697;1;10;0;0;2;3;1;B01
201700010698;2;31;0;0;2;1;2;A01
201700010698;1;7;0;0;2;3;9;B01
201700010699;1;7;0;0;1;1;1;B01
201700010700;1;7;0;0;2;5;15;B01
201700010700;1;7;0;0;2;3;1;A01
201700010701;1;33;0;0;2;7;21;B01
201700010701;1;7;0;0;9;1;15;A01
201700010702;1;40;0;0;1;3;1;A01
201700010703;1;7;0;0;2;4;2;B01
201700010703;1;7;0;0;2;1;2;A01
201700010704;1;7;0;0;2;6;15;Z01
201700010704;1;30;0;0;2;1;1;A01
201700010705;1;33;0;0;2;1;1;B01
201700010705;1;7;0;0;2;1;9;A01
201700010706;1;7;0;0;1;2;1;A01
201700010707;1;7;0;0;1;1;1;A01
201700010708;1;7;0;0;2;1;2;A01
201700010708;1;7;0;0;2;4;23;C01
201700010708;1;7;0;0;2;4;23;B01
201700010709;1;7;0;0;2;3;15;A01
201700010709;2;30;0;0;2;3;1;B01
201700010710;2;32;0;1;1;0;2;Z01
201700010711;1;7;0;0;2;8;19;A01
201700010711;1;10;0;0;2;3;1;B01
201700010712;2;31;0;0;2;8;1;A01
201700010712;1;7;0;0;2;8;1;B01
201700010713;1;33;0;0;2;5;22;B01
201700010713;2;10;0;0;2;0;0;Z01
201700010714;1;2;0;0;2;1;1;A01
201700010714;1;7;0;0;2;1;1;B01
201700010715;1;14;0;0;2;7;14;Z01
201700010715;1;7;0;0;2;8;16;B01
201700010716;1;15;0;0;2;6;16;A01
201700010716;1;7;0;0;2;2;1;B01
201700010717;1;33;0;0;2;1;1;B01
201700010717;2;7;0;0;2;2;15;A01
201700010718;1;30;0;0;2;2;1;A01
201700010718;1;7;0;1;2;3;15;B01
201700010719;2;17;0;0;2;7;12;A01
201700010719;2;7;0;8;2;8;1;B01
201700010720;2;34;0;0;2;1;1;A01
201700010720;1;7;0;0;2;7;15;B01
201700010721;1;7;0;0;1;0;0;A01
201700010722;1;2;0;0;2;1;2;B01
201700010722;2;7;0;6;2;1;15;A01
201700010723;2;7;0;0;1;0;0;Z01
201700010724;1;7;0;1;0;2;0;A01
201700010725;1;7;0;0;2;4;1;B01
201700010725;1;7;0;0;2;1;1;A01
201700010726;1;7;0;0;1;2;1;A01
201700010727;1;7;0;0;2;6;2;B01
201700010727;1;7;0;0;2;3;2;A01
201700010728;1;31;0;0;2;5;1;B01
201700010728;1;7;0;0;9;1;0;Z01
201700010729;1;34;0;0;1;1;1;Z01
201700010730;1;7;0;0;1;1;1;A01
201700010731;1;34;0;0;2;1;1;A01
201700010731;1;14;0;0;2;4;23;B01
201700010732;1;10;0;8;0;1;16;A01
201700010733;1;7;0;0;2;1;2;A01
201700010733;1;7;0;0;2;4;15;B01
201700010734;1;31;0;0;2;1;17;B01
201700010734;2;7;0;0;2;2;15;A01
201700010735;1;30;0;0;2;1;1;A01
201700010735;1;7;0;0;2;8;1;B01
201700010736;1;33;0;0;1;4;1;B01
201700010736;1;34;0;0;2;1;2;A01
201700010737;1;7;0;0;2;1;14;A01
201700010737;1;99;0;14;2;2;15;Z01
201700010738;2;31;0;0;1;1;2;Z01
201700010739;2;34;0;0;1;1;1;Z01
201700010740;2;7;0;0;1;2;1;A01
201700010741;1;7;0;0;2;4;1;B01
201700010741;1;7;0;0;2;4;1;C01
201700010741;1;7;0;0;2;1;1;A01
201700010742;2;10;0;0;2;0;0;Z01
201700010742;2;33;0;0;2;1;0;A01
201700010743;1;33;0;0;2;3;19;B01
201700010743;1;7;0;0;2;2;10;Z01
201700010744;2;32;0;0;2;1;2;A01
201700010744;2;7;0;0;2;6;23;B01
201700010745;1;31;0;0;2;7;9;B01
201700010745;1;7;0;0;2;6;18;A01
201700010746;0;33;0;0;2;3;1;B01
201700010746;1;7;0;0;2;7;16;A01
201700010747;1;7;0;0;2;1;10;A01
201700010747;1;34;0;0;2;1;1;B01
201700010748;2;31;0;0;1;1;17;A01
201700010749;2;7;0;0;2;1;2;A01
201700010749;2;7;0;0;2;4;2;B01
201700010749;2;7;0;0;2;4;2;C01