num_acc;senc;catv;occutc;obs;obsm;choc;manv;num_veh
201700010750;1;7;0;14;0;2;0;A01
201700010751;1;7;0;0;1;1;0;A01
201700010752;1;7;0;0;2;3;15;A01
201700010752;1;30;0;0;2;1;17;B01
201700010753;2;32;0;0;2;0;15;Z01
201700010753;2;2;0;0;2;5;1;A01
201700010754;2;7;0;0;1;8;1;A01
201700010755;1;1;0;0;2;1;8;A01
201700010755;1;7;0;0;2;3;15;B01
201700010756;2;7;0;0;2;5;15;B01
201700010756;1;30;0;0;2;1;1;A01
201700010757;2;30;0;0;2;1;1;A01
201700010757;1;7;0;0;2;3;15;B01
201700010758;1;7;0;0;2;1;15;A01
201700010758;1;7;0;0;2;3;9;B01
201700010759;2;7;0;0;2;1;13;A01
201700010759;1;7;0;0;2;1;1;B01
201700010760;2;7;0;0;1;1;1;A01
201700010761;1;7;0;0;1;1;15;Z01
201700010762;2;7;0;0;2;4;23;B01
201700010762;2;10;0;0;2;1;1;A01
201700010763;2;7;0;16;0;2;16;A01
201700010763;2;34;0;0;2;1;18;B01
201700010764;1;7;0;0;2;1;2;A01
201700010764;1;7;0;0;9;4;2;B01
201700010765;1;7;0;0;2;3;5;Z01
201700010765;1;31;0;0;2;8;1;B01
201700010766;1;13;0;0;2;2;10;A01
201700010766;1;33;0;0;2;3;16;B01
201700010767;2;31;0;1;1;1;1;A01
201700010768;1;7;0;1;0;4;21;B01
201700010768;1;34;0;0;2;1;21;A01
201700010769;2;1;0;0;2;1;2;B01
201700010769;1;7;0;0;9;1;15;A01
201700010770;2;7;0;0;2;3;15;A01
201700010770;1;33;0;0;2;8;1;B01
201700010771;2;31;0;0;1;1;21;Z01
201700010772;1;14;0;0;2;0;21;A01
201700010772;1;7;0;0;2;0;10;Z01
201700010773;2;7;0;0;2;8;1;B01
201700010773;1;7;0;0;2;1;5;A01
201700010773;2;7;0;0;2;1;1;C01
201700010774;2;7;0;12;0;1;0;A01
201700010774;2;7;0;12;0;2;15;Z01
201700010775;1;7;0;0;2;3;7;A01
201700010775;1;7;0;0;2;2;1;B01
201700010776;2;7;0;0;2;4;23;B01
201700010776;2;31;0;0;2;1;2;A01
201700010777;1;7;0;1;2;2;1;B01
201700010777;0;7;0;0;2;8;13;A01
201700010778;2;7;0;0;2;1;7;Z01
201700010778;1;7;0;0;2;7;1;B01
201700010779;1;7;0;8;0;2;14;A01
201700010780;2;7;0;4;0;1;16;A01
201700010781;1;7;0;8;0;1;1;A01
201700010782;2;7;0;0;2;1;9;A01
201700010782;2;31;0;0;2;7;1;B01
201700010783;2;7;0;0;2;0;2;Z01
201700010783;2;7;0;0;2;4;2;B01
201700010784;1;7;0;0;2;1;19;A01
201700010784;1;7;0;0;2;5;1;B01
201700010785;1;7;0;0;1;3;1;A01
201700010786;2;34;0;0;2;2;3;A01
201700010786;2;7;0;0;2;3;9;B01
201700010787;1;7;0;0;2;0;1;A01
201700010787;1;30;0;0;2;8;1;B01
201700010788;1;30;0;0;0;0;0;A01
201700010789;1;7;0;12;0;1;14;C01
201700010789;2;7;0;0;2;3;1;A01
201700010789;1;7;0;0;2;1;1;B01
201700010790;1;33;0;0;2;8;1;A01
201700010790;2;7;0;0;2;8;1;B01
201700010791;1;7;0;0;1;3;15;A01
201700010792;2;7;0;0;2;1;2;A01
201700010792;2;7;0;0;2;4;2;B01
201700010793;1;34;0;0;2;1;0;B01
201700010793;2;7;0;0;2;1;15;A01
201700010794;2;7;0;0;2;3;15;B01
201700010794;1;2;0;0;2;1;1;A01
201700010795;2;7;0;0;2;1;1;A01
201700010795;2;7;0;0;2;4;23;B01
201700010796;2;34;0;0;2;1;17;B01
201700010796;2;7;0;0;2;3;15;A01
201700010797;1;7;0;0;2;4;23;C01
201700010797;1;7;0;0;2;1;23;Z01
201700010797;1;7;0;0;2;1;23;B01
201700010798;2;33;0;0;2;7;15;B01
201700010798;1;7;0;0;2;1;1;A01
201700010799;1;7;0;0;1;7;1;A01
201700010800;1;7;0;1;1;1;13;A01
201700010801;1;30;0;5;0;8;1;A01
201700010802;1;2;0;0;2;1;1;B01
201700010802;1;7;0;0;2;1;1;Z01
201700010803;2;30;0;0;1;0;21;A01
201700010804;2;7;0;0;2;2;2;B01
201700010804;1;7;0;0;2;0;9;A01
201700010805;1;7;0;0;2;3;1;B01
201700010805;2;34;0;0;2;3;1;A01
201700010806;2;7;0;0;2;4;23;B01
201700010806;1;7;0;0;2;1;2;A01
201700010807;2;7;0;0;2;1;15;A01
201700010807;2;34;0;0;2;8;1;B01
201700010808;1;33;0;0;2;1;1;A01
201700010808;2;7;0;0;2;1;15;B01
201700010809;1;10;0;0;2;0;10;A01
201700010809;2;33;0;0;2;0;21;B01
201700010810;1;7;0;0;2;1;2;A01
201700010810;1;7;0;0;2;4;2;B01
201700010811;1;7;0;0;2;1;2;A01
201700010811;1;7;0;0;2;4;23;B01
201700010812;1;7;0;0;2;2;1;B01
201700010812;2;7;0;0;2;3;20;A01
201700010813;2;30;0;0;1;8;1;A01
201700010814;2;33;0;0;2;1;1;B01
201700010814;2;7;0;0;2;1;10;A01
201700010815;2;7;0;0;2;8;1;B01
201700010815;2;7;0;0;2;1;15;A01
201700010816;2;34;0;1;0;3;21;A01
201700010817;1;7;0;8;0;1;2;A01
201700010818;2;32;0;0;2;3;1;A01
201700010818;2;13;0;0;2;6;15;B01
201700010819;1;33;0;0;2;1;17;B01
201700010819;1;7;0;0;2;8;15;A01
201700010820;2;7;0;0;2;1;0;A01
201700010820;2;34;0;0;2;3;0;B01
201700010821;2;7;0;0;1;1;1;A01
201700010822;1;7;0;0;2;3;9;B01
201700010822;1;30;0;0;2;1;17;Z01
201700010823;1;7;0;1;2;4;12;B01
201700010823;1;7;0;0;2;1;7;A01
201700010823;1;34;0;0;2;4;7;C01
201700010824;1;31;0;0;2;0;19;B01
201700010824;2;7;0;0;9;0;19;Z01
201700010825;1;33;0;0;2;0;0;A01
201700010825;2;7;0;0;2;0;1;B01
201700010826;2;7;0;0;1;1;1;A01
201700010827;1;33;0;0;2;1;11;B01
201700010827;1;7;0;1;2;7;9;A01
201700010828;1;13;0;0;2;1;2;A01
201700010828;1;7;0;0;2;1;2;B01
201700010828;2;7;0;0;2;4;2;C01
201700010829;1;7;0;0;2;4;2;B01
201700010829;2;7;0;0;2;1;2;A01
201700010830;1;7;0;0;2;1;1;B01
201700010830;1;7;0;0;2;1;17;Z01
201700010831;1;7;0;0;1;1;0;Z01
201700010832;2;7;0;7;2;1;15;A01
201700010832;1;7;0;0;2;8;23;B01
201700010833;2;7;0;4;0;2;2;A01
201700010834;1;7;0;0;2;2;9;Z01
201700010834;1;31;0;0;2;3;1;A01
201700010835;1;7;0;0;2;2;2;B01
201700010835;1;7;0;0;2;3;11;A01
201700010836;2;7;0;0;2;3;1;A01
201700010836;2;7;0;0;2;5;9;Z01
201700010837;2;31;0;0;0;7;21;A01
201700010837;1;7;0;0;0;1;23;B01
201700010838;1;7;0;0;2;1;1;A01
201700010838;1;7;0;0;2;4;23;B01
201700010839;2;33;0;0;2;1;3;A01
201700010839;2;7;0;0;2;1;9;B01
201700010840;2;1;0;0;2;1;1;B01
201700010840;1;7;0;0;9;0;15;A01
201700010841;1;7;0;0;1;1;1;A01
201700010842;2;31;0;0;0;0;1;A01
201700010843;1;31;0;1;2;4;17;A01
201700010843;1;7;0;0;2;6;14;B01
201700010844;1;7;0;14;0;2;1;A01
201700010845;1;30;0;0;2;8;2;B01
201700010845;1;7;0;0;2;2;9;A01
201700010846;1;7;0;0;1;1;7;A01
201700010847;1;7;0;0;0;0;15;B01
201700010847;2;34;0;0;0;0;2;A01
201700010848;1;33;0;0;2;4;9;A01
201700010848;1;15;0;0;2;1;1;B01
201700010849;2;3;0;0;2;3;1;A01
201700010849;2;7;0;0;2;6;12;Z01
201700010850;1;34;0;0;1;2;17;A01
201700010851;1;33;0;0;1;1;1;A01
201700010852;1;7;0;0;2;1;2;A01
201700010852;2;7;0;0;2;1;2;B01
201700010853;1;7;0;0;1;2;21;A01
201700010854;0;7;0;0;2;3;13;A01
201700010854;1;32;0;0;2;3;1;B01
201700010855;1;7;0;0;2;1;9;A01
201700010855;2;7;0;0;2;7;9;B01
201700010856;1;33;0;4;0;7;12;A01
201700010857;1;7;0;0;2;2;16;B01
201700010857;1;30;0;0;2;1;7;A01
201700010858;2;33;0;0;9;4;2;B01
201700010858;2;99;0;0;9;1;2;Z01
201700010859;1;34;0;0;2;3;2;B01
201700010860;1;31;0;0;2;1;1;B01
201700010860;2;7;0;0;2;2;15;A01
201700010861;1;7;0;0;1;2;1;A01
201700010862;1;7;0;0;2;8;15;A01
201700010862;2;7;0;0;2;3;1;B01
201700010863;2;7;0;0;2;6;15;B01
201700010863;2;31;0;0;2;1;17;A01
201700010864;1;7;0;0;1;4;4;A01
201700010865;1;7;0;0;1;1;15;A01
201700010866;1;7;0;0;2;6;11;A01
201700010866;1;15;0;0;2;0;15;B01
201700010867;1;33;0;0;2;3;15;A01
201700010867;1;33;0;0;2;1;17;B01
201700010868;1;7;0;0;2;1;1;A01
201700010868;1;7;0;0;2;6;1;B01
201700010869;2;30;0;8;0;1;1;A01
201700010870;1;7;0;0;2;1;1;C01
201700010870;1;2;0;0;2;1;17;B01
201700010870;1;34;0;0;2;1;15;A01
201700010871;1;7;0;0;2;8;15;B01
201700010871;1;7;0;0;2;2;13;A01
201700010872;1;7;0;0;2;7;1;B01
201700010872;1;7;0;0;2;8;9;A01
201700010873;1;7;0;0;2;8;16;A01
201700010873;1;7;0;0;2;1;15;B01
201700010874;1;34;0;0;1;1;1;Z01
201700010875;1;7;0;0;2;1;1;B01
201700010875;1;7;0;4;2;2;9;A01
201700010876;1;7;0;0;2;3;15;A01
201700010876;2;30;0;0;2;1;1;B01
201700010877;1;7;0;0;2;3;10;A01
201700010877;1;31;0;0;2;1;7;B01
201700010878;2;7;0;0;2;3;1;B01
201700010878;1;7;0;0;2;2;15;A01
201700010879;1;30;0;14;0;1;1;A01
201700010880;2;7;0;0;2;1;16;B01
201700010880;1;7;0;0;2;1;13;A01
201700010881;1;7;0;0;1;1;1;A01
201700010882;2;7;0;0;2;2;17;Z01
201700010882;2;31;0;0;2;6;2;B01
201700010883;2;33;0;0;2;3;1;B01
201700010883;2;7;0;0;2;1;15;A01
201700010884;2;7;0;0;1;2;1;A01
201700010885;2;7;0;0;2;7;19;A01
201700010885;1;33;0;0;2;1;1;B01
201700010886;1;7;0;0;1;1;1;Z01
201700010887;1;7;0;0;1;4;20;A01
201700010888;1;7;0;0;2;6;1;B01
201700010888;1;7;0;0;2;1;15;A01
201700010889;2;34;0;0;1;1;1;A01
201700010890;1;7;0;0;1;0;13;Z01
201700010891;2;31;0;0;0;0;1;A01
201700010892;2;33;0;0;0;0;1;A01
201700010893;1;34;0;0;0;7;16;A01
201700010894;2;7;0;0;2;3;10;A01
201700010894;2;31;0;0;2;1;2;B01
201700010895;1;7;0;0;2;1;1;C01
201700010895;2;31;0;0;2;7;21;B01
201700010895;1;7;0;0;2;0;15;A01
201700010896;1;33;0;0;2;4;23;B01
201700010896;1;10;0;0;2;4;2;A01
201700010897;1;7;0;0;2;6;24;A01
201700010897;1;7;0;0;2;2;1;B01
201700010898;1;7;0;0;2;3;15;B01
201700010898;1;32;0;0;2;1;17;A01
201700010899;1;37;0;0;1;1;7;A01
201700010900;1;14;0;0;1;1;2;A01
201700010901;1;33;0;0;2;1;2;B01
201700010901;1;7;0;0;2;0;0;Z01
201700010902;1;2;0;0;9;3;1;A01
201700010903;1;14;0;0;2;7;12;A01
201700010903;1;7;0;0;2;6;1;C01
201700010903;1;7;0;0;2;8;1;B01
201700010904;2;3;0;15;0;1;1;A01
201700010905;2;7;0;0;2;1;2;A01
201700010905;2;7;0;0;2;4;23;B01
201700010906;1;33;0;0;2;1;2;B01
201700010906;1;7;0;0;2;3;10;A01
201700010907;1;30;0;0;1;1;1;A01
201700010908;1;7;0;0;2;4;2;B01
201700010908;1;7;0;0;2;1;2;A01
201700010909;1;34;0;0;2;3;0;B01
201700010909;2;7;0;0;2;1;15;A01
201700010910;2;7;0;8;2;2;0;A01
201700010910;1;7;0;0;2;0;0;B01
201700010911;1;7;0;0;2;8;1;B01
201700010911;1;7;0;0;2;0;9;Z01
201700010912;2;33;0;0;2;1;15;A01
201700010912;1;7;0;0;2;8;1;B01
201700010913;2;32;0;0;2;7;17;A01
201700010913;2;7;0;0;2;8;17;B01
201700010914;2;31;0;0;2;1;2;A01
201700010914;2;7;0;0;2;4;2;B01
201700010915;1;7;0;0;2;3;23;B01
201700010915;1;30;0;0;2;7;17;A01
201700010916;1;7;0;0;2;1;13;A01
201700010916;2;37;1;0;2;3;1;B01
201700010917;1;7;0;0;2;1;1;B01
201700010917;2;7;0;0;2;2;13;A01
201700010918;1;7;0;0;2;1;0;Z01
201700010918;1;7;0;1;2;3;1;A01
201700010919;2;7;0;0;2;4;1;B01
201700010919;2;7;0;0;2;1;1;A01
201700010919;2;7;0;0;2;4;1;C01
201700010920;2;7;0;0;2;1;21;A01
201700010921;1;31;0;0;0;3;20;A01
201700010922;2;7;0;0;2;4;13;A01
201700010922;1;7;0;0;2;3;1;B01
201700010923;1;34;0;0;1;1;0;Z01
201700010924;2;7;0;0;2;2;10;A01
201700010924;1;33;0;0;2;1;1;B01
201700010925;1;32;0;0;0;8;1;A01
201700010926;1;31;0;0;2;1;18;B01
201700010926;1;7;0;0;2;3;15;A01
201700010927;1;3;0;10;0;2;1;A01
201700010928;2;33;0;0;1;1;1;A01
201700010929;2;31;0;0;0;0;16;A01
201700010930;1;7;0;0;2;2;1;B01
201700010930;1;7;0;0;2;6;9;A01
201700010931;1;7;0;0;2;2;1;B01
201700010931;1;31;0;0;2;8;13;A01
201700010932;1;7;0;0;2;1;1;A01
201700010932;1;7;0;0;2;2;1;B01
201700010933;1;14;0;0;2;4;18;A01
201700010933;1;7;0;0;2;0;18;B01
201700010934;1;7;0;0;1;2;0;Z01
201700010935;2;33;0;0;2;1;2;B01
201700010935;1;7;0;0;2;3;15;A01
201700010936;1;7;0;0;1;2;16;A01
201700010937;1;33;0;0;2;4;1;A01
201700010937;2;7;0;0;2;3;11;B01
201700010938;2;33;0;0;2;8;7;A01
201700010939;2;7;0;0;2;4;0;B01
201700010939;2;7;0;0;2;1;0;A01
201700010940;1;7;0;0;2;0;15;A01
201700010940;1;30;0;0;2;1;1;B01
201700010941;1;31;0;0;2;5;8;B01
201700010941;1;7;0;0;2;1;21;A01
201700010942;2;7;0;16;0;2;1;A01
201700010943;1;7;0;0;2;1;9;A01
201700010943;1;33;0;0;2;7;21;B01
201700010944;2;30;0;0;2;1;1;A01
201700010944;1;7;0;0;2;1;1;B01
201700010945;1;2;0;0;2;8;2;B01
201700010946;2;7;0;0;2;1;2;A01
201700010946;2;7;0;0;2;4;2;B01
201700010947;1;7;0;0;2;4;2;B01
201700010947;1;7;0;0;2;1;2;A01
201700010948;1;7;0;0;1;3;15;A01
201700010949;1;34;0;0;0;7;1;A01
201700010950;1;33;0;0;2;1;1;B01
201700010950;1;7;0;0;2;1;10;A01
201700010951;2;7;0;0;2;2;12;A01
201700010951;2;37;0;0;2;3;21;B01
201700010952;1;7;0;14;0;1;1;A01
201700010953;2;7;0;0;2;7;10;A01
201700010953;2;30;0;0;2;1;18;B01
201700010954;1;7;0;0;1;3;14;A01
201700010955;2;7;0;0;2;1;1;A01
201700010955;2;7;0;0;2;6;1;B01
201700010956;2;7;0;0;2;8;1;B01
201700010956;2;7;0;0;2;1;1;C01
201700010956;1;7;0;0;2;1;13;A01
201700010957;1;7;0;0;2;4;23;B01
201700010957;2;7;0;0;2;1;2;A01
201700010957;1;7;0;0;2;4;23;Z01
201700010958;0;7;0;0;2;1;2;A01
201700010958;0;7;0;0;2;4;23;B01
201700010958;1;7;0;0;2;3;23;C01
201700010959;1;7;0;0;1;1;15;A01
201700010960;1;7;0;0;2;4;2;B01
201700010960;1;33;0;0;2;1;1;A01
201700010961;1;7;0;0;1;1;19;A01
201700010962;1;7;0;0;1;1;12;A01
201700010963;1;7;0;0;2;5;12;A01
201700010963;1;31;0;0;2;3;1;B01
201700010964;1;30;0;0;0;0;0;A01
201700010965;2;7;0;0;2;1;19;A01
201700010965;1;7;0;0;2;3;1;B01
201700010966;2;33;0;0;2;1;1;B01
201700010966;1;7;0;0;2;3;15;A01
201700010967;2;7;0;0;1;2;1;A01
201700010968;1;7;0;0;2;2;10;Z01
201700010968;1;34;0;0;2;1;1;A01
201700010969;1;7;0;0;2;2;16;A01
201700010969;1;31;0;0;2;1;18;B01
201700010970;1;7;0;0;1;3;1;A01
201700010971;1;10;0;0;2;1;10;A01
201700010971;1;7;0;0;2;4;21;B01
201700010972;1;7;0;0;2;4;1;B01
201700010972;1;7;0;0;2;1;1;A01
201700010973;1;7;0;0;2;3;1;B01
201700010973;1;7;0;0;2;1;1;A01
201700010974;1;7;0;0;2;1;16;A01
201700010974;1;7;0;0;2;4;16;B01
201700010975;1;7;0;0;2;3;9;A01
201700010975;1;7;0;0;2;2;1;B01
201700010976;1;33;0;14;0;1;1;B01
201700010976;1;7;0;0;2;8;22;A01
201700010977;2;7;0;0;1;1;1;A01
201700010978;1;30;0;0;2;5;17;B01
201700010978;2;7;0;0;2;2;15;A01
201700010979;1;30;0;0;2;1;2;A01
201700010979;1;7;0;0;2;4;23;B01
201700010980;1;31;0;0;2;1;1;A01
201700010980;1;7;0;0;2;8;1;B01
201700010981;2;7;0;0;2;7;2;B01
201700010981;1;7;0;0;2;1;2;A01
201700010982;2;10;0;0;2;3;1;B01
201700010982;1;7;0;0;2;1;13;A01
201700010983;1;7;0;0;2;1;1;A01
201700010983;1;7;0;0;2;4;1;B01
201700010984;1;33;0;0;2;3;21;A01
201700010984;2;34;0;12;0;5;23;B01
201700010985;1;7;0;0;2;1;1;B01
201700010985;2;7;0;0;2;5;15;A01
201700010986;1;7;0;6;1;2;20;A01
201700010987;1;7;0;0;2;8;17;Z01
201700010987;1;31;0;0;2;7;17;A01
201700010988;1;7;0;0;1;1;15;A01
201700010989;2;1;0;0;2;1;1;B01
201700010989;1;7;0;0;2;2;1;Z01
201700010990;2;7;0;0;2;2;1;B01
201700010990;2;7;0;0;2;3;9;A01
201700010991;2;7;0;0;2;4;2;B01
201700010991;2;7;0;0;2;4;23;C01
201700010991;2;7;0;0;2;1;1;A01
201700010992;1;10;0;13;0;1;13;A01
201700010993;1;31;0;0;2;1;1;A01
201700010993;1;7;0;0;2;2;15;B01
201700010994;2;40;0;0;1;2;2;A01
201700010995;1;32;0;0;2;0;1;A01
201700010995;1;7;0;0;0;0;10;B01
201700010996;0;7;0;0;2;5;1;B01
201700010996;1;7;0;0;2;3;1;A01
201700010997;1;30;0;0;2;1;5;A01
201700010997;1;7;0;0;2;3;15;B01
201700010998;1;7;0;0;2;4;2;B01
201700010998;1;7;0;0;2;1;2;A01
201700010999;1;33;0;0;2;4;1;B01
201700010999;1;7;0;0;2;1;1;A01
201700011000;2;2;0;0;2;1;1;A01
201700011000;2;7;0;0;2;3;15;B01
201700011001;1;33;0;0;2;1;1;B01
201700011001;2;7;0;0;2;1;15;A01
201700011002;1;7;0;0;2;2;9;B01
201700011002;2;2;0;0;2;1;7;A01
201700011003;1;7;0;0;2;3;0;A01
201700011003;2;34;0;0;2;1;0;B01
201700011004;1;7;0;0;2;0;15;B01
201700011004;1;7;0;8;2;7;17;A01
201700011005;1;7;0;6;2;2;17;A01
201700011005;1;7;0;0;2;2;1;B01
201700011006;1;7;0;0;2;1;11;A01
201700011006;1;7;0;0;2;4;13;B01
201700011007;1;33;0;0;2;1;1;B01
201700011007;2;7;0;0;2;7;19;A01
201700011008;1;7;0;3;0;7;1;A01
201700011009;1;7;0;0;1;3;1;A01
201700011010;1;7;0;0;2;1;2;B01
201700011010;1;7;0;0;2;7;2;A01
201700011011;2;7;0;0;2;3;15;A01
201700011011;1;33;0;0;2;8;1;B01
201700011012;1;7;0;0;2;8;19;A01
201700011012;1;33;0;0;2;1;1;B01
201700011013;1;7;0;0;2;2;16;A01
201700011013;1;34;0;0;2;3;2;B01
201700011014;1;30;0;0;2;7;1;A01
201700011014;1;7;0;0;2;1;1;B01
201700011015;2;7;0;0;2;1;2;A01
201700011015;2;7;0;0;2;4;2;B01
201700011016;1;34;0;0;2;1;1;B01
201700011016;2;30;0;0;2;8;1;A01
201700011017;1;7;0;0;2;2;1;B01
201700011017;2;30;0;0;2;0;0;Z01
201700011018;1;34;0;8;0;1;2;A01
201700011019;1;10;0;0;2;7;1;A01
201700011019;1;31;0;0;2;1;1;B01
201700011020;1;7;0;0;1;7;1;A01
201700011021;1;7;0;0;2;1;9;A01
201700011021;2;33;0;0;2;1;1;B01
201700011022;1;16;0;0;2;3;1;A01
201700011022;1;7;0;0;2;2;1;B01
201700011023;1;7;0;0;1;2;1;A01
201700011024;1;31;0;0;1;1;21;A01
201700011025;1;7;0;0;2;4;1;B01
201700011025;1;31;0;0;2;3;13;A01
201700011026;1;7;0;0;1;1;1;A01
201700011027;1;31;0;0;0;9;1;A01
201700011028;1;10;0;0;2;6;23;B01
201700011028;2;7;0;0;2;8;1;C01
201700011028;1;33;0;0;2;1;17;A01
201700011029;1;30;0;0;1;1;19;Z01
201700011030;1;30;0;0;2;1;1;A01
201700011030;0;7;0;0;2;3;11;Z01
201700011031;2;31;0;0;2;1;2;A01
201700011031;2;7;0;0;2;5;2;B01
201700011032;2;34;0;0;2;1;13;Z01
201700011032;1;34;0;0;2;1;3;B01
201700011033;1;2;0;0;1;8;3;A01
201700011033;2;10;0;0;2;8;23;B01
201700011034;2;30;0;0;0;7;1;A01
201700011035;1;7;0;0;2;1;9;A01
201700011035;1;7;0;0;2;8;1;B01
201700011036;2;7;0;0;2;4;2;B01
201700011036;2;7;0;0;2;1;2;Z01
201700011037;1;7;0;0;2;3;2;B01
201700011037;1;31;0;0;2;1;17;A01
201700011038;1;7;0;0;2;7;16;A01
201700011038;1;1;0;0;2;6;0;B01
201700011039;2;33;0;0;2;1;1;A01
201700011039;2;7;0;0;2;2;15;B01
201700011040;2;7;0;0;2;3;1;B01
201700011040;2;7;0;0;2;3;12;A01
201700011041;1;7;0;0;2;8;0;B01
201700011041;1;31;0;0;2;1;0;A01
201700011042;1;7;0;0;2;4;2;C01
201700011042;1;7;0;0;2;1;2;A01
201700011042;1;10;0;0;2;4;2;B01
201700011043;2;7;0;0;1;5;4;A01
201700011044;1;7;0;0;1;4;4;A01
201700011045;2;30;0;1;0;2;1;A01
201700011046;1;7;0;0;1;2;9;A01
201700011047;1;7;0;0;1;2;14;A01
201700011048;2;7;0;0;2;1;1;A01
201700011048;2;33;0;0;2;4;1;B01
201700011049;2;7;0;0;1;2;1;A01
201700011050;1;7;0;0;2;1;9;A01
201700011050;1;34;0;0;2;1;9;B01
201700011051;1;7;0;0;2;1;2;A01
201700011051;1;7;0;0;2;4;2;B01
201700011052;1;7;0;0;1;2;15;A01
201700011053;1;7;0;0;2;1;2;B01
201700011053;1;7;0;0;2;1;2;A01
201700011054;1;7;0;0;1;2;1;A01
201700011055;1;34;0;8;0;1;13;A01
201700011056;1;33;0;0;0;8;1;A01
201700011057;2;7;0;0;2;1;1;B01
201700011057;1;7;0;0;2;2;1;A01
201700011058;1;7;0;10;0;1;1;A01
201700011059;2;31;0;0;1;1;19;A01
201700011060;1;7;0;0;2;1;2;B01
201700011060;2;7;0;0;2;1;9;A01
201700011061;1;31;0;12;0;1;13;A01
201700011062;2;7;0;15;0;7;1;A01
201700011063;2;7;0;0;2;6;9;B01
201700011063;2;10;0;0;2;2;13;A01
201700011064;1;33;0;0;2;4;9;B01
201700011064;1;7;0;0;2;2;9;A01
201700011065;1;7;0;0;2;4;2;A01
201700011065;1;31;0;0;2;1;2;B01
201700011066;1;10;0;0;2;4;2;B01
201700011066;1;10;0;0;2;1;7;A01
201700011067;2;7;0;0;2;2;15;B01
201700011067;1;33;0;0;2;1;1;A01
201700011068;2;7;0;0;1;0;1;Z01
201700011069;2;34;0;0;2;1;21;A01
201700011069;1;7;0;0;2;0;9;Z01
201700011070;1;7;0;0;2;3;1;B01
201700011070;1;30;0;0;2;1;13;A01
201700011071;1;7;0;0;1;0;16;A01
201700011072;1;7;0;0;2;4;1;B01
201700011072;1;7;0;0;2;1;1;A01
201700011073;1;7;0;0;2;1;2;A01
201700011073;1;7;0;0;2;4;1;B01
201700011074;2;7;0;0;1;1;1;A01
201700011075;1;31;0;9;0;7;17;B01
201700011075;1;7;0;0;2;8;13;Z01
201700011076;1;7;0;0;2;3;2;B01
201700011076;1;7;0;0;2;6;1;A01
201700011077;2;7;0;0;2;8;1;B01
201700011077;2;7;0;0;2;2;10;A01
201700011078;2;33;0;0;2;4;2;B01
201700011078;2;7;0;0;2;1;1;Z01
201700011079;2;7;0;0;2;2;19;A01
201700011079;2;7;0;0;2;3;1;B01
201700011080;0;7;0;0;2;3;1;A01
201700011080;0;31;0;0;2;5;1;B01
201700011081;0;7;0;0;1;1;1;A01
201700011082;0;7;0;0;2;1;13;A01
201700011082;0;7;0;0;2;1;1;B01
201700011083;0;7;0;13;0;1;1;A01
201700011084;0;7;0;0;2;2;15;A01
201700011084;0;99;0;0;2;1;1;B01
201700011085;0;33;0;0;2;1;1;A01
201700011085;0;7;0;0;2;7;16;B01
201700011086;1;7;0;0;2;4;2;C01
201700011086;1;7;0;0;2;4;2;B01
201700011086;1;7;0;0;2;1;2;A01
201700011087;0;7;0;0;2;1;13;A01
201700011087;0;7;0;0;2;1;1;B01
201700011088;0;7;0;0;1;1;1;A01
201700011089;0;7;0;0;2;1;1;B01
201700011089;0;7;0;0;2;1;13;A01
201700011089;0;7;0;0;2;1;1;C01
201700011090;0;7;0;0;0;1;1;B01
201700011090;0;7;0;0;2;1;9;A01
201700011091;0;7;0;0;2;1;13;A01
201700011091;0;7;0;0;2;1;1;B01
201700011092;0;30;0;0;2;1;17;A01
201700011092;0;7;0;0;2;8;15;B01
201700011093;1;7;0;0;2;4;2;B01
201700011093;1;7;0;0;2;1;2;A01
201700011094;0;7;0;0;1;1;1;Z01
201700011095;1;7;0;0;2;4;2;B01
201700011095;1;7;0;0;2;1;2;A01
201700011096;0;7;0;0;2;6;0;A01
201700011096;0;17;0;0;2;1;1;B01
201700011097;0;7;0;0;2;1;2;A01
201700011097;0;32;0;0;2;4;1;B01
201700011098;0;7;0;0;1;0;0;A01
201700011099;0;7;0;0;2;3;15;A01
201700011099;0;30;0;0;2;1;1;B01
201700011100;0;7;0;0;2;1;2;Z01
201700011100;0;7;0;0;2;4;2;A01
201700011101;0;7;0;0;2;1;13;A01
201700011101;0;7;0;0;2;1;1;B01
201700011102;0;7;0;0;2;3;1;A01
201700011102;0;7;0;0;0;0;0;B01
201700011103;0;7;0;0;1;3;2;A01
201700011104;0;10;0;0;2;1;2;A01
201700011104;0;14;0;0;2;4;2;B01
201700011105;0;7;0;3;0;1;13;A01
201700011106;0;7;0;0;2;4;23;A01
201700011106;0;7;0;0;2;1;1;Z01
201700011107;0;7;0;0;2;6;15;B01
201700011107;0;33;0;0;2;1;0;A01
201700011108;1;7;0;0;2;1;2;A01
201700011108;1;1;0;0;2;4;2;B01
201700011109;0;33;0;0;2;1;2;A01
201700011109;0;15;0;0;2;6;2;B01
201700011110;0;7;0;4;2;3;1;B01
201700011110;0;17;0;0;2;5;17;A01
201700011111;0;7;0;0;2;2;15;A01
201700011111;0;33;0;0;2;1;1;B01
201700011112;0;7;0;0;2;4;23;B01
201700011112;0;7;0;0;2;1;2;A01
201700011113;1;7;0;8;0;1;1;A01