num_acc;senc;catv;occutc;obs;obsm;choc;manv;num_veh
201700011114;0;7;0;4;2;6;11;B01
201700011114;0;7;0;0;2;2;1;A01
201700011115;0;7;0;0;1;1;15;A01
201700011116;1;7;0;0;1;1;15;A01
201700011117;1;14;0;0;2;1;2;A01
201700011117;1;7;0;0;2;4;2;B01
201700011118;1;7;0;0;2;1;15;A01
201700011118;1;33;0;0;2;1;23;B01
201700011119;0;34;0;0;1;1;1;A01
201700011120;0;7;0;0;1;3;16;A01
201700011121;0;7;0;13;0;1;1;A01
201700011122;0;2;0;0;2;2;15;A01
201700011122;0;7;0;0;2;8;15;B01
201700011123;0;7;0;0;2;3;1;B01
201700011123;0;7;0;0;2;3;13;A01
201700011124;0;7;0;0;2;1;13;A01
201700011124;0;7;0;0;2;1;1;B01
201700011125;0;99;0;0;2;1;1;A01
201700011125;0;7;0;0;2;4;23;B01
201700011126;0;7;0;0;2;1;17;A01
201700011126;0;7;0;0;2;1;1;B01
201700011127;1;7;0;8;0;1;1;A01
201700011128;1;7;0;0;2;1;1;B01
201700011128;1;7;0;0;2;1;1;C01
201700011128;1;10;0;0;2;1;1;D01
201700011128;1;10;0;7;2;2;15;A01
201700011129;1;31;0;0;2;4;2;C01
201700011129;1;7;0;0;2;1;2;A01
201700011129;1;7;0;0;2;4;2;D01
201700011129;1;7;0;0;2;4;2;B01
201700011130;0;7;0;8;0;1;15;A01
201700011131;1;7;0;8;0;1;13;A01
201700011132;0;33;0;8;0;1;13;A01
201700011133;0;7;0;0;2;3;1;B01
201700011133;0;7;0;0;2;5;13;A01
201700011134;1;7;0;0;0;9;17;A01
201700011135;2;7;0;0;1;2;1;A01
201700011136;1;7;0;0;9;1;1;A01
201700011136;2;1;0;0;2;6;19;B01
201700011137;1;7;0;0;2;5;15;B01
201700011137;1;31;0;0;2;8;9;A01
201700011138;1;33;0;0;2;1;17;B01
201700011138;1;10;0;0;2;3;15;A01
201700011139;0;7;0;1;0;1;19;A01
201700011140;2;33;0;0;2;1;1;B01
201700011140;1;7;0;0;2;7;10;A01
201700011141;1;33;0;0;1;1;21;A01
201700011142;1;7;0;13;0;1;2;A01
201700011143;2;7;0;0;1;1;13;A01
201700011144;1;7;0;0;2;2;15;A01
201700011144;2;31;0;0;2;1;1;B01
201700011145;1;7;0;0;2;1;13;A01
201700011145;2;7;0;0;2;1;1;B01
201700011146;0;7;0;6;0;2;1;A01
201700011147;0;7;0;0;2;1;1;B01
201700011147;0;7;0;6;2;8;9;A01
201700011148;0;7;0;0;2;3;13;A01
201700011148;0;33;0;0;2;1;1;B01
201700011149;0;7;0;0;2;7;9;A01
201700011149;0;7;0;0;2;1;1;B01
201700011150;0;7;0;9;0;1;1;A01
201700011151;0;7;0;0;2;2;0;B01
201700011151;0;34;0;0;2;1;15;A01
201700011152;0;7;0;0;1;2;1;A01
201700011153;0;7;0;0;2;9;1;B01
201700011153;0;7;0;0;2;9;0;A01
201700011154;0;33;0;4;0;1;1;A01
201700011155;0;7;0;0;2;3;1;A01
201700011155;0;10;0;0;2;3;1;B01
201700011156;0;7;0;13;0;9;1;A01
201700011157;0;35;0;6;0;1;1;A01
201700011158;0;7;0;0;1;1;1;A01
201700011159;0;7;0;0;2;2;1;B01
201700011159;0;7;0;0;2;3;15;A01
201700011160;0;7;0;0;2;9;21;B01
201700011160;0;7;0;0;2;3;13;A01
201700011161;0;33;0;1;0;9;1;A01
201700011162;0;2;0;0;2;1;1;A01
201700011162;0;7;0;0;2;7;15;B01
201700011163;0;33;0;0;2;1;1;B01
201700011163;0;7;0;0;2;8;19;A01
201700011164;0;7;0;0;2;3;13;B01
201700011164;0;2;0;0;2;0;1;A01
201700011165;0;7;0;0;2;1;17;A01
201700011165;0;7;0;0;2;1;1;B01
201700011166;1;15;0;0;2;1;2;A01
201700011166;1;7;0;0;2;2;2;B01
201700011166;1;7;0;0;2;4;2;C01
201700011167;1;7;0;0;1;3;1;A01
201700011168;0;7;0;0;2;1;1;A01
201700011168;0;7;0;0;2;4;1;B01
201700011169;0;7;0;0;2;3;1;B01
201700011169;0;7;0;0;2;3;15;A01
201700011170;0;7;0;0;2;3;15;A01
201700011170;0;30;0;0;2;3;1;B01
201700011171;1;7;0;0;2;8;2;C01
201700011171;1;7;0;4;2;5;10;A01
201700011171;1;7;0;0;2;1;1;B01
201700011172;1;32;0;0;2;7;17;A01
201700011172;1;14;0;0;2;8;1;B01
201700011172;2;10;0;12;0;0;15;C01
201700011173;1;7;0;0;2;1;1;A01
201700011173;1;7;0;0;2;4;1;B01
201700011174;0;7;0;0;2;3;1;A01
201700011174;0;7;0;0;2;8;1;B01
201700011175;0;7;0;0;2;7;15;A01
201700011175;0;33;0;0;2;1;1;B01
201700011176;0;7;0;0;2;1;15;A01
201700011176;1;31;0;0;0;7;1;B01
201700011177;1;7;0;12;0;3;13;A01
201700011178;1;34;0;0;0;0;1;B01
201700011178;1;7;0;0;0;0;0;A01
201700011179;0;7;0;0;0;0;0;A01
201700011180;0;7;0;0;2;0;11;B01
201700011180;1;10;0;0;2;2;17;A01
201700011181;0;7;0;0;2;1;2;A01
201700011181;0;7;0;0;2;4;2;B01
201700011182;2;1;0;0;2;1;1;B01
201700011182;2;10;0;0;2;2;16;A01
201700011183;1;7;0;0;0;0;0;A01
201700011184;0;7;0;3;0;3;1;A01
201700011185;2;7;0;3;0;1;16;A01
201700011186;0;30;0;0;2;1;17;A01
201700011186;0;7;0;0;2;8;15;B01
201700011187;1;7;0;0;2;3;15;A01
201700011187;1;99;0;0;2;2;1;B01
201700011188;0;7;0;0;2;0;2;A01
201700011188;0;7;0;0;0;6;2;B01
201700011189;1;7;0;0;2;6;2;A01
201700011190;0;3;0;0;2;9;15;A01
201700011190;0;7;0;0;2;1;1;B01
201700011191;0;7;0;0;2;6;0;B01
201700011191;0;7;0;0;2;0;0;C01
201700011191;1;7;0;1;0;5;13;A01
201700011192;0;7;0;0;2;2;2;A01
201700011192;0;7;0;0;2;9;0;C01
201700011192;0;7;0;0;2;9;2;B01
201700011192;0;7;0;0;0;4;2;D01
201700011193;0;7;0;0;2;1;2;A01
201700011193;0;7;0;0;2;9;2;B01
201700011193;0;7;0;0;0;4;2;C01
201700011194;0;7;0;15;0;2;0;A01
201700011195;0;3;0;0;2;3;16;A01
201700011195;0;38;0;0;2;7;15;B01
201700011196;1;7;0;0;1;3;1;A01
201700011197;0;7;0;0;2;2;2;A01
201700011197;0;7;0;0;0;6;16;B01
201700011198;1;33;0;0;2;1;17;A01
201700011198;1;7;0;0;2;1;19;B01
201700011199;0;7;0;0;2;0;0;A01
201700011199;2;7;0;0;2;6;0;B01
201700011200;0;31;0;0;2;5;15;B01
201700011200;0;7;0;0;0;0;0;A01
201700011201;1;7;0;3;2;4;2;B01
201700011201;1;7;0;0;2;9;2;A01
201700011202;0;7;0;4;2;5;23;B01
201700011202;0;7;0;14;0;1;1;A01
201700011203;0;7;0;13;0;9;0;A01
201700011204;2;7;0;3;0;1;1;A01
201700011205;0;7;0;0;2;1;1;B01
201700011205;0;7;0;0;2;3;15;A01
201700011206;0;7;0;0;2;4;2;B01
201700011206;0;7;0;0;2;1;2;A01
201700011207;0;7;0;0;2;5;20;A01
201700011207;0;33;0;0;2;3;0;B01
201700011208;1;30;0;0;1;1;0;A01
201700011209;0;7;0;0;2;6;15;A01
201700011209;0;2;0;0;2;2;1;B01
201700011210;0;7;0;2;0;9;1;A01
201700011211;1;7;0;0;2;1;2;A01
201700011211;1;7;0;0;2;4;2;C01
201700011211;1;7;0;0;2;1;2;B01
201700011212;2;7;0;0;2;2;15;A01
201700011212;1;2;0;0;2;1;2;B01
201700011213;0;7;0;0;2;4;2;B01
201700011213;0;7;0;0;2;1;2;A01
201700011214;0;7;0;0;1;3;1;A01
201700011215;1;7;0;0;2;1;1;A01
201700011215;1;7;0;0;2;7;1;B01
201700011216;1;7;0;0;0;4;2;B01
201700011216;1;7;0;0;2;1;2;A01
201700011217;0;33;0;0;2;1;1;B01
201700011217;0;7;0;0;2;6;15;A01
201700011217;0;7;0;0;9;1;23;C01
201700011218;0;7;0;0;0;0;0;A01
201700011219;0;33;0;0;1;1;0;A01
201700011220;0;7;0;0;2;1;2;A01
201700011220;0;7;0;0;2;4;2;B01
201700011220;0;7;0;0;0;4;15;C01
201700011221;0;7;0;0;2;1;2;A01
201700011221;0;7;0;0;0;4;15;B01
201700011222;0;33;0;0;2;7;17;B01
201700011222;2;7;0;0;2;3;15;A01
201700011223;2;20;0;0;2;8;1;B01
201700011223;1;7;0;0;2;1;1;A01
201700011224;1;7;0;0;2;4;2;B01
201700011224;1;7;0;0;2;1;2;A01
201700011225;2;7;0;0;0;0;1;A01
201700011226;1;7;0;0;9;2;15;A01
201700011226;1;32;0;0;2;1;1;B01
201700011227;0;7;0;0;0;3;1;A01
201700011227;0;7;0;0;0;1;1;B01
201700011228;0;7;0;0;2;4;2;B01
201700011228;0;7;0;0;2;1;2;A01
201700011228;0;7;0;0;2;4;2;C01
201700011229;0;33;0;0;2;1;1;B01
201700011229;0;10;0;0;2;3;15;A01
201700011230;2;7;0;0;2;1;2;A01
201700011230;2;7;0;0;2;4;2;B01
201700011231;0;7;0;0;2;4;15;B01
201700011231;0;7;0;0;2;1;2;A01
201700011232;0;32;0;0;0;8;1;A01
201700011233;2;32;0;0;2;3;1;B01
201700011233;1;7;0;0;2;3;15;A01
201700011234;0;7;0;0;2;2;1;B01
201700011234;0;7;0;0;2;5;15;A01
201700011235;0;31;0;0;2;1;1;B01
201700011235;0;7;0;0;2;1;15;A01
201700011236;1;7;0;0;2;4;1;B01
201700011236;1;7;0;0;2;1;1;A01
201700011236;1;7;0;0;2;4;1;C01
201700011237;1;7;0;0;2;8;15;A01
201700011237;1;37;0;0;2;2;13;B01
201700011238;1;7;0;0;2;1;2;A01
201700011238;1;7;0;0;2;4;2;C01
201700011238;1;7;0;0;2;4;2;B01
201700011239;1;2;0;0;2;1;17;A01
201700011239;1;7;0;0;2;6;15;B01
201700011240;0;7;0;13;0;4;1;B01
201700011240;0;7;0;0;2;1;1;A01
201700011241;1;7;0;13;0;9;1;A01
201700011242;1;7;0;0;2;1;1;A01
201700011242;1;7;0;0;2;0;0;B01
201700011243;0;10;0;0;2;1;1;B01
201700011243;0;7;0;0;2;1;1;A01
201700011244;0;7;0;0;0;0;0;A01
201700011245;0;7;0;0;2;4;2;B01
201700011245;0;7;0;0;2;1;1;A01
201700011246;1;7;0;0;2;1;2;A01
201700011246;1;7;0;0;2;4;1;B01
201700011247;1;7;0;0;1;2;1;A01
201700011248;1;7;0;0;2;6;2;B01
201700011248;1;7;0;0;2;1;9;A01
201700011248;1;7;0;0;2;4;2;C01
201700011249;0;7;0;0;2;5;1;B01
201700011249;0;32;0;0;2;3;21;A01
201700011250;1;30;0;0;2;1;1;B01
201700011250;2;7;0;0;2;2;15;A01
201700011251;1;7;0;0;2;1;1;A01
201700011251;2;7;0;0;2;8;1;C01
201700011251;1;7;0;0;0;0;0;B01
201700011252;1;7;0;0;2;2;2;B01
201700011252;1;7;0;0;2;1;15;A01
201700011253;1;7;0;0;2;4;2;B01
201700011253;1;10;0;0;2;5;2;C01
201700011253;0;10;0;0;0;0;0;Z01
201700011254;1;7;0;0;1;4;4;A01
201700011255;0;7;0;0;2;4;2;A01
201700011255;0;7;0;0;2;4;2;B01
201700011256;1;33;0;0;0;2;1;A01
201700011257;1;7;0;0;2;6;18;A01
201700011257;1;17;0;0;2;2;16;B01
201700011258;1;10;0;0;2;3;15;A01
201700011258;1;7;0;0;2;2;2;B01
201700011259;0;7;0;0;2;3;2;B01
201700011259;0;14;0;0;2;2;12;A01
201700011260;1;33;0;0;2;0;17;A01
201700011260;1;10;0;0;2;8;15;B01
201700011261;1;7;0;0;1;2;1;A01
201700011262;1;7;0;0;2;1;2;A01
201700011262;1;7;0;0;0;4;2;B01
201700011263;0;7;0;0;2;0;0;Z01
201700011263;1;7;0;15;2;6;1;B01
201700011264;0;7;0;0;2;1;2;A01
201700011264;0;7;0;0;2;4;1;B01
201700011264;0;7;0;0;2;4;1;C01
201700011265;1;7;0;14;0;1;1;A01
201700011266;1;7;0;0;2;2;1;B01
201700011266;1;7;0;0;2;6;9;A01
201700011267;0;7;0;0;2;3;15;B01
201700011267;0;33;0;0;0;0;0;A01
201700011268;0;7;0;0;1;8;15;A01
201700011269;1;7;0;0;1;1;15;A01
201700011270;1;7;0;0;0;4;2;B01
201700011270;1;7;0;0;0;0;2;C01
201700011270;1;33;0;0;2;1;2;A01
201700011271;0;7;0;0;2;4;23;B01
201700011271;0;7;0;0;2;1;1;A01
201700011272;1;3;0;0;2;1;2;A01
201700011272;1;7;0;0;2;4;1;B01
201700011273;0;7;0;0;2;8;13;B01
201700011273;1;33;0;0;2;7;2;A01
201700011274;0;7;0;0;0;0;0;Z01
201700011274;0;7;0;0;2;9;1;B01
201700011274;0;7;0;0;2;3;1;C01
201700011275;1;10;0;0;1;1;0;A01
201700011276;0;33;0;0;2;0;21;B01
201700011276;0;10;0;0;2;8;15;A01
201700011277;0;7;0;10;2;2;15;B01
201700011277;0;7;0;8;2;2;19;A01
201700011278;1;7;0;0;2;1;1;A01
201700011278;1;10;0;0;2;4;1;B01
201700011279;0;7;0;0;2;1;1;A01
201700011279;0;7;0;0;2;8;0;B01
201700011280;1;3;0;15;0;3;13;A01
201700011281;2;7;0;0;1;3;1;A01
201700011282;1;7;0;0;1;3;18;A01
201700011283;1;99;0;0;2;1;1;A01
201700011283;1;7;0;0;2;8;15;B01
201700011284;1;7;0;0;2;1;2;A01
201700011284;1;7;0;0;2;4;2;B01
201700011284;1;7;0;0;2;4;1;C01
201700011285;2;7;0;0;2;8;1;B01
201700011285;1;7;0;0;2;1;15;A01
201700011286;1;7;0;6;0;1;0;A01
201700011287;1;7;0;8;2;2;10;A01
201700011287;0;7;0;0;2;2;21;B01
201700011288;1;33;0;0;2;2;1;B01
201700011288;1;7;0;0;2;3;9;A01
201700011289;1;7;0;0;2;1;13;A01
201700011289;2;7;0;0;2;1;1;B01
201700011290;1;7;0;0;2;1;16;A01
201700011290;1;7;0;0;2;3;23;B01
201700011291;2;7;0;0;2;3;1;B01
201700011291;1;7;0;0;2;2;13;A01
201700011292;2;7;0;0;2;1;5;A01
201700011292;1;7;0;0;2;0;0;C01
201700011292;1;7;0;0;2;1;0;B01
201700011293;1;33;0;0;2;0;13;A01
201700011293;2;31;0;0;2;1;0;B01
201700011294;1;7;0;0;2;3;1;B01
201700011294;2;7;0;0;2;1;15;A01
201700011295;1;34;0;0;2;7;1;B01
201700011295;2;7;0;0;2;2;9;A01
201700011296;2;7;0;0;2;8;17;A01
201700011296;1;7;0;0;2;8;2;B01
201700011297;1;33;0;0;0;8;1;A01
201700011297;2;7;0;0;0;0;2;T01
201700011298;1;7;0;0;2;4;2;B01
201700011298;1;7;0;0;2;1;2;A01
201700011298;1;7;0;0;2;4;0;C01
201700011298;1;7;0;0;2;4;2;D01
201700011299;1;7;0;0;2;3;9;A01
201700011299;0;33;0;0;2;7;15;B01
201700011300;1;7;0;0;2;4;1;B01
201700011300;0;7;0;0;2;1;2;A01
201700011301;0;7;0;0;2;3;15;A01
201700011301;0;7;0;0;2;2;17;B01
201700011302;0;7;0;0;2;8;19;B01
201700011302;0;7;0;0;2;1;19;A01
201700011303;0;2;0;12;0;1;1;A01
201700011304;0;7;0;0;2;0;1;Z01
201700011304;1;2;0;0;2;2;2;B01
201700011305;1;7;0;8;2;1;1;A01
201700011305;1;7;0;0;2;0;0;B01
201700011306;1;7;0;0;2;9;2;B01
201700011306;0;7;0;0;2;7;2;C01
201700011306;1;7;0;0;2;1;19;A01
201700011307;1;7;0;0;2;1;1;B01
201700011307;1;7;0;0;2;7;19;A01
201700011308;1;10;0;0;1;2;2;A01
201700011309;1;7;0;1;0;2;9;A01
201700011309;1;38;0;0;2;6;24;B01
201700011310;1;33;0;0;2;3;1;A01
201700011310;2;7;0;0;2;3;15;B01
201700011311;2;33;0;0;2;1;1;B01
201700011311;2;7;0;0;2;8;10;A01
201700011312;1;7;0;15;0;9;15;A01
201700011313;1;7;0;0;2;3;16;A01
201700011313;1;7;0;0;2;2;1;B01
201700011314;0;37;0;0;2;7;15;A01
201700011314;0;7;0;0;2;1;2;B01
201700011315;1;7;0;0;1;1;1;A01
201700011316;1;7;0;0;2;8;15;A01
201700011316;1;33;0;0;2;2;2;B01
201700011317;2;7;0;0;1;1;1;A01
201700011318;1;7;0;0;2;1;15;A01
201700011318;2;7;0;0;2;1;2;B01
201700011319;1;30;0;0;2;1;18;A01
201700011319;0;7;0;0;2;6;9;B01
201700011320;1;7;0;0;0;0;0;M01
201700011321;1;7;0;0;2;2;15;A01
201700011321;2;30;0;0;2;1;1;B01
201700011322;0;7;0;2;0;3;14;A01
201700011323;0;7;0;0;2;4;0;B01
201700011324;1;7;0;0;2;2;19;B01
201700011324;1;33;0;0;2;1;19;A01
201700011325;1;7;0;0;1;3;1;A01
201700011326;1;30;0;1;0;1;1;A01
201700011326;1;10;0;0;2;4;23;B01
201700011327;1;15;0;0;2;3;11;A01
201700011327;1;7;0;0;2;2;1;B01
201700011328;1;7;0;0;2;3;15;B01
201700011328;1;31;0;0;2;1;17;A01
201700011329;1;7;0;0;2;1;19;A01
201700011329;2;7;0;0;2;8;1;B01
201700011330;1;7;0;0;2;8;10;A01
201700011330;1;31;0;0;2;2;17;B01
201700011331;1;7;0;0;2;4;2;B01
201700011331;1;7;0;0;2;1;2;A01
201700011331;1;7;0;0;2;4;2;C01
201700011332;1;7;0;0;2;6;1;B01
201700011332;1;7;0;0;2;1;17;A01
201700011333;2;7;0;0;2;4;1;B01
201700011333;2;7;0;0;2;4;1;A01
201700011334;1;7;0;0;1;2;1;A01
201700011335;0;7;0;0;2;4;2;C01
201700011335;0;7;0;0;2;4;2;B01
201700011335;0;7;0;0;2;1;2;A01
201700011336;1;7;0;0;1;1;1;A01
201700011337;1;7;0;0;2;3;17;A01
201700011337;1;7;0;0;2;6;2;C01
201700011337;2;7;0;0;2;1;1;B01
201700011338;1;7;0;4;0;2;14;A01
201700011339;1;33;0;0;2;2;17;B01
201700011339;1;7;0;0;2;3;13;A01
201700011340;1;10;0;0;2;2;2;A01
201700011340;1;7;0;0;2;6;2;B01
201700011341;1;7;0;0;1;1;1;A01
201700011342;1;7;0;0;2;1;2;A01
201700011342;1;7;0;0;2;4;1;B01
201700011343;2;7;0;0;0;0;0;A01
201700011344;2;7;0;0;2;1;2;A01
201700011344;2;17;0;0;0;4;0;B01
201700011345;2;7;0;0;2;2;2;A01
201700011345;2;7;0;0;2;6;1;B01
201700011346;1;7;0;0;2;1;2;A01
201700011346;1;7;0;0;2;4;2;B01
201700011347;2;7;0;0;2;1;2;A01
201700011347;2;17;0;0;2;4;1;B01
201700011348;2;14;0;1;1;2;14;A01
201700011349;1;17;0;0;2;3;1;C01
201700011349;1;10;0;0;2;4;2;B01
201700011349;1;7;0;0;2;1;2;A01
201700011350;2;15;0;0;0;6;1;B01
201700011350;2;7;0;0;2;1;14;A01
201700011351;1;10;0;0;2;3;21;A01
201700011351;1;7;0;0;2;5;2;B01
201700011351;1;7;0;4;0;8;21;C01
201700011351;1;7;0;0;0;2;1;D01
201700011351;1;10;0;0;0;4;1;E01
201700011352;1;7;0;0;9;1;1;A01
201700011353;2;7;0;0;2;1;2;A01
201700011353;2;7;0;0;0;4;2;B01
201700011354;1;7;0;0;6;3;1;A01
201700011355;1;7;0;4;0;3;1;A01
201700011356;1;7;0;4;0;1;21;A01
201700011357;1;7;0;0;2;1;1;A01
201700011357;1;15;0;0;2;5;1;B01
201700011358;2;7;0;0;2;1;12;A01
201700011358;2;17;0;0;0;4;1;B01
201700011359;1;7;0;0;2;1;2;A01
201700011359;1;7;0;0;0;4;2;B01
201700011360;1;7;0;0;2;1;2;A01
201700011360;1;7;0;0;0;4;2;B01
201700011361;2;17;0;0;2;1;1;D01
201700011361;2;7;0;0;2;7;1;A01
201700011361;2;7;0;0;2;4;1;C01
201700011361;2;17;0;0;2;3;1;B01
201700011362;2;17;0;0;0;5;1;A01
201700011362;2;10;0;3;2;3;2;B01
201700011363;2;7;0;0;0;4;1;A01
201700011363;2;7;0;0;2;4;2;B01
201700011363;2;7;0;0;2;4;2;C01
201700011363;2;7;0;0;2;1;2;D01
201700011363;2;7;0;0;0;4;1;E01
201700011363;2;33;0;0;0;4;2;F01
201700011363;2;33;0;0;2;1;2;G01
201700011364;1;10;0;0;2;1;2;A01
201700011364;1;7;0;0;0;4;2;B01
201700011365;1;7;0;4;0;3;13;A01
201700011366;2;7;0;16;0;0;1;A01
201700011367;1;7;0;4;0;1;2;A01
201700011367;1;7;0;0;2;1;1;B01
201700011368;1;17;0;0;2;1;2;A01
201700011368;1;17;0;0;2;1;2;B01
201700011368;1;17;0;0;2;4;23;C01
201700011368;1;17;0;0;0;4;23;D01
201700011369;2;7;0;0;2;1;2;A01
201700011369;2;17;0;0;0;4;23;B01
201700011370;2;7;0;0;2;1;2;A01
201700011370;2;7;0;0;2;4;2;B01
201700011370;2;10;0;0;0;4;1;C01
201700011371;1;33;0;0;2;8;11;A01
201700011371;1;7;0;0;2;7;17;B01
201700011372;2;10;0;0;2;2;11;B01
201700011372;1;7;0;0;2;2;11;A01
201700011373;1;1;0;0;0;0;1;B01
201700011373;2;33;0;8;2;9;1;A01
201700011374;2;33;0;0;0;1;17;A01
201700011375;2;7;0;0;2;4;1;B01
201700011375;2;7;0;0;2;1;1;A01
201700011376;1;1;0;0;2;8;13;A01
201700011376;2;7;0;0;0;6;1;B01
201700011377;2;33;0;5;0;2;14;A01
201700011378;1;7;0;0;0;4;1;A01
201700011378;1;10;0;0;2;1;2;B01
201700011379;1;33;0;0;0;0;14;A01
201700011380;1;7;0;0;2;1;13;A01
201700011380;2;7;0;0;0;0;21;C01
201700011380;2;7;0;0;2;1;1;B01
201700011381;2;7;0;0;2;1;2;B01
201700011381;2;7;0;0;0;4;2;A01
201700011382;1;7;0;13;0;1;16;A01
201700011383;2;7;0;3;2;2;14;A01
201700011383;2;17;0;0;0;6;1;B01
201700011384;2;10;0;0;2;1;1;A01
201700011384;2;7;0;4;2;4;0;B01
201700011385;1;7;0;0;2;4;1;B01
201700011385;1;7;0;0;2;1;1;A01
201700011386;0;1;0;0;2;1;13;B01
201700011386;0;7;0;0;2;2;1;A01
201700011387;2;33;0;1;2;9;21;B01
201700011387;2;7;0;0;2;2;9;A01
201700011388;0;7;0;0;2;1;1;C01
201700011388;0;7;0;0;2;4;2;B01
201700011388;0;7;0;0;0;4;2;A01
201700011388;0;7;0;0;0;4;2;D01
201700011389;1;7;0;0;2;2;5;Z01
201700011389;2;7;0;0;2;2;1;A01
201700011390;1;7;0;0;2;4;4;A01
201700011390;0;33;0;0;2;1;23;B01
201700011391;1;10;0;0;2;4;2;B01
201700011391;1;7;0;0;2;1;1;A01
201700011392;2;7;0;0;2;2;1;A01
201700011392;2;7;0;0;2;8;1;C03
201700011392;2;7;0;0;2;8;1;B02
201700011392;2;7;0;0;2;4;1;D04
201700011393;1;7;0;15;0;0;1;A01
201700011394;2;7;0;4;0;8;17;A01
201700011395;1;7;0;0;0;0;1;B01
201700011395;1;7;0;0;2;0;11;A01
201700011396;0;7;0;3;0;2;1;A01
201700011397;2;7;0;13;0;5;14;A01
201700011398;2;17;0;13;0;5;1;A01
201700011399;1;17;0;16;0;7;1;A01
201700011400;1;7;0;13;0;5;1;B01
201700011400;1;7;0;0;2;3;2;A01
201700011400;1;38;2;0;0;5;23;C01
201700011401;1;7;0;3;0;3;1;A01
201700011402;1;7;0;0;0;5;17;A01
201700011402;1;7;0;0;0;0;13;B01
201700011403;1;10;0;3;0;2;1;A01
201700011404;2;7;0;0;2;1;13;A01
201700011404;1;17;0;0;2;1;21;B01
201700011405;1;7;0;0;0;4;23;A01
201700011405;1;17;0;1;0;1;1;B01
201700011406;2;14;0;0;9;7;18;A01
201700011406;2;1;0;0;9;8;0;B01
201700011407;1;17;0;13;0;2;1;A01
201700011408;1;7;0;8;0;1;0;A01
201700011409;1;7;0;0;2;3;13;A01
201700011409;2;7;0;0;2;3;1;B01
201700011410;2;2;0;0;2;1;17;A01
201700011410;1;7;0;0;2;2;1;B01
201700011411;1;7;0;13;0;1;14;A01
201700011412;1;7;0;0;2;3;13;A01
201700011412;2;14;0;0;2;3;1;B01
201700011413;1;21;0;0;2;8;15;A01
201700011413;1;33;0;0;2;1;1;B01
201700011414;2;7;0;13;0;3;1;A01
201700011415;2;17;0;0;2;3;1;A01
201700011415;1;7;0;0;2;1;1;C01
201700011416;1;7;0;16;0;9;1;A01
201700011417;2;1;0;0;2;1;14;B01
201700011417;2;7;0;0;2;3;2;A01
201700011418;2;7;0;0;2;2;15;A01
201700011418;1;1;0;0;2;1;1;B01
201700011419;2;7;0;0;2;1;15;A01
201700011419;1;7;0;0;2;3;1;B01
201700011420;1;7;0;0;1;3;1;A01
201700011421;1;1;0;0;0;7;1;A01
201700011421;1;7;0;0;2;8;24;B01
201700011422;1;7;0;0;1;2;1;A01
201700011423;1;10;0;0;2;1;1;A01
201700011423;1;17;0;0;2;6;1;B01
201700011424;2;7;0;13;0;9;1;A01
201700011425;2;7;0;13;0;1;1;A01
201700011426;1;7;0;0;0;8;13;B01
201700011426;1;33;0;0;2;1;17;A01
201700011427;1;7;0;13;0;3;21;A01
201700011428;1;7;0;3;0;7;0;A01
201700011429;1;7;0;3;0;3;1;A01
201700011430;0;7;0;0;1;2;15;A01
201700011431;0;1;0;0;2;3;1;B01
201700011431;0;7;0;0;9;2;1;A01
201700011432;1;7;0;2;0;1;0;A01
201700011433;2;7;0;0;2;1;0;B01
201700011433;1;7;0;1;2;2;13;A01
201700011434;0;7;0;1;1;7;1;A01
201700011435;2;33;0;0;2;1;1;B01
201700011435;1;14;0;0;2;3;15;A01
201700011436;0;30;0;0;2;8;19;A01
201700011436;0;33;0;0;2;1;1;B01
201700011437;0;7;0;0;0;7;1;A01
201700011437;0;2;0;0;2;1;1;B01
201700011438;1;7;0;2;0;3;1;A01
201700011439;1;7;0;0;1;3;1;A01
201700011440;2;7;0;0;1;3;1;A01
201700011441;0;7;0;0;1;1;1;Z01
201700011442;0;7;0;0;1;2;1;A01
201700011443;0;7;0;0;1;2;16;A01
201700011444;0;2;0;0;2;1;1;A01
201700011444;0;7;0;0;2;3;1;B01
201700011445;0;7;0;0;1;2;1;A01
201700011446;0;7;0;0;1;3;1;A01
201700011447;0;7;0;0;2;7;10;A01
201700011447;0;33;0;0;2;1;1;B01
201700011448;0;30;0;0;2;3;1;A01
201700011448;0;10;0;0;2;2;15;B01
201700011449;1;33;0;0;2;1;1;A01
201700011449;1;7;0;0;2;3;15;B01
201700011450;0;7;0;0;2;2;15;A01
201700011450;0;33;0;0;2;1;1;B01
201700011451;0;7;0;0;1;3;1;A01
201700011452;1;7;0;0;1;1;1;A01
201700011453;1;33;0;0;2;1;17;B01
201700011453;1;7;0;0;2;3;15;A01
201700011454;1;7;0;0;1;1;1;A01
201700011454;1;7;0;0;1;1;1;B01
201700011455;1;7;0;0;2;4;15;B01
201700011455;1;10;0;0;2;1;1;A01
201700011456;1;7;0;0;2;3;11;A01
201700011456;1;33;0;0;2;7;1;B01
201700011457;1;7;0;0;9;2;0;A01
201700011457;2;1;0;0;2;3;19;Y01
201700011458;0;7;0;2;0;0;0;A01
201700011459;1;33;0;0;1;1;19;A01
201700011460;1;7;0;0;2;2;15;A01
201700011460;2;33;0;0;2;1;1;B01
201700011461;1;37;0;0;2;3;16;B01
201700011461;2;7;0;0;9;3;15;A01