num_acc;senc;catv;occutc;obs;obsm;choc;manv;num_veh
201700013475;0;7;0;0;2;3;1;A01
201700013476;2;7;0;0;2;1;13;A01
201700013476;0;7;0;0;2;1;1;B01
201700013477;2;7;0;0;2;7;15;A01
201700013477;1;7;0;0;2;1;1;B01
201700013478;1;7;0;0;2;3;13;A01
201700013478;2;7;0;0;2;3;1;B01
201700013479;1;33;0;0;6;1;0;A01
201700013480;1;15;0;13;0;0;19;A01
201700013481;2;7;0;2;0;3;13;A01
201700013481;1;15;0;0;0;0;21;B01
201700013482;0;10;0;0;1;6;15;A01
201700013483;1;33;0;0;6;1;1;A01
201700013484;2;7;0;16;0;9;13;A01
201700013485;0;7;0;0;1;1;1;A01
201700013486;0;7;0;0;2;1;21;B01
201700013486;0;7;0;0;2;1;13;A01
201700013487;1;7;0;15;0;1;14;A01
201700013488;1;33;0;0;0;1;1;A01
201700013489;2;33;0;0;0;0;1;A01
201700013490;2;2;0;0;5;1;1;A01
201700013491;1;7;0;13;0;1;1;A01
201700013492;2;7;0;0;2;1;1;B01
201700013492;0;7;0;8;2;7;19;A01
201700013493;0;10;0;6;0;1;1;A01
201700013494;2;7;0;0;0;9;19;A01
201700013495;2;7;0;0;2;3;10;A01
201700013495;1;7;0;0;2;1;1;B01
201700013496;1;7;0;12;0;3;1;B01
201700013496;2;7;0;12;0;3;9;A01
201700013497;0;7;0;6;0;1;1;A01
201700013498;1;7;0;8;0;3;0;A01
201700013499;1;7;0;0;2;1;17;A01
201700013499;1;15;0;0;2;3;15;B01
201700013500;1;7;0;13;0;2;0;A01
201700013501;2;7;0;0;2;8;15;A01
201700013501;2;33;0;0;2;1;17;B01
201700013502;1;14;0;2;0;1;1;A01
201700013503;1;7;0;2;0;1;1;A01
201700013504;2;7;0;0;9;1;1;A01
201700013505;1;7;0;6;0;1;1;A01
201700013506;0;7;0;6;0;1;5;A01
201700013507;1;7;0;0;2;3;0;A01
201700013507;2;17;0;0;2;3;1;B01
201700013508;1;17;0;13;0;8;1;A01
201700013509;2;7;0;2;0;0;1;A01
201700013510;2;36;0;0;2;1;1;A01
201700013510;2;33;0;0;2;2;1;B01
201700013511;1;33;0;0;2;1;17;A01
201700013511;1;7;0;0;0;4;15;B01
201700013512;2;7;0;13;0;1;1;A01
201700013513;1;7;0;16;0;3;18;A01
201700013514;2;7;0;13;0;1;1;A01
201700013515;1;7;0;13;0;3;1;A01
201700013516;1;7;0;0;5;1;1;A01
201700013516;2;7;0;0;5;0;23;B01
201700013517;2;33;0;0;2;4;16;A01
201700013517;2;33;0;0;0;3;23;B01
201700013518;2;7;0;2;0;8;0;A01
201700013519;2;7;0;13;0;2;14;A01
201700013520;0;7;0;6;0;2;1;A01
201700013521;2;7;0;0;2;2;15;A01
201700013521;1;7;0;0;2;3;1;B01
201700013522;2;7;0;0;2;1;2;A01
201700013522;2;7;0;0;2;4;2;B01
201700013523;2;10;0;0;2;3;19;A01
201700013523;2;10;0;0;2;2;1;B01
201700013524;1;33;0;15;0;8;16;A01
201700013525;1;7;0;0;2;8;17;A01
201700013525;2;7;0;0;2;1;1;B01
201700013526;1;33;0;13;0;2;1;A01
201700013527;2;7;0;6;0;1;0;A01
201700013528;2;7;0;2;2;3;13;A01
201700013528;2;7;0;0;2;1;1;B01
201700013528;1;17;0;0;2;3;1;C01
201700013529;2;7;0;13;0;1;17;A01
201700013530;2;33;0;0;2;8;13;A01
201700013530;1;7;0;0;2;8;1;B01
201700013531;0;7;0;0;1;1;1;A01
201700013532;1;7;0;6;0;3;6;A01
201700013533;1;7;0;2;0;8;1;A01
201700013534;2;7;0;0;0;9;0;A01
201700013535;2;7;0;0;2;3;15;A01
201700013535;1;10;0;0;2;2;1;B01
201700013536;2;33;0;0;0;9;1;A01
201700013537;0;7;0;6;0;1;2;A01
201700013538;1;7;0;2;0;1;13;A01
201700013539;2;7;0;0;2;2;1;A01
201700013539;1;7;0;0;2;1;1;B01
201700013540;2;7;0;0;2;1;13;A01
201700013540;1;7;0;0;2;1;1;B01
201700013541;1;7;0;0;1;3;16;A01
201700013542;1;7;0;6;0;2;1;A01
201700013543;2;7;0;2;0;7;3;A01
201700013544;2;7;0;2;0;1;14;A01
201700013545;1;7;0;2;0;7;1;A01
201700013546;1;7;0;0;2;3;1;A01
201700013546;2;7;0;0;2;3;1;B01
201700013547;2;7;0;2;0;2;1;A01
201700013548;1;7;0;0;2;5;2;A01
201700013548;1;33;0;0;2;1;2;B01
201700013549;2;2;0;0;2;1;5;A01
201700013549;1;7;0;0;2;3;1;B01
201700013550;1;7;0;0;0;1;13;A01
201700013551;1;33;0;6;0;8;1;A01
201700013552;2;7;0;16;0;1;14;A01
201700013553;2;14;0;0;9;3;1;A01
201700013553;1;1;0;0;2;1;16;B01
201700013554;2;7;0;0;2;1;15;A01
201700013554;1;7;0;0;2;7;1;B01
201700013555;1;7;0;2;0;1;1;A01
201700013556;1;7;0;2;0;1;1;A01
201700013557;2;7;0;2;0;1;1;A01
201700013558;2;7;0;0;2;2;1;A01
201700013558;1;7;0;0;2;3;1;B01
201700013559;0;7;0;6;0;1;1;A01
201700013560;2;7;0;0;2;3;13;A01
201700013560;1;7;0;0;2;3;1;B01
201700013561;2;7;0;6;0;1;1;A01
201700013562;1;7;0;2;0;2;1;A01
201700013563;1;1;0;1;0;1;2;A01
201700013563;1;13;0;14;0;6;23;B01
201700013564;2;7;0;2;0;5;1;A01
201700013565;1;2;0;0;0;0;21;A01
201700013566;2;7;0;2;0;1;5;A01
201700013567;1;10;0;0;2;3;10;A01
201700013567;1;10;0;0;2;2;1;B01
201700013568;1;7;0;13;0;2;1;A01
201700013569;0;1;0;0;1;1;5;A01
201700013570;2;7;0;0;2;1;0;A01
201700013570;1;7;0;0;2;3;0;B01
201700013570;1;7;0;0;2;1;2;C01
201700013571;0;7;0;2;0;8;14;A01
201700013572;0;7;0;0;2;1;0;A01
201700013572;0;7;0;0;0;7;1;B01
201700013573;1;7;0;0;2;5;15;A01
201700013573;2;33;0;0;2;1;1;B01
201700013574;1;7;0;0;0;3;0;A01
201700013574;2;7;0;6;0;3;0;B01
201700013575;1;7;0;6;0;2;1;A01
201700013576;1;7;0;8;0;3;1;A01
201700013577;1;14;0;16;0;8;1;A01
201700013578;0;7;0;0;1;4;20;A01
201700013579;1;7;0;6;2;1;0;A01
201700013579;2;7;0;6;2;1;1;B01
201700013579;1;7;0;14;0;0;1;C01
201700013580;2;3;0;0;2;1;2;A01
201700013580;2;7;0;0;0;4;1;B01
201700013581;1;7;0;6;0;1;1;A01
201700013582;1;7;0;0;0;0;1;A01
201700013583;1;7;0;7;2;3;17;A01
201700013583;2;7;0;0;2;1;1;B01
201700013584;2;7;0;0;2;1;2;A01
201700013584;2;7;0;0;0;4;2;B01
201700013585;0;7;0;0;2;2;15;A01
201700013585;0;2;0;0;2;1;1;B01
201700013586;1;31;0;11;0;1;6;A01
201700013587;1;7;0;9;0;1;1;A01
201700013588;2;7;0;0;9;2;1;A01
201700013588;2;1;0;0;2;1;19;B01
201700013589;2;33;0;15;0;1;0;A01
201700013590;0;7;0;2;0;1;1;A01
201700013591;1;7;0;0;1;2;1;A01
201700013592;0;33;0;0;0;0;0;A01
201700013593;0;1;0;0;2;1;0;A01
201700013593;0;7;0;0;2;2;0;B01
201700013594;0;7;0;0;1;0;0;A01
201700013595;0;7;0;6;0;1;1;A01
201700013596;0;7;0;0;2;1;1;A01
201700013596;0;33;0;0;2;7;1;B01
201700013597;0;2;0;0;0;2;1;A01
201700013598;2;2;0;2;2;7;17;A01
201700013598;2;7;0;2;2;7;17;B01
201700013599;2;7;0;7;2;1;2;A01
201700013599;2;7;0;0;0;6;1;B01
201700013600;2;7;0;6;0;2;1;A01
201700013601;2;7;0;0;2;2;15;A01
201700013601;1;30;0;0;2;8;1;B01
201700013602;0;7;0;0;1;4;4;A01
201700013603;1;7;0;2;0;1;1;A01
201700013604;1;7;0;0;9;2;2;A01
201700013604;1;1;0;0;2;4;2;B01
201700013605;2;3;0;0;1;1;23;A01
201700013606;1;10;0;2;0;7;1;A01
201700013607;2;33;0;0;0;8;1;A01
201700013608;1;7;0;0;2;1;17;A01
201700013608;1;7;0;0;2;8;15;B01
201700013609;1;33;0;0;0;3;1;A01
201700013610;2;33;0;0;2;3;15;A01
201700013610;1;33;0;0;2;1;1;B01
201700013611;2;7;0;2;0;8;1;A01
201700013612;1;7;0;0;2;3;1;B01
201700013612;2;7;0;0;2;1;13;A01
201700013613;1;33;0;13;0;7;1;A01
201700013614;1;7;0;0;2;3;13;A01
201700013614;2;7;0;0;2;3;2;C01
201700013614;1;7;0;16;0;0;21;D01
201700013614;2;7;0;0;2;3;1;B01
201700013615;1;21;0;0;2;7;15;A01
201700013615;2;7;0;0;2;1;1;B01
201700013616;2;7;0;13;0;1;1;A01
201700013617;1;31;0;13;0;1;1;A01
201700013618;1;7;0;0;2;8;15;B01
201700013618;1;33;0;0;2;1;17;A01
201700013619;1;30;0;0;2;8;1;A01
201700013619;2;21;0;0;2;3;1;B01
201700013620;2;7;0;0;1;3;1;A01
201700013621;1;36;0;13;0;1;1;A01
201700013622;2;10;0;6;0;1;1;A01
201700013623;2;30;0;0;2;1;1;A01
201700013623;2;7;0;0;2;5;23;B01
201700013624;1;7;0;0;2;3;13;A01
201700013624;2;7;0;0;2;3;1;B01
201700013625;1;7;0;0;2;3;13;A01
201700013625;2;7;0;0;2;3;1;B01
201700013626;1;7;0;13;0;2;1;A01
201700013627;2;33;0;5;0;8;1;A01
201700013628;1;7;0;0;2;3;1;A01
201700013628;2;7;0;0;2;3;1;B01
201700013629;1;7;0;3;0;7;1;A01
201700013630;1;7;0;0;1;4;4;A01
201700013631;1;36;0;0;0;0;1;A01
201700013632;1;7;0;0;0;4;16;B01
201700013632;1;14;0;0;2;1;2;A01
201700013633;2;7;0;0;2;1;1;A01
201700013633;1;21;0;0;2;3;1;B01
201700013634;1;1;0;14;0;1;1;A01
201700013635;2;7;0;0;2;3;13;A01
201700013635;1;7;0;0;2;8;1;B01
201700013635;1;7;0;0;2;1;2;C01
201700013636;2;30;0;15;0;0;17;A01
201700013637;1;7;0;16;0;1;1;A01
201700013638;1;7;0;0;2;3;1;B01
201700013638;2;33;0;0;2;1;13;A01
201700013639;1;7;0;0;2;1;1;B01
201700013639;2;30;0;0;2;1;15;A01
201700013640;1;33;0;0;2;1;1;B01
201700013640;1;10;0;0;2;7;19;A01
201700013641;1;7;0;13;0;2;1;A01
201700013642;2;30;0;12;0;8;1;A01
201700013643;1;36;0;16;0;0;1;A01
201700013644;2;7;0;13;0;9;1;A01
201700013645;1;7;0;2;0;3;1;A01
201700013646;1;7;0;13;0;3;1;A01
201700013647;2;7;0;0;2;3;1;B01
201700013647;1;7;0;0;2;3;17;A01
201700013648;2;7;0;0;2;3;13;A01
201700013648;1;7;0;0;2;3;1;B01
201700013649;1;99;0;0;2;1;1;A01
201700013649;2;99;0;0;2;1;1;B01
201700013650;2;17;0;0;2;6;1;B01
201700013650;1;7;0;0;2;3;1;A01
201700013651;1;30;0;0;2;1;13;A01
201700013651;2;7;0;0;2;3;1;B01
201700013652;1;7;0;0;1;6;20;A01
201700013653;2;7;0;13;0;9;1;A01
201700013654;1;7;0;0;1;1;15;A01
201700013655;1;7;0;15;0;3;1;A01
201700013656;2;33;0;13;0;9;13;A01
201700013657;1;7;0;0;0;7;1;A01
201700013658;1;7;0;8;0;1;19;A01
201700013659;1;7;0;2;0;7;1;A01
201700013660;2;17;0;0;2;1;1;B01
201700013660;1;7;0;13;2;3;1;C01
201700013660;1;7;0;0;2;8;19;A01
201700013661;1;7;0;2;0;8;1;A01
201700013662;1;7;0;0;1;2;1;A01
201700013663;2;7;0;0;2;7;17;A01
201700013663;2;1;0;0;0;8;1;B01
201700013664;1;7;0;3;2;1;2;C01
201700013664;2;7;0;0;2;3;13;A01
201700013664;1;7;0;0;2;7;1;B01
201700013665;1;7;0;0;2;2;1;B01
201700013665;2;30;0;0;2;1;13;A01
201700013666;1;7;0;13;2;2;17;A01
201700013666;2;7;0;0;2;2;1;B01
201700013667;1;7;0;13;0;1;1;A01
201700013668;1;7;0;15;0;8;1;A01
201700013669;1;7;0;0;0;9;1;A01
201700013670;1;7;0;0;2;3;1;B01
201700013670;2;7;0;0;2;3;13;A01
201700013671;1;7;0;0;1;1;1;A01
201700013672;1;2;0;0;2;1;1;B01
201700013672;1;7;0;0;2;2;19;A01
201700013673;2;21;0;0;2;8;1;B01
201700013673;1;30;0;0;2;8;21;A01
201700013674;2;7;0;3;2;2;13;A01
201700013674;1;7;0;3;2;3;2;C01
201700013674;1;7;0;3;2;3;1;B01
201700013675;2;7;0;15;0;7;1;A01
201700013676;1;7;0;0;2;2;1;A01
201700013676;1;1;0;0;2;2;19;B01
201700013677;1;7;0;3;0;7;1;A01
201700013678;2;10;0;0;2;1;1;B01
201700013678;2;7;0;0;2;1;23;C01
201700013678;1;10;0;0;2;2;15;A01
201700013679;1;7;0;0;2;1;1;B01
201700013679;2;7;0;13;2;7;13;A01
201700013680;1;7;0;13;2;3;21;D01
201700013680;1;17;0;0;2;8;1;B01
201700013680;2;7;0;0;2;3;13;A01
201700013680;1;7;0;0;2;3;2;C01
201700013681;1;7;0;0;2;3;9;A01
201700013681;1;1;0;0;2;7;1;B01
201700013682;2;7;0;12;1;2;14;A01
201700013683;1;1;0;0;2;8;15;A01
201700013683;1;7;0;0;2;2;1;B01
201700013684;2;7;0;0;2;3;15;A01
201700013684;1;7;0;0;2;2;1;B01
201700013685;1;7;0;0;1;3;1;A01
201700013686;1;7;0;0;2;1;13;A01
201700013686;2;7;0;0;2;1;1;B01
201700013687;1;3;0;0;2;1;16;A01
201700013687;2;7;0;0;2;2;1;B01
201700013688;2;7;0;3;0;9;17;A01
201700013689;2;7;0;0;2;3;13;A01
201700013689;1;7;0;0;2;8;1;B01
201700013690;2;33;0;0;2;1;1;B01
201700013690;1;7;0;0;2;3;19;A01
201700013691;1;7;0;0;1;3;1;A01
201700013692;1;33;0;13;0;7;1;A01
201700013693;2;7;0;13;0;7;1;A01
201700013694;1;7;0;0;2;1;17;B01
201700013694;1;30;0;0;2;8;10;A01
201700013695;2;7;0;16;0;0;1;A01
201700013696;1;7;0;0;2;8;10;A01
201700013696;1;32;0;0;2;1;1;B01
201700013697;2;7;0;3;2;3;15;A01
201700013697;1;7;0;3;2;3;1;B01
201700013698;1;7;0;3;0;1;17;A01
201700013699;1;7;0;16;0;0;17;A01
201700013700;2;10;0;0;1;3;15;A01
201700013701;1;7;0;13;0;1;1;A01
201700013702;1;7;0;0;2;7;19;A01
201700013702;2;7;0;0;2;1;1;B01
201700013703;2;7;0;3;0;1;1;A01
201700013704;2;7;0;0;2;2;1;B01
201700013704;1;7;0;0;2;2;1;A01
201700013705;1;7;0;6;0;1;1;A01
201700013706;2;7;0;0;2;1;1;B01
201700013706;1;7;0;0;2;1;15;A01
201700013707;2;7;0;2;0;1;1;A01
201700013708;1;7;0;0;2;8;1;A01
201700013708;2;7;0;0;2;3;1;B01
201700013709;1;7;0;2;0;1;1;A01
201700013710;1;7;0;8;0;9;1;A01
201700013711;0;2;0;16;0;7;1;A01
201700013712;1;33;0;12;0;1;6;A01
201700013713;0;7;0;2;0;3;21;A01
201700013714;1;32;0;0;0;3;1;A01
201700013715;1;7;0;7;0;3;13;A01
201700013716;1;7;0;0;2;1;13;A01
201700013716;2;14;0;0;2;1;1;B01
201700013717;1;10;0;0;2;3;13;A01
201700013717;2;7;0;0;2;5;1;B01
201700013718;1;33;0;13;0;1;1;A01
201700013719;1;7;0;0;2;7;17;B01
201700013719;1;33;0;0;2;8;10;A01
201700013720;2;7;0;1;1;2;1;A01
201700013721;0;30;0;2;0;1;1;A01
201700013722;1;7;0;6;0;2;1;A01
201700013723;2;7;0;0;2;3;1;C01
201700013723;2;7;0;0;2;1;1;B01
201700013723;1;7;0;0;2;1;1;A01
201700013724;2;7;0;0;2;2;19;A01
201700013724;2;33;0;0;2;1;1;B01
201700013725;1;2;0;0;6;1;1;A01
201700013726;1;7;0;8;0;8;1;A01
201700013727;1;7;0;13;0;3;13;A01
201700013728;2;7;0;0;2;3;1;A01
201700013728;1;7;0;0;2;3;1;B02
201700013729;2;10;0;13;0;2;1;A01
201700013730;1;7;0;13;0;3;1;A01
201700013731;1;1;0;0;0;0;1;A01
201700013732;0;1;0;0;9;1;14;A01
201700013733;2;10;0;8;0;3;13;A01
201700013734;2;7;0;0;0;1;1;A01
201700013735;0;31;0;1;0;1;19;A01
201700013736;2;33;0;16;0;1;1;A01
201700013737;0;7;0;13;0;3;1;A01
201700013738;0;33;0;12;0;7;1;A01
201700013739;2;7;0;13;0;1;1;A01
201700013740;2;35;0;0;0;3;1;A01
201700013741;1;33;0;0;2;7;1;A01
201700013741;2;7;0;0;2;7;15;B01
201700013742;0;7;0;16;0;9;1;A01
201700013743;1;7;0;0;0;4;1;C01
201700013743;1;7;0;0;2;4;2;B01
201700013743;1;10;0;0;2;1;2;A01
201700013743;2;7;0;0;2;1;1;D01
201700013744;2;7;0;2;0;8;1;A01
201700013745;2;7;0;0;2;1;1;B01
201700013745;1;7;0;0;2;3;15;A01
201700013746;1;7;0;0;2;1;1;C01
201700013746;2;7;0;0;2;2;13;A01
201700013746;1;7;0;0;2;2;1;B01
201700013747;1;33;0;0;2;3;13;A01
201700013747;2;7;0;0;2;3;1;B01
201700013748;2;7;0;0;2;2;13;A01
201700013748;1;7;0;0;2;1;13;B01
201700013749;2;7;0;6;0;2;14;A01
201700013750;0;1;0;1;0;1;1;A01
201700013751;2;2;0;16;0;1;1;A01
201700013752;1;7;0;15;0;1;1;A01
201700013753;0;1;0;0;9;1;1;C01
201700013753;0;13;0;0;0;0;1;A01
201700013753;0;1;0;0;9;1;1;B01
201700013754;1;33;0;6;0;1;1;A01
201700013755;2;7;0;0;2;1;1;B01
201700013755;1;7;0;0;2;1;13;A01
201700013756;2;7;0;0;1;3;1;A01
201700013757;1;7;0;0;2;1;1;B01
201700013757;1;7;0;0;2;2;19;A01
201700013758;2;7;0;13;0;9;13;A01
201700013759;1;7;0;0;2;1;11;A01
201700013759;2;7;0;0;2;1;1;B01
201700013760;0;30;0;0;2;9;1;C01
201700013760;0;21;0;0;2;3;1;A01
201700013760;0;30;0;0;2;9;1;B01
201700013761;1;21;0;16;0;0;1;A01
201700013762;0;33;0;0;2;1;13;B01
201700013762;0;7;0;0;2;3;13;A01
201700013763;1;7;0;0;2;3;13;A01
201700013763;2;7;0;0;9;3;1;C01
201700013763;2;7;0;0;2;3;1;B01
201700013764;0;2;0;0;0;7;1;A01
201700013765;2;7;0;0;2;3;1;B01
201700013765;1;7;0;0;2;2;15;A01
201700013766;2;10;0;0;2;1;2;A01
201700013766;2;7;0;0;2;4;23;B01
201700013767;1;7;0;0;2;1;1;B01
201700013767;2;7;0;0;2;1;1;A01
201700013768;1;7;0;0;2;1;1;A01
201700013768;2;10;0;0;2;1;15;B01
201700013769;2;7;0;0;2;6;19;A01
201700013769;1;14;0;0;2;1;1;B01
201700013770;1;33;0;15;0;8;1;A01
201700013771;0;2;0;1;2;5;0;A01
201700013771;0;7;0;0;2;1;15;B01
201700013772;1;7;0;9;0;3;1;B01
201700013772;1;7;0;0;0;0;15;A01
201700013773;2;10;0;8;0;3;13;A01
201700013774;1;7;0;0;2;1;13;A01
201700013774;2;7;0;0;2;1;1;B01
201700013775;0;15;0;0;2;6;4;A01
201700013775;2;3;0;0;2;1;1;B01
201700013776;1;7;0;0;2;6;15;A01
201700013776;1;33;0;0;2;1;2;B01
201700013777;2;7;0;2;0;3;1;A01
201700013778;1;15;0;0;2;1;1;C01
201700013778;1;14;0;0;0;4;23;A01
201700013778;1;7;0;14;0;4;23;B01
201700013779;1;7;0;8;0;7;1;A01
201700013780;2;7;0;0;2;3;17;B01
201700013780;1;2;0;0;0;8;15;A01
201700013781;2;7;0;0;2;8;15;B01
201700013781;2;7;0;0;2;7;17;A01
201700013782;2;7;0;6;2;4;2;B01
201700013782;2;7;0;0;2;2;2;A01
201700013783;2;7;0;0;2;1;1;A01
201700013783;1;7;0;0;2;1;1;B01
201700013784;1;33;0;0;2;7;17;A01
201700013784;1;7;0;0;2;3;15;B01
201700013785;2;33;0;0;0;1;1;A01
201700013786;1;7;0;0;2;1;1;B01
201700013786;2;7;0;0;2;1;13;A01
201700013787;2;7;0;0;2;2;1;A01
201700013787;1;2;0;0;2;1;13;B01
201700013788;0;7;0;6;0;3;1;A01
201700013789;2;7;0;0;2;1;1;C01
201700013789;1;7;0;0;2;8;1;E01
201700013789;2;7;0;9;2;3;1;B01
201700013789;1;7;0;0;2;3;13;A01
201700013789;1;7;0;0;2;6;1;D01
201700013790;2;7;0;0;1;2;17;A01
201700013791;2;7;0;0;2;3;15;A01
201700013791;1;2;0;0;2;8;1;B01
201700013792;1;7;0;0;2;3;1;B01
201700013792;2;7;0;0;2;1;13;A01
201700013793;1;10;0;13;0;2;1;A01
201700013794;2;7;0;0;2;3;13;A01
201700013794;1;17;0;0;2;3;1;B01
201700013794;2;7;0;0;2;1;2;C01
201700013795;2;7;0;13;0;3;1;A01
201700013796;2;7;0;13;0;1;1;A01
201700013797;1;20;0;16;0;3;1;A01
201700013798;1;7;0;0;2;6;19;A01
201700013798;2;33;0;0;2;1;1;B01
201700013799;1;7;0;0;0;0;1;A01
201700013800;0;7;0;0;2;1;1;A01
201700013800;0;7;0;0;0;4;1;B01
201700013801;0;7;0;2;0;3;13;A01
201700013802;1;2;0;2;0;1;14;A01
201700013803;1;7;0;0;2;1;13;A01
201700013803;2;7;0;0;2;1;1;B01
201700013804;2;7;0;0;2;2;19;A01
201700013804;1;7;0;0;2;1;1;B01
201700013805;2;36;0;0;0;7;1;A01
201700013806;2;7;0;0;2;1;1;C01
201700013806;1;7;0;0;2;1;2;A01
201700013806;1;7;0;0;2;4;15;B01
201700013807;1;7;0;0;1;2;1;A01
201700013808;1;7;0;0;2;3;9;A01
201700013808;1;1;0;0;2;1;1;B01
201700013809;2;7;0;0;2;2;1;B01
201700013809;1;7;0;0;2;3;17;A01
201700013810;0;7;0;0;9;1;1;A01
201700013810;0;1;0;0;2;1;21;B01
201700013811;1;2;0;12;0;1;1;A01
201700013812;1;2;0;12;0;1;15;A01
201700013813;2;7;0;0;2;1;17;A01
201700013813;2;7;0;0;2;3;15;B01
201700013814;1;7;0;0;1;2;17;A01
201700013815;1;7;0;0;2;1;1;C01
201700013815;2;7;0;0;2;1;1;A01
201700013815;2;7;0;0;2;4;15;B01
201700013816;1;17;0;0;2;3;1;C01
201700013816;2;2;0;0;2;9;15;A01
201700013816;2;7;0;0;2;3;1;B01
201700013817;2;7;0;7;0;1;13;A01
201700013818;2;7;0;0;2;4;2;A01
201700013818;2;1;0;0;2;0;2;B01
201700013819;1;7;0;0;2;2;15;A01
201700013819;2;33;0;0;2;1;1;B01
201700013820;1;7;0;2;0;0;0;A01
201700013821;0;7;0;0;2;2;2;A01
201700013821;0;2;0;0;0;6;2;B01
201700013822;0;7;0;13;0;2;1;A01
201700013823;1;7;0;0;2;1;1;A01
201700013823;0;7;0;0;2;1;1;B01
201700013824;1;33;0;4;0;8;1;A01
201700013825;0;33;0;0;0;8;1;A01
201700013826;0;33;0;3;0;8;1;A01
201700013827;0;1;0;0;2;1;18;A01
201700013827;0;7;0;0;2;5;15;B01
201700013828;2;7;0;5;0;3;1;A01
201700013829;0;7;0;0;2;1;9;A01
201700013829;0;2;0;0;2;7;9;B01
201700013830;0;3;0;0;2;7;1;A01
201700013830;0;38;5;0;0;1;1;B01
201700013831;0;7;0;15;0;2;0;A01
201700013832;2;7;0;0;1;2;1;A01
201700013833;0;33;0;14;0;7;2;A01
201700013833;0;33;0;14;0;7;2;B01
201700013833;0;7;0;0;0;4;23;C01
201700013834;1;33;0;0;2;1;13;A01
201700013834;2;7;0;0;2;1;1;B01
201700013835;1;15;0;0;1;6;13;A01
201700013836;1;7;0;13;0;3;1;A01
201700013837;2;7;0;15;0;1;1;A01
201700013838;2;7;0;0;2;3;9;A01
201700013838;2;2;0;0;2;7;1;B01
201700013839;2;7;0;0;2;5;15;A01
201700013839;1;1;0;0;2;1;1;B01
201700013840;2;7;0;0;2;1;19;B01
201700013840;2;1;0;0;2;1;15;A01
201700013841;0;7;0;14;2;1;2;A01
201700013841;0;7;0;0;2;4;23;B01
201700013841;0;7;0;0;2;4;23;C01
201700013841;0;7;0;0;0;4;23;D01
201700013842;1;7;0;0;2;3;1;A01
201700013842;1;7;0;0;2;3;1;B01
201700013843;1;7;0;0;2;3;1;A01
201700013843;2;7;0;0;2;6;1;B01
201700013844;2;7;0;0;0;2;17;A01
201700013844;1;1;0;0;2;2;13;B01
201700013845;1;2;0;0;2;8;17;A01
201700013845;1;7;0;0;2;7;15;B01
201700013846;0;33;0;0;2;2;1;A01
201700013846;0;7;0;0;2;4;1;B01
201700013847;2;33;0;13;0;7;1;A01
201700013848;2;7;0;3;0;1;1;A01
201700013849;0;7;0;2;0;1;1;A01
201700013850;0;7;0;0;2;5;17;A01
201700013850;0;30;0;0;2;1;15;B01
201700013851;0;7;0;0;2;1;15;A01
201700013851;0;7;0;0;2;3;1;B01
201700013852;1;33;0;13;0;7;1;A01
201700013853;2;2;0;3;6;7;1;A01
201700013854;1;33;0;0;0;1;17;A01
201700013854;1;33;0;0;0;1;0;B01
201700013855;0;1;0;0;0;1;1;A01
201700013856;2;1;0;0;2;1;13;A01
201700013856;1;7;0;0;0;3;14;B01
201700013857;2;7;0;4;2;1;1;A01
201700013857;1;7;0;0;2;1;1;B01
201700013858;1;7;0;0;2;3;13;A01
201700013858;2;7;0;0;2;3;1;B01
201700013859;1;7;0;6;0;1;1;A01
201700013860;0;7;0;0;1;1;1;A01
201700013861;0;36;0;14;0;3;1;A01
201700013862;2;10;0;0;2;3;15;A01
201700013862;2;31;0;0;2;7;2;B01
201700013863;0;7;0;1;0;2;2;A01
201700013863;0;7;0;0;0;6;24;B01
201700013864;1;7;0;0;1;1;1;A01
201700013865;2;7;0;2;0;2;24;A01
201700013866;0;7;0;0;1;2;1;A01
201700013867;0;7;0;0;1;3;1;A01
201700013868;2;7;0;8;0;1;1;A01
201700013869;2;33;0;15;0;0;17;A01
201700013870;1;7;0;13;0;1;2;A01
201700013871;0;7;0;0;0;3;1;A01
201700013871;0;2;0;0;0;1;0;B01
201700013872;1;7;0;0;2;1;1;A01
201700013872;0;7;0;0;2;8;19;B01
201700013873;2;7;0;0;2;3;1;B01
201700013873;0;7;0;0;2;6;19;A01
201700013874;0;33;0;0;0;0;1;A01
201700013875;2;7;0;0;2;1;1;A01
201700013875;1;7;0;0;2;3;1;B01
201700013876;2;7;0;1;2;1;1;A01
201700013876;2;7;0;0;0;4;1;B01
201700013876;2;7;0;0;2;5;1;C01
201700013877;0;10;0;0;2;3;15;A01
201700013877;0;21;0;0;2;1;16;B01
201700013878;1;33;0;5;0;1;13;A01
201700013879;0;7;0;0;9;3;1;B01
201700013879;0;1;0;0;2;1;13;A01
201700013880;2;36;0;0;6;2;1;A01
201700013881;0;2;0;0;2;0;1;A01
201700013881;0;7;0;0;2;3;1;B01
201700013882;2;7;0;0;2;3;15;A01
201700013882;1;7;0;0;2;3;1;B01
201700013883;0;7;0;2;0;2;14;A01
201700013884;2;7;0;8;0;1;17;A01
201700013885;1;33;0;0;2;1;1;B01
201700013885;2;7;0;0;2;2;15;A01
201700013886;2;33;0;0;2;8;1;B01
201700013886;1;7;0;0;2;3;1;A01