num_acc;senc;catv;occutc;obs;obsm;choc;manv;num_veh
201700013887;2;7;0;0;9;1;9;A01
201700013887;1;1;0;0;2;7;1;B01
201700013888;1;31;0;0;0;4;0;A01
201700013888;1;7;0;;;;;A02
201700013889;0;7;0;0;1;0;20;A01
201700013890;2;7;0;0;2;3;1;B01
201700013890;1;7;0;0;2;3;11;A01
201700013891;0;2;0;6;0;2;1;A01
201700013892;2;7;0;2;0;4;1;A01
201700013893;2;13;0;5;0;0;1;A01
201700013894;1;2;0;0;0;2;14;A01
201700013895;2;33;0;0;2;8;1;A01
201700013895;2;7;0;0;2;3;13;B01
201700013896;0;2;0;0;0;0;1;A01
201700013897;1;7;0;0;0;1;0;B01
201700013897;0;7;0;0;0;3;19;A01
201700013898;1;7;0;0;1;5;4;A01
201700013899;1;7;0;15;0;1;14;A01
201700013900;2;33;0;10;0;1;1;A01
201700013901;2;7;0;0;9;2;15;A01
201700013901;1;1;0;0;2;1;1;B01
201700013902;0;2;0;0;2;1;13;A01
201700013902;0;7;0;0;2;1;1;B01
201700013903;2;7;0;0;1;3;1;A01
201700013904;2;7;0;2;0;1;1;A01
201700013905;1;10;0;0;2;1;21;B01
201700013905;1;2;0;0;2;8;19;A01
201700013906;2;7;0;5;2;1;1;B01
201700013906;0;7;0;0;2;6;15;A01
201700013907;0;10;0;0;1;4;20;A01
201700013908;0;1;0;0;0;0;1;A01
201700013909;0;7;0;0;1;7;20;A01
201700013910;2;7;0;0;2;3;13;A01
201700013910;1;7;0;0;2;3;1;B01
201700013911;1;31;0;0;2;1;1;A01
201700013911;2;7;0;0;2;5;15;B01
201700013912;1;33;0;5;0;0;1;A01
201700013913;2;7;0;0;2;3;1;B01
201700013913;1;7;0;0;2;3;1;A01
201700013914;2;7;0;1;0;1;1;A01
201700013915;2;7;0;8;0;7;1;A01
201700013916;2;7;0;0;0;3;1;A01
201700013916;1;7;0;0;0;1;15;B01
201700013917;2;7;0;15;0;8;14;A01
201700013918;1;7;0;2;0;1;14;A01
201700013919;2;33;0;16;0;7;1;A01
201700013920;1;34;0;8;0;1;14;A01
201700013921;1;7;0;0;2;1;1;C01
201700013921;2;7;0;0;2;1;1;B01
201700013921;1;7;0;7;2;3;13;A01
201700013922;1;7;0;0;2;3;1;B01
201700013922;2;33;0;0;2;1;13;A01
201700013923;1;7;0;0;0;7;14;B01
201700013923;1;7;0;2;0;7;14;A01
201700013924;1;10;0;0;2;3;17;A01
201700013924;1;10;0;0;0;6;1;B01
201700013925;2;1;0;0;2;1;1;B01
201700013925;0;7;0;0;2;8;9;A01
201700013926;2;2;0;0;2;1;1;A01
201700013926;2;7;0;0;0;5;21;B01
201700013927;0;33;0;0;0;7;1;A01
201700013928;0;7;0;0;2;3;1;A01
201700013928;2;7;0;0;2;3;13;B01
201700013929;0;7;0;0;1;2;2;A01
201700013930;2;33;0;0;2;1;1;A01
201700013930;1;7;0;0;2;1;1;B01
201700013931;1;15;0;0;2;6;13;B01
201700013931;2;7;0;0;2;3;5;A01
201700013932;1;7;0;0;2;1;1;B01
201700013932;2;33;0;0;2;1;1;A01
201700013933;1;7;0;0;2;8;1;B01
201700013933;2;7;0;0;2;1;13;A01
201700013934;1;7;0;0;2;1;13;A01
201700013934;2;7;0;0;2;1;1;B01
201700013935;2;10;0;0;2;1;11;A01
201700013935;2;10;0;0;0;8;15;B01
201700013936;1;10;0;0;0;4;1;A01
201700013936;1;7;0;0;2;1;1;B01
201700013937;1;33;0;13;0;1;1;A01
201700013938;2;7;0;2;0;1;1;A01
201700013939;1;7;0;2;2;1;17;A01
201700013939;2;7;0;0;0;8;15;B01
201700013940;1;7;0;2;0;6;1;A01
201700013941;1;10;0;10;0;1;1;A01
201700013942;2;7;0;0;1;2;20;A01
201700013943;2;1;0;0;2;1;1;A01
201700013943;1;7;0;0;9;2;10;B01
201700013944;0;10;0;0;2;3;1;B01
201700013944;0;30;0;0;2;1;13;A01
201700013945;1;7;0;0;2;2;1;A01
201700013945;2;7;0;0;2;3;1;B01
201700013946;1;7;0;2;0;7;1;A01
201700013947;1;2;0;16;0;7;1;A01
201700013948;2;7;0;0;2;3;16;A01
201700013948;0;33;0;0;0;2;1;B01
201700013949;2;10;0;0;2;1;1;A01
201700013949;1;7;0;0;2;1;1;B01
201700013950;1;38;1;0;9;7;2;A01
201700013950;1;1;0;0;2;8;2;B01
201700013951;0;2;0;12;0;1;13;A01
201700013952;1;2;0;0;2;1;13;A01
201700013952;2;7;0;0;2;1;1;B01
201700013953;1;7;0;0;0;6;23;A01
201700013953;2;7;0;0;2;3;1;C01
201700013953;1;34;0;0;2;1;17;B01
201700013954;1;33;0;0;2;1;1;B01
201700013954;2;2;0;0;2;7;15;A01
201700013955;1;10;0;0;2;3;2;B01
201700013955;1;2;0;0;2;4;0;A01
201700013956;1;1;0;0;2;1;1;B01
201700013956;2;7;0;0;2;1;15;A01
201700013957;1;1;0;13;0;0;0;A01
201700013958;2;7;0;0;0;1;2;A01
201700013959;1;1;0;0;2;8;9;A01
201700013959;2;7;0;0;2;1;1;B01
201700013960;0;7;0;0;2;1;1;B01
201700013960;0;2;0;14;2;8;9;A01
201700013961;1;30;0;6;0;7;1;A01
201700013962;2;33;0;0;0;8;1;A01
201700013963;1;1;0;0;2;4;2;B01
201700013963;1;7;0;0;2;2;2;A01
201700013964;2;21;0;0;2;8;1;B01
201700013964;1;2;0;0;2;1;13;A01
201700013965;2;33;0;0;0;0;0;A01
201700013966;1;7;0;16;0;3;13;A01
201700013967;2;7;0;3;0;1;1;A01
201700013968;2;7;0;7;0;2;1;A01
201700013969;2;33;0;9;0;9;1;A01
201700013970;1;7;0;0;0;9;1;A01
201700013971;1;7;0;0;2;1;1;B01
201700013971;0;7;0;0;0;8;19;A01
201700013972;1;7;0;0;2;1;1;B01
201700013972;2;7;0;0;2;1;13;A01
201700013973;2;33;0;0;0;1;1;A01
201700013974;2;7;0;13;0;4;17;A01
201700013975;2;7;0;13;0;1;1;A01
201700013976;1;10;0;0;2;1;1;B01
201700013976;2;7;0;0;2;8;15;A01
201700013977;1;33;0;3;0;7;1;A01
201700013977;1;33;0;3;0;7;1;B01
201700013978;1;10;0;0;2;1;1;B01
201700013978;1;7;0;0;2;1;5;A01
201700013979;2;7;0;16;0;9;1;A01
201700013980;2;33;0;16;0;0;1;A01
201700013981;1;33;0;11;0;1;1;A01
201700013982;2;3;0;2;0;8;14;A01
201700013983;2;10;0;0;1;4;4;A01
201700013984;1;33;0;0;2;1;1;B01
201700013984;0;7;0;0;9;1;15;A01
201700013985;2;7;0;0;2;3;1;B01
201700013985;1;7;0;0;2;3;13;A01
201700013986;2;15;0;0;2;6;1;C01
201700013986;2;7;0;13;2;2;17;A01
201700013986;1;7;0;0;2;2;1;B01
201700013987;2;7;0;0;2;1;1;B01
201700013987;1;7;0;9;2;1;6;A01
201700013988;2;7;0;14;0;1;1;A01
201700013989;2;7;0;0;2;2;1;B01
201700013989;1;7;0;0;2;1;15;A01
201700013990;1;2;0;0;2;1;5;A01
201700013990;2;7;0;0;2;2;1;B01
201700013991;1;7;0;0;2;1;19;A01
201700013991;2;7;0;0;2;1;1;B01
201700013992;0;10;0;0;1;4;4;A01
201700013993;0;2;0;0;2;1;15;A01
201700013993;0;20;0;0;0;6;1;B01
201700013994;0;33;0;0;2;1;1;A01
201700013994;0;7;0;0;0;6;15;B01
201700013995;1;7;0;2;0;3;1;A01
201700013996;0;2;0;7;0;9;1;A01
201700013997;0;1;0;0;0;0;0;A01
201700013998;0;7;0;0;0;0;1;A01
201700013999;2;7;0;13;0;1;13;A01
201700014000;1;7;0;6;0;1;0;A01
201700014001;2;7;0;0;2;3;13;A01
201700014001;1;7;0;0;2;3;1;B01
201700014002;2;7;0;0;2;8;1;B01
201700014002;1;7;0;0;2;3;13;A01
201700014003;2;7;0;15;0;1;11;A01
201700014004;0;2;0;0;0;0;0;A01
201700014005;1;7;0;0;2;2;1;A01
201700014005;1;1;0;0;0;4;1;B01
201700014006;2;7;0;15;2;3;1;A01
201700014006;1;7;0;0;2;3;1;B01
201700014007;1;7;0;0;0;0;1;A01
201700014008;1;7;0;2;0;1;19;A01
201700014009;1;7;0;16;0;2;1;A01
201700014010;1;7;0;2;0;2;1;A01
201700014011;1;7;0;0;2;3;21;B01
201700014011;2;7;0;0;2;3;13;A01
201700014012;1;7;0;0;0;0;1;A01
201700014013;2;31;0;13;0;1;1;A01
201700014014;2;7;0;0;2;3;1;B01
201700014014;1;7;0;15;9;2;0;A01
201700014015;2;7;0;0;2;3;1;B01
201700014015;2;7;0;0;2;1;1;C01
201700014015;1;7;0;0;2;3;13;A01
201700014016;0;30;0;0;0;1;1;B01
201700014016;0;7;0;0;2;2;1;A01
201700014017;1;1;0;0;2;1;1;A01
201700014017;1;1;0;0;2;1;1;B01
201700014018;0;7;0;0;1;1;17;A01
201700014019;1;7;0;0;0;9;1;A01
201700014020;2;7;0;8;0;3;1;A01
201700014021;0;10;0;0;1;4;4;A01
201700014022;1;14;0;13;2;3;1;B01
201700014022;1;7;0;0;2;7;15;A01
201700014023;1;7;0;2;0;1;1;A01
201700014024;1;33;0;0;2;1;2;A01
201700014024;1;7;0;0;2;7;2;B01
201700014025;2;7;0;13;0;0;21;A01
201700014026;0;7;0;13;0;1;1;A01
201700014027;1;7;0;0;0;4;15;A01
201700014027;1;7;0;0;0;1;2;B01
201700014028;2;7;0;0;1;3;1;A01
201700014029;1;7;0;0;1;2;1;A01
201700014030;0;10;0;0;2;1;21;B01
201700014030;0;7;0;0;2;1;13;A01
201700014031;1;7;0;0;0;2;1;A01
201700014032;2;7;0;0;2;3;0;B01
201700014032;1;7;0;0;2;3;13;A01
201700014033;1;7;0;0;2;1;2;A01
201700014033;1;17;0;0;0;6;1;B01
201700014034;0;2;0;0;0;0;1;A01
201700014035;2;7;0;0;2;7;9;B01
201700014035;2;7;0;0;2;1;1;A01
201700014036;1;7;0;0;2;3;1;A01
201700014036;0;7;0;0;2;2;1;B01
201700014037;1;7;0;0;2;6;0;B01
201700014037;0;7;0;0;2;1;1;A01
201700014038;1;7;0;8;0;7;1;A01
201700014039;1;7;0;0;2;1;13;A01
201700014039;2;17;0;0;2;3;1;B01
201700014040;2;7;0;13;0;1;1;A01
201700014041;1;7;0;0;2;2;1;B01
201700014041;2;14;0;0;2;1;15;A01
201700014042;0;30;0;0;2;1;1;A01
201700014042;0;10;0;0;2;1;0;B01
201700014043;0;7;0;0;9;2;16;A01
201700014043;0;33;0;0;2;1;1;B01
201700014044;1;3;0;15;0;1;14;A01
201700014045;1;7;0;13;0;2;1;A01
201700014046;1;17;0;0;1;3;19;A01
201700014047;0;33;0;0;0;0;21;A01
201700014047;0;7;0;0;0;0;16;B01
201700014048;2;10;0;0;2;1;0;A01
201700014048;1;7;0;0;0;5;1;B01
201700014049;1;7;0;0;2;2;21;A01
201700014049;2;2;0;0;2;1;1;B01
201700014050;1;2;0;0;2;1;1;B01
201700014050;1;7;0;0;0;5;9;A01
201700014051;1;7;0;8;0;3;1;A01
201700014052;1;7;0;0;2;7;1;A01
201700014052;2;7;0;0;2;1;1;B01
201700014053;0;7;0;13;0;1;0;A01
201700014054;1;7;0;0;2;1;1;B01
201700014054;1;7;0;0;2;1;19;A01
201700014055;0;7;0;16;0;9;1;A01
201700014056;0;7;0;0;2;2;15;A01
201700014056;0;33;0;0;2;7;15;B01
201700014057;0;7;0;13;0;8;1;A01
201700014058;0;33;0;0;0;3;1;A01
201700014059;1;7;0;0;2;1;19;A01
201700014059;1;7;0;0;2;3;0;B01
201700014060;2;7;0;13;0;2;1;A01
201700014061;1;33;0;8;0;1;1;A01
201700014062;0;7;0;0;2;3;1;B01
201700014062;0;33;0;0;2;1;13;A01
201700014063;1;7;0;0;2;1;1;B01
201700014063;0;7;0;6;2;8;15;A01
201700014064;1;7;0;6;0;1;0;A01
201700014065;2;7;0;0;2;6;1;A01
201700014065;1;7;0;0;2;3;1;B01
201700014066;2;16;0;0;2;3;1;B01
201700014066;1;7;0;0;2;3;13;A01
201700014067;1;2;0;0;2;1;9;A01
201700014067;1;7;0;0;2;2;1;B01
201700014068;2;7;0;0;9;2;2;A01
201700014068;2;1;0;12;0;4;2;B01
201700014069;1;21;0;0;2;3;4;B01
201700014069;1;7;0;0;2;1;1;A01
201700014070;1;10;0;0;0;5;15;A01
201700014070;2;31;0;0;2;1;1;B01
201700014071;0;7;0;0;2;8;19;A01
201700014071;0;10;0;0;2;1;1;B01
201700014072;2;38;17;0;2;3;1;B01
201700014072;1;7;0;0;2;3;13;A01
201700014073;1;33;0;0;2;1;5;A01
201700014073;2;7;0;0;2;2;1;B01
201700014074;2;7;0;4;2;2;17;A01
201700014074;2;7;0;4;0;6;1;B01
201700014075;1;33;0;12;0;7;1;A01
201700014076;0;7;0;0;0;1;15;A01
201700014076;0;1;0;0;0;2;0;B01
201700014077;1;7;0;12;0;9;1;A01
201700014078;1;13;0;0;2;3;15;A01
201700014078;2;7;0;0;2;2;1;B01
201700014079;1;2;0;3;2;3;1;A01
201700014079;1;2;0;0;2;2;17;B01
201700014080;2;7;0;0;2;4;1;D01
201700014080;2;7;0;0;2;4;1;C01
201700014080;2;17;0;0;2;2;1;A01
201700014080;2;7;0;0;0;4;1;E01
201700014081;2;7;0;7;0;2;1;A01
201700014082;0;1;0;16;0;7;5;A01
201700014083;0;1;0;0;2;8;1;B01
201700014083;1;7;0;0;9;2;1;A01
201700014084;0;7;0;0;2;3;9;A01
201700014084;0;33;0;0;2;2;1;B01
201700014084;0;33;0;0;2;7;1;C01
201700014085;1;10;0;16;0;0;1;A01
201700014086;0;1;0;8;0;1;1;A01
201700014087;0;7;0;0;2;3;1;A01
201700014087;0;7;0;0;2;2;1;B01
201700014088;0;7;0;0;2;1;1;A01
201700014088;0;33;0;0;0;4;1;B01
201700014089;0;33;0;16;0;1;1;A01
201700014090;2;7;0;8;0;1;1;A01
201700014091;2;7;0;0;2;1;1;B01
201700014091;1;7;0;0;2;1;1;A01
201700014092;1;7;0;16;0;9;1;A01
201700014093;2;7;0;0;2;1;2;A01
201700014093;2;7;0;0;0;4;2;B01
201700014094;0;7;0;0;2;3;19;A01
201700014094;1;7;0;12;0;5;0;B01
201700014095;2;7;0;0;2;1;1;B01
201700014095;2;7;0;0;0;0;17;C01
201700014095;1;7;0;0;2;7;21;A01
201700014096;0;7;0;15;0;3;1;A01
201700014097;0;7;0;0;2;4;4;A01
201700014097;1;1;0;0;2;1;1;B01
201700014098;0;7;0;2;0;1;1;A01
201700014099;2;2;0;0;1;0;0;A01
201700014100;0;7;0;0;2;2;1;B01
201700014100;0;33;0;0;2;2;5;A01
201700014101;1;33;0;0;0;0;1;A01
201700014102;0;7;0;0;2;1;1;A01
201700014102;0;7;0;0;2;1;5;B01
201700014103;0;7;0;15;1;1;6;A01
201700014104;2;7;0;0;2;3;1;B01
201700014104;1;7;0;0;2;2;13;A01
201700014105;1;7;0;0;2;1;1;A01
201700014105;0;7;0;0;2;8;15;B01
201700014106;1;7;0;0;1;3;1;A01
201700014107;0;7;0;0;1;1;15;A01
201700014108;0;7;0;0;2;1;1;B01
201700014108;0;7;0;0;2;8;1;A01
201700014109;1;30;0;0;2;1;1;B01
201700014109;2;7;0;0;2;2;15;A01
201700014110;0;7;0;0;2;1;19;A01
201700014110;0;7;0;0;2;1;1;B01
201700014111;0;7;0;0;2;1;1;A01
201700014111;0;7;0;0;2;1;13;B01
201700014112;0;7;0;0;2;3;13;A01
201700014112;0;7;0;0;2;3;1;B01
201700014113;0;7;0;6;0;1;1;A01
201700014114;1;14;0;0;2;3;1;B01
201700014114;2;7;0;0;2;1;13;A01
201700014115;2;31;0;0;2;1;13;A01
201700014115;1;7;0;0;2;1;1;B01
201700014116;1;7;0;0;2;2;15;B01
201700014116;2;7;0;0;2;2;17;A01
201700014117;1;7;0;0;2;7;17;A01
201700014117;2;7;0;0;2;1;1;B01
201700014118;0;31;0;0;2;4;1;A01
201700014119;2;7;0;13;9;1;1;A01
201700014120;0;7;0;0;1;1;1;A01
201700014121;1;7;0;0;2;4;23;C01
201700014121;1;7;0;0;2;1;2;D01
201700014121;1;7;0;0;0;4;23;A01
201700014121;1;10;0;0;2;4;23;B01
201700014122;0;7;0;1;0;1;1;A01
201700014123;1;7;0;0;2;3;16;A01
201700014123;1;15;0;0;2;1;1;B01
201700014123;2;7;0;0;2;3;1;C01
201700014124;0;7;0;7;0;9;0;A01
201700014125;0;7;0;0;2;1;13;A01
201700014125;0;7;0;0;2;1;21;B01
201700014126;2;37;30;0;2;2;21;A01
201700014126;2;7;0;6;2;3;15;B01
201700014127;0;7;0;0;2;0;1;D01
201700014127;1;7;0;13;2;0;17;A01
201700014127;0;7;0;0;2;0;21;C01
201700014127;0;7;0;0;2;0;1;B01
201700014128;2;36;0;6;0;1;1;A01
201700014129;2;7;0;0;0;0;1;A01
201700014130;0;30;0;0;0;1;1;A01
201700014131;0;7;0;0;0;8;0;A01
201700014131;0;7;0;0;0;1;0;B01
201700014132;0;33;0;0;0;0;0;A01
201700014133;1;33;0;0;2;1;17;A01
201700014133;1;7;0;0;2;6;17;B01
201700014134;0;7;0;0;0;9;1;A01
201700014135;1;7;0;0;2;3;1;B01
201700014135;2;2;0;0;2;3;1;A01
201700014136;1;33;0;0;0;7;23;A01
201700014137;0;36;0;13;0;2;1;A01
201700014138;1;7;0;13;0;1;1;A01
201700014139;0;7;0;8;0;5;1;A01
201700014140;0;1;0;0;2;0;0;B01
201700014140;0;7;0;0;9;2;9;A01
201700014141;1;7;0;0;2;8;19;A01
201700014141;2;10;0;0;2;1;1;B01
201700014142;2;7;0;0;2;7;1;A01
201700014142;1;7;0;0;2;1;1;B01
201700014143;1;7;0;0;0;1;11;A01
201700014143;2;17;0;0;0;1;1;B01
201700014144;0;7;0;0;0;9;1;A01
201700014145;1;7;0;0;1;2;1;A01
201700014146;0;33;0;0;0;0;21;A01
201700014147;0;1;0;0;2;1;19;B01
201700014147;1;7;0;0;2;2;1;A01
201700014148;0;7;0;0;0;4;2;B01
201700014148;0;31;0;0;2;1;2;A01
201700014149;0;7;0;2;0;7;1;A01
201700014150;0;7;0;15;2;1;1;B01
201700014150;0;99;0;0;2;8;19;A01
201700014151;0;7;0;8;0;7;1;A01
201700014152;0;10;0;0;2;3;13;A01
201700014152;0;10;0;1;0;1;1;B01
201700014152;0;14;0;0;2;3;1;C01
201700014153;0;7;0;0;2;8;19;B01
201700014153;0;7;0;0;2;1;1;A01
201700014154;0;7;0;4;0;2;14;A01
201700014155;0;33;0;12;0;1;1;A01
201700014156;1;10;0;0;1;2;1;A01
201700014157;0;7;0;0;0;4;2;A01
201700014157;0;7;0;0;2;1;2;B01
201700014158;2;10;0;0;2;3;0;A01
201700014158;1;1;0;0;2;1;13;B01
201700014159;2;15;0;0;0;5;1;A01
201700014159;2;1;0;0;2;8;2;B01
201700014160;0;33;0;2;0;0;1;A01
201700014161;0;2;0;0;0;0;16;A01
201700014162;0;1;0;0;2;1;0;B01
201700014162;0;7;0;0;9;2;21;A01
201700014163;0;33;0;0;6;2;0;A01
201700014164;0;7;0;0;9;3;15;B01
201700014164;0;2;0;0;2;2;17;A01
201700014165;0;7;0;0;1;3;1;A01
201700014166;0;36;0;15;0;2;0;A01
201700014167;0;7;0;4;2;9;1;A01
201700014167;0;7;0;0;2;6;1;B01
201700014168;1;2;0;0;2;1;11;A01
201700014168;2;7;0;0;2;1;11;B01
201700014169;0;33;0;2;0;1;0;A01
201700014170;0;31;0;0;2;1;1;B01
201700014170;0;7;0;0;2;1;13;A01
201700014171;0;2;0;0;2;1;1;B01
201700014171;0;7;0;0;2;2;15;A01
201700014172;0;30;0;0;6;1;0;A01
201700014173;2;7;0;0;1;1;1;A01
201700014174;0;7;0;0;1;1;1;A01
201700014175;0;7;0;0;1;3;2;A01
201700014176;0;2;0;8;0;0;0;A01
201700014177;0;7;0;0;1;1;1;A01
201700014178;0;7;0;0;1;1;0;A01
201700014179;0;7;0;0;1;1;1;A01
201700014180;0;7;0;6;0;1;1;A01
201700014181;0;33;0;3;0;7;1;A01
201700014182;1;7;0;0;0;7;19;A01
201700014182;1;7;0;0;2;1;1;B01
201700014183;0;7;0;0;0;3;9;A01
201700014183;0;2;0;0;2;1;9;B01
201700014184;0;33;0;0;1;1;1;A01
201700014185;2;2;0;0;2;2;5;A01
201700014185;1;7;0;0;2;2;1;B01
201700014186;0;7;0;0;2;7;15;A01
201700014186;0;2;0;0;2;1;1;B01
201700014187;0;31;0;0;2;1;1;A01
201700014187;0;33;0;0;2;1;1;B01
201700014188;0;7;0;0;2;1;13;A01
201700014188;0;7;0;0;2;1;1;B01
201700014189;1;7;0;0;1;2;1;A01
201700014190;2;7;0;0;2;1;5;A01
201700014190;1;7;0;0;2;1;1;B01
201700014191;1;7;0;16;0;9;1;A01
201700014192;0;7;0;7;2;2;9;A01
201700014192;0;7;0;0;2;3;1;B01
201700014193;0;33;0;1;0;1;0;A01
201700014194;1;7;0;14;0;9;1;A01
201700014195;2;7;0;16;0;2;2;A01
201700014196;1;7;0;3;0;9;1;A01
201700014197;1;7;0;0;1;2;16;A01
201700014198;1;7;0;0;2;8;1;B01
201700014198;2;7;0;4;2;3;13;A01
201700014199;2;7;0;15;0;1;1;A01
201700014200;0;7;0;0;2;1;17;A01
201700014200;0;33;0;0;2;1;1;B01
201700014201;0;33;0;0;0;0;1;A01
201700014202;2;7;0;0;2;1;1;A01
201700014202;1;2;0;0;2;1;1;B01
201700014203;2;7;0;0;1;3;1;A01
201700014204;0;17;0;0;2;6;1;B01
201700014204;0;33;0;0;0;8;1;A01
201700014205;0;7;0;0;2;1;1;A01
201700014205;1;7;0;0;2;3;16;B01
201700014206;0;32;0;0;1;8;5;A01
201700014207;0;1;0;0;2;8;15;B01
201700014207;0;7;0;0;9;1;17;A01
201700014208;0;2;0;0;2;1;9;B01
201700014208;0;7;0;0;2;3;17;A01
201700014209;1;7;0;0;2;3;1;A01
201700014209;2;7;0;0;2;2;1;B01
201700014209;2;2;0;7;0;1;21;C01
201700014210;0;7;0;6;0;1;1;A01
201700014211;0;7;0;0;2;3;1;A01
201700014211;0;7;0;0;2;3;1;B01
201700014212;0;2;0;0;0;7;1;A01
201700014213;1;7;0;8;0;3;1;A01
201700014214;2;7;0;13;0;7;1;A01
201700014215;2;7;0;0;0;1;1;A01
201700014216;2;7;0;8;0;1;14;A01
201700014217;1;33;0;0;0;7;21;A01
201700014218;2;7;0;4;0;3;1;A01
201700014219;1;33;0;13;0;7;14;A01
201700014220;1;7;0;0;2;3;1;B01
201700014220;2;7;0;0;2;1;15;A01
201700014221;2;7;0;0;2;3;13;A01
201700014221;1;13;0;0;2;3;1;B01
201700014222;2;7;0;0;0;0;0;B01
201700014222;2;7;0;10;0;8;15;C01
201700014222;2;7;0;10;2;2;17;A01
201700014223;2;3;0;3;0;2;1;A01
201700014224;1;7;0;0;2;1;0;B01
201700014224;2;7;0;0;2;2;0;A01
201700014225;1;7;0;0;2;1;1;B01
201700014225;2;7;0;0;2;1;13;A01
201700014226;2;7;0;1;1;0;1;A01
201700014227;1;7;0;0;2;1;1;B01
201700014227;2;7;0;0;2;1;13;A01
201700014228;0;7;0;0;1;1;1;A01
201700014229;1;7;0;3;5;1;1;A01
201700014230;2;7;0;13;0;2;1;A01
201700014231;2;7;0;0;2;9;1;C01
201700014231;1;7;0;0;2;3;1;A01
201700014231;2;7;0;0;2;9;15;B01
201700014232;1;7;0;0;2;3;1;B01
201700014232;2;7;0;0;2;7;13;A01
201700014233;1;7;0;0;0;9;13;A01
201700014234;2;10;0;0;2;6;24;B01
201700014234;1;7;0;0;9;2;1;A01
201700014235;1;7;0;13;0;1;1;A01
201700014236;2;10;0;2;0;8;13;A01
201700014237;2;7;0;6;0;1;2;A01
201700014238;2;7;0;0;1;2;1;A01
201700014239;1;2;0;0;0;0;0;A01
201700014240;1;7;0;0;2;2;15;B01
201700014240;2;2;0;0;2;1;1;A01
201700014241;2;7;0;0;1;1;1;A01
201700014242;1;7;0;2;0;1;0;A01
201700014243;2;7;0;13;0;3;1;A01
201700014244;1;33;0;0;2;1;1;B01
201700014244;2;3;0;0;2;6;15;A01
201700014245;2;33;0;16;0;0;13;A01
201700014246;2;10;0;16;0;8;13;A01
201700014247;1;7;0;0;1;4;20;A01
201700014248;2;7;0;0;0;3;5;B01
201700014248;1;7;0;0;2;1;5;A01
201700014249;2;7;0;13;0;9;13;A01
201700014250;1;7;0;13;0;1;19;A01
201700014251;2;7;0;13;0;1;14;A01
201700014252;2;7;0;2;0;7;13;A01
201700014253;2;7;0;13;0;9;1;A01
201700014254;1;1;0;0;0;0;0;A01
201700014255;1;7;0;2;0;1;1;A01
201700014256;0;7;0;10;0;4;0;A01
201700014257;2;7;0;6;0;0;1;A01
201700014258;2;7;0;0;2;1;13;A01
201700014258;1;7;0;0;2;1;0;B01
201700014259;2;7;0;0;2;3;13;A01
201700014259;1;7;0;0;2;2;13;B01
201700014260;1;33;0;0;2;1;17;A01
201700014260;0;13;0;0;2;8;15;B01
201700014261;1;2;0;0;2;8;2;B01
201700014261;1;7;0;0;0;0;2;A01
201700014262;1;33;0;0;0;0;0;A01
201700014262;1;33;0;0;0;0;1;B01
201700014263;1;33;0;0;0;1;1;A01
201700014264;1;7;0;8;0;1;18;A01
201700014265;1;7;0;1;0;9;21;A01
201700014266;2;7;0;0;2;3;13;A01
201700014266;1;7;0;0;2;3;1;B01
201700014267;2;7;0;0;2;3;13;A01
201700014267;1;7;0;0;2;3;1;B01
201700014268;1;2;0;0;2;2;17;A01
201700014268;1;7;0;0;2;3;15;B01
201700014269;2;7;0;0;2;6;1;B01
201700014269;2;31;0;0;2;7;17;A01
201700014270;1;7;0;0;2;3;1;B01
201700014270;2;33;0;0;2;3;0;A01
201700014271;1;33;0;0;2;1;1;B01
201700014271;1;7;0;0;0;4;1;A01
201700014272;1;7;0;2;0;1;2;A01
201700014273;2;7;0;0;2;1;13;A01
201700014273;1;7;0;0;2;3;1;B01
201700014274;1;34;0;0;0;0;1;A01
201700014275;1;33;0;2;0;1;2;A01
201700014276;2;2;0;0;2;8;15;A01
201700014276;1;7;0;0;2;3;1;B01
201700014277;1;33;0;0;0;0;1;A01
201700014278;2;10;0;2;0;3;0;A01
201700014279;0;7;0;0;0;1;1;B01
201700014279;0;33;0;0;0;1;16;A01
201700014280;1;1;0;13;0;1;0;A01
201700014281;1;7;0;0;2;5;17;B01
201700014281;1;2;0;0;2;3;15;A01
201700014282;1;7;0;15;0;3;1;A01
201700014283;1;10;0;13;0;3;1;A01
201700014284;0;7;0;6;2;5;17;A01
201700014284;0;7;0;0;2;3;15;B01
201700014285;1;17;0;0;2;3;1;B01
201700014285;2;7;0;0;2;3;13;A01
201700014286;2;7;0;0;2;3;1;A01
201700014286;1;7;0;0;2;3;1;B01
201700014287;0;7;0;0;2;1;13;A01
201700014287;0;7;0;0;2;3;1;B01
201700014287;0;7;0;0;2;3;1;C01
201700014288;2;7;0;0;2;3;0;A01
201700014288;1;7;0;0;2;3;0;B01
201700014289;2;1;0;0;2;0;0;B01
201700014289;1;7;0;0;2;2;15;A01
201700014290;1;7;0;0;1;3;1;A01
201700014291;1;10;0;0;2;1;1;B01
201700014291;2;7;0;0;2;3;13;A01
201700014292;0;7;0;0;2;3;1;B01
201700014292;0;7;0;0;2;3;13;A01
201700014293;0;7;0;13;0;2;1;A01
201700014294;0;7;0;0;2;6;13;A01
201700014294;0;7;0;0;2;3;1;B01
201700014295;0;7;0;0;2;1;1;B01