num_acc;senc;catv;occutc;obs;obsm;choc;manv;num_veh
201700014295;0;7;0;0;2;2;16;A01
201700014296;0;7;0;2;0;2;1;A01
201700014297;1;7;0;0;0;0;15;B01
201700014297;2;2;0;0;0;3;1;A01
201700014298;1;30;0;0;2;1;1;B01
201700014298;2;7;0;0;2;7;15;A01
201700014299;0;7;0;6;0;3;13;A01
201700014300;1;7;0;0;1;3;2;A01
201700014301;2;33;0;0;2;8;13;B01
201700014301;1;33;0;0;2;1;13;A01
201700014302;1;33;0;0;0;8;1;B01
201700014302;0;99;0;0;2;1;9;A01
201700014303;1;33;0;0;0;7;1;B01
201700014303;2;7;0;0;2;3;9;A01
201700014304;0;2;0;7;0;9;1;A01
201700014305;1;2;0;0;0;0;1;A01
201700014306;2;33;0;0;0;3;1;A01
201700014307;2;7;0;0;2;1;13;A01
201700014307;2;7;0;0;2;1;1;B01
201700014308;2;7;0;2;0;6;13;A01
201700014309;1;7;0;0;1;1;1;A01
201700014310;2;7;0;0;2;1;1;A01
201700014310;1;21;0;0;2;8;1;B01
201700014311;1;7;0;0;2;7;15;A01
201700014311;2;2;0;0;2;1;1;B01
201700014312;1;7;0;0;2;1;1;B01
201700014312;1;7;0;0;2;8;10;A01
201700014313;1;7;0;0;2;1;1;B01
201700014313;2;7;0;0;2;1;13;A01
201700014314;1;7;0;13;0;1;0;A01
201700014315;2;7;0;0;2;7;1;B01
201700014315;2;7;0;0;2;1;19;A01
201700014316;1;7;0;0;2;2;2;A01
201700014316;1;1;0;0;0;4;1;B01
201700014317;0;10;0;0;6;1;1;A01
201700014318;2;7;0;0;2;8;19;A01
201700014318;1;7;0;0;2;1;1;B01
201700014319;1;10;0;0;2;1;1;A01
201700014319;1;10;0;0;2;4;1;B01
201700014320;1;33;0;0;6;1;1;A01
201700014321;2;7;0;0;2;1;1;B01
201700014321;1;10;0;0;2;8;21;A01
201700014322;2;7;0;13;0;1;1;A01
201700014323;1;7;0;0;2;2;1;A01
201700014323;2;1;0;0;2;8;15;B01
201700014324;1;7;0;0;2;1;1;B01
201700014324;2;7;0;0;2;7;13;A01
201700014325;2;7;0;0;2;4;1;B01
201700014325;2;7;0;0;2;1;1;A01
201700014326;2;2;0;0;0;0;1;A01
201700014327;1;7;0;0;0;4;23;A01
201700014327;1;7;0;14;0;1;2;B01
201700014328;1;10;0;0;1;2;1;A01
201700014329;1;7;0;0;2;8;1;B01
201700014329;2;7;0;0;2;8;13;A01
201700014330;1;7;0;0;0;5;15;A01
201700014330;1;7;0;0;2;1;1;B01
201700014331;1;7;0;0;2;1;1;A01
201700014331;0;1;0;0;2;7;19;B01
201700014332;2;7;0;0;2;3;5;A01
201700014332;1;7;0;0;2;3;1;B01
201700014333;0;33;0;0;2;1;1;B01
201700014333;0;7;0;0;2;3;15;A01
201700014334;2;7;0;0;0;4;2;B01
201700014334;2;7;0;0;2;1;2;A01
201700014335;0;32;0;12;0;2;0;A01
201700014336;0;7;0;0;2;3;1;A01
201700014336;0;7;0;0;2;1;13;B01
201700014337;0;7;0;13;2;2;1;B01
201700014337;0;7;0;13;0;1;0;A01
201700014338;1;7;0;0;2;1;15;A01
201700014338;1;7;0;0;2;1;1;B01
201700014339;0;2;0;0;2;1;5;A01
201700014339;0;7;0;0;2;3;1;B01
201700014340;0;1;0;0;2;8;1;B01
201700014340;0;7;0;0;9;1;1;A01
201700014341;0;7;0;0;2;3;19;B01
201700014341;0;7;0;0;2;2;1;A01
201700014342;2;7;0;0;2;3;15;A01
201700014342;2;33;0;0;2;1;1;B01
201700014343;0;7;0;0;2;2;15;A01
201700014343;0;31;0;0;2;0;1;B01
201700014344;0;2;0;13;0;8;1;A01
201700014345;2;7;0;13;0;1;1;A01
201700014346;1;33;0;0;2;1;17;A01
201700014346;1;7;0;0;2;3;15;B01
201700014347;0;33;0;1;0;3;0;A01
201700014348;1;7;0;0;0;1;1;A01
201700014349;0;7;0;0;2;1;1;A01
201700014349;0;7;0;0;0;8;1;C01
201700014349;0;7;0;0;0;1;1;B01
201700014350;0;7;0;13;0;1;1;A01
201700014351;2;7;0;13;0;1;1;A01
201700014352;0;2;0;0;0;7;0;A01
201700014353;1;33;0;0;2;9;1;A01
201700014353;0;21;0;0;0;8;19;B01
201700014354;2;10;0;8;1;3;1;B01
201700014354;0;7;0;0;2;1;0;A01
201700014355;0;7;0;0;0;2;1;A01
201700014356;0;7;0;15;0;1;1;A01
201700014357;1;7;0;0;2;7;15;A01
201700014357;0;2;0;0;2;1;1;B01
201700014358;0;7;0;13;0;1;14;A01
201700014359;2;7;0;0;2;3;17;A01
201700014359;1;14;0;0;2;3;1;B01
201700014360;0;7;0;3;0;1;0;A01
201700014361;0;37;1;0;1;2;15;A01
201700014362;0;3;0;5;0;1;1;A01
201700014363;2;10;0;8;0;1;15;A01
201700014364;0;7;0;0;2;1;1;A01
201700014364;0;7;0;0;2;2;1;B01
201700014365;0;2;0;0;0;0;0;A01
201700014366;1;7;0;0;2;2;6;A01
201700014366;1;7;0;0;2;1;1;B01
201700014367;0;7;0;2;0;1;1;A01
201700014368;1;7;0;0;2;1;1;A01
201700014368;0;2;0;0;2;7;1;B01
201700014369;1;7;0;0;2;2;1;A01
201700014369;2;10;0;0;2;1;1;B01
201700014370;0;7;0;0;2;3;15;A01
201700014370;0;7;0;13;0;5;17;B01
201700014371;0;7;0;13;0;3;13;A01
201700014372;0;7;0;0;2;5;9;A01
201700014372;0;7;0;0;2;1;1;B01
201700014373;0;7;0;13;0;8;1;A01
201700014374;2;7;0;15;0;9;1;A01
201700014375;2;10;0;0;2;3;1;C01
201700014375;2;21;0;0;0;0;19;A01
201700014376;1;7;0;13;0;2;14;A01
201700014377;1;7;0;0;2;1;1;B01
201700014377;2;2;0;0;2;1;13;A01
201700014378;1;7;0;0;2;1;13;A01
201700014378;2;17;0;0;2;1;1;B01
201700014379;0;7;0;0;2;2;9;A01
201700014379;0;7;0;0;2;3;1;B01
201700014380;2;7;0;0;2;2;15;A01
201700014380;1;7;0;0;2;3;1;B01
201700014381;0;7;0;0;1;1;1;A01
201700014382;0;7;0;0;2;3;23;B01
201700014382;0;33;0;0;2;6;1;A01
201700014383;1;7;0;0;2;6;15;A01
201700014383;2;33;0;0;2;1;1;B01
201700014384;0;7;0;13;0;1;13;A01
201700014385;0;1;0;0;2;8;1;B01
201700014385;0;7;0;0;9;5;1;A01
201700014386;0;7;0;6;0;1;1;A01
201700014387;0;10;0;0;2;1;1;B01
201700014387;0;33;0;0;2;7;1;A01
201700014388;0;7;0;0;1;2;0;A01
201700014389;0;7;0;0;9;8;0;A01
201700014389;0;2;0;0;2;0;1;B01
201700014390;0;7;0;6;0;1;13;A01
201700014391;0;33;0;16;0;1;1;A01
201700014392;1;7;0;0;0;0;0;A01
201700014393;0;7;0;6;0;1;1;A01
201700014394;2;7;0;0;2;1;13;A01
201700014394;1;10;0;0;2;1;1;B01
201700014395;1;7;0;15;0;3;1;A01
201700014396;0;21;0;2;0;1;1;A01
201700014397;2;10;0;0;0;0;17;B01
201700014397;1;33;0;13;0;3;1;A01
201700014398;2;7;0;0;2;1;15;A01
201700014398;0;7;0;0;2;1;1;B01
201700014399;1;31;0;16;0;6;1;B01
201700014399;1;7;0;0;2;8;17;A01
201700014400;0;7;0;0;2;2;1;B01
201700014400;0;2;0;0;2;7;19;A01
201700014401;0;7;0;0;1;2;14;A01
201700014402;1;7;0;2;0;1;1;A01
201700014403;0;7;0;6;0;1;0;A01
201700014404;1;7;0;2;0;1;17;B01
201700014404;1;2;0;0;0;0;15;A01
201700014405;2;7;0;14;0;1;1;A01
201700014406;0;7;0;0;2;2;1;B01
201700014406;0;2;0;0;2;1;13;A01
201700014407;0;7;0;0;2;8;1;B01
201700014407;0;2;0;0;2;1;15;A01
201700014408;1;7;0;0;2;3;0;A01
201700014408;2;15;0;0;2;3;0;B01
201700014409;0;7;0;0;1;3;1;A01
201700014410;2;7;0;9;2;1;19;A01
201700014410;0;7;0;0;2;8;1;B01
201700014411;1;7;0;2;0;8;16;A01
201700014412;0;7;0;13;0;2;1;A01
201700014413;0;7;0;13;0;3;1;A01
201700014414;2;7;0;13;0;1;1;A01
201700014415;1;7;0;6;0;2;1;A01
201700014416;0;7;0;0;9;3;16;A01
201700014416;1;1;0;0;2;1;1;B01
201700014417;1;7;0;0;2;7;1;A01
201700014417;2;14;0;0;2;1;1;B01
201700014418;0;7;0;13;0;1;1;A01
201700014419;0;2;0;0;2;1;17;A01
201700014419;0;7;0;0;2;3;15;B01
201700014420;1;7;0;13;0;1;1;A01
201700014421;2;33;0;12;0;7;1;A01
201700014422;1;7;0;13;0;2;13;A01
201700014423;1;7;0;0;2;7;20;A01
201700014423;1;33;0;0;2;1;1;B01
201700014424;2;33;0;13;0;1;1;A01
201700014425;0;7;0;13;0;1;1;A01
201700014426;0;10;0;0;9;8;9;A01
201700014426;0;1;0;0;2;1;1;B01
201700014427;1;7;0;0;2;8;1;B01
201700014427;2;33;0;0;2;7;1;A01
201700014428;2;7;0;13;0;2;1;A01
201700014429;1;7;0;0;0;9;1;A01
201700014430;1;10;0;0;2;1;15;A01
201700014430;2;33;0;0;2;1;1;B01
201700014431;0;10;0;0;9;1;1;A01
201700014432;0;7;0;6;0;3;1;A01
201700014433;2;7;0;0;0;6;17;A01
201700014433;2;33;0;0;2;9;17;B01
201700014434;0;7;0;13;0;1;1;A01
201700014435;0;7;0;13;0;1;1;A01
201700014436;1;7;0;6;0;1;13;A01
201700014437;0;2;0;0;0;7;1;A01
201700014438;0;7;0;0;2;1;1;A01
201700014438;0;7;0;0;2;1;1;B01
201700014439;0;7;0;0;2;3;1;B01
201700014439;0;7;0;0;2;3;15;A01
201700014440;1;7;0;6;0;1;1;A01
201700014441;1;1;0;0;2;3;2;A01
201700014441;1;1;0;0;2;5;2;B01
201700014442;0;7;0;6;0;2;15;A01
201700014443;0;7;0;15;0;1;1;A01
201700014444;1;7;0;0;2;1;13;A01
201700014444;2;7;0;0;2;1;1;B01
201700014445;0;33;0;0;2;7;2;B01
201700014445;0;33;0;0;2;8;2;A01
201700014446;0;10;0;8;0;2;1;A01
201700014447;0;7;0;0;5;1;1;A01
201700014448;1;1;0;0;0;7;1;A01
201700014449;1;7;0;1;0;2;2;A01
201700014449;0;20;0;0;0;4;24;B01
201700014450;2;7;0;0;2;3;1;A01
201700014450;1;2;0;0;2;1;13;B01
201700014451;0;2;0;0;0;3;1;A01
201700014452;2;7;0;13;0;3;1;A01
201700014453;1;7;0;0;0;4;15;B01
201700014453;1;7;0;0;2;3;2;A01
201700014454;2;2;0;6;0;1;1;A01
201700014455;2;7;0;0;2;1;13;A01
201700014455;1;7;0;0;2;3;1;B01
201700014456;0;7;0;13;0;3;0;A01
201700014457;1;33;0;0;0;8;1;A01
201700014458;0;38;1;0;2;8;15;A01
201700014458;0;1;0;0;2;1;5;B01
201700014459;0;36;0;0;0;0;1;A01
201700014460;1;7;0;0;2;3;1;A01
201700014460;2;2;0;0;2;1;15;B01
201700014461;1;3;0;13;0;2;0;A01
201700014462;2;7;0;6;0;2;1;A01
201700014463;0;7;0;7;0;0;1;A01
201700014464;1;7;0;8;0;7;1;A01
201700014465;0;7;0;0;2;3;23;C01
201700014465;1;7;0;0;2;2;15;A01
201700014465;2;7;0;0;2;1;1;B01
201700014466;1;7;0;13;2;7;13;A01
201700014466;2;7;0;0;2;1;1;B01
201700014467;0;7;0;0;2;3;1;B01
201700014467;0;7;0;0;2;3;13;A01
201700014468;0;7;0;13;0;1;1;A01
201700014469;0;7;0;0;2;1;1;B01
201700014469;0;30;0;0;2;1;13;A01
201700014470;0;7;0;0;2;3;10;A01
201700014470;0;34;0;0;2;2;17;B01
201700014471;2;10;0;0;1;1;1;A01
201700014472;1;7;0;0;2;2;19;B01
201700014472;2;7;0;8;2;3;1;A01
201700014473;1;1;0;0;0;0;1;A01
201700014474;0;7;0;0;0;7;19;A01
201700014474;0;7;0;0;2;1;1;B01
201700014475;1;7;0;0;1;2;1;A01
201700014476;1;1;0;0;2;4;17;B01
201700014476;1;7;0;0;2;2;17;A01
201700014477;0;7;0;16;0;3;1;A01
201700014478;2;7;0;0;2;2;23;B01
201700014478;2;33;0;0;2;1;21;A01
201700014479;1;1;0;0;2;7;1;B01
201700014479;2;14;0;0;9;1;19;A01
201700014480;0;32;0;0;6;0;1;A01
201700014481;0;7;0;13;0;2;14;A01
201700014482;1;7;0;13;0;3;1;A01
201700014483;1;7;0;2;0;7;17;A01
201700014484;0;2;0;0;2;8;19;A01
201700014484;0;7;0;0;2;1;1;B01
201700014485;0;7;0;6;0;1;1;A01
201700014486;0;7;0;6;0;1;1;A01
201700014487;1;7;0;0;0;3;0;B01
201700014487;2;7;0;0;2;3;1;A01
201700014488;0;7;0;0;2;2;2;A01
201700014488;0;3;0;0;0;4;2;B01
201700014489;1;7;0;13;0;2;0;A01
201700014490;0;7;0;15;0;2;1;A01
201700014491;0;33;0;14;0;1;0;A01
201700014492;0;7;0;0;1;7;1;A01
201700014493;2;33;0;13;0;0;0;A01
201700014494;0;7;0;13;0;9;1;A01
201700014495;1;7;0;0;2;1;15;A01
201700014495;2;7;0;0;2;1;1;B01
201700014496;0;1;0;0;2;3;11;A01
201700014496;0;21;0;0;2;6;5;B01
201700014497;1;7;0;0;1;3;1;A01
201700014498;0;2;0;9;0;1;1;A01
201700014499;0;7;0;0;2;1;1;B01
201700014499;0;7;0;0;2;8;15;A01
201700014500;0;7;0;13;0;1;1;A01
201700014501;2;33;0;0;2;1;13;A01
201700014501;1;7;0;0;2;3;1;B01
201700014501;2;7;0;0;2;3;1;C01
201700014502;0;7;0;0;2;1;17;B01
201700014502;0;7;0;0;2;3;15;A01
201700014503;0;2;0;2;0;7;1;A01
201700014504;1;7;0;0;2;8;1;B01
201700014504;1;7;0;0;2;1;1;A01
201700014505;0;21;0;0;2;6;1;B01
201700014505;0;2;0;0;2;7;17;A01
201700014506;0;7;0;6;0;1;16;A01
201700014507;1;7;0;0;2;2;15;A01
201700014507;2;7;0;0;2;3;16;B01
201700014507;1;7;0;0;2;1;1;C01
201700014508;0;10;0;0;0;9;1;A01
201700014509;1;7;0;13;0;1;1;A01
201700014510;1;7;0;6;0;1;1;A01
201700014511;1;30;0;0;2;3;0;B01
201700014511;2;7;0;0;2;1;15;A01
201700014512;2;7;0;0;2;2;10;A01
201700014512;1;33;0;0;2;2;1;B01
201700014513;1;7;0;4;0;7;1;A01
201700014514;2;7;0;6;9;5;14;A01
201700014515;2;7;0;0;2;1;15;A01
201700014515;1;7;0;0;2;1;1;B01
201700014516;1;7;0;0;1;2;1;A01
201700014517;2;7;0;2;0;7;1;A01
201700014518;1;7;0;0;2;3;13;A01
201700014518;2;7;0;0;2;1;1;B01
201700014519;2;7;0;0;2;7;2;A01
201700014519;2;1;0;0;2;8;2;B01
201700014520;1;7;0;8;0;9;2;A01
201700014521;2;31;0;0;0;7;23;A01
201700014522;1;7;0;13;0;1;13;A01
201700014523;1;10;0;0;2;1;2;A01
201700014523;1;7;0;0;2;9;2;B01
201700014523;1;7;0;0;2;5;2;C01
201700014524;1;34;0;0;0;8;15;A01
201700014525;2;33;0;16;0;8;1;A01
201700014526;2;33;0;11;0;1;1;A01
201700014527;1;7;0;0;2;1;1;A01
201700014527;2;15;0;0;2;1;1;B01
201700014528;2;7;0;0;2;3;1;A01
201700014528;1;7;0;0;2;3;15;B01
201700014529;1;7;0;13;0;0;17;A01
201700014530;2;7;0;0;2;1;1;C01
201700014530;2;7;0;0;0;0;1;A01
201700014530;2;7;0;0;0;4;1;B01
201700014531;2;10;0;0;0;7;15;B01
201700014531;1;33;0;0;2;1;1;A01
201700014532;1;7;0;0;2;3;10;A01
201700014532;1;33;0;0;2;1;17;B01
201700014533;1;7;0;2;0;1;0;A01
201700014534;2;7;0;2;0;3;13;A01
201700014535;2;7;0;13;0;1;1;A01
201700014536;1;7;0;13;;3;1;A01
201700014537;2;7;0;0;;2;1;B01
201700014537;1;7;0;0;2;3;19;A01
201700014538;2;7;0;13;0;9;0;A01
201700014539;2;7;0;0;2;3;13;A01
201700014539;1;7;0;0;2;6;1;B01
201700014539;1;7;0;0;9;3;1;C01
201700014540;1;33;0;0;2;1;17;A01
201700014540;2;7;0;0;2;3;6;B01
201700014541;2;7;0;0;2;1;13;A01
201700014541;1;7;0;0;;1;1;B01
201700014541;1;7;0;0;2;1;1;C01
201700014542;2;10;0;0;2;3;13;A01
201700014542;1;7;0;0;2;3;1;B01
201700014543;2;7;0;0;1;2;2;A01
201700014544;1;2;0;0;2;1;1;B01
201700014544;0;7;0;0;2;3;16;A01
201700014545;2;1;0;13;0;9;14;A01
201700014546;1;7;0;2;0;2;13;A01
201700014547;1;10;0;0;2;7;19;A01
201700014547;2;2;0;0;2;1;1;B01
201700014548;1;7;0;2;0;1;21;A01
201700014549;1;7;0;0;2;4;15;A01
201700014549;1;7;0;0;2;1;2;B01
201700014550;2;7;0;0;2;1;1;B01
201700014550;2;7;0;7;2;7;19;A01
201700014551;2;7;0;0;2;1;1;B01
201700014551;1;7;0;0;2;1;21;A01
201700014552;0;7;0;2;0;3;0;A01
201700014553;2;7;0;14;0;1;1;A01
201700014554;2;7;0;0;9;5;17;A01
201700014554;2;1;0;0;2;1;2;B01
201700014555;1;33;0;0;2;1;1;B01
201700014555;2;13;0;0;0;2;15;A01
201700014556;0;33;0;0;2;3;1;A01
201700014556;0;7;0;0;2;7;15;B01
201700014557;1;1;0;0;9;0;1;A01
201700014557;1;1;0;0;9;8;2;B01
201700014558;0;99;0;0;1;2;1;A01
201700014559;1;7;0;0;2;1;14;A01
201700014559;0;14;0;0;2;1;1;B01
201700014560;0;10;0;0;9;1;1;A01
201700014560;0;30;0;0;0;0;21;B01
201700014561;1;7;0;0;2;3;1;A01
201700014561;2;7;0;0;2;3;21;B01
201700014562;2;30;0;0;0;8;1;A01
201700014563;1;7;0;0;2;3;13;A01
201700014563;2;7;0;0;2;3;1;B01
201700014564;2;7;0;6;0;1;1;A01
201700014565;1;7;0;0;2;1;13;A01
201700014565;2;10;0;0;2;3;1;B01
201700014566;0;7;0;13;0;1;0;A01
201700014567;0;36;0;6;0;3;16;A01
201700014568;2;33;0;0;2;8;1;C01
201700014568;1;7;0;0;2;6;23;B01
201700014568;1;7;0;0;2;1;13;A01
201700014569;1;33;0;0;0;8;1;A01
201700014570;2;7;0;0;2;5;13;B01
201700014570;1;32;0;0;2;1;1;A01
201700014571;1;7;0;2;0;1;0;A01
201700014572;2;7;0;13;0;7;1;A01
201700014573;2;33;0;13;0;0;1;A01
201700014574;2;7;0;13;0;2;1;A01
201700014575;0;7;0;0;0;8;15;A01
201700014575;0;33;0;0;2;1;17;B01
201700014576;1;7;0;0;2;8;17;A01
201700014576;2;2;0;0;2;8;1;B01
201700014577;2;33;0;1;2;7;1;B01
201700014577;1;7;0;0;2;2;15;A01
201700014578;2;7;0;2;0;7;13;A01
201700014579;2;7;0;0;2;1;1;B01
201700014579;1;7;0;0;2;3;13;A01
201700014580;1;7;0;13;0;9;13;A01
201700014581;2;7;0;0;2;1;1;B01
201700014581;0;7;0;0;2;9;19;A01
201700014582;0;7;0;0;0;3;13;A01
201700014583;1;7;0;13;0;0;14;A01
201700014584;1;32;0;0;9;4;1;A01
201700014585;1;33;0;0;2;2;17;B01
201700014585;1;7;0;0;2;3;15;A01
201700014586;1;10;0;1;0;3;1;A01
201700014587;0;2;0;0;2;1;1;B01
201700014587;0;7;0;0;2;3;20;A01
201700014588;1;7;0;2;0;7;0;A01
201700014589;1;7;0;2;0;0;1;A01
201700014590;2;7;0;2;0;1;1;A01
201700014591;1;7;0;0;2;1;1;B01
201700014591;1;7;0;8;2;1;14;A01
201700014592;1;33;0;13;0;7;1;A01
201700014593;2;7;0;0;2;2;1;C01
201700014593;2;2;0;0;2;1;1;B01
201700014593;1;7;0;13;2;2;13;A01
201700014594;2;33;0;13;0;0;1;A01
201700014595;2;7;0;0;2;1;1;B01
201700014595;1;21;0;0;2;7;1;A01
201700014596;2;7;0;8;0;8;1;A01
201700014597;2;10;0;0;1;2;17;A01
201700014598;2;2;0;0;0;9;1;A01
201700014599;2;10;0;0;2;2;1;B01
201700014599;1;7;0;0;2;3;19;A01
201700014600;2;7;0;0;2;8;19;B01
201700014600;1;10;0;0;2;1;1;A01
201700014601;2;7;0;13;0;2;1;A01
201700014602;1;7;0;0;2;8;1;B01
201700014602;1;1;0;0;2;1;19;A01
201700014603;2;7;0;13;0;1;13;A01
201700014604;1;33;0;13;0;3;0;A01
201700014605;2;7;0;13;0;3;1;A01
201700014606;2;33;0;0;2;8;1;B01
201700014606;1;7;0;0;2;8;13;A01
201700014607;1;7;0;0;2;3;13;A01
201700014607;2;7;0;0;2;3;1;B01
201700014608;2;33;0;0;2;1;1;B01
201700014608;1;7;0;0;2;3;5;A01
201700014608;2;33;0;0;2;1;1;C01
201700014609;0;2;0;0;0;4;24;B01
201700014609;1;7;0;0;2;1;14;A01
201700014610;2;33;0;0;2;1;17;A01
201700014610;2;7;0;0;2;8;15;B01
201700014611;2;7;0;2;0;1;1;A01
201700014612;1;7;0;0;2;7;19;A01
201700014612;1;10;0;0;2;1;1;B01
201700014613;2;7;0;0;2;3;13;A01
201700014613;1;7;0;0;2;3;1;B01
201700014614;1;33;0;0;0;0;1;A01
201700014615;1;7;0;0;2;1;1;B01
201700014615;2;7;0;0;2;3;19;A01
201700014616;1;7;0;0;2;4;2;B01
201700014616;1;10;0;0;2;3;2;A01
201700014616;2;7;0;0;2;1;1;C01
201700014617;2;7;0;0;2;1;1;B01
201700014617;1;7;0;0;2;1;13;A01
201700014618;1;7;0;0;2;3;13;A01
201700014618;2;7;0;0;0;3;1;B01
201700014619;2;7;0;13;0;1;14;A01
201700014620;1;39;107;0;2;3;1;B01
201700014620;1;7;0;0;4;7;1;A01
201700014621;2;7;0;0;2;1;1;B01
201700014621;1;7;0;13;2;1;13;A01
201700014622;2;7;0;15;0;1;14;A01
201700014623;1;7;0;0;2;3;13;A01
201700014623;2;7;0;0;2;3;1;B01
201700014624;1;7;0;0;2;3;15;A01
201700014624;1;7;0;15;2;1;1;B01
201700014625;1;7;0;6;0;1;13;A01
201700014626;2;7;0;0;2;8;19;A01
201700014626;2;7;0;0;2;1;1;B01
201700014627;2;7;0;6;0;2;0;A01
201700014628;2;7;0;2;0;3;1;A01
201700014629;2;33;0;15;2;7;1;B01
201700014629;1;7;0;0;2;1;15;A01
201700014630;2;33;0;12;0;7;1;A01
201700014631;1;7;0;0;2;3;1;A01
201700014631;2;7;0;0;2;3;1;B01
201700014632;1;7;0;0;2;3;13;A01
201700014632;2;7;0;0;2;3;1;B01
201700014633;2;7;0;0;2;3;13;A01
201700014633;1;7;0;0;2;3;1;B01
201700014634;0;7;0;0;2;3;1;A01
201700014634;0;2;0;0;2;1;1;B01
201700014635;1;7;0;2;0;1;1;A01
201700014636;1;1;0;0;2;7;21;B01
201700014636;0;7;0;0;2;3;15;A01
201700014637;2;2;0;0;0;8;0;A01
201700014638;2;7;0;0;2;1;2;B01
201700014638;1;7;0;0;2;7;15;A01
201700014639;1;14;0;0;2;1;13;A01
201700014639;2;7;0;0;2;1;13;B01
201700014640;1;7;0;2;0;2;1;A01
201700014641;2;7;0;0;2;7;1;A01
201700014641;2;7;0;0;2;1;1;B01
201700014642;2;7;0;3;0;1;13;A01
201700014643;1;33;0;0;2;1;21;C01
201700014643;1;10;0;0;0;6;20;A01
201700014643;1;7;0;1;0;1;0;B01
201700014644;1;7;0;0;2;1;2;A01
201700014644;1;7;0;0;2;4;23;B01
201700014645;2;20;0;0;2;6;15;B01
201700014645;2;38;46;0;2;2;17;A01
201700014646;2;7;0;0;2;3;15;B01
201700014646;2;1;0;0;2;6;15;A01
201700014647;2;33;0;11;0;7;6;A01
201700014648;0;33;0;0;0;8;1;A01
201700014649;1;15;0;0;1;2;1;A01
201700014650;1;7;0;0;2;4;23;B01
201700014650;1;7;0;0;2;4;23;C01
201700014650;1;7;0;0;2;1;1;A01
201700014651;2;7;0;0;2;1;13;A01
201700014651;0;7;0;0;2;1;1;B01
201700014652;2;7;0;0;1;3;1;A01
201700014653;1;7;0;12;0;9;2;A01
201700014654;1;32;0;0;0;8;1;A01
201700014655;1;30;0;8;0;1;1;A01
201700014656;2;7;0;0;2;1;1;B01
201700014656;0;7;0;0;2;3;9;A01
201700014657;1;2;0;0;2;1;1;A01
201700014657;2;7;0;0;0;3;1;B01
201700014658;1;7;0;0;0;4;2;B01
201700014658;1;7;0;0;2;1;2;A01
201700014659;1;17;0;0;0;0;1;A01
201700014659;2;7;0;0;9;6;1;B01
201700014660;1;33;0;0;2;1;1;B01
201700014660;2;17;0;0;2;2;15;A01
201700014661;1;7;0;5;0;3;1;A01
201700014662;0;7;0;0;2;3;15;A01
201700014662;0;2;0;0;2;1;13;B01
201700014663;1;10;0;0;0;0;2;C01
201700014663;2;7;0;0;2;3;2;B01
201700014663;2;7;0;0;2;3;5;A01
201700014664;1;17;0;0;0;6;1;A01
201700014664;1;7;0;0;2;2;2;B01
201700014665;2;7;0;0;2;8;1;A01
201700014666;2;2;0;0;2;6;1;B01
201700014666;1;7;0;0;2;3;15;A01
201700014667;2;7;0;0;2;2;11;A01
201700014668;2;7;0;0;2;4;23;B01
201700014668;2;7;0;0;2;1;1;A01
201700014668;2;7;0;0;0;4;23;C01
201700014669;2;7;0;0;0;1;1;A01
201700014670;1;7;0;0;1;2;1;A01
201700014671;1;7;0;8;0;1;0;A01
201700014672;1;7;0;0;2;2;2;A01
201700014672;1;7;0;0;2;6;2;B01
201700014673;1;7;0;0;2;1;1;C01
201700014673;1;7;0;0;2;9;1;B01
201700014673;1;7;0;0;2;9;1;D01
201700014673;2;7;0;0;2;3;13;A01
201700014674;1;7;0;0;2;2;15;A01
201700014674;1;33;0;0;2;1;1;B01
201700014675;2;33;0;0;2;1;5;A01
201700014675;1;7;0;0;2;1;1;B01
201700014676;2;7;0;0;2;2;17;B01
201700014676;2;7;0;0;2;3;17;A01
201700014676;2;7;0;0;9;1;1;C01
201700014677;0;7;0;0;9;7;1;A01
201700014677;0;1;0;0;2;1;0;B01
201700014678;0;35;0;13;0;0;1;A01
201700014679;2;7;0;8;0;7;1;A01
201700014680;2;7;0;0;0;1;1;B01
201700014680;2;3;0;0;0;8;11;A01
201700014681;1;7;0;2;0;3;0;A01
201700014682;1;7;0;13;0;2;1;A01
201700014683;2;7;0;0;2;3;13;A01
201700014683;1;37;41;0;2;3;0;B01
201700014684;1;1;0;0;0;8;1;B01
201700014684;1;7;0;0;9;7;1;A01
201700014685;1;7;0;0;2;3;1;C01
201700014685;2;7;0;0;2;3;13;A01
201700014685;1;7;0;0;2;3;1;B01
201700014686;1;7;0;0;2;1;13;A01
201700014686;2;7;0;0;2;1;1;B01
201700014686;2;7;0;0;2;1;1;C01
201700014687;1;7;0;0;2;8;17;A01
201700014687;2;7;0;0;2;3;1;C01
201700014687;1;7;0;0;2;3;1;B01
201700014688;1;7;0;7;0;1;13;A01
201700014689;1;21;0;0;2;2;15;A01
201700014689;2;31;0;0;2;1;1;B01
201700014690;1;7;0;3;0;3;13;A01
201700014691;2;7;0;0;2;4;1;B01
201700014691;2;7;0;0;2;1;1;A01
201700014692;1;1;0;0;2;8;19;A01
201700014692;1;7;0;0;2;2;1;B01
201700014693;1;7;0;0;2;1;1;B01
201700014693;2;7;0;0;2;7;19;A01
201700014694;1;2;0;11;0;1;19;A01
201700014695;2;7;0;0;2;3;21;B01