num_acc;senc;catv;occutc;obs;obsm;choc;manv;num_veh
201700014695;1;7;0;0;2;3;13;A01
201700014696;2;7;0;8;2;1;15;A01
201700014696;1;7;0;0;2;1;1;B01
201700014696;1;10;0;0;2;2;1;C01
201700014697;1;10;0;0;2;7;15;A01
201700014697;2;7;0;0;2;1;1;B01
201700014697;2;7;0;0;2;1;1;C01
201700014697;1;10;0;0;2;3;1;D01
201700014698;2;7;0;0;2;7;1;B01
201700014698;0;30;0;0;2;3;5;A01
201700014699;2;15;0;0;2;5;15;A01
201700014699;1;33;0;0;2;1;1;B01
201700014700;2;7;0;2;0;3;1;A01
201700014701;2;33;0;1;0;1;15;A01
201700014702;1;1;0;1;0;1;2;A01
201700014703;2;1;0;0;2;8;15;A01
201700014703;1;7;0;0;2;3;1;B01
201700014704;1;7;0;0;0;2;0;A01
201700014704;0;2;0;0;0;1;17;B01
201700014705;2;2;0;7;0;1;1;A01
201700014706;1;7;0;13;0;3;1;A01
201700014707;2;10;0;6;0;2;1;A01
201700014708;2;2;0;0;0;8;1;A01
201700014709;2;7;0;2;0;1;14;A01
201700014710;1;7;0;0;2;3;19;A01
201700014710;2;2;0;0;2;1;1;B01
201700014711;2;10;0;2;0;1;0;A01
201700014712;1;7;0;6;0;1;1;A01
201700014713;2;7;0;0;1;2;1;A01
201700014714;2;7;0;0;2;4;23;A01
201700014714;2;30;0;0;2;1;1;B01
201700014715;0;7;0;0;1;3;13;A01
201700014716;1;7;0;12;2;3;15;A01
201700014716;2;7;0;0;2;3;1;B01
201700014717;1;7;0;15;0;1;14;A01
201700014718;1;7;0;0;2;3;20;A01
201700014718;1;2;0;0;2;1;1;B01
201700014719;0;7;0;0;2;3;1;A01
201700014719;0;1;0;0;2;8;19;B01
201700014720;1;7;0;8;0;1;1;A01
201700014721;2;99;0;0;2;5;15;B01
201700014721;2;33;0;0;2;1;1;A01
201700014722;0;33;0;0;2;1;1;B01
201700014722;0;7;0;0;2;3;16;A01
201700014723;1;36;0;13;0;2;14;A01
201700014724;1;33;0;0;2;1;1;B01
201700014724;0;7;0;0;2;8;15;A01
201700014725;1;33;0;13;0;2;1;A01
201700014726;1;7;0;0;0;6;0;C01
201700014726;2;7;0;0;0;2;15;A01
201700014726;1;7;0;0;0;2;0;B01
201700014727;2;7;0;0;2;3;13;A01
201700014727;1;7;0;0;2;1;1;C01
201700014727;1;21;0;0;2;6;1;B01
201700014727;2;7;0;0;9;1;1;D01
201700014728;1;2;0;0;0;8;1;A01
201700014729;0;7;0;7;2;8;1;B01
201700014729;0;7;0;0;2;1;19;A01
201700014730;0;7;0;0;9;2;12;A01
201700014730;0;1;0;0;2;3;1;B01
201700014731;1;33;0;12;0;2;0;A01
201700014732;1;2;0;12;0;1;1;A01
201700014733;1;2;0;0;2;1;1;A01
201700014733;2;10;0;0;2;5;15;B01
201700014734;0;7;0;0;1;1;1;A01
201700014735;1;7;0;0;2;3;17;A01
201700014735;2;33;0;0;2;1;1;B01
201700014736;0;7;0;0;9;2;16;A01
201700014736;0;1;0;0;2;3;1;B01
201700014737;0;2;0;5;0;7;1;A01
201700014738;0;33;0;0;2;1;13;A01
201700014738;0;7;0;0;2;3;1;B01
201700014738;0;33;0;0;2;1;2;C01
201700014739;0;7;0;0;2;3;10;A01
201700014739;0;32;0;0;2;2;21;B01
201700014740;0;33;0;0;2;1;17;A01
201700014740;0;7;0;0;2;1;1;B01
201700014741;2;7;0;0;2;1;15;A01
201700014741;1;33;0;0;2;1;1;B01
201700014742;0;7;0;0;2;1;5;A01
201700014742;0;7;0;6;0;7;1;B01
201700014743;2;7;0;0;0;5;23;A01
201700014743;2;31;0;0;2;1;2;B01
201700014744;0;33;0;0;2;7;16;A01
201700014744;0;7;0;0;2;8;1;B01
201700014745;0;7;0;0;2;3;1;B01
201700014745;0;34;0;0;2;8;15;A01
201700014746;1;7;0;0;2;3;1;B01
201700014746;2;33;0;0;2;8;13;A01
201700014747;1;7;0;0;2;1;1;A01
201700014747;1;7;0;0;0;4;1;B01
201700014748;0;14;0;0;2;6;4;A01
201700014748;0;7;0;0;2;2;1;B01
201700014749;0;7;0;0;1;2;1;A01
201700014750;2;7;0;0;2;8;1;B01
201700014750;2;7;0;0;2;1;1;C01
201700014750;1;7;0;0;2;3;13;A01
201700014751;0;33;0;0;2;1;1;A01
201700014751;0;7;0;0;2;8;19;B01
201700014752;0;33;0;8;0;0;1;A01
201700014753;0;2;0;0;0;7;1;A01
201700014753;0;7;0;0;2;1;9;B01
201700014754;0;7;0;0;1;4;4;A01
201700014755;0;7;0;0;2;3;15;A01
201700014755;0;30;0;0;2;1;1;B01
201700014756;0;7;0;0;2;1;5;A01
201700014756;0;2;0;0;2;1;0;B01
201700014757;0;7;0;0;1;2;16;A01
201700014758;0;10;0;0;2;8;20;A01
201700014758;0;7;0;0;2;1;1;B01
201700014758;0;2;0;0;2;1;1;C01
201700014759;0;7;0;0;1;1;17;A01
201700014760;0;7;0;0;2;1;13;A01
201700014760;0;7;0;0;2;1;1;C01
201700014760;0;32;0;0;2;1;1;B01
201700014761;0;7;0;0;1;3;1;A01
201700014762;0;10;0;0;2;1;1;A01
201700014762;0;33;0;0;2;1;13;B01
201700014763;2;7;0;1;1;1;1;A01
201700014764;2;7;0;0;1;3;1;A01
201700014765;1;33;0;0;9;8;1;A01
201700014766;2;7;0;13;0;1;13;A01
201700014767;2;7;0;0;2;3;1;A01
201700014767;1;33;0;0;2;3;17;B01
201700014768;0;7;0;0;2;3;21;A01
201700014768;2;33;0;0;2;3;1;B01
201700014769;1;33;0;6;0;2;1;A01
201700014770;2;7;0;0;2;8;15;A01
201700014770;1;7;0;0;2;1;1;B01
201700014771;2;1;0;0;0;0;2;A01
201700014772;0;7;0;8;0;1;1;A01
201700014773;2;33;0;0;2;2;1;A01
201700014773;0;7;0;0;2;2;19;B01
201700014774;0;7;0;0;0;8;23;B01
201700014774;0;33;0;0;2;7;17;A01
201700014775;2;7;0;0;2;2;15;A01
201700014775;1;33;0;0;2;7;1;B01
201700014776;0;7;0;0;2;6;19;A01
201700014776;1;33;0;0;2;1;1;B01
201700014777;2;1;0;6;0;1;1;A01
201700014778;0;7;0;0;0;8;9;A01
201700014778;1;33;0;0;2;1;0;B01
201700014779;0;10;0;0;2;5;15;A01
201700014779;0;2;0;0;2;1;1;B01
201700014780;0;7;0;13;0;2;1;A01
201700014781;2;30;0;0;2;1;17;A01
201700014781;1;10;0;0;2;2;17;B01
201700014781;1;10;0;0;2;8;1;C01
201700014782;1;7;0;0;2;3;1;A01
201700014782;2;7;0;0;2;3;15;B01
201700014783;0;33;0;0;2;1;0;A01
201700014783;0;7;0;0;0;7;15;B01
201700014784;1;7;0;0;2;1;1;B01
201700014784;2;7;0;0;2;1;1;A01
201700014785;1;34;0;0;2;1;1;A01
201700014785;2;10;0;0;2;3;1;B01
201700014786;1;7;0;0;2;3;13;A01
201700014786;2;34;0;0;2;1;1;B01
201700014787;1;7;0;0;2;2;13;A01
201700014787;2;10;0;0;2;1;1;B01
201700014788;2;31;0;0;0;1;0;A01
201700014788;1;2;0;0;0;1;1;B01
201700014789;1;7;0;0;2;3;13;B01
201700014789;2;33;0;0;2;3;1;A01
201700014790;1;7;0;6;0;1;0;A01
201700014791;1;2;0;2;0;1;0;A01
201700014792;0;10;0;0;1;8;1;A01
201700014793;2;34;0;4;0;3;0;A01
201700014794;2;33;0;5;0;4;0;A01
201700014795;0;7;0;4;0;1;14;A01
201700014796;2;7;0;2;0;1;19;A01
201700014797;2;31;0;0;0;8;1;A01
201700014798;2;33;0;0;0;8;1;A01
201700014799;1;33;0;0;0;7;1;A01
201700014800;1;33;0;8;0;1;2;A01
201700014801;1;33;0;0;0;0;17;A01
201700014802;1;33;0;0;2;1;17;A01
201700014802;2;7;0;0;2;3;1;B01
201700014803;1;31;0;12;0;8;1;A01
201700014804;2;1;0;0;2;1;17;B01
201700014804;1;7;0;0;2;2;1;A01
201700014805;1;34;0;0;2;1;1;B01
201700014805;2;7;0;0;2;2;15;A01
201700014806;1;2;0;0;2;1;23;B01
201700014806;1;2;0;0;0;4;1;A01
201700014807;0;2;0;0;0;0;1;A01
201700014808;2;7;0;0;2;5;10;A01
201700014808;1;33;0;0;2;1;1;B01
201700014809;1;33;0;1;0;1;2;A01
201700014809;1;7;0;0;2;4;23;B01
201700014810;2;1;0;0;2;1;1;B01
201700014810;2;7;0;0;9;8;3;A01
201700014811;0;2;0;0;0;0;17;A01
201700014812;2;7;0;0;2;1;17;B01
201700014812;2;2;0;0;0;3;15;A01
201700014813;1;7;0;0;1;1;5;A01
201700014814;1;2;0;0;0;0;1;A01
201700014814;2;7;0;0;0;0;15;B01
201700014815;1;7;0;0;2;3;1;B01
201700014815;2;33;0;0;2;1;5;A01
201700014816;1;2;0;0;0;0;15;A01
201700014817;2;7;0;0;2;1;5;A01
201700014817;1;7;0;15;2;1;1;B01
201700014818;0;7;0;0;2;5;20;A01
201700014818;0;1;0;0;2;1;1;B01
201700014819;2;32;0;0;0;7;1;A01
201700014820;0;7;0;8;0;1;13;A01
201700014821;2;7;0;13;0;3;1;A01
201700014822;0;7;0;15;0;2;1;A01
201700014823;0;33;0;14;0;9;1;A01
201700014824;0;33;0;0;2;1;13;B01
201700014824;0;7;0;0;2;7;1;A01
201700014825;0;33;0;0;0;0;1;A01
201700014826;0;7;0;0;1;1;2;A01
201700014827;2;33;0;0;2;1;2;A01
201700014827;2;7;0;0;2;4;2;B01
201700014828;1;7;0;0;9;3;13;B01
201700014828;2;33;0;0;2;1;1;A01
201700014829;1;33;0;0;0;7;1;A01
201700014830;2;7;0;13;0;2;1;A01
201700014831;2;33;0;0;2;1;2;A01
201700014831;2;33;0;0;0;4;1;B01
201700014832;2;7;0;0;1;3;1;A01
201700014833;1;7;0;0;2;8;17;A01
201700014833;1;33;0;0;2;7;17;B01
201700014834;1;7;0;2;0;7;1;A01
201700014835;2;33;0;0;0;0;0;A01
201700014836;1;33;0;5;0;1;16;A01
201700014837;2;33;0;0;2;1;1;B01
201700014837;2;7;0;0;0;6;15;A01
201700014838;2;33;0;5;0;1;1;A01
201700014839;2;33;0;13;0;3;13;A01
201700014840;2;2;0;0;2;1;1;A01
201700014840;1;7;0;0;2;3;19;B01
201700014841;2;2;0;13;0;7;1;A01
201700014842;2;14;0;0;2;5;15;B01
201700014842;1;33;0;0;2;5;1;A01
201700014843;1;7;0;4;0;8;1;A01
201700014844;0;7;0;1;1;1;20;A01
201700014845;1;7;0;0;2;3;1;A01
201700014845;2;33;0;0;2;3;1;B01
201700014846;1;33;0;0;2;1;1;B01
201700014846;2;7;0;0;2;1;17;A01
201700014846;1;33;0;0;2;1;1;C01
201700014847;0;2;0;0;2;1;1;B01
201700014847;0;7;0;0;2;1;16;A01
201700014848;2;7;0;13;0;1;1;A01
201700014849;0;2;0;0;2;1;13;A01
201700014849;0;7;0;0;2;3;1;B01
201700014850;1;7;0;0;0;7;1;B01
201700014850;2;7;0;16;2;1;9;A01
201700014851;1;1;0;0;9;8;2;C01
201700014851;1;21;0;0;9;0;17;A01
201700014851;1;1;0;0;2;8;2;B01
201700014852;2;7;0;8;0;3;13;A01
201700014853;1;33;0;0;2;1;1;A01
201700014853;2;7;0;0;2;1;1;B01
201700014854;2;33;0;15;0;1;1;A01
201700014855;1;7;0;2;0;9;14;A01
201700014856;1;7;0;0;2;1;1;A01
201700014856;2;10;0;0;2;1;1;B01
201700014857;0;31;0;0;0;3;14;A01
201700014858;0;13;0;0;0;6;23;B01
201700014858;0;7;0;1;0;2;17;A01
201700014859;1;33;0;0;0;9;13;A01
201700014860;2;7;0;0;2;3;0;B01
201700014860;1;7;0;0;2;3;13;A01
201700014861;1;33;0;0;0;8;1;A01
201700014862;1;7;0;13;2;3;1;B01
201700014862;1;10;0;0;2;2;1;C01
201700014862;1;10;0;0;2;3;1;A01
201700014863;1;7;0;8;0;1;1;A01
201700014864;0;7;0;0;1;4;4;A01
201700014865;2;7;0;13;0;1;1;A01
201700014866;1;7;0;0;0;9;1;A01
201700014867;0;10;0;0;2;3;19;A01
201700014867;0;7;0;0;2;1;1;B01
201700014868;1;7;0;0;6;1;2;A01
201700014869;1;10;0;0;2;3;15;B01
201700014869;2;7;0;0;2;3;1;A01
201700014870;2;15;0;0;2;0;1;A01
201700014870;2;7;0;6;0;4;16;B01
201700014871;0;7;0;0;1;1;1;A01
201700014872;2;10;0;0;9;0;2;A01
201700014872;2;1;0;0;2;3;1;C01
201700014873;0;7;0;0;2;3;1;B01
201700014873;0;7;0;0;0;3;1;A01
201700014874;0;2;0;0;2;7;15;B01
201700014874;0;7;0;0;2;1;1;A01
201700014875;1;7;0;0;2;8;15;A01
201700014875;1;7;0;0;2;1;1;B01
201700014876;2;7;0;0;0;5;15;B01
201700014876;2;14;0;0;2;2;13;A01
201700014877;1;7;0;0;2;2;1;B01
201700014877;2;7;0;0;2;2;13;A01
201700014878;1;7;0;0;2;3;9;A01
201700014878;1;33;0;0;2;7;1;B01
201700014879;1;33;0;0;0;0;14;A01
201700014880;1;2;0;0;0;8;1;A01
201700014881;1;7;0;0;2;3;13;A01
201700014881;0;7;0;0;0;3;1;B01
201700014882;1;7;0;2;0;3;13;A01
201700014883;1;7;0;0;2;3;0;B01
201700014883;2;10;0;0;2;2;1;A01
201700014884;1;7;0;0;2;4;16;A01
201700014884;1;7;0;0;2;1;1;B01
201700014885;1;7;0;16;0;1;14;A01
201700014886;0;7;0;0;1;1;1;A01
201700014887;1;7;0;0;1;2;1;A01
201700014888;0;7;0;0;2;1;1;A01
201700014888;0;7;0;0;2;8;1;B01
201700014889;2;7;0;0;2;1;1;B01
201700014889;1;7;0;0;0;2;15;A01
201700014890;0;2;0;0;2;7;1;B01
201700014890;0;7;0;0;2;1;1;A01
201700014891;2;33;0;0;0;3;1;A01
201700014892;2;7;0;0;1;2;1;A01
201700014893;2;7;0;15;0;1;1;A01
201700014894;1;2;0;0;0;0;1;A01
201700014895;0;7;0;0;5;2;1;A01
201700014896;2;7;0;13;0;1;0;A01
201700014897;1;33;0;0;2;8;15;B01
201700014897;2;7;0;0;2;1;1;A01
201700014898;1;7;0;0;1;0;15;A01
201700014899;2;7;0;13;9;1;21;A01
201700014900;2;2;0;0;6;1;1;A01
201700014901;2;7;0;0;2;6;21;B01
201700014901;1;7;0;0;2;1;13;A01
201700014901;2;7;0;0;2;1;1;C01
201700014902;0;1;0;0;0;7;16;A01
201700014903;2;7;0;14;2;1;1;B01
201700014903;2;7;0;3;2;5;19;A01
201700014903;2;7;0;0;0;3;23;C01
201700014904;0;7;0;16;0;1;1;A01
201700014905;0;7;0;0;1;2;1;A01
201700014906;1;7;0;0;0;1;1;B01
201700014906;2;33;0;0;2;4;13;A01
201700014907;1;7;0;0;2;1;1;C01
201700014907;2;7;0;0;2;1;1;A01
201700014907;2;7;0;0;2;5;2;B01
201700014908;2;7;0;0;2;7;17;A01
201700014908;2;2;0;0;0;8;1;B01
201700014909;1;7;0;6;0;3;1;A01
201700014910;2;7;0;0;2;4;2;B01
201700014910;2;7;0;0;2;1;2;A01
201700014911;2;7;0;0;2;2;20;A01
201700014911;2;1;0;0;2;7;1;B01
201700014912;1;7;0;0;2;4;1;B01
201700014912;1;7;0;0;2;1;1;A01
201700014913;1;33;0;0;6;1;0;A01
201700014914;2;7;0;0;2;1;13;A01
201700014914;1;7;0;0;2;1;1;B01
201700014915;1;33;0;0;0;2;16;A01
201700014916;2;7;0;0;2;3;1;B01
201700014916;1;7;0;0;2;2;1;A01
201700014917;2;1;0;0;2;1;1;B01
201700014917;2;7;0;0;2;2;15;A01
201700014917;2;1;0;0;2;1;1;C01
201700014918;2;7;0;0;2;3;1;B01
201700014918;1;7;0;0;2;3;13;A01
201700014919;1;32;0;3;0;2;0;A01
201700014920;2;33;0;2;0;1;1;A01
201700014921;1;7;0;1;1;6;24;B01
201700014921;1;10;0;1;1;2;1;A01
201700014921;1;7;0;0;0;4;24;C01
201700014922;1;7;0;0;0;1;1;A01
201700014923;1;14;0;0;2;1;0;B01
201700014923;2;7;0;0;2;1;13;A01
201700014924;0;7;0;0;0;8;1;B01
201700014924;0;7;0;8;2;3;19;A01
201700014925;0;31;0;0;0;8;1;A01
201700014926;1;2;0;0;0;0;1;A01
201700014927;1;2;0;0;0;6;15;B01
201700014927;1;2;0;0;0;1;11;A01
201700014928;1;2;0;0;2;3;0;B01
201700014928;2;7;0;0;2;3;1;A01
201700014929;0;33;0;6;0;8;1;A01
201700014930;2;7;0;0;2;3;1;B01
201700014930;1;7;0;0;2;3;13;A01
201700014931;0;33;0;8;0;7;1;A01
201700014932;2;7;0;0;2;3;13;A01
201700014932;1;7;0;0;2;3;1;B01
201700014933;0;7;0;0;2;8;19;A01
201700014933;2;33;0;0;2;1;1;B01
201700014934;1;33;0;0;2;4;0;A01
201700014934;1;7;0;16;2;1;0;B01
201700014935;2;2;0;2;0;1;1;A01
201700014936;1;33;0;0;5;1;0;A01
201700014937;1;7;0;0;2;2;17;A01
201700014937;1;21;0;0;2;3;15;B01
201700014938;0;30;0;0;0;8;1;A01
201700014939;0;7;0;7;2;1;1;B01
201700014939;0;7;0;0;2;3;16;A01
201700014940;2;7;0;13;0;3;13;A01
201700014941;2;7;0;0;0;4;15;B01
201700014941;2;7;0;0;2;1;1;A01
201700014942;1;38;21;0;0;6;15;B01
201700014942;1;33;0;0;2;2;1;A01
201700014943;1;7;0;0;2;1;1;B01
201700014943;2;10;0;0;2;8;19;A01
201700014944;1;7;0;13;0;9;1;A01
201700014945;2;7;0;13;2;2;1;A01
201700014945;0;7;0;0;2;3;16;B01
201700014946;0;7;0;0;1;2;1;A01
201700014947;1;7;0;13;0;1;1;A01
201700014948;0;7;0;0;2;1;1;B01
201700014948;1;7;0;0;2;5;19;A01
201700014949;1;2;0;0;2;2;19;A01
201700014949;1;7;0;12;2;8;1;B01
201700014950;1;7;0;8;0;9;1;A01
201700014951;0;2;0;12;0;0;1;A01
201700014952;1;33;0;0;6;1;0;A01
201700014953;0;7;0;0;2;1;16;A01
201700014953;0;2;0;0;2;1;1;B01
201700014954;0;33;0;0;2;8;0;B01
201700014954;0;7;0;0;2;8;1;A01
201700014955;0;31;0;0;2;9;1;A01
201700014955;2;7;0;0;2;3;15;B01
201700014956;0;2;0;0;2;1;1;A01
201700014956;0;7;0;0;0;4;1;B01
201700014957;2;7;0;2;0;1;1;A01
201700014958;1;7;0;13;0;8;1;A01
201700014959;1;33;0;0;6;1;0;A01
201700014960;2;21;0;0;0;0;0;A01
201700014961;1;7;0;0;2;1;17;A01
201700014961;2;7;0;0;2;1;1;B01
201700014962;1;32;0;0;2;1;0;A01
201700014962;1;7;0;0;2;2;0;B01
201700014963;2;7;0;0;0;9;17;A01
201700014964;1;7;0;8;0;2;1;A01
201700014965;1;1;0;0;5;1;1;A01
201700014966;1;21;0;0;0;8;15;B01
201700014966;1;7;0;0;2;1;17;A01
201700014967;1;33;0;7;0;2;1;A01
201700014968;0;2;0;6;0;1;1;A01
201700014969;1;7;0;13;0;3;0;A01
201700014970;0;2;0;0;2;1;1;A01
201700014970;0;31;0;0;2;1;1;B01
201700014971;1;7;0;0;2;1;1;A01
201700014971;2;7;0;0;2;8;15;B01
201700014972;2;7;0;0;0;9;1;A01
201700014973;2;2;0;0;6;1;0;A01
201700014974;2;7;0;0;2;1;0;A01
201700014974;1;7;0;0;2;1;0;B01
201700014975;2;7;0;0;2;8;1;B01
201700014975;1;7;0;0;2;8;13;A01
201700014976;1;2;0;13;0;0;0;A01
201700014977;0;7;0;0;2;1;1;A01
201700014977;0;99;0;0;2;1;1;B01
201700014978;2;7;0;0;2;3;13;A01
201700014978;1;7;0;0;2;3;1;B01
201700014978;1;7;0;13;0;0;21;C01
201700014979;0;1;0;0;2;2;15;B01
201700014979;0;7;0;0;2;3;1;A01
201700014980;1;3;0;0;2;3;9;A01
201700014980;1;7;0;0;2;3;0;B01
201700014981;0;7;0;0;2;3;16;A01
201700014981;0;7;0;13;2;8;1;B01
201700014982;1;7;0;0;0;3;1;A01
201700014982;2;7;0;0;2;1;1;B01
201700014983;1;7;0;0;2;3;1;B01
201700014983;2;7;0;0;2;3;1;A01
201700014984;1;7;0;0;2;2;17;A01
201700014984;1;31;0;0;2;8;15;B01
201700014985;1;33;0;0;2;3;1;A01
201700014985;2;7;0;0;2;6;19;B01
201700014986;1;7;0;0;2;1;15;A01
201700014986;1;7;0;0;2;3;1;B01
201700014987;0;7;0;0;9;2;1;B01
201700014987;0;1;0;0;2;1;1;A01
201700014988;1;7;0;0;2;8;1;B01
201700014988;0;14;0;0;2;1;19;A01
201700014989;2;7;0;13;0;3;13;A01
201700014990;1;7;0;2;0;1;1;A01
201700014991;1;10;0;0;2;3;1;B01
201700014991;1;7;0;0;2;3;1;A01
201700014992;2;7;0;13;0;1;1;A01
201700014993;0;36;0;0;0;0;14;A01
201700014994;1;7;0;0;2;3;1;A01
201700014994;2;31;0;0;2;1;1;B01
201700014995;1;7;0;0;2;5;21;B01
201700014995;1;7;0;0;2;3;1;A01
201700014996;1;1;0;0;0;4;1;B01
201700014996;1;7;0;0;2;2;1;A01
201700014997;2;7;0;0;2;1;1;B01
201700014997;1;7;0;0;2;1;13;A01
201700014998;0;7;0;0;2;1;1;B01
201700014998;0;2;0;0;2;8;19;A01
201700014999;0;7;0;0;0;6;23;A01
201700014999;0;1;0;1;0;1;1;B01
201700015000;2;10;0;8;2;2;6;B01
201700015000;2;7;0;0;2;3;23;A01
201700015001;0;33;0;0;2;2;1;A01
201700015001;0;7;0;0;2;3;20;B01
201700015002;1;33;0;15;0;7;1;A01
201700015003;2;7;0;0;2;8;1;D01
201700015003;2;7;0;0;2;1;2;B01
201700015003;2;7;0;0;2;8;1;C01
201700015003;1;7;0;0;2;9;14;A01
201700015004;2;7;0;13;0;2;1;A01
201700015005;2;7;0;0;2;3;13;A01
201700015005;1;7;0;0;2;1;0;B01
201700015006;1;2;0;6;0;1;16;A01
201700015007;1;1;0;0;2;3;15;B01
201700015007;2;7;0;0;2;2;17;A01
201700015008;0;7;0;0;1;3;15;A01
201700015009;2;7;0;0;1;2;1;A01
201700015010;1;33;0;13;0;1;1;A01
201700015011;1;10;0;13;0;3;1;A01
201700015012;0;7;0;13;0;2;0;A01
201700015013;0;7;0;13;0;8;1;A01
201700015014;2;7;0;13;0;1;1;A01
201700015015;2;7;0;4;0;1;0;A01
201700015016;2;2;0;8;0;3;1;A01
201700015017;0;7;0;15;0;2;1;A01
201700015018;2;7;0;0;2;3;13;A01
201700015018;2;7;0;0;2;1;1;B01
201700015019;1;33;0;0;0;1;0;A01
201700015020;1;2;0;0;2;1;1;A01
201700015020;1;10;0;0;2;4;1;B01
201700015021;0;2;0;0;2;7;1;B01
201700015021;1;7;0;0;2;1;1;A01
201700015022;0;2;0;0;0;0;1;A01
201700015023;2;7;0;0;2;3;1;B01
201700015023;1;7;0;0;2;1;19;A01
201700015024;0;33;0;6;0;1;1;A01
201700015025;2;7;0;13;0;2;1;A01
201700015026;0;7;0;0;1;2;1;A01
201700015027;1;7;0;15;0;2;1;A01
201700015028;1;7;0;0;0;2;1;A01
201700015029;2;7;0;0;1;1;1;A01
201700015030;1;7;0;0;2;8;1;B01
201700015030;1;7;0;0;2;3;1;A01
201700015031;1;33;0;8;0;1;1;A01
201700015032;1;7;0;0;2;5;1;B01
201700015032;1;33;0;0;2;1;1;A01
201700015033;1;7;0;0;2;1;1;A01
201700015033;0;7;0;0;2;7;1;B01
201700015034;0;31;0;1;0;1;13;A01
201700015035;1;7;0;13;0;1;0;A01
201700015036;0;31;0;6;0;1;1;A01
201700015037;1;7;0;0;2;4;1;C01
201700015037;1;7;0;0;2;4;1;A01
201700015037;1;7;0;0;2;1;1;D01
201700015037;1;7;0;0;2;1;1;B01
201700015038;2;7;0;0;2;1;2;B01
201700015038;2;7;0;0;2;4;16;A01
201700015039;0;7;0;8;2;1;1;B01
201700015039;0;7;0;0;2;1;15;A01
201700015040;1;7;0;0;2;1;1;A01
201700015040;1;10;0;0;0;8;1;B01
201700015041;0;30;0;16;0;8;1;A01
201700015042;2;7;0;2;0;1;1;A01
201700015043;1;7;0;2;0;1;0;A01
201700015044;2;7;0;0;1;1;1;A01
201700015045;1;2;0;0;0;1;1;A01
201700015046;2;2;0;0;2;3;5;A01
201700015046;1;7;0;13;2;8;5;B01
201700015047;0;10;0;0;0;0;1;A01
201700015048;2;33;0;0;2;1;17;A01
201700015048;2;7;0;0;0;6;15;B01
201700015049;1;33;0;13;0;1;1;A01
201700015050;0;20;0;0;1;5;16;A01
201700015051;2;33;0;0;2;8;1;A01
201700015052;1;7;0;16;0;9;1;A01
201700015053;1;7;0;16;0;9;1;A01
201700015054;1;7;0;0;1;2;1;A01
201700015055;1;7;0;0;2;8;15;A01
201700015055;2;2;0;0;2;1;1;B01
201700015056;2;7;0;0;1;2;0;A01
201700015057;1;7;0;0;2;1;15;A01
201700015057;2;7;0;0;2;1;1;B01
201700015058;1;7;0;0;2;3;5;A01
201700015058;2;7;0;0;2;3;1;B01
201700015059;0;7;0;2;0;1;1;A01
201700015060;2;33;0;0;0;9;1;A01
201700015061;2;7;0;16;9;9;0;A01
201700015062;2;7;0;0;9;1;10;A01
201700015062;1;33;0;5;2;9;1;B01
201700015063;0;7;0;0;1;3;1;A01
201700015064;0;7;0;0;1;3;1;A01
201700015065;0;7;0;13;0;2;1;A01
201700015066;2;7;0;13;0;1;1;A01
201700015067;0;7;0;0;2;3;1;A01
201700015067;0;2;0;0;0;8;15;B01
201700015068;0;7;0;0;2;3;1;B01
201700015068;0;2;0;0;2;1;17;A01
201700015069;1;33;0;0;0;7;1;A01
201700015070;1;33;0;8;0;1;1;A01
201700015071;1;7;0;0;1;2;1;A01
201700015072;1;7;0;4;0;3;1;A01
201700015073;2;7;0;0;2;0;0;A01
201700015073;1;16;0;0;2;8;0;C01
201700015073;1;16;0;0;2;3;0;B01
201700015074;1;7;0;0;2;2;1;B01
201700015074;2;7;0;0;2;3;1;A01
201700015075;1;7;0;2;0;1;1;A01
201700015076;1;2;0;0;2;1;1;A01
201700015076;1;21;0;0;2;6;15;B01
201700015077;1;7;0;8;0;1;1;A01
201700015078;1;7;0;12;2;6;1;B01
201700015078;1;7;0;0;2;1;1;A01
201700015079;1;7;0;13;0;0;0;A01
201700015080;2;7;0;0;2;1;13;A01
201700015080;1;10;0;0;2;1;1;B01
201700015081;1;7;0;8;0;8;1;A01
201700015082;1;33;0;0;2;7;17;B01
201700015082;1;10;0;0;2;8;15;A01
201700015083;0;7;0;0;0;0;16;B01
201700015083;0;2;0;0;2;1;15;A01
201700015084;1;7;0;0;2;1;1;B01
201700015084;2;7;0;0;2;2;1;A01
201700015085;1;7;0;6;0;1;1;A01
201700015086;2;7;0;2;0;1;1;A01
201700015087;1;10;0;15;0;1;0;A01
201700015088;1;7;0;13;0;1;1;A01
201700015089;2;33;0;0;2;8;1;B01
201700015089;1;33;0;0;2;8;1;A01
201700015090;1;33;0;0;2;2;21;B01
201700015090;1;7;0;0;2;3;15;A01
201700015091;1;17;0;0;2;8;1;B01
201700015091;2;33;0;0;2;3;0;A01
201700015092;2;7;0;13;0;8;15;A01
201700015092;2;33;0;0;2;1;5;B01
201700015093;0;7;0;0;2;8;15;A01
201700015093;0;33;0;0;2;8;1;B01
201700015094;2;7;0;0;0;2;15;A01
201700015094;2;33;0;0;0;1;17;B01
201700015095;2;7;0;0;2;1;1;A01
201700015095;1;7;0;0;2;1;1;B01