num_acc;senc;catv;occutc;obs;obsm;choc;manv;num_veh
201700015503;1;7;0;0;2;5;15;A01
201700015503;2;33;0;0;2;1;1;B01
201700015504;2;2;0;0;2;1;17;A01
201700015504;2;21;0;0;2;8;15;B01
201700015505;2;7;0;3;2;1;13;A01
201700015505;1;17;0;0;2;1;1;B01
201700015506;2;7;0;0;2;5;16;A01
201700015506;2;1;0;0;2;1;1;B01
201700015507;2;33;0;0;2;1;17;A01
201700015507;2;7;0;0;2;8;15;B01
201700015508;0;7;0;0;2;1;23;A01
201700015508;0;2;0;0;2;1;5;B01
201700015509;2;7;0;0;1;1;1;A01
201700015510;1;10;0;0;9;7;17;A01
201700015510;1;1;0;0;2;8;2;B01
201700015511;0;10;0;0;2;3;19;A01
201700015511;0;33;0;0;2;1;1;B01
201700015512;2;2;0;0;2;7;1;A01
201700015512;2;7;0;0;2;3;1;B01
201700015513;2;7;0;0;9;7;0;A01
201700015513;2;1;0;0;9;0;2;B01
201700015514;0;2;0;0;2;1;1;B01
201700015514;0;7;0;0;2;5;15;A01
201700015515;2;10;0;0;2;3;15;A01
201700015515;1;33;0;0;2;1;21;B01
201700015516;2;7;0;0;2;5;15;B01
201700015516;1;33;0;0;2;1;1;A01
201700015517;0;7;0;0;1;5;20;A01
201700015518;1;7;0;0;0;6;15;A01
201700015518;1;7;0;0;2;1;2;B01
201700015519;0;7;0;0;1;2;1;A01
201700015520;0;7;0;0;2;2;21;A01
201700015520;0;2;0;13;2;2;13;B01
201700015521;0;2;0;0;2;0;1;A01
201700015521;0;1;0;0;0;8;1;B01
201700015522;0;7;0;0;1;3;13;A01
201700015523;1;7;0;13;0;9;1;A01
201700015524;0;7;0;0;5;1;21;A01
201700015525;2;7;0;0;2;3;15;A01
201700015525;1;33;0;8;2;7;17;B01
201700015526;0;2;0;1;0;1;1;A01
201700015526;0;10;0;0;0;6;0;B01
201700015527;0;1;0;0;2;3;0;B01
201700015527;0;7;0;0;2;2;1;A01
201700015528;2;7;0;6;0;1;1;A01
201700015529;1;7;0;0;2;1;1;A01
201700015529;1;7;0;0;0;4;1;B01
201700015530;2;7;0;0;1;2;1;A01
201700015531;1;7;0;0;2;1;1;A01
201700015531;2;10;0;0;2;1;1;B01
201700015532;0;7;0;2;0;1;1;A01
201700015533;1;7;0;0;0;4;23;A01
201700015533;1;7;0;0;2;1;1;B01
201700015534;0;7;0;2;0;2;1;A01
201700015535;1;7;0;0;2;7;15;A01
201700015535;2;33;0;0;2;1;1;B01
201700015535;;7;0;0;2;1;23;C01
201700015536;1;7;0;6;0;1;1;A01
201700015537;1;7;0;0;1;2;1;A01
201700015538;1;7;0;0;0;1;1;A01
201700015539;1;7;0;0;2;3;1;C01
201700015539;2;7;0;0;2;1;17;A01
201700015539;1;7;0;0;2;1;1;B01
201700015540;1;33;0;0;0;0;16;A01
201700015541;1;33;0;0;0;2;1;A01
201700015542;2;7;0;0;1;4;4;A01
201700015543;1;7;0;0;2;5;9;A01
201700015543;1;31;0;0;2;1;1;B01
201700015544;1;7;0;0;2;1;13;A01
201700015544;2;7;0;0;2;1;1;B01
201700015545;0;7;0;0;0;1;1;A01
201700015546;0;7;0;2;0;9;17;A01
201700015547;2;7;0;6;0;1;1;A01
201700015548;1;7;0;0;1;2;1;A01
201700015549;2;14;0;16;0;1;1;A01
201700015550;1;7;0;0;9;1;1;A01
201700015550;2;1;0;0;2;3;15;B01
201700015551;2;7;0;0;2;1;1;A01
201700015551;1;10;0;0;2;7;19;B01
201700015552;2;2;0;0;1;1;21;A01
201700015553;1;7;0;0;2;1;13;A01
201700015553;2;14;0;0;2;1;1;B01
201700015554;2;2;0;0;0;0;0;A01
201700015555;1;2;0;10;0;7;0;A01
201700015556;1;7;0;0;2;2;15;A01
201700015556;2;1;0;0;2;1;1;B01
201700015557;1;7;0;0;2;1;1;B01
201700015557;1;7;0;0;2;4;1;A01
201700015557;1;10;0;0;2;1;1;C01
201700015557;1;7;0;0;2;1;1;D01
201700015558;1;7;0;0;2;1;15;A01
201700015558;2;7;0;0;2;1;1;B01
201700015559;1;7;0;0;2;1;1;B01
201700015559;2;7;0;0;2;3;13;A01
201700015560;2;7;0;0;2;1;13;A01
201700015560;1;10;0;0;2;1;1;B01
201700015561;2;10;0;6;0;3;13;A01
201700015562;2;7;0;0;2;3;1;A01
201700015562;1;7;0;0;2;1;13;B01
201700015563;1;7;0;0;2;5;1;A01
201700015563;2;7;0;0;2;1;1;B01
201700015564;0;30;0;0;0;0;1;A01
201700015565;1;33;0;0;2;2;13;A01
201700015565;2;7;0;0;2;1;1;B01
201700015566;1;7;0;0;2;3;15;A01
201700015566;2;7;0;0;2;3;1;B01
201700015567;0;33;0;7;0;3;1;A01
201700015568;2;7;0;0;2;2;15;A01
201700015568;2;33;0;0;0;7;1;B01
201700015569;2;10;0;13;0;2;1;A01
201700015570;0;7;0;0;2;4;1;C01
201700015570;0;7;0;0;2;1;1;B01
201700015570;0;7;0;0;2;1;1;A01
201700015571;1;7;0;0;2;2;1;A01
201700015571;2;7;0;0;2;1;15;B01
201700015572;1;7;0;15;2;3;10;A01
201700015572;1;33;0;0;2;7;17;B01
201700015573;1;7;0;0;1;3;1;A01
201700015574;0;7;0;0;0;4;1;A01
201700015574;0;7;0;0;2;1;2;B01
201700015575;1;7;0;2;0;2;0;A01
201700015576;0;7;0;0;2;1;0;B01
201700015576;0;7;0;0;2;1;0;A01
201700015577;0;7;0;2;0;1;0;A01
201700015578;1;7;0;0;2;8;19;A01
201700015578;1;14;0;0;2;3;1;B01
201700015579;0;30;0;0;1;1;1;A01
201700015580;2;7;0;0;2;1;2;A01
201700015580;0;7;0;0;0;3;15;B01
201700015581;1;7;0;6;2;3;13;A01
201700015581;2;7;0;0;2;3;1;B01
201700015581;2;7;0;14;0;1;1;C01
201700015582;1;33;0;0;2;1;1;B01
201700015582;2;7;0;0;0;3;17;A01
201700015583;2;1;0;0;0;4;13;A01
201700015583;2;7;0;0;9;3;2;B01
201700015584;0;33;0;0;2;1;0;B01
201700015584;0;7;0;0;2;3;9;A01
201700015585;2;7;0;0;1;3;21;A01
201700015586;1;1;0;0;2;4;2;A01
201700015586;1;10;0;0;2;2;2;B01
201700015587;0;7;0;0;0;2;1;A01
201700015588;0;7;0;2;0;1;0;A01
201700015589;1;7;0;7;0;9;1;A01
201700015590;1;7;0;0;2;7;1;A01
201700015590;2;7;0;0;2;1;1;B01
201700015591;2;7;0;13;0;0;1;A01
201700015592;0;7;0;0;2;3;1;A01
201700015592;0;7;0;0;2;3;1;B01
201700015593;1;7;0;0;2;3;13;A01
201700015593;2;7;0;0;2;3;1;B01
201700015594;1;31;0;0;2;8;1;C01
201700015594;2;7;0;0;2;3;5;A01
201700015594;1;7;0;0;2;1;1;B01
201700015595;0;7;0;8;0;3;0;A01
201700015596;1;7;0;0;0;1;19;A01
201700015597;2;16;0;0;2;8;1;B01
201700015597;1;16;0;0;2;8;1;A01
201700015598;2;7;0;0;2;2;1;B01
201700015598;1;7;0;0;2;7;15;A01
201700015598;1;7;0;0;2;6;23;C01
201700015599;1;7;0;2;0;2;1;A01
201700015600;1;7;0;16;0;1;1;A01
201700015601;1;7;0;7;0;2;1;A01
201700015602;0;7;0;1;0;2;0;A01
201700015603;2;7;0;0;2;3;13;A01
201700015603;1;34;0;3;2;1;1;B01
201700015604;0;7;0;2;0;1;1;A01
201700015605;1;7;0;13;0;3;1;A01
201700015606;2;2;0;0;9;1;1;A01
201700015606;2;2;0;0;0;0;1;B01
201700015607;1;17;0;0;2;3;2;A01
201700015607;1;7;0;0;2;5;2;B01
201700015608;2;7;0;0;2;3;1;C01
201700015608;1;7;0;0;2;1;11;A01
201700015608;2;7;0;0;2;8;1;B01
201700015609;2;7;0;15;0;5;14;A01
201700015609;2;7;0;13;2;8;14;C01
201700015609;2;7;0;0;2;1;14;D01
201700015609;2;7;0;0;1;7;24;B01
201700015610;2;7;0;0;0;0;1;A01
201700015611;1;7;0;13;0;3;13;A01
201700015612;0;7;0;2;0;3;1;A01
201700015613;1;7;0;6;0;3;13;A01
201700015614;1;7;0;0;1;3;15;A01
201700015615;1;7;0;0;2;1;1;B01
201700015615;2;7;0;0;2;2;15;A01
201700015616;2;7;0;0;2;7;1;B01
201700015616;2;7;0;0;2;3;15;A01
201700015617;1;99;0;0;2;8;1;C01
201700015617;2;7;0;1;2;2;14;A01
201700015618;2;33;0;0;0;2;1;A01
201700015619;2;33;0;3;0;2;1;A01
201700015620;2;7;0;2;0;1;14;A01
201700015621;2;7;0;3;2;9;5;A01
201700015621;1;17;0;0;2;2;1;B01
201700015622;1;7;0;0;2;1;1;B01
201700015622;2;7;0;0;2;1;5;A01
201700015623;2;2;0;16;0;0;1;A01
201700015624;2;13;0;0;2;8;1;B01
201700015624;1;7;0;0;2;1;5;A01
201700015625;2;7;0;0;1;1;1;A01
201700015626;2;13;0;6;0;2;1;A01
201700015627;2;33;0;0;0;0;1;A01
201700015628;1;33;0;0;2;3;1;A01
201700015628;2;17;0;0;2;8;1;B01
201700015629;1;1;0;13;0;0;1;A01
201700015630;1;7;0;15;0;1;1;A01
201700015631;0;7;0;0;9;3;13;A01
201700015631;0;1;0;0;2;1;9;B01
201700015632;1;7;0;0;9;3;17;A01
201700015632;2;1;0;0;2;1;1;B01
201700015633;2;7;0;8;0;8;1;A01
201700015634;1;33;0;2;0;7;1;A01
201700015635;1;32;0;0;2;1;13;A01
201700015635;2;14;0;0;2;1;1;B01
201700015636;1;33;0;0;0;7;1;A01
201700015637;1;7;0;13;0;1;1;A01
201700015638;2;33;0;3;0;2;1;A01
201700015639;1;7;0;0;2;1;1;B01
201700015639;2;7;0;0;2;3;15;A01
201700015640;1;7;0;13;0;8;1;A01
201700015641;1;7;0;0;2;2;15;A01
201700015641;1;33;0;0;2;1;1;B01
201700015642;1;7;0;2;0;9;0;A01
201700015643;2;7;0;8;0;2;1;A01
201700015644;1;7;0;0;2;3;1;B01
201700015644;2;7;0;0;2;3;13;A01
201700015645;0;7;0;13;0;1;0;A01
201700015646;1;1;0;12;0;1;1;A01
201700015647;2;7;0;2;0;1;1;A01
201700015648;1;7;0;2;0;7;1;A01
201700015649;2;1;0;0;2;1;13;C01
201700015649;2;1;0;15;0;1;13;B01
201700015649;1;14;0;0;9;8;1;A01
201700015650;0;30;0;0;0;8;1;A01
201700015651;1;7;0;13;0;1;1;A01
201700015652;2;7;0;5;0;2;1;A01
201700015653;0;36;0;13;0;1;1;A01
201700015654;0;1;0;0;2;1;1;B01
201700015654;0;7;0;0;9;3;1;A01
201700015655;0;7;0;13;0;3;21;B01
201700015655;0;7;0;13;0;1;1;A01
201700015656;1;10;0;0;0;8;13;A01
201700015657;0;7;0;13;0;9;1;A01
201700015658;1;7;0;15;2;1;19;A01
201700015658;2;7;0;15;2;7;1;B01
201700015659;1;7;0;6;0;1;1;A01
201700015660;2;7;0;0;2;1;1;B01
201700015660;1;7;0;0;0;2;19;A01
201700015661;1;7;0;0;0;0;1;A01
201700015662;2;15;0;0;2;1;1;B01
201700015662;1;10;0;0;2;1;5;A01
201700015663;1;7;0;15;0;1;19;A01
201700015664;2;7;0;0;2;7;17;A01
201700015664;2;21;0;0;0;6;1;B01
201700015665;2;7;0;13;0;2;0;A01
201700015666;1;7;0;0;0;7;1;B01
201700015666;1;10;0;0;2;1;1;A01
201700015667;2;7;0;0;2;3;13;A01
201700015667;1;7;0;0;2;3;1;B01
201700015668;1;36;0;2;0;0;1;A01
201700015669;2;7;0;13;0;9;1;A01
201700015670;1;7;0;0;1;4;4;A01
201700015671;1;7;0;0;2;2;15;A01
201700015671;1;7;0;13;0;2;1;B01
201700015672;1;7;0;13;0;1;1;A01
201700015673;2;7;0;13;0;7;1;A01
201700015674;2;7;0;0;1;1;1;A01
201700015675;1;7;0;0;2;3;19;A01
201700015675;1;15;0;0;2;2;1;B01
201700015676;1;7;0;13;0;9;1;A01
201700015677;1;33;0;10;0;9;13;A01
201700015678;2;7;0;0;2;8;15;A01
201700015678;1;15;0;0;2;3;1;B01
201700015679;2;7;0;8;0;1;1;A01
201700015680;2;33;0;3;0;1;13;A01
201700015681;1;2;0;0;0;0;17;A01
201700015682;1;7;0;0;2;3;1;A01
201700015682;2;7;0;0;2;1;1;B01
201700015683;1;7;0;4;0;9;1;A01
201700015684;1;33;0;13;0;1;1;A01
201700015685;2;7;0;0;2;3;5;A01
201700015685;1;7;0;0;2;3;5;B01
201700015686;2;33;0;0;2;8;1;B01
201700015686;2;7;0;0;2;1;15;A01
201700015687;2;7;0;13;0;9;1;A01
201700015688;1;21;0;0;0;5;23;A01
201700015688;1;33;0;1;0;1;1;B01
201700015689;1;7;0;0;0;1;5;A01
201700015689;2;7;0;0;0;1;1;B01
201700015690;1;10;0;0;9;7;1;D01
201700015690;1;7;0;0;0;6;1;C01
201700015690;2;7;0;16;9;8;1;B01
201700015690;1;7;0;0;2;3;17;A01
201700015691;2;2;0;0;2;7;17;A01
201700015691;2;7;0;0;9;8;1;B01
201700015692;0;33;0;1;0;1;0;A01
201700015693;2;7;0;0;0;7;19;A01
201700015693;2;33;0;0;2;1;1;B01
201700015694;0;10;0;13;0;7;1;A01
201700015695;1;7;0;0;1;1;1;A01
201700015696;2;3;0;0;6;1;1;A01
201700015697;1;7;0;0;2;2;1;B01
201700015697;1;7;0;0;2;3;1;A01
201700015698;1;7;0;7;0;1;0;A01
201700015699;2;10;0;2;0;1;1;A01
201700015700;2;7;0;0;2;8;1;A01
201700015700;1;7;0;0;2;1;1;B01
201700015701;1;7;0;0;2;8;0;A01
201700015701;1;7;0;0;2;1;0;B01
201700015702;1;7;0;13;0;9;1;A01
201700015703;2;7;0;0;2;5;1;A01
201700015703;2;7;0;0;2;1;1;B01
201700015703;2;7;0;0;2;1;1;C01
201700015704;2;7;0;0;2;3;1;A01
201700015704;1;1;0;0;2;1;15;B01
201700015705;2;17;0;0;2;3;1;B01
201700015705;1;7;0;2;2;3;13;A01
201700015706;1;33;0;0;2;0;17;B01
201700015706;1;7;0;0;2;3;2;A01
201700015707;2;7;0;13;0;3;1;A01
201700015708;2;7;0;3;0;2;1;A01
201700015709;2;7;0;16;0;0;1;A01
201700015710;2;7;0;0;2;8;21;A01
201700015710;1;33;0;0;2;8;13;B01
201700015711;1;7;0;0;2;8;1;B01
201700015711;1;7;0;0;2;1;9;A01
201700015712;2;7;0;0;0;1;13;A01
201700015713;1;7;0;1;0;9;13;A01
201700015714;1;7;0;0;0;9;0;A01
201700015715;1;7;0;0;0;7;17;A01
201700015715;1;30;0;0;0;8;15;B01
201700015716;1;33;0;0;2;1;1;A01
201700015716;1;10;0;0;2;8;19;B01
201700015717;1;33;0;13;0;0;1;A01
201700015718;1;7;0;2;0;2;19;A01
201700015719;1;15;0;2;0;3;13;A01
201700015720;1;7;0;0;2;1;1;B01
201700015720;1;7;0;0;2;8;1;A01
201700015721;0;7;0;0;9;2;1;A01
201700015721;0;1;0;0;2;8;15;B01
201700015722;2;34;0;0;0;7;1;A01
201700015723;1;10;0;0;0;4;15;A01
201700015723;1;10;0;0;2;1;1;B01
201700015724;1;33;0;0;2;8;1;A01
201700015724;2;7;0;0;2;1;15;B01
201700015725;1;7;0;13;0;2;1;A01
201700015726;2;7;0;13;0;3;1;A01
201700015727;1;7;0;2;0;1;1;A01
201700015728;1;7;0;13;0;2;2;A01
201700015729;2;7;0;0;2;2;1;A01
201700015729;1;31;0;0;2;3;15;B01
201700015730;1;7;0;2;0;1;13;A01
201700015731;2;33;0;0;0;0;16;A01
201700015732;2;7;0;13;2;6;15;A01
201700015732;2;7;0;0;2;1;17;B01
201700015733;1;30;0;12;0;7;1;A01
201700015734;2;32;0;0;0;7;1;A01
201700015735;0;7;0;2;0;1;0;A01
201700015736;2;7;0;0;2;1;13;A01
201700015736;1;7;0;0;2;1;21;B01
201700015737;0;7;0;0;2;5;15;A01
201700015737;0;2;0;0;2;9;1;B01
201700015738;2;34;0;0;2;3;1;B01
201700015738;1;7;0;13;2;3;19;A01
201700015739;1;33;0;13;0;1;1;A01
201700015740;0;7;0;1;1;4;4;A01
201700015741;1;7;0;2;0;1;1;A01
201700015742;2;7;0;13;2;5;1;B01
201700015742;1;7;0;7;2;3;19;A01
201700015743;2;2;0;16;0;7;21;A01
201700015744;1;7;0;15;0;8;1;A01
201700015745;2;14;0;0;2;2;2;A01
201700015745;2;1;0;0;2;8;2;B01
201700015746;2;33;0;0;0;8;1;A01
201700015747;1;1;0;0;0;0;1;A01
201700015748;1;1;0;0;2;8;2;B01
201700015748;1;7;0;0;9;7;17;A01
201700015749;1;36;0;6;0;1;15;A01
201700015750;1;10;0;0;2;3;1;A01
201700015750;1;7;0;0;2;4;1;B01
201700015750;1;7;0;0;0;4;1;C01
201700015751;1;33;0;0;0;8;1;A01
201700015752;1;7;0;0;2;1;5;A01
201700015752;2;17;0;0;2;3;1;B01
201700015753;2;2;0;1;0;1;14;A01
201700015753;2;7;0;0;0;6;24;B01
201700015754;1;7;0;0;2;1;13;A01
201700015754;2;17;0;0;2;8;1;B01
201700015754;2;7;0;0;2;1;1;C01
201700015754;2;10;0;0;2;1;1;D01
201700015755;2;7;0;0;2;1;15;B01
201700015755;1;33;0;0;2;3;15;A01
201700015756;1;1;0;0;2;3;1;A01
201700015756;1;10;0;0;0;0;0;B01
201700015757;2;2;0;0;2;6;1;A01
201700015757;2;7;0;0;2;2;17;B01
201700015758;1;7;0;1;0;2;1;A01
201700015759;2;7;0;13;0;3;13;A01
201700015760;1;10;0;0;2;1;1;A01
201700015760;1;7;0;0;0;4;1;B01
201700015761;1;7;0;13;0;3;13;A01
201700015762;1;1;0;0;2;1;2;A01
201700015762;1;1;0;0;2;4;2;B01
201700015763;1;7;0;0;0;4;4;A01
201700015763;1;2;0;0;2;1;1;B01
201700015764;2;7;0;0;2;7;19;A01
201700015764;2;7;0;0;2;1;1;B01
201700015765;2;7;0;0;2;2;13;A01
201700015765;1;7;0;0;2;3;1;B01
201700015766;2;7;0;0;2;1;1;A01
201700015766;1;7;0;0;2;3;15;B01
201700015767;0;30;0;13;0;1;1;A01
201700015768;0;7;0;0;1;2;16;A01
201700015769;2;7;0;0;2;3;1;B01
201700015769;1;7;0;0;2;3;1;A01
201700015770;1;7;0;15;0;1;1;A01
201700015771;2;7;0;13;0;3;13;A01
201700015772;1;2;0;13;0;3;0;A01
201700015773;2;33;0;1;0;2;1;A01
201700015773;1;7;0;0;0;7;19;B01
201700015774;1;7;0;0;2;3;11;A01
201700015774;2;7;0;0;2;3;21;B01
201700015775;2;7;0;0;2;5;1;B01
201700015775;1;17;0;0;2;3;9;A01
201700015776;2;33;0;0;0;7;1;A01
201700015777;1;33;0;15;0;1;14;A01
201700015778;1;33;0;0;2;1;0;B01
201700015778;2;7;0;0;2;2;15;A01
201700015779;2;7;0;0;0;0;0;A01
201700015780;2;7;0;4;0;3;2;A01
201700015781;2;33;0;13;0;8;1;A01
201700015782;0;33;0;0;2;3;13;A01
201700015782;0;7;0;8;2;3;21;B01
201700015783;2;7;0;0;2;3;1;A01
201700015783;1;7;0;0;2;1;1;B01
201700015784;1;31;0;13;0;1;1;A01
201700015785;0;2;0;0;0;0;0;A01
201700015786;1;21;0;0;2;2;19;A01
201700015786;2;7;0;0;2;1;1;B01
201700015787;1;33;0;0;2;8;13;A01
201700015787;2;7;0;0;2;8;21;B01
201700015788;1;7;0;8;0;8;1;A01
201700015789;1;10;0;0;9;2;17;A01
201700015789;1;1;0;0;2;9;1;B01
201700015790;2;7;0;13;0;9;1;A01
201700015791;2;7;0;0;1;2;1;A01
201700015792;1;7;0;0;2;1;19;A01
201700015792;1;17;0;0;2;2;1;B01
201700015793;2;7;0;0;0;4;1;A01
201700015793;2;7;0;0;2;4;1;B01
201700015793;2;7;0;0;2;1;1;C01
201700015794;2;21;0;0;2;3;1;A01
201700015794;1;33;0;0;2;0;1;B01
201700015795;0;2;0;16;0;0;1;A01
201700015796;2;7;0;0;0;9;1;A01
201700015797;1;2;0;0;2;8;13;A01
201700015797;1;7;0;0;2;7;17;B01
201700015798;1;7;0;0;2;8;16;A01
201700015798;2;15;0;0;2;2;13;B01
201700015799;0;7;0;0;1;4;4;A01
201700015800;2;7;0;15;0;1;14;A01
201700015801;2;7;0;0;2;1;13;A01
201700015801;1;7;0;0;2;1;1;B01
201700015802;1;7;0;0;0;0;1;A01
201700015803;1;7;0;0;2;3;15;A01
201700015803;2;7;0;0;2;1;1;B01
201700015804;1;33;0;0;2;2;2;A01
201700015804;1;33;0;0;0;6;2;B01
201700015805;1;33;0;0;2;8;11;A01
201700015805;2;34;0;0;2;7;1;B01
201700015806;1;7;0;8;0;3;0;A01
201700015807;2;33;0;0;2;2;13;A01
201700015807;1;7;0;0;0;1;1;B01
201700015808;0;7;0;2;0;1;1;A01
201700015809;1;7;0;0;2;2;16;A01
201700015809;1;2;0;0;2;1;18;B01
201700015810;1;7;0;0;2;3;17;A01
201700015810;1;33;0;0;2;7;17;B01
201700015811;0;7;0;0;0;9;0;A01
201700015812;2;31;0;0;1;0;1;A01
201700015813;1;7;0;0;2;3;1;A01
201700015813;2;7;0;0;2;5;13;B01
201700015814;1;2;0;0;2;1;2;A01
201700015814;1;7;0;0;0;4;16;B01
201700015815;0;7;0;0;1;8;2;A01
201700015816;2;33;0;4;2;1;1;A01
201700015816;1;7;0;0;2;3;1;B01
201700015817;1;7;0;10;0;1;1;A01
201700015818;0;7;0;0;2;1;9;A01
201700015818;0;33;0;0;2;1;1;B01
201700015818;0;7;0;0;2;3;1;C01
201700015819;1;7;0;0;2;1;13;A01
201700015819;0;7;0;0;2;1;1;B01
201700015820;2;7;0;13;0;9;1;A01
201700015821;2;7;0;0;1;1;1;A01
201700015822;0;7;0;0;1;3;1;A01
201700015823;1;7;0;0;1;1;1;A01
201700015824;2;7;0;0;2;2;13;A01
201700015824;1;7;0;0;2;2;21;B01
201700015825;1;10;0;4;0;9;1;A01
201700015826;2;10;0;0;2;3;1;A01
201700015826;1;1;0;0;2;1;13;B01
201700015827;1;10;0;0;9;8;1;A01
201700015827;2;1;0;0;2;4;13;B02
201700015828;1;33;0;13;9;1;1;A01
201700015829;2;1;0;13;0;1;13;A01
201700015830;0;7;0;6;0;1;1;A01
201700015831;1;7;0;0;2;3;15;A01
201700015831;2;33;0;0;2;6;1;B01
201700015832;2;1;0;0;0;0;1;A01
201700015833;2;1;0;13;0;1;21;A01
201700015834;2;1;0;0;0;0;0;A01
201700015835;1;30;0;0;0;0;1;A01
201700015836;2;33;0;0;2;3;1;B01
201700015836;1;33;0;0;2;3;13;A01
201700015837;1;7;0;0;2;1;21;A01
201700015837;2;7;0;0;2;3;13;B01
201700015838;2;1;0;0;2;8;15;B01
201700015838;2;7;0;0;9;2;17;A01
201700015839;2;1;0;0;2;1;1;B01
201700015839;1;7;0;0;9;3;1;A01
201700015840;1;1;0;0;0;3;13;A01
201700015841;2;7;0;0;2;1;13;A01
201700015841;1;7;0;0;0;1;1;B01
201700015842;2;1;0;2;0;1;1;A01
201700015843;2;1;0;0;2;4;2;A01
201700015843;2;7;0;0;9;2;2;B01
201700015844;1;7;0;2;0;1;1;A01
201700015845;1;7;0;0;2;3;17;A01
201700015845;2;2;0;0;2;1;1;B01
201700015846;2;7;0;0;2;1;13;A01
201700015846;1;7;0;0;0;3;23;B01
201700015847;1;2;0;0;2;1;13;A01
201700015847;2;7;0;0;2;1;23;B01
201700015848;1;2;0;9;0;8;1;A01
201700015849;1;39;119;1;1;3;0;B01
201700015850;2;7;0;0;2;1;1;B01
201700015850;1;7;0;1;2;1;13;A01
201700015851;1;2;0;0;1;1;1;A01
201700015852;0;7;0;0;2;3;15;A01
201700015852;0;1;0;0;2;1;16;B01
201700015853;1;7;0;0;2;3;9;A01
201700015853;1;30;0;0;2;1;1;B01
201700015854;0;38;55;0;1;5;16;A01
201700015855;2;2;0;0;2;1;1;A01
201700015855;0;10;0;0;9;3;15;B01
201700015856;2;7;0;16;2;1;1;B01
201700015856;1;7;0;0;2;1;13;A01
201700015857;1;10;0;0;2;3;13;A01
201700015857;2;7;0;0;2;3;1;B01
201700015858;1;10;0;0;2;1;1;B01
201700015858;2;7;0;0;2;1;13;A01
201700015859;1;2;0;6;0;9;14;A01
201700015860;1;7;0;0;2;1;21;B01
201700015860;1;2;0;0;2;8;10;A01
201700015861;2;7;0;0;2;1;1;B01
201700015861;1;7;0;0;2;1;1;A01
201700015862;1;7;0;0;2;1;13;A01
201700015862;2;7;0;0;2;1;1;B01
201700015863;1;7;0;0;2;3;1;B01
201700015863;1;10;0;16;0;0;21;C01
201700015863;2;7;0;0;2;3;13;A01
201700015864;2;33;0;0;2;1;1;A01
201700015864;1;7;0;0;2;1;17;B01
201700015864;1;17;0;15;2;8;2;C01
201700015865;1;38;1;0;2;2;15;B01
201700015865;2;33;0;0;2;1;1;A01
201700015866;1;2;0;14;0;1;13;A01
201700015867;2;1;0;0;2;4;1;B01
201700015867;2;7;0;0;2;2;17;A01
201700015868;1;7;0;8;0;1;13;A01
201700015869;0;7;0;0;2;3;1;B01
201700015869;0;31;0;0;2;1;1;A01
201700015870;2;7;0;0;2;3;13;A01
201700015870;1;17;0;0;2;3;1;B01
201700015871;1;10;0;6;0;2;13;A01
201700015872;2;7;0;0;2;1;1;B01
201700015872;1;7;0;0;2;1;13;A01
201700015873;1;7;0;0;1;2;1;A01
201700015874;1;33;0;13;0;1;14;A01
201700015875;0;2;0;13;0;1;1;A01
201700015876;2;7;0;0;2;1;13;A01
201700015876;1;7;0;0;2;1;1;B01
201700015877;1;7;0;8;0;1;14;A01
201700015878;0;1;0;6;0;1;1;A01
201700015879;1;33;0;0;2;1;1;B01
201700015879;1;7;0;0;2;6;19;A01
201700015880;1;7;0;0;2;1;1;B01
201700015880;2;7;0;0;2;1;1;A01
201700015881;1;7;0;0;2;3;1;A01
201700015881;2;33;0;0;2;8;1;B01
201700015882;2;7;0;0;0;7;23;B01
201700015882;1;7;0;0;2;1;1;A01
201700015883;1;7;0;2;0;9;14;A01
201700015884;2;7;0;0;2;3;21;B01
201700015884;2;1;0;0;2;7;15;A01
201700015885;1;7;0;0;2;3;1;B01
201700015885;1;1;0;0;2;7;9;A01
201700015886;2;7;0;0;2;4;15;B01
201700015886;1;7;0;0;2;3;1;C01
201700015886;2;7;0;0;2;1;2;A01
201700015887;1;7;0;0;2;1;15;A01
201700015887;2;10;0;0;2;3;1;B01
201700015888;1;7;0;6;0;1;1;A01
201700015889;1;7;0;0;2;1;1;A01
201700015889;2;7;0;0;0;1;1;B01
201700015890;1;7;0;0;2;4;2;B01
201700015890;1;13;0;0;2;1;2;A01
201700015891;1;7;0;0;2;2;2;A01
201700015891;1;2;0;0;2;4;2;B01
201700015892;1;7;0;0;6;8;21;A01
201700015893;0;7;0;0;2;3;1;B01
201700015893;0;33;0;0;2;1;13;A01
201700015894;1;7;0;0;2;3;1;B01
201700015894;2;7;0;0;2;3;9;A01
201700015895;1;7;0;2;0;8;13;A01
201700015896;2;7;0;0;2;3;1;A01
201700015896;1;7;0;0;2;8;1;B01
201700015896;1;17;0;0;2;8;1;C01
201700015897;1;7;0;0;1;2;9;A01
201700015898;0;33;0;0;2;1;21;B01
201700015898;0;36;0;0;2;2;21;A01
201700015899;0;7;0;0;2;1;1;A01
201700015899;0;1;0;0;2;8;19;B01
201700015900;0;7;0;0;2;6;23;B01
201700015900;0;30;0;0;2;1;2;A01
201700015901;0;7;0;0;2;3;15;A01
201700015901;0;2;0;0;2;1;1;B01