num_acc;senc;catv;occutc;obs;obsm;choc;manv;num_veh
201700016687;0;1;0;0;2;8;1;A01
201700016687;0;7;0;0;2;2;19;B01
201700016688;0;33;0;0;2;1;1;B01
201700016688;0;7;0;0;2;7;1;A01
201700016689;1;7;0;0;2;3;0;A01
201700016689;2;7;0;0;2;3;0;B01
201700016690;2;7;0;6;0;2;1;A01
201700016691;0;2;0;0;2;1;1;B01
201700016691;0;7;0;0;0;7;15;A01
201700016692;1;7;0;6;0;3;13;A01
201700016693;0;1;0;0;2;1;1;B01
201700016693;0;30;0;0;9;1;13;A01
201700016694;1;1;0;0;0;4;1;B01
201700016694;1;7;0;0;2;2;1;A01
201700016695;1;7;0;0;2;1;1;B01
201700016695;2;7;0;0;2;2;15;A01
201700016695;1;7;0;0;0;1;23;C01
201700016696;0;1;0;0;2;0;1;B01
201700016696;0;3;0;0;2;1;1;A01
201700016697;2;31;0;3;0;1;16;A01
201700016698;0;7;0;0;0;0;0;A01
201700016699;2;7;0;0;2;3;1;B01
201700016699;1;7;0;0;2;3;13;A01
201700016700;0;1;0;0;2;8;1;A01
201700016700;0;7;0;0;2;2;1;B01
201700016701;2;7;0;0;2;7;1;A01
201700016701;2;99;0;0;2;1;1;B01
201700016702;1;10;0;0;2;6;1;B01
201700016702;1;10;0;0;2;2;17;A01
201700016703;2;7;0;0;2;7;1;A01
201700016703;2;7;0;0;2;2;19;B01
201700016704;2;7;0;0;2;3;6;A01
201700016704;1;7;0;0;2;3;1;B01
201700016705;1;7;0;13;0;9;0;A01
201700016706;1;7;0;0;2;7;1;B01
201700016706;0;7;0;0;2;1;1;A01
201700016707;2;33;0;0;2;1;1;B01
201700016707;0;7;0;0;2;6;15;A01
201700016708;0;33;0;0;0;0;1;A01
201700016709;1;15;0;0;0;7;1;B01
201700016709;0;1;0;0;2;1;19;A01
201700016710;2;7;0;0;2;7;19;A01
201700016710;1;33;0;0;2;1;1;B01
201700016711;1;7;0;0;0;9;1;A01
201700016712;2;30;0;0;2;4;2;B01
201700016712;2;14;0;0;2;1;2;A01
201700016713;1;7;0;13;0;1;1;A01
201700016714;2;7;0;0;2;1;1;B01
201700016714;1;7;0;0;2;1;5;A01
201700016715;2;7;0;13;0;7;1;A01
201700016716;0;7;0;0;2;1;1;A01
201700016716;0;7;0;0;2;1;1;B01
201700016717;1;33;0;13;0;1;1;A01
201700016718;0;2;0;0;0;0;1;A01
201700016719;1;7;0;0;9;2;11;A01
201700016719;1;2;0;0;2;0;15;B01
201700016720;2;36;0;13;0;3;1;A01
201700016721;0;7;0;0;2;1;13;A01
201700016721;0;7;0;0;2;1;1;B01
201700016722;1;7;0;6;0;1;1;A01
201700016723;2;7;0;0;2;4;15;A01
201700016723;1;7;0;0;2;1;2;B01
201700016724;1;30;0;0;2;1;1;B01
201700016724;2;7;0;0;2;3;19;A01
201700016725;2;7;0;13;0;1;1;A01
201700016726;1;7;0;8;0;9;1;A01
201700016727;1;7;0;0;1;2;1;A01
201700016728;1;7;0;16;0;6;1;A01
201700016729;0;3;0;15;1;4;4;A01
201700016730;1;7;0;13;0;7;1;A01
201700016731;0;7;0;8;0;3;1;A01
201700016732;1;10;0;0;2;1;1;A01
201700016732;2;21;0;0;2;1;19;B01
201700016733;1;21;0;0;2;1;16;B01
201700016733;1;10;0;0;2;1;1;A01
201700016734;1;7;0;0;2;1;13;A01
201700016734;2;7;0;0;2;1;1;B01
201700016735;1;7;0;6;2;3;1;A01
201700016735;0;7;0;0;2;2;19;B01
201700016736;2;7;0;7;0;3;1;A01
201700016736;0;7;0;0;0;0;15;B01
201700016737;2;7;0;0;2;3;1;B01
201700016737;1;33;0;0;2;1;13;A01
201700016738;1;7;0;8;0;1;1;A01
201700016739;2;7;0;0;2;1;1;B01
201700016739;1;7;0;0;2;1;13;A01
201700016740;2;1;0;0;2;1;2;A01
201700016740;2;1;0;0;0;4;2;B01
201700016741;1;7;0;0;2;2;19;A01
201700016741;1;10;0;0;2;3;1;B01
201700016742;2;7;0;0;2;3;17;A01
201700016742;1;7;0;0;2;3;1;B01
201700016743;1;33;0;2;0;1;14;A01
201700016744;1;7;0;0;1;1;1;A01
201700016745;1;7;0;16;0;1;1;A01
201700016746;2;7;0;0;2;3;13;A01
201700016746;1;7;0;0;2;3;1;B01
201700016747;1;7;0;0;1;1;1;A01
201700016748;1;7;0;0;2;6;1;C01
201700016748;2;14;0;0;2;1;1;B01
201700016748;1;2;0;0;2;1;13;A01
201700016749;0;7;0;0;2;3;13;A01
201700016749;0;7;0;0;2;3;1;B01
201700016750;0;7;0;0;1;1;1;A01
201700016751;2;7;0;3;2;1;1;A01
201700016751;2;7;0;3;2;1;1;B01
201700016752;1;7;0;6;0;8;1;A01
201700016752;1;10;0;0;2;1;19;B01
201700016753;0;99;0;0;0;0;1;A01
201700016754;1;7;0;0;0;5;1;A01
201700016755;0;7;0;0;1;1;1;A01
201700016756;1;7;0;0;2;4;15;B01
201700016756;1;7;0;0;2;1;1;A01
201700016756;1;7;0;0;2;3;5;C01
201700016757;0;31;0;13;0;1;1;A01
201700016758;0;2;0;16;0;0;23;A01
201700016759;0;10;0;3;0;2;1;A01
201700016760;2;7;0;2;0;1;1;A01
201700016761;0;7;0;0;2;1;1;B01
201700016761;0;7;0;0;2;1;5;A01
201700016762;1;7;0;0;2;3;16;A01
201700016762;2;2;0;0;2;1;1;B01
201700016763;1;7;0;0;1;1;1;A01
201700016764;1;7;0;0;1;3;1;A01
201700016765;0;2;0;0;5;1;1;A01
201700016766;0;33;0;0;1;0;0;A01
201700016767;0;7;0;0;2;1;19;A01
201700016767;0;1;0;0;2;7;1;B01
201700016768;2;7;0;1;1;1;1;A01
201700016769;2;7;0;0;2;3;9;A01
201700016769;1;33;0;0;2;1;1;B01
201700016770;0;2;0;0;2;1;17;A01
201700016770;0;7;0;0;2;3;1;B01
201700016771;2;7;0;0;2;3;1;B01
201700016771;1;7;0;0;2;3;1;A01
201700016772;0;7;0;0;2;3;1;A01
201700016772;0;15;0;0;2;2;1;B01
201700016773;1;33;0;0;2;1;1;A01
201700016773;1;7;0;0;2;7;15;B01
201700016774;1;7;0;13;0;3;1;A01
201700016775;1;10;0;2;0;3;13;A01
201700016776;2;17;0;0;2;3;15;B01
201700016776;2;33;0;0;2;2;17;A01
201700016777;0;7;0;6;0;1;0;A01
201700016778;0;7;0;0;2;1;15;A01
201700016778;2;2;0;0;2;8;1;B01
201700016779;1;7;0;0;2;3;15;A01
201700016779;2;7;0;0;2;3;1;B01
201700016780;1;1;0;0;2;4;2;B01
201700016780;1;7;0;0;2;2;2;A01
201700016781;2;30;0;0;2;6;15;B01
201700016781;2;7;0;0;2;1;17;A01
201700016782;1;10;0;0;1;1;1;A01
201700016783;1;7;0;0;1;1;1;A01
201700016784;2;7;0;0;2;3;17;A01
201700016784;1;2;0;0;2;1;1;B01
201700016785;1;2;0;12;0;2;1;A01
201700016786;2;7;0;0;2;3;1;B01
201700016786;1;7;0;0;2;3;13;A01
201700016787;2;7;0;0;2;3;19;A01
201700016787;2;33;0;0;2;1;1;B01
201700016788;1;7;0;0;0;3;15;A01
201700016788;1;33;0;6;2;1;17;B01
201700016789;1;99;0;13;0;1;11;A01
201700016789;1;14;0;0;;;11;B01
201700016790;0;7;0;0;2;1;1;A01
201700016790;0;7;0;0;2;8;9;B01
201700016791;1;17;0;0;2;6;1;B01
201700016791;2;7;0;0;2;2;17;A01
201700016792;1;7;0;3;0;9;1;A01
201700016793;1;7;0;0;2;3;1;B01
201700016793;1;2;0;0;2;1;1;A01
201700016794;0;7;0;0;2;4;20;A01
201700016794;1;2;0;0;2;7;1;B01
201700016795;1;33;0;0;2;2;1;B01
201700016795;1;7;0;0;2;3;9;A01
201700016796;2;7;0;0;0;6;1;B01
201700016796;2;33;0;0;2;1;1;A01
201700016797;1;7;0;13;0;8;1;A01
201700016798;2;7;0;0;0;7;15;A01
201700016798;1;33;0;0;2;1;1;B01
201700016799;0;33;0;13;0;1;0;A01
201700016800;1;7;0;0;2;7;1;A01
201700016800;2;7;0;0;2;1;1;B01
201700016801;0;32;0;15;0;3;14;A01
201700016802;0;1;0;0;0;0;1;B01
201700016802;0;21;0;0;9;0;1;A01
201700016803;2;7;0;8;0;8;1;A01
201700016804;2;10;0;0;1;1;15;A01
201700016805;1;7;0;6;0;3;5;A01
201700016806;2;3;0;0;2;3;1;B01
201700016806;1;7;0;0;2;3;1;A01
201700016807;1;7;0;2;0;8;5;A01
201700016808;2;7;0;0;2;1;1;C01
201700016808;2;2;0;0;2;1;15;A01
201700016808;1;7;0;0;2;3;1;B01
201700016809;0;2;0;0;2;1;1;A01
201700016809;0;7;0;0;0;4;1;B01
201700016810;1;7;0;0;1;2;2;A01
201700016811;2;7;0;0;2;1;1;B01
201700016811;1;7;0;0;2;1;1;A01
201700016812;1;33;0;0;2;1;1;A01
201700016812;0;21;0;0;2;8;15;B01
201700016813;2;7;0;0;2;1;15;A01
201700016813;1;33;0;0;2;1;1;B01
201700016814;0;7;0;0;0;3;19;A01
201700016814;2;7;0;0;0;1;1;B01
201700016815;1;10;0;0;2;2;2;B01
201700016815;1;2;0;0;0;4;2;A01
201700016816;1;7;0;0;1;1;1;A01
201700016817;1;7;0;0;1;2;1;A01
201700016818;1;7;0;0;2;3;1;A01
201700016818;2;7;0;0;2;8;1;C01
201700016818;2;7;0;0;2;6;1;B01
201700016819;0;33;0;0;0;7;1;A01
201700016820;1;7;0;13;0;1;0;A01
201700016821;2;7;0;8;0;2;1;A01
201700016822;0;7;0;2;0;2;21;A01
201700016823;0;7;0;15;0;1;1;A01
201700016824;1;7;0;0;1;1;14;A01
201700016825;2;10;0;0;2;2;13;A01
201700016825;1;7;0;0;2;2;1;B01
201700016826;1;7;0;2;0;1;1;A01
201700016827;2;7;0;0;2;6;1;C01
201700016827;2;7;0;0;2;1;13;A01
201700016827;1;7;0;0;2;3;1;B01
201700016828;2;7;0;0;1;1;14;A01
201700016829;2;7;0;8;0;6;1;A01
201700016830;0;10;0;3;0;3;1;A01
201700016831;2;7;0;13;0;9;0;A01
201700016832;2;33;0;0;2;1;17;A01
201700016832;1;7;0;0;2;1;1;B01
201700016833;0;1;0;0;1;3;1;A01
201700016834;1;7;0;8;0;1;1;A01
201700016835;1;31;0;0;2;1;1;A01
201700016835;2;7;0;0;2;3;1;B01
201700016836;1;7;0;2;0;1;1;A01
201700016837;2;33;0;3;0;1;1;A01
201700016838;0;99;0;0;1;4;1;A01
201700016839;2;7;0;0;2;1;1;B01
201700016839;1;33;0;0;2;1;5;A01
201700016840;1;7;0;0;2;1;13;A01
201700016840;0;7;0;0;2;2;23;B01
201700016841;2;7;0;0;2;1;1;B01
201700016841;2;7;0;0;2;7;1;A01
201700016842;1;7;0;2;0;1;1;A01
201700016843;2;7;0;0;2;1;1;B01
201700016843;1;7;0;0;2;1;13;A01
201700016844;1;33;0;8;0;1;1;A01
201700016845;2;7;0;0;0;0;15;C01
201700016845;2;10;0;0;0;4;1;B01
201700016845;2;31;0;0;2;1;1;A01
201700016846;2;7;0;0;2;3;0;B01
201700016846;1;2;0;0;2;1;5;A01
201700016847;0;7;0;0;0;2;1;A01
201700016848;1;7;0;0;2;1;1;B01
201700016848;1;7;0;0;2;7;1;A01
201700016849;1;7;0;0;0;8;23;C01
201700016849;1;7;0;0;2;2;1;A01
201700016849;2;7;0;14;2;7;15;B01
201700016850;1;7;0;0;2;1;1;B01
201700016850;1;7;0;0;2;8;1;C01
201700016850;2;7;0;0;2;1;13;A01
201700016851;1;7;0;0;2;1;13;A01
201700016851;2;7;0;0;2;1;1;B01
201700016852;1;7;0;0;2;6;1;C01
201700016852;2;7;0;0;2;1;1;B01
201700016852;1;7;0;0;2;2;15;A01
201700016853;0;7;0;0;2;1;13;A01
201700016853;0;33;0;0;2;7;0;B01
201700016854;0;7;0;0;1;1;15;A01
201700016855;1;7;0;13;0;1;1;A01
201700016856;1;7;0;0;2;3;1;B01
201700016856;2;10;0;0;2;1;13;A01
201700016857;0;7;0;0;2;1;13;A01
201700016857;0;7;0;0;2;3;1;B01
201700016858;1;33;0;0;2;1;1;C01
201700016858;1;31;0;0;2;1;1;D01
201700016858;1;33;0;0;2;1;1;B01
201700016858;1;2;0;0;0;8;10;A01
201700016858;1;33;0;0;2;1;1;E01
201700016859;2;7;0;0;0;6;15;B01
201700016859;2;33;0;0;2;1;2;A01
201700016860;1;7;0;0;2;1;13;A01
201700016860;2;7;0;0;2;1;1;B01
201700016861;1;7;0;0;2;7;15;A01
201700016861;2;33;0;0;2;1;1;B01
201700016862;1;7;0;13;0;2;14;A01
201700016863;2;7;0;0;1;7;1;A01
201700016864;0;2;0;0;2;1;1;A01
201700016864;0;2;0;0;2;1;1;B01
201700016865;0;7;0;0;2;5;15;A01
201700016865;0;34;0;0;2;1;1;B01
201700016866;2;2;0;0;2;1;1;B01
201700016866;2;7;0;0;2;1;1;C01
201700016866;1;7;0;0;2;1;5;A01
201700016867;1;33;0;0;2;8;1;A01
201700016867;2;7;0;0;2;3;17;B01
201700016868;1;33;0;0;2;1;2;A01
201700016868;1;7;0;0;2;5;2;B01
201700016869;2;2;0;0;2;0;3;A01
201700016869;2;7;0;0;9;6;2;B01
201700016870;0;2;0;0;2;1;1;B01
201700016870;0;7;0;0;2;2;15;A01
201700016871;1;7;0;0;2;1;13;A01
201700016871;2;7;0;0;2;1;1;B01
201700016872;1;7;0;0;2;7;13;C01
201700016872;1;33;0;0;2;1;2;B01
201700016872;1;7;0;0;0;5;23;A01
201700016873;2;7;0;0;2;3;1;B01
201700016873;2;7;0;0;2;3;1;C01
201700016873;1;7;0;0;2;3;13;A01
201700016874;2;7;0;2;0;8;1;A01
201700016875;2;1;0;0;2;4;2;B01
201700016875;2;7;0;0;9;2;1;A01
201700016876;2;7;0;0;2;9;1;A01
201700016876;1;10;0;0;2;1;1;B01
201700016877;1;7;0;0;2;4;19;A01
201700016877;2;7;0;0;2;3;1;B01
201700016878;1;7;0;0;0;7;10;A01
201700016878;2;34;0;0;2;1;1;B01
201700016879;0;10;0;0;1;1;1;A01
201700016880;1;33;0;0;2;2;17;B01
201700016880;1;7;0;0;2;6;15;A01
201700016881;1;33;0;0;2;2;1;B01
201700016881;2;7;0;0;2;2;15;A01
201700016882;2;2;0;0;2;1;1;B01
201700016882;1;7;0;0;2;3;15;A01
201700016883;0;2;0;15;2;3;1;A01
201700016883;0;7;0;0;2;3;1;B01
201700016884;1;7;0;0;2;3;9;A01
201700016884;1;2;0;0;2;7;16;B01
201700016885;2;7;0;0;2;1;13;A01
201700016885;1;7;0;13;2;1;1;C01
201700016885;1;7;0;0;2;8;1;B01
201700016886;2;7;0;13;0;7;1;A01
201700016887;1;7;0;0;2;3;0;B01
201700016887;2;33;0;0;2;8;0;A01
201700016888;1;7;0;0;1;7;1;A01
201700016889;2;33;0;0;2;1;1;B01
201700016889;0;7;0;0;2;3;1;A01
201700016890;0;10;0;0;1;4;19;A01
201700016891;2;7;0;0;0;5;15;B01
201700016891;1;7;0;0;2;2;1;A01
201700016892;2;33;0;7;0;1;16;A01
201700016893;2;7;0;0;2;3;1;A01
201700016893;0;1;0;0;2;7;15;B01
201700016894;1;10;0;0;2;3;1;B01
201700016894;2;7;0;0;2;3;13;A01
201700016895;2;7;0;0;2;2;15;B01
201700016895;1;33;0;0;2;1;1;A01
201700016896;0;21;0;0;5;5;1;A01
201700016896;0;99;0;0;2;7;1;B01
201700016896;0;99;0;0;2;5;1;C01
201700016897;1;2;0;0;0;9;1;A01
201700016898;0;1;0;0;0;8;1;B01
201700016898;0;2;0;0;0;8;17;A01
201700016899;1;33;0;0;2;1;1;B01
201700016899;1;33;0;0;2;6;15;A01
201700016900;1;7;0;0;2;3;13;A01
201700016900;2;7;0;0;2;3;1;B01
201700016901;1;7;0;0;2;3;1;B01
201700016901;2;7;0;0;2;2;13;A01
201700016902;2;7;0;0;2;1;1;B01
201700016902;1;7;0;0;2;0;13;A01
201700016903;0;7;0;0;2;8;9;B01
201700016903;0;2;0;0;2;1;1;A01
201700016904;0;7;0;2;0;1;1;A01
201700016905;1;7;0;0;2;1;5;A01
201700016905;2;7;0;0;2;8;1;B01
201700016905;2;7;0;0;2;1;1;C01
201700016906;1;33;0;2;0;8;1;A01
201700016907;0;7;0;0;1;2;16;A01
201700016908;0;7;0;0;0;2;24;A01
201700016908;0;7;0;1;0;4;20;B01
201700016909;1;2;0;0;2;2;13;A01
201700016909;2;7;0;0;2;2;1;B01
201700016910;0;1;0;0;2;1;1;B01
201700016910;0;7;0;0;2;1;15;A01
201700016911;1;7;0;0;2;1;13;A01
201700016911;2;7;0;0;2;1;1;B01
201700016912;2;7;0;0;2;1;1;B01
201700016912;1;7;0;0;2;8;19;A01
201700016913;1;2;0;0;0;2;0;A01
201700016913;0;7;0;0;2;1;1;B01
201700016914;1;7;0;13;0;1;1;A01
201700016915;0;7;0;0;2;3;1;A01
201700016915;0;7;0;0;2;1;1;B01
201700016916;1;33;0;1;0;1;2;A01
201700016916;1;7;0;0;0;5;23;B01
201700016917;0;7;0;0;2;2;1;B01
201700016917;0;1;0;0;2;1;1;A01
201700016918;2;30;0;0;2;4;1;B01
201700016918;2;7;0;0;2;1;9;A01
201700016919;1;7;0;0;1;2;1;A01
201700016920;1;7;0;0;1;2;1;A01
201700016921;1;7;0;0;1;3;1;A01
201700016922;2;7;0;8;0;3;1;A01
201700016923;1;33;0;6;0;7;1;A01
201700016924;0;2;0;13;0;1;1;A01
201700016925;0;7;0;0;2;2;20;A01
201700016925;0;2;0;0;2;1;1;B01
201700016926;0;7;0;0;1;2;0;A01
201700016927;0;2;0;0;2;7;1;A01
201700016927;0;7;0;0;2;2;15;B01
201700016928;1;10;0;0;2;3;1;A01
201700016928;0;10;0;0;2;2;19;B01
201700016929;2;7;0;0;2;1;1;B01
201700016929;1;7;0;8;2;5;19;A01
201700016930;2;7;0;0;2;1;1;B01
201700016930;0;2;0;0;2;1;19;A01
201700016931;1;7;0;0;2;1;1;B01
201700016931;2;7;0;0;2;6;19;A01
201700016932;1;2;0;0;2;1;1;A01
201700016932;0;7;0;0;2;3;15;B01
201700016933;1;7;0;7;2;7;1;B01
201700016933;1;7;0;0;2;1;1;A01
201700016934;1;7;0;0;2;3;13;A01
201700016934;2;10;0;0;2;3;1;B01
201700016935;1;32;0;0;2;8;1;B01
201700016935;0;7;0;0;2;2;1;A01
201700016936;1;10;0;13;2;8;1;C01
201700016936;2;7;0;0;2;1;1;E01
201700016936;2;7;0;0;2;3;1;A01
201700016936;2;7;0;0;2;5;1;B01
201700016936;2;7;0;13;2;1;1;D01
201700016937;1;7;0;8;0;1;0;A01
201700016938;2;30;0;14;0;1;1;A01
201700016939;1;10;0;0;2;1;1;A01
201700016939;2;10;0;0;2;1;5;B01
201700016939;0;7;0;0;2;4;16;C01
201700016940;1;7;0;0;2;4;2;C01
201700016940;1;7;0;0;2;4;2;B01
201700016940;1;2;0;0;2;1;1;A01
201700016940;1;7;0;0;2;4;2;D01
201700016941;1;30;0;1;0;1;1;A01
201700016942;2;7;0;0;2;3;13;A01
201700016942;1;7;0;0;2;3;1;B01
201700016943;1;7;0;1;0;2;1;A01
201700016944;0;2;0;1;0;1;0;A01
201700016945;0;33;0;0;2;8;1;B01
201700016945;0;7;0;0;2;1;15;A01
201700016946;2;7;0;4;0;3;16;A01
201700016947;2;7;0;0;2;3;1;C01
201700016947;1;7;0;0;2;9;1;B01
201700016947;2;7;0;0;2;2;17;A01
201700016948;1;33;0;16;2;1;17;A01
201700016948;1;7;0;0;2;8;15;B01
201700016949;2;36;0;0;2;1;1;B01
201700016949;1;7;0;0;2;1;13;A01
201700016950;2;7;0;13;0;1;0;A01
201700016951;0;7;0;8;0;2;1;A01
201700016952;0;7;0;0;1;2;16;A01
201700016953;0;7;0;0;1;3;15;A01
201700016954;0;7;0;0;2;3;5;A01
201700016954;0;7;0;15;2;1;1;B01
201700016955;0;7;0;0;2;3;1;B01
201700016955;0;7;0;0;2;3;13;A01
201700016956;0;7;0;0;2;3;15;B01
201700016956;0;33;0;0;2;3;17;A01
201700016957;1;7;0;0;2;1;1;B01
201700016957;0;7;0;0;2;3;9;A01
201700016958;2;7;0;0;2;3;10;A01
201700016958;1;33;0;0;2;8;1;B01
201700016959;1;2;0;0;2;6;15;B01
201700016959;1;7;0;0;2;2;2;A01
201700016960;1;33;0;9;0;1;1;A01
201700016961;0;30;0;1;2;1;1;B01
201700016961;0;7;0;0;2;1;20;A01
201700016962;2;7;0;0;2;3;1;B01
201700016962;1;7;0;0;2;1;13;A01
201700016963;0;10;0;0;1;1;1;A01
201700016964;2;2;0;0;9;8;2;B01
201700016964;2;1;0;0;2;7;2;A01
201700016965;1;7;0;0;2;1;1;A01
201700016965;0;2;0;13;2;8;19;B01
201700016966;0;7;0;0;2;3;13;A01
201700016966;0;33;0;0;2;3;1;B01
201700016967;2;7;0;0;1;2;9;A01
201700016968;2;7;0;0;0;2;23;B01
201700016968;1;7;0;0;2;3;13;A01
201700016969;0;2;0;0;0;8;1;B01
201700016969;0;2;0;0;2;1;1;A01
201700016970;1;7;0;0;1;3;1;A01
201700016971;1;2;0;0;2;1;1;B01
201700016971;0;7;0;0;2;3;9;A01
201700016972;1;7;0;13;0;2;1;A01
201700016973;0;2;0;0;2;7;1;A01
201700016973;0;7;0;0;2;2;15;B01
201700016974;0;7;0;0;2;1;15;A01
201700016974;0;2;0;0;2;8;1;B01
201700016975;1;33;0;0;2;1;1;A01
201700016975;0;7;0;0;2;8;23;C01
201700016975;2;7;0;0;2;3;15;B01
201700016976;2;7;0;0;0;8;9;A01
201700016976;1;7;0;0;0;1;0;B01
201700016977;1;33;0;0;2;1;1;B01
201700016977;0;7;0;0;2;3;15;A01
201700016978;1;31;0;0;1;1;1;A01
201700016979;2;7;0;4;0;7;1;A01
201700016980;2;7;0;0;0;5;1;A01
201700016980;2;33;0;4;2;1;14;B01
201700016981;2;7;0;2;0;1;14;A01
201700016982;1;33;0;0;0;4;17;A01
201700016982;1;33;0;0;2;1;17;C01
201700016982;2;7;0;0;2;3;1;B01
201700016983;2;7;0;0;2;1;13;A01
201700016983;1;7;0;0;2;1;1;B01
201700016984;2;13;0;0;9;0;21;A01
201700016984;1;33;0;0;0;0;19;B01
201700016985;2;7;0;0;9;7;17;A01
201700016985;2;1;0;0;2;1;13;B01
201700016986;1;7;0;0;2;1;6;A01
201700016986;2;7;0;0;2;1;1;B01
201700016986;2;7;0;0;2;1;1;C01
201700016987;1;33;0;8;0;6;13;A01
201700016988;1;7;0;2;0;8;14;A01
201700016989;2;7;0;3;0;9;14;A01
201700016990;1;7;0;0;9;2;1;A01
201700016990;2;1;0;0;2;7;6;B01
201700016991;1;7;0;0;2;7;13;A01
201700016991;2;7;0;0;2;1;1;B01
201700016992;1;7;0;12;0;9;1;A01
201700016993;1;7;0;2;0;6;0;A01
201700016994;0;7;0;2;0;3;1;A01
201700016995;1;7;0;0;2;1;13;A01
201700016995;2;10;0;0;2;1;;B01
201700016996;0;10;0;0;2;3;15;A01
201700016996;0;1;0;0;2;1;1;B01
201700016997;2;33;0;0;2;1;1;B01
201700016997;1;7;0;0;2;8;15;A01
201700016998;1;7;0;0;2;1;1;B01
201700016998;2;7;0;0;2;1;5;A01
201700016999;2;7;0;0;2;3;1;A01
201700016999;1;7;0;0;2;3;1;B01
201700017000;2;1;0;0;2;1;1;B01
201700017000;1;7;0;0;9;3;15;A01
201700017001;2;31;0;3;0;1;1;A01
201700017002;2;33;0;2;0;1;15;A01
201700017003;2;7;0;0;0;9;1;A01
201700017004;1;7;0;2;0;1;13;A01
201700017005;2;2;0;6;0;0;21;B01
201700017005;1;7;0;0;0;0;15;A01
201700017006;2;33;0;3;0;0;1;A01
201700017007;2;7;0;15;0;9;0;A01
201700017008;1;7;0;8;0;9;2;A01
201700017009;2;7;0;0;2;1;0;A01
201700017009;1;7;0;0;2;1;17;B01
201700017010;1;7;0;0;1;1;0;A01
201700017011;1;33;0;0;2;1;2;A01
201700017011;1;7;0;0;2;4;2;B01
201700017012;2;7;0;6;0;2;1;A01
201700017013;1;7;0;0;2;3;9;A01
201700017013;1;7;0;0;2;8;1;B01
201700017014;2;7;0;0;2;6;17;A01
201700017014;2;7;0;4;2;2;17;B01
201700017014;2;7;0;0;2;1;17;C01
201700017015;1;7;0;13;2;3;5;A01
201700017015;2;7;0;0;2;3;2;B01
201700017015;1;7;0;0;2;0;0;C01
201700017016;1;33;0;0;0;7;0;A01
201700017017;2;7;0;0;2;6;9;A01
201700017017;1;33;0;0;0;1;1;B01
201700017018;1;7;0;2;0;1;1;A01
201700017019;2;7;0;3;0;0;5;A01
201700017019;2;7;0;0;9;2;0;B01
201700017019;2;13;0;0;9;3;0;C01
201700017020;0;7;0;2;0;1;1;A01
201700017021;2;7;0;0;2;1;1;C01
201700017021;1;10;0;0;2;5;16;B01
201700017021;1;7;0;0;0;1;1;A01
201700017022;1;33;0;16;0;1;1;A01
201700017023;1;33;0;0;2;1;1;A01
201700017023;2;7;0;0;2;3;1;B01
201700017024;2;33;0;0;0;4;17;A01
201700017024;2;33;0;0;2;1;13;B01
201700017024;2;33;0;0;2;1;13;C01
201700017024;2;33;0;0;2;1;13;D01
201700017025;2;7;0;0;2;7;1;A01
201700017025;1;7;0;0;2;1;1;B01
201700017026;1;33;0;0;0;8;1;A01
201700017027;1;7;0;13;0;9;19;A01
201700017028;1;21;0;0;2;3;1;B01
201700017028;2;33;0;0;2;1;17;A01
201700017029;1;7;0;0;2;3;5;A01
201700017029;2;7;0;0;2;3;2;B01
201700017030;2;33;0;0;2;1;17;A01
201700017030;1;7;0;0;2;3;1;C01
201700017030;2;7;0;0;2;8;1;B01
201700017031;1;2;0;0;0;0;15;A01
201700017032;2;7;0;0;2;2;1;A01
201700017032;2;21;0;0;0;0;1;B01
201700017033;2;7;0;6;0;2;0;A01
201700017034;2;7;0;8;0;5;1;A01
201700017035;1;7;0;0;2;1;13;A01
201700017035;2;10;0;0;2;1;1;B01
201700017036;0;7;0;0;2;2;15;A01
201700017036;0;36;0;0;2;5;1;B01
201700017037;1;7;0;0;9;1;15;A01
201700017037;2;1;0;0;2;1;1;B01
201700017038;1;7;0;0;1;1;17;A01
201700017039;2;10;0;0;2;8;1;A01
201700017039;1;2;0;0;2;1;1;B01
201700017040;2;7;0;0;2;2;0;B01
201700017040;2;7;0;0;0;0;1;A01
201700017041;1;7;0;0;0;9;1;A01
201700017042;2;7;0;0;2;1;1;A01
201700017042;2;3;0;16;2;4;11;B01
201700017043;0;7;0;0;1;0;16;A01
201700017044;0;7;0;0;1;3;1;A01
201700017045;2;7;0;2;0;1;1;A01
201700017046;1;7;0;0;1;1;1;A01
201700017047;1;7;0;0;2;2;1;B01
201700017047;2;7;0;0;2;3;19;A01
201700017048;1;7;0;0;2;1;1;B01
201700017048;2;33;0;0;2;1;13;A01
201700017049;2;33;0;0;0;8;1;A01
201700017050;2;7;0;0;2;3;1;B01
201700017050;1;7;0;0;2;1;1;A01
201700017051;2;7;0;0;2;3;5;A01
201700017051;1;7;0;0;2;3;1;B01
201700017052;2;7;0;0;2;1;1;B01
201700017052;1;7;0;0;2;3;13;A01
201700017053;1;7;0;0;1;7;1;A01
201700017054;2;2;0;0;2;1;13;A01
201700017054;1;7;0;0;2;3;1;B01
201700017055;1;7;0;0;2;1;17;A01
201700017055;1;33;0;3;2;1;13;B01
201700017056;1;7;0;0;2;7;1;A01
201700017056;1;1;0;0;2;0;23;B01
201700017057;2;33;0;0;2;1;13;A01
201700017057;1;7;0;0;2;8;1;C01