num_acc;senc;catv;occutc;obs;obsm;choc;manv;num_veh
201700017057;1;14;0;0;2;8;1;B01
201700017057;1;7;0;0;2;2;1;D01
201700017058;1;7;0;0;1;2;1;A01
201700017059;2;7;0;0;2;1;1;A01
201700017059;1;7;0;0;2;1;1;B01
201700017060;2;7;0;2;0;3;13;A01
201700017061;2;36;0;0;2;3;13;A01
201700017061;1;7;0;0;2;3;1;B01
201700017061;1;7;0;0;9;2;1;C01
201700017062;1;7;0;0;0;0;1;A01
201700017063;0;21;0;0;1;1;15;A01
201700017064;2;33;0;8;0;7;2;A01
201700017065;1;7;0;0;2;3;1;A01
201700017065;2;7;0;0;2;3;13;B01
201700017066;1;7;0;0;2;2;15;A01
201700017066;2;2;0;0;2;1;17;B01
201700017067;1;33;0;15;0;1;2;A01
201700017068;1;7;0;0;2;1;13;A01
201700017068;2;7;0;0;2;3;1;B01
201700017068;2;7;0;0;2;3;1;C01
201700017068;2;7;0;0;9;3;1;D01
201700017069;2;7;0;0;2;2;15;B01
201700017069;1;7;0;0;2;2;1;A01
201700017070;1;7;0;0;2;8;1;A01
201700017070;1;33;0;13;2;1;17;B01
201700017071;1;1;0;0;0;0;1;A01
201700017072;1;33;0;13;0;1;1;A01
201700017073;0;7;0;2;0;1;0;A01
201700017074;1;7;0;0;2;1;15;A01
201700017074;2;7;0;0;2;1;1;B01
201700017075;2;7;0;2;0;1;17;A01
201700017076;1;7;0;13;0;3;1;A01
201700017077;0;7;0;2;0;9;1;A01
201700017078;1;7;0;13;0;3;1;A01
201700017079;1;7;0;0;2;1;13;A01
201700017079;2;33;0;0;2;1;0;B01
201700017080;1;7;0;2;0;1;1;A01
201700017081;2;2;0;0;2;1;1;B01
201700017081;1;7;0;0;2;5;11;A01
201700017082;1;7;0;0;2;1;1;B01
201700017082;2;2;0;0;2;1;5;A01
201700017083;0;7;0;7;2;7;5;A01
201700017083;0;7;0;0;2;2;1;B01
201700017084;2;33;0;6;0;2;0;A01
201700017085;0;7;0;0;1;3;1;A01
201700017086;1;7;0;0;0;0;1;D01
201700017086;1;33;0;0;2;1;1;C01
201700017086;1;7;0;0;2;1;13;A01
201700017086;1;33;0;0;2;1;1;B01
201700017087;2;7;0;0;1;7;1;A01
201700017088;2;7;0;0;2;5;15;A01
201700017088;1;1;0;0;2;1;1;B01
201700017089;2;7;0;0;2;3;1;A01
201700017089;2;1;0;0;2;4;12;B01
201700017090;1;7;0;1;0;1;13;A01
201700017091;2;33;0;0;0;0;1;A01
201700017092;2;31;0;0;6;1;1;A01
201700017093;1;7;0;2;2;1;13;A01
201700017093;2;33;0;0;2;1;1;B01
201700017094;2;7;0;0;2;3;15;A01
201700017094;1;7;0;0;2;1;1;B01
201700017095;2;7;0;0;1;2;1;A01
201700017096;2;7;0;0;2;1;1;B01
201700017096;1;7;0;0;2;3;9;A01
201700017097;2;31;0;3;0;2;14;A01
201700017098;1;7;0;6;0;1;14;A01
201700017099;2;7;0;2;0;1;13;A01
201700017100;1;7;0;0;2;1;17;A01
201700017100;2;7;0;0;2;1;1;B01
201700017101;1;2;0;0;2;3;15;A01
201700017101;1;7;0;0;2;2;1;B01
201700017102;2;7;0;0;0;2;14;A01
201700017103;0;7;0;13;0;3;13;A01
201700017104;1;10;0;0;2;7;15;A01
201700017104;2;2;0;0;2;1;1;B01
201700017105;2;7;0;12;0;1;1;A01
201700017106;2;1;0;0;2;4;11;B01
201700017106;2;7;0;0;2;2;1;A01
201700017107;0;7;0;2;0;3;13;A01
201700017108;1;7;0;2;0;8;13;A01
201700017109;2;2;0;0;2;1;1;B01
201700017109;1;7;0;0;2;5;19;A01
201700017110;1;33;0;0;2;1;13;A01
201700017110;2;7;0;0;2;1;1;B01
201700017111;1;7;0;6;0;1;13;A01
201700017112;1;33;0;0;6;1;1;A01
201700017113;2;7;0;0;0;0;13;A01
201700017113;2;1;0;6;0;1;21;B01
201700017114;2;7;0;0;2;3;13;A01
201700017114;1;10;0;0;2;3;13;B01
201700017115;1;7;0;0;1;1;15;A01
201700017116;1;7;0;0;2;2;17;A01
201700017116;2;7;0;0;2;3;1;B01
201700017117;2;7;0;16;0;9;13;A01
201700017118;2;7;0;13;2;3;15;A01
201700017118;1;7;0;6;2;3;1;B01
201700017119;0;2;0;0;2;1;1;A01
201700017119;0;21;0;0;2;3;1;B01
201700017120;1;7;0;0;1;2;1;A01
201700017121;1;7;0;0;2;8;16;A01
201700017121;2;7;0;0;2;1;1;B01
201700017122;1;7;0;0;2;1;1;A01
201700017122;1;7;0;0;2;3;15;B01
201700017123;2;7;0;0;2;1;17;A01
201700017123;1;7;0;0;2;1;1;B01
201700017124;1;7;0;0;2;1;2;A01
201700017124;1;7;0;0;2;4;15;B01
201700017125;1;2;0;12;0;0;0;A01
201700017126;1;33;0;0;0;8;1;A01
201700017127;1;7;0;0;2;2;17;A01
201700017127;1;1;0;0;2;6;1;B01
201700017128;1;7;0;2;0;1;14;A01
201700017129;2;7;0;3;0;3;13;A01
201700017130;1;7;0;0;2;8;15;A01
201700017130;1;14;0;0;2;2;1;B01
201700017131;2;7;0;13;0;1;13;A01
201700017132;2;7;0;0;2;8;15;B01
201700017132;2;33;0;0;2;7;17;A01
201700017132;2;33;0;0;2;0;17;C01
201700017133;0;7;0;0;2;3;1;B01
201700017133;0;99;0;0;2;1;13;A01
201700017134;2;2;0;0;2;7;1;B01
201700017134;2;7;0;0;2;3;9;A01
201700017135;2;7;0;0;1;2;1;A01
201700017136;2;30;0;2;0;7;1;A01
201700017137;1;7;0;0;2;1;13;A01
201700017137;2;7;0;0;2;3;1;B01
201700017138;2;17;0;0;2;1;1;B01
201700017138;1;7;0;0;2;1;13;A01
201700017139;2;7;0;0;2;7;14;A01
201700017139;1;15;0;0;2;1;1;B01
201700017140;1;7;0;0;2;1;13;A01
201700017140;2;7;0;0;2;1;1;B01
201700017141;2;7;0;3;2;1;13;A01
201700017141;1;7;0;0;2;1;1;B01
201700017142;1;7;0;0;2;7;13;A01
201700017142;2;7;0;0;2;1;1;B01
201700017143;2;7;0;0;2;3;1;B01
201700017143;2;1;0;0;2;1;16;A01
201700017144;1;33;0;0;2;1;1;B01
201700017144;2;7;0;0;2;5;15;A01
201700017145;1;7;0;0;2;1;15;A01
201700017145;1;2;0;0;2;1;1;B01
201700017146;1;7;0;0;2;2;1;B01
201700017146;2;7;0;0;2;3;9;A01
201700017147;1;33;0;0;2;4;2;B01
201700017147;1;33;0;0;0;0;21;F01
201700017147;1;33;0;0;0;0;2;C01
201700017147;1;33;0;0;2;6;1;A01
201700017147;1;33;0;0;2;4;2;D01
201700017147;1;33;0;0;2;1;2;E01
201700017148;1;1;0;0;2;1;13;A01
201700017148;2;7;0;0;2;1;1;B01
201700017149;2;7;0;0;2;5;15;A01
201700017149;1;2;0;0;2;2;1;B01
201700017150;2;33;0;0;2;1;13;A01
201700017150;1;7;0;0;2;3;1;B01
201700017151;2;7;0;2;0;8;13;A01
201700017152;2;10;0;0;2;1;15;A01
201700017152;1;7;0;0;2;2;1;B01
201700017153;2;2;0;0;2;7;17;A01
201700017153;2;7;0;0;2;8;15;B01
201700017154;2;10;0;0;2;3;15;A01
201700017154;1;7;0;0;2;1;1;B01
201700017155;2;7;0;2;0;1;14;A01
201700017156;2;7;0;8;0;7;14;A01
201700017157;1;7;0;2;0;1;0;A01
201700017158;1;7;0;8;0;3;14;A01
201700017159;1;33;0;8;0;0;1;A01
201700017160;2;10;0;16;0;9;13;A01
201700017161;1;7;0;7;0;2;13;A01
201700017162;1;7;0;0;2;1;1;B01
201700017162;2;7;0;0;2;1;13;A01
201700017163;1;7;0;0;2;1;13;A01
201700017163;2;7;0;0;2;1;1;B01
201700017164;1;7;0;0;2;2;15;A01
201700017164;2;7;0;0;2;3;1;B01
201700017164;0;7;0;0;2;1;23;C01
201700017165;2;7;0;0;1;3;21;A01
201700017166;1;33;0;13;0;9;21;B01
201700017166;1;33;0;13;0;9;14;A01
201700017167;2;7;0;2;0;0;17;A01
201700017168;2;33;0;14;0;0;17;A01
201700017169;2;7;0;0;2;1;1;A01
201700017169;2;7;0;0;2;2;16;B01
201700017170;1;7;0;0;2;3;15;B01
201700017170;1;2;0;0;2;1;1;A01
201700017171;1;33;0;0;2;1;1;B01
201700017171;2;7;0;0;2;1;15;A01
201700017171;1;7;0;0;2;8;23;C01
201700017172;2;2;0;0;2;1;13;A01
201700017172;1;7;0;0;2;1;1;B01
201700017173;2;7;0;13;0;2;14;A01
201700017174;1;17;0;0;2;3;15;A01
201700017174;1;2;0;0;2;1;1;B01
201700017175;2;7;0;0;0;2;1;A01
201700017176;2;1;0;0;2;3;1;B01
201700017176;2;7;0;0;2;2;17;A01
201700017177;1;7;0;2;0;9;14;A01
201700017178;2;7;0;12;0;1;15;A01
201700017179;1;33;0;15;0;1;14;A01
201700017180;2;7;0;0;2;3;1;B01
201700017180;2;7;0;0;2;8;10;A01
201700017181;1;7;0;13;0;9;13;A01
201700017182;2;7;0;13;0;2;14;A01
201700017183;1;7;0;8;0;2;0;A01
201700017184;2;33;0;0;2;1;1;B01
201700017184;1;7;0;0;2;3;15;A01
201700017185;2;33;0;0;2;8;15;B01
201700017185;2;7;0;0;2;7;17;A01
201700017186;2;33;0;0;2;1;1;A01
201700017186;2;7;0;0;2;6;1;B01
201700017187;1;7;0;6;2;1;14;A01
201700017187;1;7;0;6;2;1;1;B01
201700017188;2;7;0;0;2;1;1;B01
201700017188;1;7;0;0;2;7;13;A01
201700017189;1;7;0;0;2;1;17;A01
201700017189;2;7;0;0;2;1;1;B01
201700017190;2;7;0;0;2;1;17;A01
201700017190;2;33;0;0;2;8;15;B01
201700017191;2;7;0;0;2;1;1;B01
201700017191;1;7;0;0;2;5;14;A01
201700017192;1;7;0;0;2;3;1;B01
201700017192;2;15;0;0;2;8;13;A01
201700017193;0;7;0;0;0;9;1;A01
201700017194;2;10;0;0;2;7;17;A01
201700017194;2;1;0;0;2;8;1;B01
201700017195;2;7;0;13;0;3;13;A01
201700017196;2;7;0;2;0;1;14;A01
201700017197;2;13;0;0;2;3;1;B01
201700017197;1;7;0;0;2;3;13;A01
201700017198;1;33;0;0;2;1;2;A01
201700017198;1;7;0;0;0;6;2;B01
201700017199;2;2;0;0;2;1;5;A01
201700017199;1;7;0;0;2;2;21;B01
201700017200;2;33;0;0;1;1;17;A01
201700017201;1;7;0;0;2;7;12;A01
201700017201;1;33;0;0;2;8;1;B01
201700017202;1;7;0;0;2;3;19;A01
201700017202;2;33;0;0;2;1;1;B01
201700017203;2;7;0;0;2;1;13;A01
201700017203;1;7;0;13;2;6;21;B01
201700017203;2;7;0;13;2;1;1;C01
201700017204;0;7;0;12;1;1;20;A01
201700017205;0;7;0;0;1;3;15;A01
201700017206;2;7;0;0;2;4;1;A01
201700017206;2;10;0;0;2;1;1;B01
201700017206;2;15;0;0;0;6;15;C01
201700017207;0;1;0;0;0;0;1;A01
201700017208;1;7;0;0;2;1;1;A01
201700017208;2;7;0;0;2;7;1;B01
201700017209;0;36;0;13;0;3;13;A01
201700017210;2;7;0;15;0;1;1;A01
201700017211;2;7;0;0;2;3;9;A01
201700017211;1;2;0;0;2;7;1;B01
201700017212;1;7;0;0;2;8;15;A01
201700017212;1;10;0;0;2;1;1;B01
201700017213;1;14;0;0;0;8;1;B01
201700017213;0;7;0;16;2;3;15;A01
201700017214;2;7;0;0;2;1;0;A01
201700017214;1;17;0;0;2;6;1;B01
201700017215;1;7;0;2;0;1;1;A01
201700017216;1;2;0;0;2;8;1;B01
201700017216;1;7;0;0;2;2;1;A01
201700017217;2;7;0;0;0;7;1;A01
201700017217;2;7;0;0;0;8;1;B01
201700017218;1;7;0;0;2;1;13;A01
201700017218;2;15;0;0;0;3;1;B01
201700017219;1;33;0;0;0;0;0;A01
201700017220;2;33;0;0;0;7;1;A01
201700017221;2;7;0;2;0;1;14;A01
201700017222;0;7;0;6;0;1;0;A01
201700017223;2;7;0;0;2;3;1;A01
201700017223;2;7;0;0;2;3;1;B01
201700017224;0;21;0;0;0;1;1;A01
201700017225;1;7;0;2;0;3;13;A01
201700017226;2;7;0;0;2;8;1;A01
201700017226;1;7;0;0;2;8;1;B01
201700017227;0;1;0;13;0;0;1;A01
201700017228;1;33;0;0;0;8;15;A01
201700017229;1;7;0;7;0;6;1;A01
201700017230;0;3;0;0;2;4;15;A01
201700017230;0;7;0;0;2;1;1;B01
201700017230;0;7;0;0;2;8;1;C01
201700017231;1;33;0;13;0;2;0;A01
201700017232;1;7;0;0;2;3;13;A01
201700017232;2;7;0;0;2;3;13;B01
201700017233;2;7;0;0;0;0;1;A01
201700017234;0;7;0;8;0;1;1;A01
201700017235;0;7;0;0;2;1;1;A01
201700017235;0;10;0;0;2;1;1;B01
201700017236;1;7;0;0;2;7;1;A01
201700017236;1;36;0;0;2;1;9;B01
201700017237;2;2;0;0;2;8;15;B01
201700017237;0;7;0;0;2;3;1;A01
201700017238;1;7;0;0;2;2;2;A01
201700017238;1;2;0;0;0;4;1;B01
201700017239;2;7;0;0;2;1;0;B01
201700017239;0;7;0;0;2;3;9;A01
201700017240;0;7;0;0;2;2;15;A01
201700017240;0;7;0;0;2;1;1;B01
201700017241;1;7;0;0;2;7;15;A01
201700017241;1;7;0;13;2;3;1;B01
201700017242;1;7;0;0;1;2;0;A01
201700017243;1;7;0;11;0;1;1;A01
201700017244;1;7;0;8;0;2;1;A01
201700017245;0;7;0;0;2;1;13;A01
201700017245;0;7;0;0;2;1;1;B01
201700017246;2;33;0;0;2;1;1;A01
201700017246;2;7;0;0;2;5;1;B01
201700017247;0;7;0;2;0;1;1;A01
201700017248;2;7;0;6;0;0;0;A01
201700017249;0;1;0;0;0;0;1;A01
201700017250;0;7;0;0;1;2;0;A01
201700017251;1;10;0;13;2;8;1;A01
201700017251;2;7;0;0;2;1;1;B01
201700017252;2;7;0;0;2;3;15;A01
201700017252;1;7;0;0;2;2;1;B01
201700017253;1;7;0;3;0;9;1;A01
201700017254;2;7;0;2;0;1;1;A01
201700017255;0;10;0;0;9;8;1;B01
201700017255;0;1;0;0;2;1;16;A01
201700017256;2;7;0;0;1;2;2;A01
201700017257;1;7;0;0;1;2;1;A01
201700017258;1;33;0;3;0;7;1;A01
201700017259;1;2;0;0;2;1;13;A01
201700017259;2;10;0;0;2;3;1;B01
201700017260;2;7;0;16;0;0;17;A01
201700017260;2;7;0;0;0;0;17;B01
201700017261;1;7;0;0;2;2;13;A01
201700017261;2;7;0;0;2;1;1;B01
201700017262;2;7;0;0;2;3;1;A01
201700017262;1;7;0;0;2;3;1;B01
201700017263;1;7;0;0;1;8;1;B01
201700017264;2;7;0;1;0;2;14;A01
201700017264;2;15;0;0;0;6;24;B01
201700017264;2;15;0;0;0;8;24;C01
201700017265;0;7;0;0;1;1;1;A01
201700017266;1;7;0;0;0;2;1;A01
201700017266;2;7;0;0;0;3;1;B01
201700017267;2;7;0;8;0;2;1;A01
201700017268;0;31;0;0;0;7;1;A01
201700017269;0;7;0;0;2;2;1;A01
201700017269;0;2;0;0;2;1;1;B01
201700017270;0;1;0;13;0;0;1;A01
201700017271;1;7;0;0;9;7;19;A01
201700017271;2;31;0;0;2;3;1;B01
201700017272;0;7;0;13;0;3;1;A01
201700017273;0;7;0;0;2;2;15;A01
201700017273;0;10;0;0;2;1;1;B01
201700017274;0;2;0;15;0;1;1;A01
201700017275;1;7;0;0;2;2;1;A01
201700017275;1;1;0;0;0;4;1;B01
201700017276;1;30;0;0;0;0;1;A01
201700017277;1;7;0;8;0;8;1;A01
201700017278;0;2;0;0;5;1;1;A01
201700017279;1;7;0;0;1;1;1;A01
201700017280;2;7;0;0;1;3;1;A01
201700017281;0;2;0;0;2;1;13;A01
201700017281;0;7;0;0;2;3;5;B01
201700017282;1;7;0;0;2;1;13;A01
201700017282;2;7;0;0;2;1;1;B01
201700017283;0;2;0;8;0;1;13;A01
201700017284;1;2;0;0;0;8;0;A01
201700017285;0;3;0;0;2;3;13;A01
201700017285;0;7;0;0;2;3;1;B01
201700017286;1;7;0;0;2;1;1;B01
201700017286;2;7;0;0;2;8;1;A01
201700017287;0;1;0;0;0;0;1;A01
201700017288;1;7;0;0;2;3;2;A01
201700017288;1;7;0;8;0;4;16;B01
201700017289;0;33;0;9;0;1;0;A01
201700017290;1;7;0;0;2;4;15;A01
201700017290;1;7;0;0;2;4;1;B01
201700017290;1;7;0;0;2;1;1;C01
201700017291;0;7;0;15;0;3;1;A01
201700017292;2;7;0;0;1;2;1;A01
201700017293;0;7;0;0;2;3;15;A01
201700017293;1;1;0;0;2;8;19;B01
201700017294;1;10;0;0;2;2;1;B01
201700017294;2;7;0;0;2;8;19;A01
201700017295;1;7;0;0;2;1;15;A01
201700017295;2;2;0;0;2;1;1;B01
201700017296;1;2;0;0;0;7;1;A01
201700017297;2;7;0;16;0;1;21;A01
201700017298;1;7;0;6;0;1;16;A01
201700017299;0;7;0;0;2;1;2;A01
201700017299;2;7;0;0;2;4;2;C01
201700017299;2;7;0;0;2;4;2;B01
201700017300;1;7;0;15;0;1;14;A01
201700017301;1;1;0;0;2;1;1;A01
201700017301;2;7;0;0;2;8;15;B01
201700017302;2;7;0;0;2;5;1;A01
201700017302;2;33;0;0;2;1;1;B01
201700017303;2;2;0;0;2;1;1;A01
201700017303;2;7;0;0;0;6;20;B01
201700017304;1;7;0;0;2;1;1;A01
201700017304;1;7;0;0;2;4;1;B01
201700017304;1;33;0;0;2;4;1;C01
201700017304;1;7;0;0;0;4;1;D01
201700017305;1;7;0;1;0;1;1;A01
201700017306;1;7;0;0;2;5;11;A01
201700017306;2;33;0;0;2;2;1;B01
201700017307;2;7;0;0;2;1;1;B01
201700017307;1;7;0;0;2;3;15;A01
201700017308;1;30;0;0;2;1;1;A01
201700017308;2;7;0;0;2;2;15;B01
201700017309;2;1;0;0;2;1;1;A01
201700017309;2;1;0;0;2;1;1;B01
201700017309;1;7;0;0;2;8;1;C01
201700017310;2;7;0;0;0;2;1;A01
201700017311;1;33;0;0;2;1;2;A01
201700017311;1;7;0;0;2;4;2;B01
201700017312;1;33;0;0;2;1;2;A01
201700017312;1;33;0;0;0;4;1;B01
201700017313;2;7;0;15;0;1;1;A01
201700017314;1;7;0;0;0;4;1;A01
201700017314;1;7;0;0;2;1;1;B01
201700017314;1;10;0;0;2;1;1;C01
201700017315;2;33;0;0;2;1;1;B01
201700017315;0;1;0;0;2;8;15;A01
201700017316;1;2;0;0;0;9;1;A01
201700017317;2;30;0;0;0;9;1;A01
201700017318;0;31;0;0;2;1;16;A01
201700017318;0;10;0;0;2;3;1;B01
201700017319;1;1;0;0;0;4;1;B01
201700017319;1;7;0;0;2;3;9;A01
201700017320;2;1;0;0;2;1;15;A01
201700017320;1;7;0;0;0;1;1;B01
201700017321;1;7;0;4;2;8;17;A01
201700017321;1;7;0;0;0;4;1;B01
201700017322;1;7;0;0;0;6;1;A01
201700017322;1;33;0;0;2;1;1;B01
201700017323;2;7;0;0;2;1;1;B01
201700017323;2;13;0;0;0;1;23;C01
201700017323;2;7;0;0;2;2;15;A01
201700017324;2;1;0;16;0;9;21;A01
201700017325;0;7;0;5;0;1;1;A01
201700017326;2;10;0;0;1;2;1;A01
201700017327;1;7;0;0;2;2;19;A01
201700017327;1;30;0;0;2;3;1;B01
201700017328;2;7;0;0;0;2;1;B01
201700017328;2;1;0;0;2;1;19;A01
201700017329;1;7;0;0;0;4;1;B01
201700017329;1;7;0;0;2;1;2;A01
201700017330;1;7;0;12;0;1;1;A01
201700017331;0;7;0;2;0;3;1;A01
201700017332;2;7;0;13;0;1;1;A01
201700017333;2;7;0;13;0;1;1;A01
201700017334;1;7;0;6;0;1;1;A01
201700017335;2;10;0;2;0;1;1;A01
201700017336;1;7;0;13;0;7;1;A01
201700017337;1;7;0;0;0;4;16;A01
201700017337;1;7;0;0;2;1;1;B01
201700017338;2;7;0;0;2;1;17;A01
201700017338;2;7;0;0;0;6;15;B01
201700017339;2;7;0;7;0;2;14;A01
201700017340;2;7;0;13;0;9;14;A01
201700017341;2;10;0;0;2;8;15;A01
201700017341;1;7;0;0;2;1;1;B01
201700017342;2;7;0;0;2;1;15;A01
201700017342;1;7;0;0;2;2;1;B01
201700017343;0;7;0;0;1;3;1;A01
201700017344;1;31;0;0;6;1;1;A01
201700017345;1;30;0;0;0;0;21;A01
201700017346;2;2;0;0;2;1;13;A01
201700017346;1;15;0;0;2;3;1;B01
201700017347;1;7;0;0;2;1;1;A01
201700017347;2;7;0;0;2;7;15;B01
201700017348;1;33;0;0;0;1;16;A01
201700017349;1;7;0;2;0;1;1;A01
201700017350;2;7;0;0;0;5;17;A01
201700017350;2;33;0;0;2;1;2;B01
201700017351;1;2;0;0;0;3;19;A01
201700017351;1;7;0;0;2;1;1;B01
201700017352;1;7;0;2;0;8;14;A01
201700017353;2;10;0;0;0;5;2;A01
201700017353;2;33;0;0;2;1;1;B01
201700017354;1;7;0;0;2;3;13;A01
201700017354;2;7;0;0;0;3;1;B01
201700017355;1;7;0;0;1;2;1;A01
201700017356;2;7;0;0;2;1;13;A01
201700017356;1;10;0;0;0;1;1;B01
201700017357;1;7;0;0;2;2;2;A01
201700017357;1;1;0;0;0;4;1;B01
201700017358;1;33;0;6;0;8;1;A01
201700017359;1;7;0;0;2;1;15;A01
201700017359;2;2;0;0;0;3;1;B01
201700017360;2;7;0;0;0;9;17;A01
201700017361;2;7;0;2;0;1;13;A01
201700017362;2;7;0;0;1;1;1;A01
201700017363;1;7;0;0;2;1;13;B01
201700017363;2;7;0;0;0;8;1;A01
201700017364;2;3;0;9;0;1;1;A01
201700017365;2;7;0;0;2;1;15;A01
201700017365;1;7;0;0;2;3;1;B01
201700017366;2;7;0;2;0;5;17;A01
201700017367;1;7;0;13;0;1;1;A01
201700017368;1;7;0;0;2;3;20;A01
201700017368;1;7;0;0;2;2;1;B01
201700017369;1;7;0;2;2;2;1;B01
201700017369;1;7;0;0;2;2;15;A01
201700017370;2;7;0;0;2;1;2;A01
201700017370;2;7;0;0;0;4;2;C01
201700017370;2;7;0;0;2;4;2;B01
201700017371;1;7;0;0;2;1;1;A01
201700017371;1;7;0;0;0;4;23;B01
201700017372;1;7;0;6;0;1;1;A01
201700017373;1;7;0;0;0;9;1;A01
201700017374;1;7;0;0;0;5;23;A01
201700017374;1;2;0;0;2;1;2;B01
201700017375;2;1;0;0;2;4;2;B01
201700017375;2;7;0;0;9;2;2;A01
201700017376;2;7;0;16;0;0;21;A01
201700017377;2;30;0;0;2;1;1;A01
201700017377;1;7;0;0;0;1;1;B01
201700017378;1;7;0;6;0;1;1;A01
201700017379;2;7;0;0;0;3;1;B01
201700017379;2;7;0;0;2;1;19;A01
201700017380;2;2;0;13;0;1;1;A01
201700017381;2;7;0;2;0;1;1;A01
201700017382;2;2;0;0;2;8;16;A01
201700017382;1;17;0;0;0;8;1;B01
201700017383;1;1;0;0;2;1;19;A01
201700017383;1;7;0;0;2;3;1;B01
201700017384;2;33;0;0;2;2;13;A01
201700017384;2;33;0;0;0;5;17;B01
201700017385;2;7;0;6;0;1;13;A01
201700017386;1;7;0;0;2;3;1;B01
201700017386;2;7;0;0;2;3;13;A01
201700017387;2;7;0;0;2;1;13;A01
201700017387;1;10;0;0;2;1;1;B01
201700017388;2;7;0;6;0;3;1;A01
201700017389;2;7;0;2;0;1;17;A01
201700017390;1;33;0;0;2;2;17;A01
201700017390;1;33;0;0;2;3;13;B01
201700017391;2;7;0;13;0;9;0;A01
201700017392;2;33;0;0;0;0;1;A01
201700017393;2;33;0;0;0;1;1;A01
201700017394;1;33;0;0;2;1;1;A01
201700017394;2;7;0;0;2;3;1;B01
201700017395;2;33;0;13;0;2;14;A01
201700017396;2;7;0;0;1;1;1;A01
201700017397;0;7;0;0;1;3;1;A01
201700017398;1;7;0;2;0;3;19;A01
201700017399;1;33;0;13;0;1;1;A01
201700017400;2;7;0;15;0;1;1;A01
201700017401;1;33;0;13;0;1;17;A01
201700017402;2;7;0;0;1;3;1;A01
201700017403;2;7;0;6;0;1;1;A01
201700017404;2;7;0;0;2;7;1;A01
201700017404;1;7;0;0;0;1;1;B01
201700017405;2;7;0;2;0;2;1;A01
201700017406;1;7;0;0;1;3;1;A01
201700017407;1;7;0;2;0;3;1;A01
201700017408;2;7;0;2;0;1;13;A01
201700017409;2;7;0;0;2;1;1;A01
201700017409;2;7;0;0;0;5;15;B01
201700017410;2;7;0;0;1;1;16;A01
201700017411;1;7;0;13;0;3;1;A01
201700017412;0;7;0;0;9;6;4;A01
201700017412;0;1;0;0;2;1;1;B01
201700017413;1;7;0;0;1;2;1;A01
201700017414;0;10;0;0;1;4;4;A01
201700017415;0;7;0;0;2;3;13;A01
201700017415;0;31;0;0;2;2;1;B01
201700017416;2;7;0;0;2;2;21;A01
201700017416;1;1;0;0;2;7;16;B01
201700017417;1;1;0;0;2;2;19;A01
201700017417;2;7;0;0;2;5;1;B01
201700017418;2;7;0;0;2;2;1;B01
201700017418;0;1;0;0;2;1;19;A01
201700017419;1;7;0;0;2;1;15;B01
201700017419;2;1;0;0;2;1;15;A01
201700017420;2;2;0;16;0;7;1;A01
201700017421;1;7;0;13;0;1;1;A01
201700017422;0;7;0;0;2;3;1;A01
201700017422;0;7;0;0;2;3;23;B01
201700017422;0;7;0;0;2;6;1;C01
201700017423;1;7;0;0;2;1;1;A01
201700017423;2;21;0;0;0;1;20;B01
201700017424;1;7;0;0;2;5;9;A01
201700017424;1;7;0;0;2;3;1;B01
201700017425;1;7;0;0;1;3;15;A01
201700017426;2;33;0;0;6;1;1;A01
201700017427;1;7;0;0;2;1;15;A01
201700017427;2;33;0;0;2;3;15;B01
201700017428;1;7;0;2;0;1;1;A01
201700017429;1;30;0;0;2;7;17;A01
201700017429;1;1;0;0;2;8;1;B01
201700017430;1;33;0;0;0;9;15;A01
201700017431;1;7;0;0;2;2;1;A01
201700017431;2;1;0;0;2;1;5;B01
201700017432;1;7;0;15;0;3;19;A01
201700017433;1;33;0;0;0;9;1;A01
201700017434;2;7;0;15;0;1;1;A01
201700017435;2;33;0;12;0;2;1;A01
201700017436;2;7;0;6;0;1;1;A01
201700017437;1;33;0;16;0;9;1;A01
201700017438;1;2;0;0;2;1;5;A01
201700017438;2;7;0;0;0;2;1;B01
201700017439;1;1;0;0;0;7;1;B01
201700017439;1;7;0;0;2;1;16;A01
201700017440;1;7;0;0;2;1;15;A01
201700017440;2;1;0;0;2;1;1;B01
201700017441;2;2;0;0;2;1;1;A01
201700017441;2;7;0;0;0;8;15;B01
201700017442;2;7;0;0;2;1;1;B01
201700017442;2;7;0;0;2;2;9;A01
201700017443;2;7;0;3;0;1;1;A01
201700017444;1;7;0;0;2;1;1;A01
201700017444;2;7;0;1;0;3;15;B01
201700017445;2;7;0;0;2;3;15;A01
201700017445;1;7;0;0;2;3;1;B01
201700017446;2;7;0;0;0;1;1;A01
201700017447;2;7;0;0;2;1;15;A01
201700017447;1;33;0;0;2;8;1;B01
201700017448;1;7;0;2;0;1;13;A01
201700017449;2;7;0;0;2;3;1;B01
201700017449;1;3;0;0;2;1;11;A01
201700017450;1;1;0;0;2;7;1;B01
201700017450;2;7;0;0;2;2;9;A01
201700017451;1;7;0;0;2;1;15;A01
201700017451;2;30;0;0;2;1;1;B01
201700017452;2;7;0;2;0;8;1;A01
201700017453;1;7;0;12;0;2;15;A01
201700017453;2;7;0;12;0;1;1;B01
201700017453;1;7;0;0;2;3;23;C01
201700017454;1;7;0;2;0;1;13;A01
201700017455;2;7;0;0;2;2;13;A01