num_acc;senc;catv;occutc;obs;obsm;choc;manv;num_veh
201700017455;1;7;0;2;0;3;1;B01
201700017456;1;14;0;0;2;1;1;B01
201700017456;2;7;0;0;0;3;9;A01
201700017457;0;1;0;0;2;7;19;A01
201700017457;0;7;0;0;2;3;1;B01
201700017458;2;7;0;2;0;2;1;A01
201700017459;1;7;0;0;2;3;1;A01
201700017459;2;7;0;0;2;1;1;B01
201700017460;1;7;0;2;0;3;1;A01
201700017461;2;2;0;0;2;1;17;A01
201700017461;1;7;0;0;0;3;1;B01
201700017462;1;7;0;0;2;2;1;A01
201700017462;2;7;0;0;0;1;1;B01
201700017463;2;7;0;0;2;2;2;D01
201700017463;2;7;0;0;2;4;16;B01
201700017463;2;3;0;0;0;6;23;A01
201700017463;2;7;0;0;2;4;2;C01
201700017464;2;1;0;0;2;1;15;A01
201700017464;1;7;0;0;0;2;1;B01
201700017465;2;7;0;2;0;1;1;A01
201700017466;2;7;0;0;2;7;1;A01
201700017466;1;10;0;0;2;3;14;B01
201700017467;2;7;0;13;0;0;14;A01
201700017468;1;7;0;0;2;1;13;A01
201700017468;1;7;0;3;2;1;1;B01
201700017469;2;10;0;2;0;6;1;A01
201700017470;2;7;0;13;0;1;13;A01
201700017471;0;7;0;1;0;3;14;A01
201700017472;2;7;0;0;2;3;13;A01
201700017472;1;7;0;0;2;3;21;B01
201700017473;2;7;0;0;2;4;24;B01
201700017473;2;7;0;1;0;1;14;A01
201700017474;1;7;0;6;0;1;1;A01
201700017475;1;7;0;3;2;1;1;A01
201700017475;2;7;0;3;2;1;1;B01
201700017476;2;7;0;0;2;3;1;A01
201700017476;0;1;0;0;0;8;19;B01
201700017477;1;33;0;0;0;8;1;A01
201700017477;2;7;0;0;2;1;10;B01
201700017478;1;7;0;2;0;7;21;A01
201700017479;0;33;0;0;0;9;1;A01
201700017480;1;7;0;3;0;3;17;A01
201700017481;1;7;0;0;0;3;15;A01
201700017481;1;33;0;0;2;1;17;B01
201700017482;2;7;0;0;2;2;1;A01
201700017482;2;7;0;0;2;4;23;B01
201700017482;2;7;0;0;0;4;15;C01
201700017483;1;7;0;0;0;1;1;C01
201700017483;1;7;0;0;6;1;1;A01
201700017483;2;7;0;0;2;1;13;B01
201700017484;0;2;0;0;2;8;1;B01
201700017484;2;7;0;0;2;7;1;A01
201700017485;2;7;0;6;0;8;1;A01
201700017486;1;33;0;13;0;2;13;A01
201700017487;1;33;0;0;0;0;1;A01
201700017488;0;1;0;8;0;1;0;A01
201700017489;1;7;0;6;0;1;1;A01
201700017490;0;33;0;0;2;8;18;B01
201700017490;0;7;0;0;2;7;0;A01
201700017491;1;7;0;0;0;2;1;A01
201700017492;0;33;0;3;0;0;1;A01
201700017493;1;2;0;6;0;8;13;A01
201700017494;0;7;0;0;2;3;9;A01
201700017494;0;1;0;0;2;7;16;B01
201700017495;2;7;0;2;0;3;1;A01
201700017496;0;33;0;3;0;1;2;A01
201700017497;2;7;0;6;0;7;1;A01
201700017498;1;33;0;6;0;1;1;A01
201700017499;1;7;0;2;9;2;1;A01
201700017500;0;7;0;0;9;3;19;A01
201700017500;0;1;0;0;2;2;1;B01
201700017501;2;7;0;6;0;7;1;A01
201700017502;2;7;0;0;2;3;1;C01
201700017502;1;7;0;0;2;3;5;A01
201700017502;2;7;0;0;2;6;1;B01
201700017503;1;33;0;0;0;0;1;A01
201700017504;1;7;0;0;0;9;14;A01
201700017505;1;7;0;0;2;3;1;A01
201700017505;2;7;0;0;2;3;1;B01
201700017506;1;7;0;2;0;1;1;A01
201700017507;1;99;0;6;0;2;14;A01
201700017508;1;7;0;0;2;2;15;A01
201700017508;2;7;0;0;2;1;1;B01
201700017509;0;33;0;0;2;1;1;B01
201700017509;0;7;0;0;0;6;11;A01
201700017510;1;7;0;0;2;3;13;A01
201700017510;2;10;0;0;2;3;1;B01
201700017511;2;7;0;13;0;2;0;A01
201700017512;1;7;0;0;2;1;1;B01
201700017512;2;7;0;0;2;7;13;A01
201700017513;2;7;0;0;2;2;13;A01
201700017513;1;13;0;0;2;2;1;B01
201700017514;0;7;0;2;0;2;19;A01
201700017515;1;7;0;0;0;0;0;A01
201700017515;1;7;0;0;2;1;1;B01
201700017515;2;7;0;0;2;3;1;C01
201700017516;0;7;0;6;0;3;1;A01
201700017517;0;7;0;0;2;6;13;A01
201700017517;0;7;0;0;2;3;1;B01
201700017518;2;7;0;2;0;7;13;A01
201700017519;2;7;0;0;2;2;17;A01
201700017519;2;21;0;0;2;8;1;B01
201700017520;1;7;0;2;0;8;14;A01
201700017521;2;7;0;0;2;3;13;A01
201700017521;1;7;0;0;2;3;1;B01
201700017522;0;2;0;1;2;1;1;B01
201700017522;0;10;0;0;2;2;1;A01
201700017523;2;7;0;0;0;4;15;A01
201700017523;2;33;0;0;2;1;17;B01
201700017524;2;7;0;0;2;3;1;B01
201700017524;1;10;0;0;2;4;23;F01
201700017524;2;7;0;0;2;2;1;D01
201700017524;1;7;0;0;2;4;23;E01
201700017524;1;7;0;0;2;9;21;A01
201700017524;1;7;0;0;2;9;23;C01
201700017525;1;1;0;0;2;4;1;B01
201700017525;1;7;0;0;2;0;1;A01
201700017526;1;33;0;0;0;8;1;A01
201700017527;1;33;0;13;0;1;14;A01
201700017528;2;7;0;0;1;1;1;A01
201700017529;2;33;0;2;0;1;1;A01
201700017530;2;7;0;13;0;1;1;A01
201700017531;2;34;0;0;0;7;15;A01
201700017532;1;7;0;13;0;8;1;A01
201700017533;2;33;0;6;0;8;1;A01
201700017534;2;7;0;2;0;3;13;A01
201700017535;1;33;0;0;2;1;1;A01
201700017535;2;7;0;0;2;3;13;B01
201700017536;2;30;0;6;0;1;1;A01
201700017537;0;7;0;0;0;2;0;A01
201700017538;2;33;0;13;0;1;1;A01
201700017539;1;2;0;12;0;1;1;A01
201700017540;1;15;0;0;1;0;1;A01
201700017541;0;33;0;0;0;0;1;A01
201700017542;0;7;0;0;2;8;1;B01
201700017542;0;33;0;0;2;8;13;A01
201700017543;2;33;0;13;0;1;14;A01
201700017544;0;7;0;8;1;6;21;A01
201700017545;0;33;0;0;0;8;0;A01
201700017546;0;1;0;16;0;0;2;A01
201700017547;0;7;0;0;1;6;4;A01
201700017548;0;33;0;0;0;0;0;A01
201700017549;1;7;0;0;0;1;3;A01
201700017549;2;7;0;0;0;1;21;B01
201700017550;0;37;1;0;0;8;15;A01
201700017550;0;1;0;0;0;1;23;B01
201700017551;2;7;0;2;0;7;1;A01
201700017552;0;36;0;0;0;0;0;A01
201700017553;1;2;0;0;2;1;1;B01
201700017553;2;10;0;0;2;2;15;A01
201700017554;0;10;0;0;1;0;0;A01
201700017555;0;34;0;2;0;0;1;A01
201700017556;0;7;0;13;2;8;10;B01
201700017556;0;7;0;2;2;1;1;A01
201700017557;0;7;0;0;0;0;13;A01
201700017558;1;31;0;0;0;1;1;A01
201700017559;2;33;0;0;0;4;1;B01
201700017559;2;7;0;0;2;8;1;A01
201700017560;0;33;0;2;0;1;1;A01
201700017561;1;7;0;0;0;0;0;A01
201700017562;0;2;0;0;2;1;13;A01
201700017562;0;7;0;0;2;1;1;B01
201700017563;1;33;0;3;0;3;1;A01
201700017564;0;7;0;0;0;0;1;A01
201700017565;0;7;0;2;0;3;13;A01
201700017566;0;7;0;2;0;2;1;A01
201700017567;2;32;0;0;2;1;1;B01
201700017567;1;7;0;0;2;7;15;A01
201700017568;2;7;0;2;0;7;1;A01
201700017569;0;10;0;0;0;0;1;B01
201700017569;0;2;0;13;0;1;21;A01
201700017570;2;7;0;0;2;2;15;A01
201700017570;1;2;0;0;2;1;1;B01
201700017571;1;33;0;0;2;2;17;A01
201700017571;1;7;0;0;2;3;15;B01
201700017572;2;7;0;0;2;1;1;A01
201700017572;1;7;0;0;2;1;1;B01
201700017573;0;7;0;0;2;1;1;B01
201700017573;0;7;0;0;2;1;13;A01
201700017574;1;7;0;0;1;1;1;A01
201700017575;1;7;0;0;1;2;0;A01
201700017576;1;7;0;0;1;3;1;A01
201700017577;2;7;0;0;2;0;0;B01
201700017577;1;7;0;0;2;0;0;A01
201700017578;1;7;0;0;1;1;0;A01
201700017579;1;7;0;0;2;1;1;A01
201700017579;2;7;0;0;2;8;19;B01
201700017580;2;7;0;0;1;4;20;A01
201700017581;2;10;0;0;1;2;15;A01
201700017582;2;7;0;0;1;2;16;A01
201700017583;1;7;0;0;1;2;0;A01
201700017584;2;33;0;0;2;1;1;B01
201700017584;2;7;0;0;2;8;0;A01
201700017585;2;33;0;0;2;1;1;B01
201700017585;2;7;0;0;2;3;9;A01
201700017586;2;7;0;2;0;5;16;A01
201700017587;2;33;0;0;2;1;1;B01
201700017587;1;7;0;0;2;5;15;A01
201700017588;1;1;0;1;0;1;1;B01
201700017588;2;7;0;0;2;8;22;A01
201700017588;1;1;0;0;2;1;1;C01
201700017589;1;2;0;0;2;1;17;B01
201700017589;2;7;0;0;2;3;15;A01
201700017590;1;7;0;4;0;3;13;A01
201700017591;1;7;0;0;6;1;2;A01
201700017592;1;7;0;0;1;3;0;A01
201700017593;1;7;0;0;2;1;1;B01
201700017593;2;7;0;0;2;1;13;A01
201700017594;2;7;0;0;2;6;2;B01
201700017594;2;7;0;0;2;2;2;A01
201700017594;2;7;0;0;2;5;2;C01
201700017594;2;7;0;0;2;4;2;D01
201700017595;1;7;0;0;2;5;13;A01
201700017595;2;7;0;0;2;3;1;B01
201700017596;1;10;0;0;2;6;15;B01
201700017596;2;2;0;0;2;3;1;A01
201700017597;1;10;0;2;0;1;1;A01
201700017598;1;1;0;0;2;7;1;B01
201700017598;1;10;0;0;2;3;9;A01
201700017599;1;7;0;0;1;3;1;A01
201700017600;1;7;0;9;0;1;0;A01
201700017601;1;7;0;0;2;3;23;C01
201700017601;2;7;0;0;2;3;19;A01
201700017601;1;33;0;0;2;8;1;B01
201700017602;1;7;0;0;2;1;1;A01
201700017602;2;7;0;0;2;1;0;B01
201700017603;0;2;0;15;0;1;1;A01
201700017604;0;2;0;0;2;1;19;A01
201700017604;0;7;0;0;2;3;1;B01
201700017605;2;2;0;0;2;1;1;B01
201700017605;1;7;0;0;2;2;15;A01
201700017606;0;7;0;0;1;1;2;A01
201700017607;0;7;0;6;0;3;0;A01
201700017608;0;7;0;0;2;2;17;A01
201700017608;0;7;0;0;2;8;1;B01
201700017609;0;7;0;0;2;3;1;B01
201700017609;0;7;0;0;2;3;13;A01
201700017610;0;7;0;0;2;5;15;A01
201700017610;0;34;0;0;2;1;1;B01
201700017611;0;7;0;13;0;9;13;A01
201700017612;0;1;0;0;2;1;17;B01
201700017612;0;7;0;0;2;3;1;A01
201700017613;0;7;0;0;1;1;1;A01
201700017614;0;2;0;12;0;3;2;A01
201700017614;0;13;0;14;0;5;17;B01
201700017615;0;7;0;0;2;2;1;B01
201700017615;0;2;0;0;2;1;1;A01
201700017616;0;7;0;0;2;8;15;A01
201700017616;0;34;0;0;2;1;17;B01
201700017617;1;7;0;7;0;9;13;A01
201700017618;1;7;0;7;0;1;0;A01
201700017619;1;1;0;0;0;0;21;A01
201700017620;1;7;0;0;1;5;1;A01
201700017621;1;2;0;0;0;0;1;A01
201700017622;1;7;0;0;2;1;13;A01
201700017622;2;7;0;0;2;8;1;B01
201700017622;2;7;0;0;2;1;1;C01
201700017623;2;33;0;0;2;3;13;A01
201700017623;1;7;0;0;2;3;1;B01
201700017624;2;17;0;0;2;2;17;A01
201700017624;2;10;0;0;2;8;15;B01
201700017625;1;7;0;0;1;8;1;A01
201700017626;1;7;0;0;2;2;19;A01
201700017626;1;7;0;0;2;3;1;B01
201700017627;1;7;0;13;0;1;0;A01
201700017628;1;7;0;2;0;1;1;A01
201700017629;1;7;0;0;2;1;19;A01
201700017629;2;7;0;0;2;3;1;B01
201700017630;1;7;0;0;2;3;13;A01
201700017630;2;7;0;0;2;3;1;B01
201700017631;2;10;0;0;2;8;9;A01
201700017631;1;7;0;0;2;1;1;B01
201700017632;1;2;0;0;2;3;0;A01
201700017632;2;7;0;0;2;3;1;B01
201700017633;1;10;0;2;0;1;1;A01
201700017634;0;2;0;0;2;1;1;A01
201700017634;1;13;0;0;2;2;2;B01
201700017635;1;7;0;13;0;2;1;A01
201700017636;2;33;0;0;2;1;1;A01
201700017636;1;7;0;0;2;3;1;B01
201700017637;1;7;0;8;0;2;1;A01
201700017638;1;2;0;0;2;8;2;A01
201700017638;1;2;0;0;2;7;2;B01
201700017639;2;7;0;0;1;3;1;A01
201700017640;1;7;0;0;2;3;2;A01
201700017640;1;33;0;0;2;2;17;B01
201700017641;1;7;0;0;2;3;15;A01
201700017641;2;2;0;0;2;8;1;B01
201700017642;1;7;0;0;2;2;17;A01
201700017642;1;2;0;0;0;3;15;B01
201700017643;1;7;0;2;0;8;2;A01
201700017644;1;7;0;8;0;9;1;A01
201700017645;1;7;0;0;2;3;13;A01
201700017645;2;7;0;0;2;7;1;B01
201700017646;2;7;0;8;0;1;1;A01
201700017647;2;7;0;0;2;2;5;A01
201700017647;1;1;0;0;2;1;1;B01
201700017648;2;7;0;0;2;2;17;A01
201700017648;2;7;0;0;0;6;17;B01
201700017649;1;33;0;0;0;0;0;A01
201700017650;1;7;0;0;2;1;13;A01
201700017650;2;10;0;0;2;1;1;B01
201700017651;0;7;0;13;0;1;13;A01
201700017652;0;7;0;13;0;3;1;A01
201700017653;0;7;0;0;1;1;1;A01
201700017654;1;7;0;13;0;1;1;A01
201700017655;0;7;0;13;0;1;0;A01
201700017656;1;7;0;13;0;1;1;A01
201700017657;1;7;0;6;0;3;13;A01
201700017658;1;33;0;0;0;0;0;A01
201700017659;1;7;0;0;1;2;1;A01
201700017660;0;7;0;0;2;1;13;A01
201700017660;0;7;0;0;2;1;1;B01
201700017661;0;7;0;0;2;3;15;A01
201700017661;0;2;0;0;2;1;17;B01
201700017662;0;7;0;6;1;1;20;A01
201700017663;2;7;0;0;1;2;1;A01
201700017664;2;7;0;0;0;1;2;A01
201700017665;1;7;0;13;0;1;13;A01
201700017666;1;7;0;8;0;3;2;A01
201700017667;0;7;0;13;0;0;0;A01
201700017668;1;7;0;0;2;1;1;B01
201700017668;1;7;0;0;2;3;9;A01
201700017669;2;7;0;0;0;1;13;A01
201700017669;1;7;0;0;0;1;1;B01
201700017670;1;7;0;0;1;2;1;A01
201700017671;1;7;0;0;2;1;15;A01
201700017671;2;33;0;0;2;1;1;B01
201700017672;1;7;0;15;0;3;13;A01
201700017673;2;7;0;0;2;3;15;A01
201700017673;1;7;0;0;2;1;1;B01
201700017674;1;2;0;0;0;7;1;B01
201700017674;0;7;0;0;2;3;15;A01
201700017675;0;3;0;0;0;7;1;A01
201700017675;0;7;0;0;2;3;1;B01
201700017676;1;7;0;8;0;7;1;A01
201700017677;1;33;0;0;2;7;1;B01
201700017677;0;7;0;0;2;1;19;A01
201700017678;1;2;0;0;1;1;0;A01
201700017679;1;7;0;0;2;7;1;A01
201700017679;1;1;0;0;0;0;1;B01
201700017680;2;7;0;8;0;1;1;A01
201700017681;0;7;0;0;2;2;19;A01
201700017681;0;2;0;0;2;1;1;B01
201700017682;1;7;0;0;2;8;9;A01
201700017682;1;7;0;0;2;1;1;B01
201700017683;1;7;0;15;0;8;1;A01
201700017684;1;7;0;0;2;1;6;A01
201700017684;2;7;0;0;2;3;1;B01
201700017685;1;33;0;0;1;1;1;A01
201700017686;1;7;0;0;1;2;1;A01
201700017687;0;33;0;8;0;7;1;A01
201700017688;0;33;0;0;2;1;19;B01
201700017688;0;7;0;0;2;8;1;A01
201700017689;0;7;0;0;2;3;1;A01
201700017689;0;7;0;0;2;3;1;B01
201700017690;2;7;0;8;0;7;1;A01
201700017691;1;7;0;0;2;1;13;A01
201700017691;2;33;0;0;2;1;0;B01
201700017692;1;2;0;0;2;1;1;A01
201700017692;2;10;0;0;2;1;1;B01
201700017693;2;2;0;2;0;1;1;A01
201700017694;2;7;0;0;2;2;1;B01
201700017694;1;7;0;7;2;3;19;A01
201700017695;2;2;0;0;2;3;1;A01
201700017695;1;7;0;0;2;3;13;B01
201700017696;0;7;0;0;1;2;1;A01
201700017697;1;36;0;0;0;3;2;A01
201700017698;1;2;0;0;0;4;10;A01
201700017698;2;7;0;0;2;2;1;B01
201700017699;0;7;0;0;0;1;15;A01
201700017699;0;2;0;0;0;1;1;B01
201700017700;1;7;0;0;2;3;1;A01
201700017700;2;7;0;0;2;3;1;B01
201700017701;1;7;0;0;2;7;2;A01
201700017701;1;1;0;0;0;4;2;B01
201700017702;1;33;0;0;2;1;13;A01
201700017702;2;7;0;0;2;1;1;B01
201700017703;1;7;0;0;2;7;21;A01
201700017703;2;7;0;0;2;2;1;B01
201700017704;1;7;0;3;2;2;13;A01
201700017704;2;7;0;0;2;2;1;B01
201700017705;2;33;0;0;6;1;1;A01
201700017706;0;36;0;8;0;1;13;A01
201700017707;1;7;0;0;2;8;1;B01
201700017707;2;7;0;0;2;2;19;A01
201700017708;1;99;0;0;2;1;1;B01
201700017708;1;7;0;0;0;8;19;A01
201700017709;2;33;0;13;0;1;1;A01
201700017710;1;7;0;0;2;8;1;A01
201700017710;2;7;0;0;2;8;1;B01
201700017711;1;7;0;0;2;3;13;A01
201700017711;2;17;0;0;2;3;1;B01
201700017712;2;2;0;0;6;1;1;A01
201700017713;2;7;0;0;2;1;2;A01
201700017713;2;7;0;0;2;4;2;B01
201700017714;1;10;0;0;2;0;19;A01
201700017714;2;2;0;0;2;9;21;B01
201700017715;1;7;0;13;0;3;13;A01
201700017716;0;33;0;0;0;8;1;A01
201700017717;1;33;0;0;0;0;21;A01
201700017718;1;7;0;0;2;1;13;A01
201700017718;2;7;0;0;2;1;1;B01
201700017719;2;7;0;0;2;2;19;A01
201700017719;2;7;0;0;2;3;1;B01
201700017720;1;7;0;0;0;1;1;A01
201700017721;0;2;0;0;2;1;5;A01
201700017721;0;2;0;0;2;1;5;B01
201700017722;2;7;0;0;2;1;13;A01
201700017722;1;7;0;0;2;1;1;B01
201700017723;1;2;0;0;2;2;0;A01
201700017723;0;7;0;0;2;6;20;B01
201700017724;1;7;0;1;0;1;13;A01
201700017725;1;7;0;0;2;3;13;A01
201700017725;2;7;0;0;2;3;1;B01
201700017726;1;7;0;13;0;1;17;A01
201700017727;2;7;0;0;2;1;1;A01
201700017727;1;7;0;0;2;1;1;B01
201700017728;2;37;1;0;2;2;1;B01
201700017728;0;7;0;0;2;3;19;A01
201700017729;1;13;0;0;2;2;1;B01
201700017729;0;7;0;0;2;1;9;A01
201700017730;1;7;0;13;0;9;2;A01
201700017731;2;7;0;13;0;9;1;A01
201700017732;0;7;0;0;2;8;19;A01
201700017732;1;7;0;0;2;2;1;B01
201700017733;2;2;0;2;0;1;1;A01
201700017734;1;7;0;0;2;2;1;A01
201700017734;0;1;0;0;0;6;1;B01
201700017735;0;3;0;0;9;7;17;A01
201700017735;0;1;0;0;2;8;15;B01
201700017736;1;10;0;7;2;1;1;A01
201700017736;2;7;0;7;2;3;19;B01
201700017737;2;10;0;0;0;5;15;A01
201700017737;1;33;0;0;2;1;1;B01
201700017738;1;7;0;13;0;3;13;A01
201700017739;1;1;0;0;2;4;2;B01
201700017739;1;7;0;0;2;7;1;A01
201700017740;2;10;0;3;0;1;1;A01
201700017741;1;7;0;0;2;1;13;A01
201700017741;2;7;0;0;2;1;1;B01
201700017742;1;7;0;2;0;1;1;A01
201700017743;0;7;0;2;0;4;13;A01
201700017744;1;7;0;0;2;1;17;A01
201700017744;2;7;0;0;2;1;1;B01
201700017745;1;33;0;0;2;3;1;B01
201700017745;2;10;0;0;2;3;15;A01
201700017746;1;7;0;2;0;8;13;A01
201700017747;2;7;0;2;0;2;13;A01
201700017748;1;1;0;0;2;8;15;B01
201700017748;1;7;0;0;2;7;17;A01
201700017749;0;7;0;0;1;4;20;A01
201700017750;2;7;0;0;2;1;13;A01
201700017750;1;7;0;0;2;1;1;B01
201700017751;1;7;0;8;0;1;1;A01
201700017752;1;7;0;2;0;2;14;A01
201700017753;2;33;0;13;0;7;17;A01
201700017754;2;10;0;8;0;8;14;A01
201700017755;2;14;0;0;2;2;23;B01
201700017755;1;33;0;0;2;1;1;A01
201700017756;1;7;0;8;0;2;14;A01
201700017757;1;7;0;2;0;1;1;A01
201700017758;0;7;0;0;2;2;15;A01
201700017758;0;7;0;0;2;3;1;B01
201700017759;1;33;0;8;0;9;1;A01
201700017760;1;2;0;0;2;7;1;A01
201700017760;1;7;0;0;2;1;1;B01
201700017761;1;7;0;0;0;7;14;A01
201700017762;2;7;0;0;2;2;17;A01
201700017762;2;30;0;0;2;8;15;B01
201700017763;1;7;0;2;0;2;1;A01
201700017764;2;7;0;10;0;3;13;A01
201700017765;1;7;0;8;2;1;17;A01
201700017765;1;2;0;0;2;8;15;B01
201700017766;0;7;0;0;2;7;1;B01
201700017766;0;2;0;0;2;1;19;A01
201700017767;1;7;0;0;2;1;1;B01
201700017767;1;7;0;0;2;7;19;A01
201700017768;2;7;0;0;0;3;1;A01
201700017769;0;33;0;0;0;0;1;A01
201700017770;1;7;0;0;1;1;1;A01
201700017771;1;7;0;1;0;2;1;A01
201700017772;1;7;0;0;1;1;1;A01
201700017773;1;2;0;0;2;1;16;A01
201700017773;1;7;0;0;2;2;1;B01
201700017774;2;7;0;0;2;3;1;B01
201700017774;1;7;0;0;2;3;15;A01
201700017775;2;7;0;2;0;1;1;A01
201700017776;1;7;0;0;2;8;1;C01
201700017776;1;7;0;0;2;1;15;A01
201700017776;2;7;0;0;2;1;1;B01
201700017777;1;7;0;0;1;1;1;A01
201700017778;0;2;0;6;0;1;1;A01
201700017779;2;7;0;2;0;1;1;A01
201700017780;1;7;0;0;6;1;21;A01
201700017781;1;7;0;2;0;3;1;A01
201700017782;1;7;0;6;0;3;1;A01
201700017783;1;7;0;0;2;3;5;A01
201700017783;2;7;0;0;2;3;1;B01
201700017784;1;17;0;0;0;8;13;A01
201700017785;1;7;0;0;2;2;1;B01
201700017785;0;1;0;0;2;8;19;A01
201700017786;1;7;0;13;6;1;1;A01
201700017787;2;7;0;0;2;6;1;B01
201700017787;2;7;0;2;2;7;17;A01
201700017788;2;33;0;13;0;1;14;A01
201700017789;1;7;0;0;6;1;1;A01
201700017790;1;7;0;0;2;7;1;B01
201700017790;1;7;0;0;2;1;1;C01
201700017790;2;7;0;0;2;7;1;A01
201700017791;1;7;0;0;2;1;21;B01
201700017791;2;2;0;0;2;1;13;A01
201700017792;1;7;0;13;0;2;14;A01
201700017793;0;7;0;6;0;2;1;A01
201700017794;1;7;0;0;2;3;1;B01
201700017794;2;10;0;0;2;3;15;A01
201700017795;0;36;0;13;0;2;14;A01
201700017796;1;1;0;0;2;1;13;A01
201700017796;2;1;0;0;0;1;1;B01
201700017797;0;7;0;0;1;2;15;A01
201700017798;1;7;0;0;2;3;1;B01
201700017798;2;7;0;0;2;1;1;A01
201700017799;2;7;0;0;2;1;1;B01
201700017799;1;7;0;0;1;7;1;A01
201700017800;1;7;0;1;0;1;13;A01
201700017801;1;33;0;0;2;1;1;B01
201700017801;1;7;0;0;2;3;19;A01
201700017802;1;2;0;12;0;1;1;A01
201700017803;0;7;0;13;0;2;14;A01
201700017804;1;7;0;0;0;1;1;A01
201700017805;1;7;0;0;2;3;9;A01
201700017805;1;33;0;0;2;1;1;B01
201700017806;1;7;0;0;2;4;23;B01
201700017806;1;2;0;0;2;1;1;A01
201700017807;0;33;0;0;2;3;1;B01
201700017807;0;10;0;0;2;0;5;A01
201700017808;2;7;0;0;2;1;1;C01
201700017808;1;7;0;0;2;1;13;A01
201700017808;2;33;0;0;2;1;1;B01
201700017809;1;7;0;13;0;1;15;A01
201700017810;1;1;0;0;2;7;19;A01
201700017810;2;17;0;0;2;3;1;B01
201700017811;1;10;0;0;2;1;17;A01
201700017811;2;7;0;13;0;2;21;B01
201700017811;2;7;0;0;2;1;1;C01
201700017812;2;15;0;8;0;9;13;A01
201700017813;1;7;0;0;1;1;1;A01
201700017814;2;7;0;0;2;3;1;B01
201700017814;1;7;0;0;2;3;1;A01
201700017815;2;7;0;0;2;2;1;A01
201700017815;1;7;0;0;2;3;15;B01
201700017816;2;2;0;0;2;1;1;B01
201700017816;2;7;0;0;2;2;15;A01
201700017817;2;7;0;4;0;7;14;A01
201700017818;1;7;0;13;0;8;1;A01
201700017819;2;7;0;0;2;3;16;A01
201700017819;2;7;0;0;2;2;1;B01
201700017820;1;7;0;0;2;3;13;A01
201700017820;2;7;0;0;2;8;1;B01
201700017821;1;33;0;13;0;9;14;A01
201700017822;0;2;0;0;0;7;14;A01
201700017823;1;7;0;0;2;2;19;A01
201700017823;2;33;0;0;2;1;21;B01
201700017824;1;7;0;0;2;3;15;A01
201700017824;2;7;0;0;2;1;1;B01
201700017825;1;7;0;6;0;1;14;A01
201700017826;1;7;0;0;2;3;15;A01
201700017826;2;33;0;0;2;1;1;B01
201700017827;1;7;0;0;2;3;13;A01
201700017827;2;21;0;0;2;3;1;B01
201700017828;1;33;0;0;2;1;13;A01
201700017828;2;7;0;0;2;1;1;B01
201700017829;1;7;0;0;1;2;16;A01
201700017830;1;7;0;13;0;9;4;A01
201700017831;0;2;0;0;2;1;13;A01
201700017831;0;7;0;0;2;3;1;B01
201700017832;1;33;0;0;2;1;17;A01
201700017832;2;7;0;0;2;8;19;B01
201700017833;1;7;0;16;0;9;13;A01
201700017834;1;7;0;2;0;2;14;A01
201700017835;1;2;0;0;0;7;13;A01
201700017836;2;7;0;0;2;6;1;B01
201700017836;2;33;0;0;2;1;2;A01
201700017837;1;7;0;13;0;2;14;A01
201700017838;2;7;0;0;1;2;1;A01
201700017839;1;7;0;0;2;3;13;A01
201700017839;2;7;0;0;2;3;0;B01
201700017840;1;7;0;0;2;2;13;A01
201700017840;2;7;0;9;2;3;1;B01
201700017841;1;7;0;2;0;7;14;A01
201700017842;1;7;0;8;0;3;1;A01
201700017843;1;7;0;2;0;2;0;A01
201700017844;2;7;0;0;2;2;1;B01
201700017844;1;7;0;0;2;3;15;A01
201700017845;1;7;0;0;2;8;1;B01
201700017845;2;10;0;0;2;1;13;A01
201700017846;2;33;0;0;2;8;1;B01
201700017846;0;7;0;0;0;0;9;A01
201700017847;1;33;0;0;2;1;1;B01
201700017847;0;7;0;0;2;8;15;A01
201700017848;1;7;0;6;0;2;14;A01
201700017849;1;31;0;4;2;1;1;B01
201700017849;2;7;0;0;2;3;15;A01
201700017850;2;7;0;6;2;7;15;A01
201700017850;1;33;0;0;2;2;1;B01
201700017851;2;7;0;13;2;1;13;A01
201700017851;1;7;0;13;2;1;1;B01
201700017852;2;33;0;0;2;7;1;B01
201700017852;0;7;0;0;2;2;15;A01
201700017853;1;7;0;0;2;1;1;B01
201700017853;2;10;0;0;2;1;5;A01
201700017854;1;7;0;0;2;3;13;A01
201700017854;2;7;0;0;2;3;1;B01
201700017855;2;7;0;16;0;9;1;A01
201700017856;2;7;0;13;0;1;14;A01
201700017857;2;7;0;0;2;1;13;A01
201700017857;1;7;0;0;2;1;1;B01
201700017858;1;33;0;0;0;7;14;A01
201700017859;0;1;0;0;0;0;0;A01
201700017860;0;33;0;0;2;1;1;B01
201700017860;0;7;0;0;2;6;9;A01
201700017861;1;7;0;16;0;9;1;A01
201700017862;2;7;0;13;0;2;1;A01
201700017863;2;7;0;0;2;7;13;A01
201700017863;1;14;0;0;2;1;1;B01
201700017864;1;7;0;0;2;3;1;B01
201700017864;2;7;0;0;2;3;1;A01
201700017865;2;10;0;0;0;0;9;A01
201700017865;2;34;0;0;0;7;1;B01
201700017866;0;7;0;6;0;1;0;A01
201700017867;2;7;0;0;2;1;1;A01