num_acc;senc;catv;occutc;obs;obsm;choc;manv;num_veh
201700017867;2;33;0;0;0;4;1;B01
201700017868;1;33;0;0;2;8;15;B01
201700017868;1;7;0;1;2;2;15;A01
201700017869;1;7;0;0;2;1;13;B01
201700017869;2;7;0;0;2;1;13;A01
201700017870;0;7;0;0;9;3;19;A01
201700017870;2;1;0;0;2;1;1;B01
201700017871;2;7;0;0;2;3;0;A01
201700017871;1;7;0;0;2;1;1;B01
201700017872;0;7;0;6;0;3;1;A01
201700017873;1;33;0;0;1;7;1;A01
201700017874;2;1;0;0;2;1;1;B01
201700017874;1;7;0;16;9;1;1;A01
201700017875;2;7;0;0;2;1;15;A01
201700017875;1;33;0;0;2;1;1;B01
201700017876;1;7;0;0;2;2;1;A01
201700017876;1;7;0;0;2;4;1;C01
201700017876;1;7;0;0;2;4;1;B01
201700017877;2;30;0;0;2;1;15;B01
201700017877;2;7;0;0;2;6;15;A01
201700017877;1;7;0;0;2;1;1;C01
201700017878;0;7;0;0;1;3;1;A01
201700017879;2;33;0;0;0;0;15;A01
201700017879;2;33;0;13;0;8;17;B01
201700017880;1;7;0;0;2;1;1;B01
201700017880;1;7;0;6;2;2;15;A01
201700017881;2;33;0;8;0;1;1;A01
201700017882;2;7;0;13;0;1;0;A01
201700017883;0;36;0;13;0;3;13;A01
201700017884;0;1;0;0;2;1;1;B01
201700017884;0;1;0;0;0;7;1;A01
201700017885;2;7;0;8;0;1;1;A01
201700017886;0;7;0;8;0;2;1;A01
201700017887;2;7;0;13;0;9;17;A01
201700017888;1;2;0;0;0;0;1;A01
201700017889;2;7;0;8;2;7;1;B01
201700017889;2;7;0;0;2;1;1;A01
201700017890;1;36;0;0;0;0;1;A01
201700017891;1;2;0;8;0;2;1;A01
201700017892;2;7;0;6;0;8;0;A01
201700017893;1;7;0;6;0;1;13;A01
201700017894;0;7;0;13;0;2;1;A01
201700017895;1;7;0;0;1;1;13;A01
201700017896;1;21;0;0;0;5;15;B01
201700017896;1;33;0;0;2;1;1;A01
201700017897;1;33;0;0;0;1;0;A01
201700017898;0;36;0;0;0;2;13;A01
201700017899;0;7;0;0;2;3;15;A01
201700017899;1;33;0;0;2;1;1;B01
201700017900;1;31;0;13;0;1;1;A01
201700017901;0;21;0;0;0;0;1;A01
201700017902;2;7;0;15;0;1;1;A01
201700017903;1;7;0;0;2;3;1;A01
201700017903;0;7;0;0;2;2;0;B01
201700017904;2;7;0;0;2;3;2;B01
201700017904;1;7;0;0;2;1;21;A01
201700017905;0;1;0;0;0;1;1;A01
201700017906;1;10;0;0;9;3;23;A01
201700017907;2;7;0;0;0;2;0;B01
201700017907;1;2;0;0;2;2;0;A01
201700017908;0;7;0;9;1;1;0;A01
201700017909;0;2;0;0;5;1;1;A01
201700017910;2;7;0;0;2;1;1;B01
201700017910;1;7;0;0;2;1;1;A01
201700017911;0;7;0;0;2;1;1;B01
201700017911;0;7;0;0;2;3;9;A01
201700017912;0;2;0;14;0;0;1;A01
201700017913;2;7;0;0;2;2;15;A01
201700017913;1;7;0;0;2;1;1;B01
201700017914;0;7;0;0;0;0;13;A01
201700017914;0;7;0;0;2;2;13;B01
201700017915;2;7;0;2;0;3;13;A01
201700017916;2;7;0;2;2;9;1;C01
201700017916;1;7;0;0;2;3;1;D01
201700017916;2;7;0;0;2;7;17;A01
201700017916;2;7;0;0;2;8;1;B01
201700017917;1;10;0;0;0;0;15;A01
201700017917;2;31;0;8;0;0;1;B01
201700017918;2;33;0;13;0;1;14;A01
201700017919;2;7;0;0;2;3;0;A01
201700017919;1;7;0;0;2;3;0;B01
201700017920;1;3;0;8;0;3;1;A01
201700017920;1;7;0;0;0;0;17;B01
201700017921;1;7;0;0;2;9;13;A01
201700017921;2;7;0;0;2;1;1;B01
201700017922;2;7;0;2;0;1;1;A01
201700017923;0;7;0;0;2;3;15;B01
201700017923;0;2;0;0;2;1;17;A01
201700017924;1;10;0;0;2;1;1;B01
201700017924;2;33;0;0;2;1;13;A01
201700017925;1;33;0;13;0;1;1;A01
201700017926;1;7;0;13;0;3;1;A01
201700017927;1;7;0;0;2;3;15;A01
201700017927;2;1;0;11;2;1;19;B01
201700017928;1;2;0;13;0;9;1;A01
201700017929;1;33;0;0;0;1;1;A01
201700017930;2;7;0;0;2;2;1;A01
201700017930;1;7;0;2;2;1;1;B01
201700017931;2;7;0;0;0;8;1;A01
201700017932;1;7;0;0;2;2;1;A01
201700017932;2;1;0;0;2;7;1;B01
201700017933;1;7;0;0;1;2;1;A01
201700017934;0;39;0;0;2;8;0;A01
201700017934;0;1;0;0;4;1;1;B01
201700017935;1;7;0;0;0;0;1;A01
201700017936;1;34;0;0;2;8;17;A01
201700017936;1;7;0;0;2;5;15;B01
201700017937;0;7;0;0;1;3;1;A01
201700017938;0;2;0;0;0;0;0;A01
201700017939;0;7;0;2;0;1;14;A01
201700017940;1;33;0;0;0;0;1;A01
201700017941;1;2;0;0;0;1;1;A01
201700017941;2;7;0;0;2;2;15;B01
201700017942;2;2;0;0;0;4;2;B01
201700017942;1;2;0;6;2;1;11;A01
201700017943;1;7;0;0;2;1;1;B01
201700017943;2;7;0;0;2;7;13;A01
201700017944;0;7;0;6;0;3;14;A01
201700017945;1;33;0;0;0;0;1;A01
201700017946;1;10;0;0;1;3;1;A01
201700017947;2;1;0;0;0;7;1;A01
201700017948;0;7;0;0;0;6;4;B01
201700017948;0;7;0;0;2;2;2;A01
201700017949;0;7;0;0;2;1;1;B01
201700017949;0;7;0;0;2;1;13;A01
201700017950;2;7;0;0;2;1;1;B01
201700017950;1;7;0;0;2;7;1;A01
201700017951;2;7;0;15;0;2;1;A01
201700017952;1;7;0;15;0;2;1;A01
201700017953;2;1;0;15;0;0;1;A01
201700017954;0;1;0;0;0;8;1;B01
201700017954;0;7;0;0;2;1;15;A01
201700017955;0;1;0;0;0;1;1;A01
201700017956;0;31;0;0;2;1;16;B01
201700017956;0;31;0;0;2;8;1;A01
201700017957;1;7;0;0;2;3;9;A01
201700017957;2;7;0;0;2;1;1;B01
201700017958;2;7;0;0;2;1;15;A01
201700017958;1;7;0;0;2;1;1;B01
201700017959;0;33;0;13;0;9;15;A01
201700017960;0;2;0;0;2;8;16;A01
201700017960;0;7;0;0;2;2;1;B01
201700017961;1;7;0;0;1;2;1;A01
201700017962;0;10;0;0;2;1;1;B01
201700017962;0;7;0;0;0;3;0;A01
201700017963;2;7;0;0;2;8;19;A01
201700017963;1;7;0;0;2;1;1;B01
201700017964;0;7;0;15;0;2;1;A01
201700017965;0;7;0;0;1;6;20;A01
201700017966;1;7;0;0;1;2;1;A01
201700017967;1;7;0;6;0;3;1;A01
201700017968;1;7;0;0;1;1;1;A01
201700017969;1;33;0;0;2;9;13;A01
201700017969;2;7;0;0;2;2;1;B01
201700017970;1;7;0;13;0;9;1;A01
201700017971;2;33;0;13;0;1;13;A01
201700017972;2;1;0;1;0;1;1;A01
201700017973;0;7;0;5;0;1;1;A01
201700017974;1;7;0;3;0;3;21;A01
201700017975;1;7;0;0;2;8;15;A01
201700017975;2;14;0;0;2;1;1;B01
201700017976;1;7;0;0;2;1;1;B01
201700017976;2;7;0;0;2;8;15;A01
201700017977;1;33;0;0;2;1;0;A01
201700017977;2;7;0;0;2;5;15;B01
201700017978;1;10;0;0;2;3;13;A01
201700017978;2;14;0;0;2;1;1;B01
201700017979;2;7;0;0;2;5;15;A01
201700017979;1;33;0;0;2;1;1;B01
201700017980;1;7;0;13;0;2;14;A01
201700017981;2;7;0;15;0;3;13;A01
201700017982;1;7;0;0;2;1;2;A01
201700017982;1;2;0;0;2;4;1;B01
201700017983;2;33;0;0;2;1;1;A01
201700017983;1;7;0;0;2;3;1;B01
201700017984;1;33;0;0;2;3;5;A01
201700017984;2;7;0;0;2;8;1;B01
201700017985;2;33;0;0;2;1;1;A01
201700017985;2;7;0;0;0;6;1;B01
201700017986;1;10;0;13;0;2;14;A01
201700017987;0;7;0;0;2;3;24;B01
201700017987;0;21;0;0;2;1;13;A01
201700017988;2;7;0;0;1;2;1;A01
201700017989;1;7;0;8;0;3;1;A01
201700017990;2;7;0;1;2;1;2;A01
201700017990;2;7;0;0;2;4;1;B01
201700017991;2;21;0;0;0;7;1;A01
201700017992;1;7;0;13;0;9;1;A01
201700017993;1;7;0;0;2;1;13;A01
201700017993;2;7;0;0;2;1;1;B01
201700017994;1;7;0;13;0;9;1;A01
201700017995;0;7;0;0;0;2;0;A01
201700017996;2;10;0;0;2;1;1;C01
201700017996;1;7;0;0;0;3;23;D01
201700017996;1;7;0;0;2;1;2;A01
201700017996;2;7;0;0;0;6;23;B01
201700017997;1;7;0;0;2;7;13;A01
201700017997;2;7;0;0;2;1;1;B01
201700017998;1;7;0;0;2;3;13;A01
201700017998;2;7;0;0;2;3;1;B01
201700017999;1;7;0;13;0;1;17;A01
201700018000;1;10;0;0;2;3;21;B01
201700018000;2;7;0;0;2;3;13;A01
201700018001;2;7;0;0;1;3;1;A01
201700018002;2;17;0;0;0;3;1;B01
201700018002;2;7;0;0;2;5;17;A01
201700018003;2;2;0;9;0;1;1;A01
201700018004;1;7;0;0;2;1;1;B01
201700018004;2;7;0;0;2;3;5;A01
201700018005;1;7;0;2;0;1;2;A01
201700018006;1;7;0;15;0;2;1;A01
201700018007;2;7;0;6;1;1;14;A01
201700018008;1;7;0;0;2;1;13;A01
201700018008;2;7;0;0;2;1;1;B01
201700018009;1;7;0;1;0;1;1;A01
201700018010;1;7;0;13;0;1;1;A01
201700018011;1;7;0;0;2;3;1;B01
201700018011;2;7;0;0;2;3;13;A01
201700018012;2;7;0;13;0;3;13;A01
201700018013;2;34;0;0;2;1;13;A01
201700018013;1;7;0;0;2;3;1;B01
201700018014;2;7;0;0;2;1;1;B01
201700018014;1;7;0;0;2;3;19;A01
201700018015;2;7;0;13;0;2;14;A01
201700018016;1;7;0;0;9;1;15;B01
201700018016;2;1;0;0;0;7;1;A01
201700018017;1;7;0;0;0;8;15;B01
201700018017;1;33;0;0;2;1;11;A01
201700018018;1;7;0;2;0;1;1;A01
201700018019;1;7;0;0;2;8;5;A01
201700018019;2;7;0;0;2;1;1;B01
201700018020;2;7;0;0;2;3;1;B01
201700018020;1;7;0;0;2;2;13;A01
201700018021;1;7;0;0;2;6;15;A01
201700018021;1;7;0;0;2;3;1;B01
201700018022;2;7;0;0;2;3;13;A01
201700018022;1;17;0;0;2;3;1;B01
201700018023;1;7;0;13;9;1;11;A01
201700018024;0;33;0;0;0;8;1;A01
201700018025;2;17;0;0;0;6;24;B01
201700018025;2;7;0;1;0;2;2;A01
201700018026;1;33;0;0;2;1;17;B01
201700018026;0;7;0;0;2;2;15;A01
201700018027;1;7;0;13;0;1;13;A01
201700018028;2;7;0;13;0;3;1;A01
201700018029;1;7;0;13;0;1;1;A01
201700018030;0;2;0;0;2;7;1;B01
201700018030;0;2;0;0;2;7;2;A01
201700018031;2;7;0;0;2;3;1;A01
201700018031;1;33;0;0;2;1;13;B01
201700018032;1;7;0;0;2;6;15;B01
201700018032;1;33;0;0;2;1;2;A01
201700018033;2;7;0;0;0;3;1;B01
201700018033;1;7;0;0;0;3;1;A01
201700018034;2;7;0;13;0;3;13;A01
201700018035;1;33;0;0;0;2;0;A01
201700018036;1;7;0;0;2;1;15;A01
201700018036;2;33;0;0;2;1;1;B01
201700018037;0;32;0;0;0;0;15;A01
201700018038;1;7;0;2;0;1;1;A01
201700018039;2;7;0;0;2;1;1;A01
201700018039;1;13;0;0;2;5;15;B01
201700018040;2;7;0;13;0;1;13;A01
201700018041;1;7;0;8;0;1;1;A01
201700018042;2;7;0;8;0;1;0;A01
201700018043;1;7;0;6;0;9;1;A01
201700018044;1;7;0;15;0;3;13;A01
201700018045;1;7;0;8;0;3;13;A01
201700018046;2;7;0;0;9;0;0;A01
201700018047;2;7;0;8;2;1;1;A01
201700018047;2;7;0;0;2;6;1;B01
201700018048;2;7;0;2;0;2;1;A01
201700018049;1;33;0;3;0;3;1;A01
201700018050;0;1;0;12;0;1;1;A01
201700018051;1;7;0;8;0;5;0;A01
201700018052;1;10;0;3;0;1;1;A01
201700018053;0;7;0;0;2;1;13;A01
201700018053;0;2;0;0;2;7;1;B01
201700018054;2;7;0;13;0;6;1;A01
201700018055;2;7;0;0;2;7;1;B01
201700018055;1;7;0;0;2;1;1;C01
201700018055;1;7;0;0;2;1;1;A01
201700018056;2;7;0;2;0;1;1;A01
201700018057;1;7;0;2;0;3;13;A01
201700018058;1;7;0;13;0;1;1;A01
201700018059;1;7;0;3;0;3;0;A01
201700018060;2;33;0;0;0;0;21;A01
201700018061;1;7;0;0;2;3;15;A01
201700018061;0;7;0;0;2;1;16;B01
201700018062;0;1;0;0;0;7;1;B01
201700018062;1;7;0;0;2;1;1;A01
201700018063;0;33;0;13;0;1;1;A01
201700018064;2;1;0;0;2;1;1;B01
201700018064;0;10;0;0;0;3;9;A01
201700018065;0;7;0;0;1;3;1;A01
201700018066;0;7;0;0;2;1;1;B01
201700018066;0;7;0;0;2;3;9;A01
201700018067;1;7;0;0;2;1;5;A01
201700018067;2;7;0;0;0;1;1;B01
201700018068;0;7;0;0;2;2;15;A01
201700018068;0;7;0;0;2;1;0;B01
201700018069;0;7;0;0;2;3;15;B01
201700018069;0;33;0;0;2;5;16;A01
201700018070;2;3;0;6;0;1;0;A01
201700018071;0;7;0;0;0;1;1;B01
201700018071;0;1;0;0;2;3;19;A01
201700018072;1;7;0;0;2;8;13;A01
201700018072;2;7;0;0;2;1;1;B01
201700018073;2;7;0;0;0;4;1;B01
201700018073;2;10;0;0;2;1;1;A01
201700018074;0;7;0;0;2;6;15;A01
201700018074;0;33;0;0;2;1;1;B01
201700018075;0;7;0;0;0;9;1;A01
201700018076;1;7;0;0;2;1;1;B01
201700018076;1;7;0;0;0;8;15;A01
201700018077;0;2;0;0;2;2;17;A01
201700018077;0;1;0;0;0;8;1;B01
201700018078;0;7;0;0;2;8;1;A01
201700018078;1;7;0;0;2;1;1;B01
201700018079;2;7;0;0;2;3;1;B01
201700018079;1;7;0;0;2;3;13;A01
201700018080;2;7;0;0;2;1;1;B01
201700018080;0;7;0;0;0;7;15;A01
201700018081;1;7;0;0;2;2;2;B01
201700018081;2;7;0;0;2;2;5;A01
201700018081;0;7;0;0;2;2;21;C01
201700018082;0;7;0;2;0;1;1;A01
201700018083;0;33;0;2;0;1;1;A01
201700018084;2;7;0;0;2;1;13;A01
201700018084;1;7;0;0;2;3;1;B01
201700018085;2;17;0;0;2;2;1;B01
201700018085;0;33;0;0;2;8;1;A01
201700018086;0;7;0;4;0;1;16;A01
201700018087;0;7;0;1;0;8;0;A01
201700018088;0;7;0;0;0;9;2;A01
201700018089;0;33;0;13;0;1;15;A01
201700018090;2;10;0;0;2;1;1;B01
201700018090;1;10;0;0;2;1;13;A01
201700018091;0;7;0;0;0;6;15;A01
201700018091;0;33;0;0;2;2;1;B01
201700018092;1;2;0;0;2;2;1;A01
201700018092;1;7;0;0;0;4;1;B01
201700018093;1;7;0;0;2;1;19;A01
201700018093;1;7;0;0;2;2;1;B01
201700018094;2;7;0;8;0;1;1;A01
201700018095;0;7;0;0;2;3;1;B01
201700018095;0;2;0;0;2;3;1;A01
201700018096;0;10;0;6;0;1;1;A01
201700018097;0;7;0;0;2;1;9;A01
201700018097;0;33;0;0;2;7;9;B01
201700018098;0;7;0;6;0;1;1;A01
201700018099;0;2;0;0;0;0;1;A01
201700018100;0;21;0;13;0;1;14;A01
201700018101;1;7;0;0;0;4;15;B01
201700018101;1;7;0;0;2;1;17;A01
201700018102;0;7;0;0;0;9;1;A01
201700018103;2;7;0;0;2;8;15;A01
201700018103;1;33;0;0;2;1;1;B01
201700018104;2;7;0;15;0;3;1;A01
201700018105;2;7;0;0;2;1;13;A01
201700018105;1;7;0;0;2;1;1;B01
201700018106;0;7;0;0;2;7;15;A01
201700018106;0;2;0;0;2;1;1;B01
201700018107;1;3;0;6;2;9;16;A01
201700018107;1;7;0;0;0;8;1;B01
201700018108;0;7;0;0;1;2;1;A01
201700018109;2;7;0;16;0;9;1;A01
201700018110;1;7;0;13;0;2;14;A01
201700018111;2;2;0;0;2;1;18;A01
201700018111;1;7;0;0;2;2;15;B01
201700018112;1;33;0;13;0;1;1;A01
201700018113;2;7;0;2;0;9;13;A01
201700018114;0;33;0;13;0;1;1;A01
201700018115;1;2;0;0;0;7;1;A01
201700018115;1;2;0;0;2;8;17;B01
201700018116;1;2;0;0;0;8;1;A01
201700018117;2;13;0;0;2;7;15;A01
201700018117;1;33;0;0;2;3;1;B01
201700018118;2;7;0;0;2;8;17;A01
201700018118;2;7;0;0;2;7;17;B01
201700018119;0;33;0;13;0;1;21;A01
201700018119;0;21;0;0;0;0;0;B01
201700018120;1;7;0;0;2;7;15;B01
201700018120;1;1;0;0;2;1;1;A01
201700018121;0;2;0;0;2;7;1;A01
201700018121;0;7;0;0;2;3;9;B01
201700018122;0;7;0;0;0;4;2;B01
201700018122;0;33;0;0;2;1;1;A01
201700018122;0;7;0;0;0;8;23;C01
201700018123;0;7;0;0;2;3;1;B01
201700018123;0;2;0;0;2;0;1;A01
201700018124;0;2;0;0;0;0;1;A01
201700018125;2;7;0;3;0;9;1;A01
201700018126;0;7;0;6;0;1;1;A01
201700018127;0;7;0;0;2;2;17;B01
201700018127;0;30;0;0;2;8;15;A01
201700018128;0;2;0;0;2;2;1;B01
201700018128;0;7;0;0;2;3;19;A01
201700018129;0;7;0;0;2;1;1;A01
201700018129;0;7;0;0;2;3;1;B01
201700018130;1;36;0;8;0;2;1;A01
201700018131;1;33;0;0;2;1;17;A01
201700018131;1;30;0;0;2;7;15;B01
201700018132;0;7;0;0;2;2;15;A01
201700018132;0;2;0;0;2;1;16;B01
201700018133;0;7;0;0;2;2;21;B01
201700018133;0;7;0;7;0;8;1;A01
201700018134;2;7;0;13;0;1;1;A01
201700018135;1;7;0;2;0;3;1;A01
201700018136;1;7;0;0;2;3;15;A01
201700018136;2;30;0;0;2;1;1;B01
201700018137;2;7;0;2;0;1;13;A01
201700018138;2;7;0;0;2;6;15;A01
201700018138;2;7;0;0;2;1;17;B01
201700018139;1;7;0;2;0;8;1;A01
201700018140;2;7;0;6;0;1;14;A01
201700018141;0;7;0;13;0;3;1;A01
201700018142;1;7;0;13;0;0;1;A01
201700018143;2;7;0;0;2;3;13;A01
201700018143;1;7;0;0;2;3;1;B01
201700018144;0;2;0;0;2;1;19;B01
201700018144;0;7;0;0;2;2;0;A01
201700018145;1;7;0;13;0;1;1;A01
201700018146;0;7;0;10;0;3;1;A01
201700018147;0;33;0;12;0;7;1;A01
201700018148;1;7;0;0;2;8;9;A01
201700018148;1;7;0;0;2;2;1;B01
201700018149;2;2;0;0;2;1;15;A01
201700018149;1;7;0;0;2;7;1;B01
201700018150;1;2;0;0;2;1;1;A01
201700018150;2;7;0;0;2;1;1;B01
201700018151;1;10;0;0;2;1;1;A01
201700018151;2;7;0;0;2;1;1;B01
201700018152;0;7;0;2;0;1;1;A01
201700018153;0;7;0;2;0;1;1;A01
201700018154;0;33;0;0;0;0;1;A01
201700018155;0;10;0;0;1;1;0;A01
201700018156;0;2;0;0;1;1;1;A01
201700018157;0;2;0;8;0;1;13;A01
201700018158;1;7;0;3;0;1;1;A01
201700018159;2;7;0;0;2;1;2;B01
201700018159;1;7;0;0;2;1;15;A01
201700018160;0;7;0;0;2;6;15;B01
201700018160;0;2;0;0;2;1;1;A01
201700018161;0;7;0;0;2;8;1;B01
201700018161;0;2;0;0;2;8;13;A01
201700018162;1;7;0;0;2;1;1;A01
201700018162;2;30;0;0;2;8;15;B01
201700018163;0;7;0;15;0;0;1;A01
201700018164;0;7;0;0;2;5;16;B01
201700018164;0;31;0;0;2;1;2;A01
201700018165;1;7;0;2;0;2;14;A01
201700018166;0;33;0;0;2;7;13;A01
201700018166;0;7;0;0;2;7;1;B01
201700018167;0;7;0;0;2;2;15;A01
201700018167;0;7;0;0;2;3;1;B01
201700018168;2;7;0;2;0;1;0;A01
201700018169;0;1;0;0;2;8;19;B01
201700018169;1;33;0;0;2;1;1;A01
201700018170;0;7;0;6;0;1;1;A01
201700018171;0;30;0;13;6;1;0;A01
201700018172;0;7;0;2;0;1;1;A01
201700018173;2;7;0;0;0;9;17;A01
201700018174;1;33;0;0;9;1;21;B01
201700018174;1;33;0;0;0;8;1;A01
201700018175;0;33;0;0;2;3;17;A01
201700018175;2;21;0;0;2;6;15;B01
201700018176;0;7;0;0;9;2;15;A01
201700018176;0;1;0;0;2;1;1;B01
201700018177;0;7;0;0;2;3;19;A01
201700018177;0;30;0;0;2;1;1;B01
201700018178;2;33;0;0;2;1;17;A01
201700018178;2;7;0;0;2;6;15;B01
201700018179;0;2;0;16;0;1;0;A01
201700018180;0;7;0;0;2;3;1;A01
201700018180;0;7;0;0;0;2;23;B01
201700018181;0;7;0;1;1;2;14;A01
201700018182;1;3;0;0;2;3;1;A01
201700018182;2;7;0;0;2;3;1;B01
201700018183;0;33;0;0;6;1;1;A01
201700018184;0;2;0;6;0;1;1;A01
201700018185;0;7;0;0;1;2;1;A01
201700018186;0;7;0;0;2;0;0;B01
201700018186;0;2;0;0;2;1;19;A01
201700018187;0;1;0;0;2;1;15;A01
201700018187;0;7;0;0;9;1;1;B01
201700018188;0;33;0;16;0;1;1;A01
201700018189;1;7;0;0;2;7;15;A01
201700018189;2;33;0;0;2;1;1;B01
201700018190;0;7;0;0;2;1;1;B01
201700018190;0;2;0;0;2;7;19;A01
201700018191;0;7;0;0;9;3;0;A01
201700018191;1;1;0;0;2;7;1;B01
201700018192;0;7;0;14;0;3;1;A01
201700018193;1;7;0;0;2;5;15;A01
201700018193;1;33;0;0;2;1;1;B01
201700018193;0;7;0;0;2;2;23;C01
201700018194;0;7;0;0;2;3;15;B01
201700018194;0;33;0;0;2;1;1;A01
201700018195;0;2;0;11;0;0;1;A01
201700018196;1;7;0;0;2;1;1;B01
201700018196;2;7;0;0;2;2;1;C01
201700018196;2;7;0;0;2;4;0;A01
201700018197;1;2;0;0;2;8;1;B02
201700018197;0;7;0;0;2;0;9;A01
201700018198;0;30;0;13;0;1;1;B01
201700018198;0;35;0;8;0;1;1;A01
201700018199;0;7;0;13;0;1;1;A01
201700018200;2;2;0;0;0;0;0;A01
201700018201;0;2;0;0;2;1;17;B01
201700018201;0;7;0;0;2;3;15;A01
201700018202;0;7;0;0;2;2;1;A01
201700018202;0;7;0;0;2;2;5;B01
201700018203;0;1;0;0;0;4;0;A01
201700018204;1;33;0;0;2;4;2;B01
201700018204;1;7;0;3;2;9;2;A01
201700018205;0;30;0;12;0;1;1;A01
201700018206;0;7;0;13;0;2;1;A01
201700018207;2;7;0;13;0;2;1;A01
201700018208;0;7;0;0;2;3;1;B01
201700018208;0;31;0;0;2;7;15;A01
201700018209;0;7;0;0;0;8;1;A01
201700018209;0;30;0;0;2;1;19;B01
201700018210;0;33;0;13;0;1;17;A01
201700018211;2;33;0;0;0;2;1;A01
201700018212;1;2;0;0;2;1;15;A01
201700018212;2;10;0;0;0;8;1;B01
201700018213;0;2;0;0;2;1;13;A01
201700018213;0;7;0;0;2;3;16;B01
201700018214;0;2;0;0;2;8;19;A01
201700018214;0;7;0;0;2;1;1;B01
201700018215;2;33;0;0;0;8;1;A01
201700018216;0;7;0;0;2;1;1;B01
201700018216;0;21;0;0;2;2;1;A01
201700018217;0;33;0;7;0;9;1;A01
201700018218;0;7;0;0;0;1;1;A01
201700018219;1;7;0;0;2;1;0;A01
201700018219;2;7;0;0;2;1;1;B01
201700018220;1;7;0;0;2;2;1;B01
201700018220;2;31;0;0;2;0;9;A01
201700018221;0;1;0;0;9;8;1;B01
201700018221;0;33;0;0;9;3;1;A01
201700018222;1;3;0;0;2;8;19;A01
201700018222;1;7;0;0;2;1;1;B01
201700018223;0;7;0;0;0;3;13;A01
201700018223;0;7;0;0;0;3;13;B01
201700018224;0;33;0;0;6;1;2;A01
201700018225;2;7;0;0;2;3;1;A01
201700018225;1;7;0;0;2;3;1;B01
201700018226;0;30;0;0;9;0;1;A01
201700018227;1;2;0;0;9;0;2;A01
201700018227;1;1;0;12;0;7;2;B01
201700018228;1;7;0;12;2;2;13;A01
201700018228;2;7;0;0;2;1;1;B01
201700018229;1;31;0;0;2;1;17;A01
201700018229;1;1;0;0;2;8;15;B01
201700018230;0;7;0;0;1;2;16;A01
201700018231;0;7;0;6;0;3;13;A01
201700018232;1;30;0;0;2;3;15;A01
201700018232;1;7;0;0;2;2;17;B01
201700018233;0;7;0;0;9;2;1;B01
201700018233;0;1;0;0;2;1;1;A01
201700018234;2;7;0;15;0;7;14;A01
201700018235;1;7;0;13;0;1;1;A01
201700018236;2;33;0;0;0;8;15;A01
201700018237;1;2;0;0;2;1;1;B01
201700018237;0;7;0;0;2;8;1;A01
201700018238;2;7;0;5;9;4;13;A01
201700018239;2;7;0;0;2;1;1;B01
201700018239;1;7;0;0;2;1;5;A01
201700018240;1;7;0;2;0;1;13;A01
201700018241;0;7;0;0;2;3;23;B01
201700018241;0;33;0;3;2;3;1;A01
201700018242;1;17;0;6;0;1;1;A01
201700018243;1;33;0;0;0;8;21;A01
201700018244;0;7;0;0;2;1;15;A01
201700018244;0;33;0;0;2;7;1;B01
201700018245;0;7;0;0;2;1;1;B01
201700018245;0;7;0;0;2;1;13;A01
201700018246;1;33;0;0;0;8;1;A01
201700018247;1;33;0;13;0;9;2;A01
201700018248;1;17;0;0;2;4;1;B01
201700018248;1;10;0;0;2;1;2;A01
201700018249;0;7;0;0;2;1;0;B01
201700018249;0;7;0;0;2;2;13;A01
201700018250;2;7;0;6;0;2;0;A01
201700018251;1;7;0;13;0;1;13;A01
201700018252;1;7;0;0;0;0;1;A01
201700018253;2;7;0;0;2;3;1;B01
201700018253;1;7;0;0;2;3;13;A01
201700018254;2;7;0;0;2;2;1;A01
201700018254;2;1;0;3;2;4;1;B01
201700018255;2;1;0;0;2;1;0;B01
201700018255;1;7;0;0;2;6;1;A01
201700018256;0;7;0;0;1;1;1;A01
201700018257;0;33;0;0;2;7;9;B01
201700018257;0;7;0;0;2;1;9;A01
201700018258;2;7;0;0;0;9;1;A01
201700018259;0;17;0;0;1;2;1;A01
201700018260;1;7;0;0;1;2;1;A01
201700018261;1;31;0;6;0;1;1;A01
201700018262;1;33;0;16;0;3;1;A01
201700018263;1;34;0;3;0;7;14;A01
201700018264;0;2;0;0;0;0;15;A01
201700018265;1;17;0;0;1;1;1;A01
201700018266;2;1;0;0;0;0;1;B01
201700018266;2;7;0;0;9;7;17;A01
201700018267;2;7;0;0;2;1;1;A01
201700018267;1;15;0;0;2;1;1;B01
201700018268;2;7;0;0;2;1;1;D01
201700018268;2;7;0;0;2;6;1;C01
201700018268;2;7;0;0;2;3;1;B01
201700018268;1;7;0;0;2;3;1;A01
201700018269;2;7;0;7;0;3;1;A01
201700018270;2;33;0;0;0;1;2;A01
201700018270;2;7;0;0;0;3;2;B01
201700018271;2;7;0;0;9;1;1;A01
201700018272;1;7;0;0;2;1;1;B01
201700018272;1;7;0;0;2;7;19;A01
201700018273;1;36;0;6;0;2;13;A01
201700018274;1;33;0;0;2;1;13;A01
201700018274;1;7;0;0;2;6;10;B01
201700018275;1;39;9;0;2;1;1;B01
201700018275;0;10;0;0;4;3;1;A01
201700018276;2;7;0;0;2;1;1;A01
201700018276;2;7;0;0;2;8;15;B01
201700018277;2;7;0;2;2;7;17;A01
201700018278;2;7;0;0;1;7;1;A01
201700018279;2;7;0;1;1;2;14;A01
201700018280;1;7;0;0;2;1;1;B01