num_acc;senc;catv;occutc;obs;obsm;choc;manv;num_veh
201700018280;2;7;0;0;2;1;1;A01
201700018281;2;7;0;2;0;8;13;A01
201700018282;2;7;0;6;0;1;1;A01
201700018283;1;2;0;13;0;1;14;A01
201700018284;1;7;0;0;2;1;2;A01
201700018284;1;33;0;0;2;4;23;B01
201700018285;1;7;0;13;0;6;1;A01
201700018286;1;7;0;0;2;1;1;B01
201700018286;2;7;0;0;2;2;10;A01
201700018287;2;7;0;13;0;5;13;A01
201700018288;1;7;0;13;0;1;13;A01
201700018289;1;7;0;13;0;8;13;A01
201700018290;1;7;0;0;2;1;1;B01
201700018290;0;7;0;0;2;3;19;A01
201700018291;1;7;0;0;2;1;2;A01
201700018291;1;7;0;0;0;4;23;B01
201700018292;1;7;0;0;0;0;14;A01
201700018293;2;7;0;0;2;2;1;B01
201700018293;0;7;0;0;2;3;19;A01
201700018294;0;39;2;0;1;1;2;A01
201700018295;1;1;0;0;2;8;1;A01
201700018295;2;21;0;0;0;0;1;B01
201700018296;2;7;0;6;0;3;16;A01
201700018297;1;10;0;0;2;1;1;B01
201700018297;1;7;0;0;2;7;19;A01
201700018298;1;21;0;0;2;1;15;A01
201700018298;2;7;0;0;2;1;1;B01
201700018299;1;7;0;13;0;3;13;A01
201700018300;1;7;0;0;2;1;1;A01
201700018300;2;21;0;0;2;0;15;B01
201700018301;2;7;0;3;0;2;14;A01
201700018302;1;7;0;0;2;5;19;A01
201700018302;2;10;0;0;2;3;16;B01
201700018303;2;7;0;15;0;3;21;A01
201700018304;1;7;0;13;0;1;14;A01
201700018305;2;7;0;13;0;1;14;A01
201700018306;2;1;0;0;2;1;1;A01
201700018306;0;10;0;0;2;3;15;B01
201700018307;1;7;0;0;2;2;17;A01
201700018307;1;1;0;0;2;8;15;B01
201700018308;2;33;0;13;0;8;1;A01
201700018309;2;7;0;0;2;3;1;A01
201700018309;1;7;0;0;2;3;1;B01
201700018310;1;17;0;0;1;2;1;A01
201700018311;1;7;0;0;2;8;1;B01
201700018311;0;7;0;0;2;1;19;A01
201700018312;1;7;0;13;0;3;13;A01
201700018313;2;7;0;14;0;1;1;A01
201700018314;0;7;0;13;0;1;19;A01
201700018315;2;7;0;0;1;7;1;A01
201700018316;2;33;0;16;0;8;1;A01
201700018317;1;7;0;6;0;1;15;A01
201700018318;2;7;0;13;0;9;17;A01
201700018319;1;7;0;2;0;2;14;A01
201700018320;1;7;0;0;2;8;13;A01
201700018320;2;7;0;0;2;1;1;B01
201700018321;1;7;0;2;0;0;13;A01
201700018322;1;33;0;0;6;1;1;A01
201700018323;2;7;0;15;0;1;14;A01
201700018324;2;1;0;16;0;7;1;A01
201700018325;2;7;0;13;0;3;1;A01
201700018326;1;7;0;13;0;1;1;A01
201700018327;2;7;0;13;0;3;13;A01
201700018328;1;7;0;13;0;1;13;A01
201700018329;1;7;0;0;2;8;13;A01
201700018329;2;7;0;0;2;1;21;B01
201700018330;2;7;0;0;2;1;19;B01
201700018330;1;7;0;0;2;3;1;A01
201700018331;1;7;0;0;2;5;15;A01
201700018331;2;33;0;0;2;1;1;B01
201700018332;2;7;0;13;0;2;1;A01
201700018333;2;7;0;0;2;2;1;B01
201700018333;1;7;0;0;2;3;19;A01
201700018334;2;7;0;0;2;7;15;A01
201700018334;1;33;0;0;2;1;1;B01
201700018335;0;1;0;13;0;7;1;A01
201700018336;2;7;0;1;0;2;1;B01
201700018337;0;7;0;0;1;4;4;A01
201700018338;1;7;0;10;0;3;13;A01
201700018339;1;10;0;0;2;2;2;A01
201700018339;1;3;0;0;2;3;1;B01
201700018340;1;7;0;6;0;1;14;A01
201700018341;1;7;0;0;2;3;1;A01
201700018341;1;10;0;0;2;2;15;B01
201700018342;1;33;0;0;2;1;1;A01
201700018342;0;7;0;0;2;8;15;B01
201700018343;2;2;0;16;0;8;1;A01
201700018344;1;33;0;0;2;1;21;B01
201700018344;0;7;0;0;2;3;19;A01
201700018345;0;36;0;16;0;2;1;A01
201700018346;2;7;0;13;0;9;1;A01
201700018347;1;2;0;13;0;9;14;A01
201700018348;1;7;0;13;0;9;14;A01
201700018349;0;36;0;13;0;3;13;A01
201700018350;1;99;0;2;0;1;14;A01
201700018351;1;33;0;0;2;7;1;B01
201700018351;1;7;0;0;2;2;15;A01
201700018352;0;36;0;6;0;1;1;A01
201700018353;1;33;0;13;0;2;14;A01
201700018354;2;7;0;0;2;1;13;A01
201700018354;1;7;0;0;2;1;1;B01
201700018355;2;7;0;5;0;1;14;A01
201700018356;1;7;0;0;2;2;2;A01
201700018356;1;3;0;0;2;4;1;B01
201700018357;2;15;0;0;1;2;15;A01
201700018358;2;7;0;0;2;1;1;A01
201700018358;1;7;0;0;2;8;19;B01
201700018359;1;15;0;0;2;3;1;A01
201700018359;2;7;0;0;2;1;13;B01
201700018360;2;7;0;0;2;7;1;A02
201700018360;1;7;0;0;2;1;13;A01
201700018361;1;7;0;8;0;3;13;A01
201700018362;1;1;0;0;2;9;14;A01
201700018362;1;13;0;0;2;7;21;B01
201700018363;2;7;0;0;2;5;15;A01
201700018363;1;7;0;0;2;1;1;B01
201700018363;2;7;0;16;2;3;1;C01
201700018364;2;7;0;0;2;3;1;A01
201700018364;1;7;0;0;2;3;13;B01
201700018365;1;33;0;16;0;1;1;A01
201700018366;1;7;0;0;2;1;1;A01
201700018366;0;2;0;0;2;8;15;B01
201700018367;1;7;0;6;0;1;14;A01
201700018368;1;7;0;0;2;2;1;A01
201700018368;1;1;0;0;2;1;9;B01
201700018369;2;7;0;13;0;3;13;A01
201700018370;2;7;0;0;2;4;15;A01
201700018370;2;7;0;0;2;1;1;B01
201700018371;0;1;0;0;2;6;10;A01
201700018371;0;33;0;0;2;1;17;B01
201700018372;1;7;0;0;2;2;15;A01
201700018372;2;7;0;1;2;1;1;B01
201700018373;2;7;0;0;1;1;1;A01
201700018374;2;7;0;3;0;2;1;A01
201700018375;2;7;0;0;2;3;13;A01
201700018375;1;7;0;0;2;3;1;B01
201700018376;2;7;0;0;2;3;1;A01
201700018376;1;10;0;0;2;3;1;B01
201700018377;2;7;0;13;0;8;13;A01
201700018378;1;7;0;13;0;1;1;A01
201700018379;1;2;0;13;0;0;1;A01
201700018380;2;7;0;16;0;0;14;A01
201700018381;2;7;0;13;0;2;14;A01
201700018382;2;7;0;0;2;1;13;A01
201700018382;1;13;0;0;2;8;1;B01
201700018383;2;1;0;16;0;7;1;A01
201700018383;2;1;0;16;0;7;1;B01
201700018384;1;7;0;0;2;2;17;A01
201700018384;1;1;0;0;2;3;15;B01
201700018385;2;10;0;0;2;3;1;A01
201700018385;1;21;0;0;2;3;1;B01
201700018386;1;21;0;0;2;2;16;A01
201700018386;2;7;0;0;2;3;1;B01
201700018387;2;7;0;0;1;7;1;A01
201700018388;1;7;0;13;0;1;1;A01
201700018389;1;7;0;2;0;3;6;A01
201700018390;2;7;0;0;2;3;13;A01
201700018390;1;7;0;0;2;3;1;B01
201700018391;1;7;0;0;1;3;1;A01
201700018392;1;31;0;0;2;7;1;B01
201700018392;0;7;0;0;2;1;9;A01
201700018393;1;7;0;2;0;1;1;A01
201700018394;1;7;0;0;2;2;17;A01
201700018394;1;30;0;0;0;6;1;B01
201700018395;2;7;0;13;0;2;14;A01
201700018396;2;7;0;0;2;3;10;A01
201700018396;2;33;0;0;2;1;1;B01
201700018397;2;2;0;16;0;0;1;A01
201700018398;1;2;0;0;2;3;13;A01
201700018398;1;10;0;0;2;5;1;B01
201700018399;1;33;0;13;0;9;1;A01
201700018400;2;7;0;0;2;9;2;A01
201700018400;2;7;0;0;2;6;1;B01
201700018401;1;7;0;0;2;7;21;A01
201700018401;2;7;0;0;2;1;21;B01
201700018402;0;7;0;0;1;3;1;A01
201700018403;2;7;0;0;6;1;21;A01
201700018403;2;7;0;0;2;1;1;B01
201700018404;2;7;0;13;0;3;21;A01
201700018405;2;2;0;13;0;1;14;A01
201700018406;2;7;0;13;0;7;14;A01
201700018407;1;7;0;0;2;8;13;A01
201700018407;2;33;0;0;2;7;1;B01
201700018408;0;7;0;0;1;0;1;A01
201700018409;2;10;0;2;0;1;14;A01
201700018410;2;7;0;0;2;3;21;A01
201700018410;1;7;0;0;2;3;13;B01
201700018411;2;2;0;0;2;1;1;B01
201700018411;2;7;0;0;2;3;19;A01
201700018412;1;2;0;2;0;1;1;A01
201700018413;1;7;0;15;0;3;13;A01
201700018414;1;33;0;16;0;8;21;A01
201700018415;1;7;0;13;0;3;17;A01
201700018416;1;33;0;1;0;1;1;A01
201700018417;1;7;0;2;0;3;17;A01
201700018418;1;7;0;0;2;2;15;A01
201700018418;2;7;0;0;2;2;1;B01
201700018419;1;2;0;0;2;1;19;A01
201700018419;1;15;0;0;2;3;1;B01
201700018420;2;7;0;0;2;2;1;A01
201700018420;2;1;0;0;2;1;16;B01
201700018421;2;7;0;;2;1;2;A01
201700018421;2;7;0;;2;4;1;B02
201700018422;0;33;0;13;0;1;1;A01
201700018423;2;7;0;0;2;3;19;A01
201700018423;2;33;0;0;2;1;1;B01
201700018424;2;3;0;0;2;1;5;A01
201700018424;1;14;0;0;2;2;1;B01
201700018425;1;33;0;13;0;7;17;A01
201700018426;2;7;0;0;2;1;15;A01
201700018426;1;7;0;0;2;1;1;B01
201700018426;2;7;0;0;2;1;1;C01
201700018427;2;7;0;13;0;1;1;A01
201700018428;1;7;0;0;2;1;13;A01
201700018428;2;7;0;0;2;1;1;B01
201700018429;2;7;0;0;2;1;1;A01
201700018429;2;17;0;0;2;4;9;B01
201700018430;2;7;0;2;0;1;14;A01
201700018431;1;7;0;1;0;8;13;A01
201700018432;0;7;0;0;2;3;13;A01
201700018432;0;7;0;0;2;3;1;B01
201700018433;1;7;0;0;2;1;2;A01
201700018433;1;7;0;0;2;4;1;B01
201700018434;1;7;0;0;2;8;18;A01
201700018434;1;10;0;0;2;2;16;B01
201700018435;2;7;0;13;0;2;14;A01
201700018436;2;7;0;2;0;1;1;A01
201700018437;1;10;0;0;2;3;15;A01
201700018437;1;33;0;0;2;1;17;B01
201700018438;1;7;0;0;2;6;19;A01
201700018438;1;7;0;0;2;1;1;B01
201700018439;1;7;0;2;0;1;13;A01
201700018440;2;7;0;3;0;1;14;A01
201700018441;1;7;0;2;0;1;15;A01
201700018442;0;7;0;2;0;3;1;A01
201700018443;1;7;0;13;0;4;13;A01
201700018444;2;7;0;0;2;3;1;A01
201700018444;1;7;0;0;2;3;1;B01
201700018445;2;2;0;0;2;3;1;B01
201700018445;1;7;0;0;2;2;16;A01
201700018446;1;7;0;0;1;7;0;A01
201700018447;1;2;0;0;0;9;17;B01
201700018447;1;7;0;0;0;0;16;A01
201700018448;2;7;0;13;0;2;1;A01
201700018449;1;7;0;0;2;3;1;B01
201700018449;2;7;0;0;2;3;1;A01
201700018450;0;7;0;0;2;2;9;A01
201700018450;0;2;0;0;2;5;19;B01
201700018451;2;7;0;0;1;7;1;A01
201700018452;1;2;0;9;0;3;1;A01
201700018453;0;7;0;0;1;0;1;A01
201700018454;1;7;0;2;0;1;13;A01
201700018455;1;7;0;0;1;5;0;A01
201700018456;1;7;0;13;0;3;1;A01
201700018457;1;7;0;0;2;1;1;B01
201700018457;2;7;0;0;2;1;15;A01
201700018458;2;7;0;2;0;9;1;A01
201700018459;2;7;0;6;0;1;1;A01
201700018460;0;2;0;8;0;1;1;A01
201700018461;0;33;0;16;0;0;1;A01
201700018462;1;33;0;13;0;0;1;A01
201700018463;0;7;0;0;1;1;1;A01
201700018464;1;7;0;0;9;5;15;A01
201700018464;2;1;0;0;2;1;1;B01
201700018465;0;2;0;6;0;0;1;A01
201700018466;1;13;0;0;2;7;17;A01
201700018466;1;21;0;0;2;8;1;B01
201700018467;1;7;0;13;0;3;13;A01
201700018468;1;33;0;0;2;0;1;B01
201700018468;1;33;0;1;1;1;17;A01
201700018468;0;7;0;0;0;6;24;C01
201700018469;2;33;0;13;0;1;1;A01
201700018470;2;7;0;0;2;1;1;B01
201700018470;0;7;0;0;2;8;19;A01
201700018471;0;7;0;6;0;2;1;A01
201700018472;2;7;0;0;0;0;1;A01
201700018473;0;7;0;0;2;3;1;A01
201700018473;0;7;0;0;2;3;1;B01
201700018474;2;7;0;16;0;3;14;A01
201700018475;2;33;0;0;2;1;21;A01
201700018475;1;7;0;0;2;3;15;B01
201700018476;1;7;0;0;1;8;15;A01
201700018477;2;7;0;0;2;1;13;A01
201700018477;1;7;0;0;2;1;1;B01
201700018478;0;7;0;0;2;1;11;A01
201700018478;0;15;0;0;2;1;1;B01
201700018478;0;7;0;0;2;1;1;D01
201700018479;1;7;0;6;0;2;1;A01
201700018480;2;7;0;0;2;4;1;A01
201700018480;2;7;0;0;2;1;1;B01
201700018480;2;7;0;0;2;1;1;C01
201700018481;2;2;0;15;0;7;0;A01
201700018482;1;33;0;3;2;2;13;A01
201700018482;2;7;0;0;2;2;1;B01
201700018483;1;7;0;0;2;3;5;A01
201700018483;2;7;0;0;2;1;1;B01
201700018483;2;7;0;0;2;1;1;C01
201700018484;1;7;0;0;2;8;1;A01
201700018484;2;7;0;6;2;3;13;B01
201700018485;0;7;0;0;1;2;1;A01
201700018486;0;33;0;13;0;2;1;A01
201700018487;2;7;0;0;2;3;9;A01
201700018487;1;2;0;0;2;1;13;B01
201700018488;0;2;0;0;0;7;1;A01
201700018489;1;3;0;10;0;3;1;A01
201700018490;2;2;0;13;0;0;1;A01
201700018491;0;14;0;0;1;2;1;A01
201700018492;2;21;0;0;2;3;15;A01
201700018492;1;7;0;0;2;1;1;B01
201700018493;1;7;0;8;0;8;1;A01
201700018494;0;33;0;13;0;1;1;A01
201700018495;2;21;0;0;2;6;1;B01
201700018495;2;7;0;0;2;2;19;A01
201700018496;0;7;0;0;9;5;19;A01
201700018496;1;1;0;0;2;1;15;B01
201700018497;2;33;0;0;2;3;21;A01
201700018497;2;7;0;0;0;5;16;B01
201700018498;2;33;0;0;0;3;1;A01
201700018499;1;7;0;8;0;2;1;A01
201700018500;0;33;0;0;2;2;19;A01
201700018500;0;7;0;0;2;1;1;B01
201700018501;1;7;0;15;0;2;19;A01
201700018502;2;7;0;0;1;1;1;A01
201700018503;1;21;0;0;2;6;2;A01
201700018503;1;7;0;0;2;3;2;B01
201700018504;2;7;0;0;2;1;1;A01
201700018504;1;7;0;0;2;6;1;B01
201700018504;1;7;0;0;2;8;1;C01
201700018505;2;14;0;16;0;8;1;A01
201700018506;2;7;0;8;0;2;1;A01
201700018507;2;33;0;0;0;5;1;A01
201700018508;0;7;0;0;1;2;1;A01
201700018509;0;7;0;0;0;3;13;A01
201700018509;0;7;0;0;0;3;1;B01
201700018510;2;36;0;8;0;1;1;A01
201700018511;1;7;0;0;2;1;1;A01
201700018511;2;7;0;0;2;1;1;B01
201700018512;1;33;0;0;2;8;1;B01
201700018512;1;7;0;0;2;7;15;A01
201700018513;1;7;0;0;2;3;17;A01
201700018513;0;10;0;0;2;3;15;B01
201700018514;1;7;0;0;2;2;1;A01
201700018514;1;1;0;0;0;4;1;B01
201700018515;2;7;0;0;2;3;21;A01
201700018515;1;20;0;0;2;3;1;B01
201700018516;1;33;0;0;2;2;17;A01
201700018516;1;7;0;0;2;8;15;B01
201700018517;0;7;0;0;0;1;1;A01
201700018517;0;7;0;0;0;8;16;B01
201700018518;2;33;0;0;0;7;16;A01
201700018519;0;2;0;0;2;1;13;A01
201700018519;0;7;0;0;2;3;0;B01
201700018520;2;33;0;13;0;3;1;A01
201700018521;0;7;0;0;1;1;1;A01
201700018522;0;33;0;0;2;1;16;A01
201700018522;0;7;0;0;2;8;15;B01
201700018523;0;7;0;0;2;1;16;A01
201700018523;1;7;0;0;2;7;1;B01
201700018524;0;2;0;0;2;8;18;A01
201700018524;0;7;0;0;2;7;16;B01
201700018525;1;7;0;0;2;1;1;A01
201700018525;0;7;0;0;2;2;1;B01
201700018526;0;7;0;0;1;2;9;A01
201700018527;2;7;0;2;0;3;1;A01
201700018528;2;10;0;0;2;3;1;A01
201700018528;1;7;0;6;2;3;1;B01
201700018529;0;7;0;0;1;0;2;A01
201700018530;1;7;0;0;2;7;13;A01
201700018530;2;7;0;0;2;1;1;B01
201700018531;1;7;0;13;0;0;0;A01
201700018532;2;10;0;0;2;3;13;A01
201700018532;1;7;0;0;2;3;1;B01
201700018533;2;7;0;0;1;1;1;A01
201700018534;1;38;17;5;0;1;1;A01
201700018535;1;33;0;0;2;1;5;A01
201700018535;0;7;0;0;2;1;1;B01
201700018536;0;33;0;16;0;1;14;A01
201700018537;2;33;0;0;0;8;1;A01
201700018538;1;7;0;0;2;1;1;B01
201700018538;2;7;0;0;2;1;1;A01
201700018539;0;33;0;0;2;5;17;A01
201700018539;0;7;0;0;2;3;20;B01
201700018540;1;33;0;0;2;3;1;B01
201700018540;2;33;0;0;2;3;13;A01
201700018541;1;33;0;2;0;1;15;A01
201700018542;1;17;0;0;2;0;1;A01
201700018542;2;7;0;0;2;3;1;C01
201700018543;2;7;0;2;0;1;13;A01
201700018544;1;33;0;15;0;1;1;A01
201700018545;1;7;0;2;0;8;1;A01
201700018546;2;7;0;0;2;1;13;A01
201700018546;1;7;0;0;2;1;1;B01
201700018547;1;1;0;0;2;8;15;B01
201700018547;2;3;0;0;9;1;0;A01
201700018548;0;7;0;0;2;2;13;A01
201700018548;0;7;0;0;2;2;2;B01
201700018549;2;7;0;0;2;1;1;B01
201700018549;1;7;0;0;2;1;13;A01
201700018550;1;7;0;13;0;1;14;A01
201700018551;2;7;0;13;0;1;1;A01
201700018552;1;7;0;0;0;9;0;A01
201700018553;1;33;0;0;0;0;16;A01
201700018554;2;7;0;0;2;3;13;A01
201700018554;1;7;0;0;2;2;1;B01
201700018555;1;7;0;0;9;2;1;A01
201700018555;2;1;0;0;2;2;5;B01
201700018556;2;7;0;0;2;8;15;A01
201700018556;2;7;0;0;2;2;17;B01
201700018556;1;7;0;0;2;1;1;C01
201700018557;0;7;0;0;1;1;0;A01
201700018558;2;7;0;2;0;7;1;A01
201700018559;2;7;0;13;0;9;1;A01
201700018560;1;7;0;0;2;3;5;A01
201700018560;2;17;0;0;2;3;1;B01
201700018561;2;7;0;0;2;1;1;A01
201700018561;1;7;0;0;2;2;15;B01
201700018562;0;7;0;2;0;1;2;A01
201700018563;0;7;0;0;1;1;2;A01
201700018564;2;7;0;2;0;3;0;A01
201700018565;1;7;0;0;2;3;1;A01
201700018565;2;7;0;0;2;8;1;B01
201700018566;2;33;0;5;0;1;1;A01
201700018567;1;7;0;8;0;1;1;A01
201700018568;2;7;0;0;2;3;13;A01
201700018568;1;7;0;0;2;3;1;B01
201700018569;0;7;0;0;2;1;13;A01
201700018569;0;7;0;0;2;1;1;B01
201700018570;0;7;0;0;2;1;13;A01
201700018570;0;7;0;13;2;3;1;B01
201700018571;2;7;0;0;2;2;13;A01
201700018571;1;7;0;11;2;2;1;B01
201700018571;2;7;0;0;2;1;1;C01
201700018572;2;7;0;1;0;1;0;A01
201700018573;2;7;0;0;2;1;1;A01
201700018573;1;13;0;0;2;2;15;B01
201700018574;0;7;0;3;0;2;0;A01
201700018575;1;10;0;2;0;0;1;A01
201700018576;0;33;0;0;6;7;0;A01
201700018577;2;7;0;0;0;9;1;A01
201700018578;1;7;0;8;0;2;1;A01
201700018579;2;7;0;2;0;1;1;A01
201700018580;2;2;0;0;0;1;2;A01
201700018580;2;7;0;0;0;4;15;B01
201700018581;2;7;0;0;2;1;1;A01
201700018581;1;7;0;0;2;1;1;B01
201700018582;2;7;0;0;2;1;1;A01
201700018582;1;7;0;0;2;3;19;B01
201700018583;1;2;0;0;2;3;15;A01
201700018583;1;7;0;0;2;2;2;B01
201700018584;1;7;0;0;1;1;1;A01
201700018585;0;7;0;0;1;1;1;A01
201700018586;0;7;0;0;2;1;2;A01
201700018586;0;7;0;0;0;4;2;B01
201700018587;1;7;0;0;1;7;17;A01
201700018588;0;7;0;0;2;8;1;A01
201700018588;0;33;0;0;2;3;1;B01
201700018589;2;7;0;0;2;8;13;A01
201700018589;1;7;0;0;2;8;1;B01
201700018590;0;7;0;6;0;1;6;A01
201700018591;2;7;0;2;0;2;1;A01
201700018592;0;13;0;0;1;2;0;A01
201700018593;2;7;0;0;2;8;0;A01
201700018593;0;7;0;0;2;2;20;B01
201700018594;1;7;0;8;0;1;1;A01
201700018595;0;7;0;0;1;2;1;A01
201700018596;0;7;0;0;2;7;15;A01
201700018596;0;33;0;0;2;1;1;B01
201700018597;1;33;0;0;0;0;1;A01
201700018598;1;7;0;16;0;1;1;A01
201700018599;2;7;0;0;2;7;13;A01
201700018599;1;7;0;0;2;1;2;B01
201700018600;0;32;0;0;0;0;1;A01
201700018601;2;7;0;0;1;2;14;Z01
201700018602;0;7;0;6;0;3;1;A01
201700018603;1;10;0;13;0;9;13;A01
201700018604;0;33;0;6;0;2;1;A01
201700018605;1;7;0;0;2;2;0;B01
201700018605;1;7;0;0;2;7;17;C01
201700018605;0;7;0;0;2;1;19;A01
201700018606;1;7;0;0;2;0;17;A01
201700018606;1;7;0;0;2;3;1;B01
201700018607;2;7;0;0;0;1;1;B01
201700018607;1;10;0;8;0;7;19;A01
201700018608;1;10;0;0;2;3;1;B01
201700018608;0;33;0;0;2;2;19;A01
201700018609;1;33;0;13;0;1;1;A01
201700018610;2;7;0;0;2;3;1;B01
201700018610;1;7;0;0;2;3;1;A01
201700018611;0;10;0;0;2;1;1;B01
201700018611;0;7;0;0;0;8;15;A01
201700018612;2;7;0;2;0;1;1;A01
201700018613;2;34;0;13;0;1;1;A01
201700018614;2;33;0;0;0;2;1;A01
201700018615;2;7;0;16;0;0;1;A01
201700018616;0;10;0;0;2;1;2;B01
201700018616;0;7;0;0;0;4;15;A01
201700018617;0;7;0;6;2;3;21;A01
201700018617;0;1;0;0;2;1;5;B01
201700018618;2;7;0;0;0;9;1;A01
201700018619;2;38;1;7;2;3;21;B01
201700018619;1;7;0;0;2;1;13;A01
201700018620;1;7;0;2;0;1;1;A01
201700018621;0;10;0;0;1;3;1;A01
201700018622;0;33;0;13;9;6;1;A01
201700018623;1;7;0;13;0;1;1;A01
201700018624;1;7;0;2;0;1;1;A01
201700018625;2;2;0;0;0;0;1;A01
201700018626;1;7;0;0;2;7;5;A01
201700018626;2;7;0;0;2;1;1;B01
201700018627;1;2;0;0;0;0;1;A01
201700018628;2;33;0;0;0;1;1;B01
201700018628;2;7;0;0;2;3;15;A01
201700018629;2;7;0;0;2;3;13;A01
201700018629;1;7;0;0;2;3;1;B01
201700018630;2;7;0;0;2;2;1;A01
201700018630;2;2;0;0;2;5;1;B01
201700018631;2;7;0;0;2;3;13;A01
201700018631;1;7;0;0;2;2;0;B01
201700018632;2;7;0;0;0;0;1;A01
201700018632;0;33;0;0;0;0;16;B01
201700018633;2;7;0;0;0;0;17;A01
201700018633;1;7;0;0;2;3;13;B01
201700018633;2;7;0;0;2;3;1;C01
201700018634;1;7;0;0;2;1;13;A01
201700018634;2;7;0;0;2;1;1;B01
201700018635;0;7;0;0;0;0;14;A01
201700018636;0;7;0;1;0;1;1;A01
201700018637;1;7;0;0;2;9;17;A01
201700018637;2;15;0;0;2;1;1;B01
201700018637;1;7;0;0;2;9;1;C01
201700018638;2;7;0;0;0;9;1;A01
201700018639;0;7;0;0;1;5;0;A01
201700018640;0;7;0;0;1;8;15;A01
201700018641;2;7;0;16;0;9;1;A01
201700018642;1;7;0;13;0;9;17;A01
201700018643;1;7;0;0;0;2;1;A01
201700018644;0;21;0;16;0;1;1;A01
201700018645;0;7;0;0;2;1;1;B01
201700018645;0;10;0;0;2;3;1;A01
201700018646;2;7;0;2;0;1;0;A01
201700018647;0;7;0;6;0;1;1;A01
201700018648;2;7;0;0;2;3;11;A01
201700018648;1;7;0;0;2;2;1;B01
201700018649;1;7;0;0;2;6;13;A01
201700018649;1;7;0;0;2;1;17;B01
201700018650;2;2;0;0;0;1;2;A01
201700018651;2;7;0;8;0;9;1;A01
201700018652;1;7;0;15;9;1;1;A01
201700018653;2;10;0;0;2;2;13;A01
201700018653;1;10;0;0;2;1;1;B01
201700018654;1;36;0;13;0;3;0;A01
201700018655;2;7;0;6;0;3;1;A01
201700018656;1;7;0;0;1;3;1;A01
201700018657;1;7;0;0;2;7;15;A01
201700018657;2;33;0;0;2;1;1;B01
201700018658;2;17;0;4;0;2;14;A01
201700018659;1;7;0;0;2;2;1;A01
201700018659;1;1;0;0;2;4;1;B01
201700018660;2;7;0;0;0;5;15;A01
201700018660;1;2;0;12;2;1;1;B01
201700018661;2;7;0;0;2;2;1;B01
201700018661;1;15;0;0;2;2;9;A01
201700018662;0;7;0;0;1;7;1;A01
201700018663;0;7;0;8;0;1;0;A01
201700018664;0;7;0;0;0;2;2;A01
201700018664;0;1;0;0;0;3;2;B01
201700018665;1;33;0;13;0;0;1;A01
201700018665;2;7;0;0;2;3;13;B01
201700018666;1;33;0;0;2;1;5;A01
201700018666;2;7;0;0;2;3;1;B01
201700018667;0;7;0;8;0;1;1;A01
201700018668;0;2;0;12;0;7;1;A01
201700018669;0;31;0;6;0;1;1;A01
201700018670;0;1;0;0;2;7;19;A01
201700018670;0;7;0;0;9;1;1;B01
201700018671;0;7;0;0;1;2;17;A01
201700018672;2;2;0;0;2;4;14;A01
201700018672;2;7;0;0;2;5;18;B01
201700018673;1;7;0;15;0;1;0;A01
201700018674;1;33;0;0;2;0;2;A01
201700018674;1;7;0;0;0;4;2;B01
201700018675;1;7;0;7;0;1;13;A01
201700018676;0;7;0;0;2;8;1;B01
201700018676;0;7;0;0;2;1;1;A01
201700018677;0;10;0;0;1;1;2;A01
201700018678;1;10;0;0;2;2;17;A01
201700018678;2;10;0;0;2;3;1;B01
201700018678;1;21;0;0;2;4;1;C01
201700018679;0;36;0;13;0;1;14;A01
201700018680;0;7;0;13;0;2;1;A01
201700018681;2;33;0;16;0;9;1;A01
201700018682;2;7;0;13;0;1;11;A01
201700018683;1;7;0;0;2;1;13;A01
201700018683;2;14;0;2;2;1;1;B01
201700018684;2;7;0;0;2;1;1;B01
201700018684;2;7;0;7;2;2;19;A01
201700018685;2;7;0;0;0;8;15;A01
201700018685;1;33;0;0;0;8;15;B01
201700018686;1;7;0;0;2;3;15;A01
201700018686;2;7;0;0;2;1;1;B01
201700018687;2;7;0;0;2;2;15;A01
201700018687;1;7;0;0;2;1;1;B01
201700018688;1;7;0;3;2;5;17;A01
201700018688;2;7;0;3;2;3;1;B01
201700018688;1;7;0;0;2;6;1;C01
201700018689;0;2;0;0;2;1;0;A01
201700018689;0;7;0;16;2;3;0;B01
201700018690;1;2;0;0;2;7;1;A01
201700018690;1;7;0;0;2;3;1;B01
201700018691;0;7;0;6;0;1;1;A01
201700018692;0;7;0;0;0;4;2;A01
201700018692;0;10;0;1;0;1;2;B01
201700018693;1;10;0;0;2;3;1;A01
201700018693;2;7;0;0;2;8;1;B01
201700018694;2;7;0;1;0;1;1;A01
201700018694;2;15;0;0;2;4;0;B01
201700018695;2;14;0;0;2;0;2;A01
201700018695;2;14;0;0;0;4;23;B01
201700018696;0;7;0;0;0;1;1;B01
201700018696;0;7;0;0;0;3;9;A01
201700018697;1;31;0;0;5;1;1;A01
201700018698;2;7;0;0;2;1;2;A01
201700018698;2;7;0;0;0;5;15;B01
201700018699;1;7;0;0;2;2;17;A01
201700018699;1;14;0;0;2;3;15;B01
201700018700;2;7;0;0;0;4;2;A01
201700018700;2;7;0;0;2;1;2;B01
201700018701;2;7;0;0;0;9;1;A01
201700018702;2;7;0;0;2;2;1;A01