num_acc;senc;catv;occutc;obs;obsm;choc;manv;num_veh
201700018702;1;7;0;8;2;7;1;B01
201700018703;1;7;0;0;0;8;1;B01
201700018703;2;7;0;0;2;1;1;A01
201700018704;1;1;0;0;2;8;15;A01
201700018704;1;7;0;0;2;2;1;B01
201700018705;0;7;0;0;2;2;1;A01
201700018705;0;2;0;0;0;8;1;B01
201700018706;1;7;0;0;2;3;13;A01
201700018706;2;15;0;0;2;3;1;B01
201700018706;1;15;0;0;2;8;1;C01
201700018707;0;7;0;0;9;8;10;A01
201700018707;0;2;0;0;2;1;1;B01
201700018708;0;7;0;0;2;1;1;A01
201700018708;0;2;0;6;2;8;1;B01
201700018709;2;33;0;0;2;3;1;A01
201700018709;1;33;0;0;2;3;1;B01
201700018710;1;33;0;2;6;1;1;A01
201700018711;2;7;0;13;0;1;1;A01
201700018712;0;7;0;0;1;4;20;A01
201700018713;1;7;0;3;2;5;12;A01
201700018713;1;38;57;0;2;3;1;B02
201700018713;1;38;50;0;2;1;1;C08
201700018714;1;7;0;0;2;5;16;A01
201700018714;1;33;0;0;2;1;2;B01
201700018715;0;2;0;12;0;2;14;A01
201700018716;0;7;0;6;0;1;1;A01
201700018717;1;7;0;0;0;5;0;A01
201700018717;2;7;0;0;2;2;1;B01
201700018718;0;7;0;0;1;1;1;A01
201700018719;2;7;0;15;0;1;17;A01
201700018720;1;7;0;13;0;0;0;A01
201700018721;2;7;0;0;2;8;13;A01
201700018721;1;7;0;0;2;8;1;B01
201700018722;0;33;0;13;0;1;13;A01
201700018723;1;7;0;6;0;2;1;A01
201700018724;2;7;0;0;1;3;1;A01
201700018725;1;2;0;6;0;1;21;A01
201700018726;0;33;0;0;0;0;1;A01
201700018727;0;33;0;0;0;0;1;A01
201700018728;0;7;0;2;0;3;1;A01
201700018729;0;33;0;0;2;2;17;B01
201700018729;0;10;0;0;9;3;13;A01
201700018730;2;7;0;6;0;1;13;A01
201700018731;0;10;0;0;1;4;4;A01
201700018732;2;7;0;0;2;2;13;A01
201700018732;1;7;0;0;2;2;1;B01
201700018733;0;36;0;0;0;2;1;A01
201700018734;1;7;0;0;2;3;15;A01
201700018734;1;33;0;0;2;1;21;B01
201700018735;1;7;0;0;2;1;2;A01
201700018735;1;7;0;0;0;4;23;B01
201700018736;2;33;0;0;0;7;1;A01
201700018737;1;36;0;0;5;1;1;A01
201700018738;0;7;0;0;2;2;15;A01
201700018738;0;7;0;0;2;3;1;B01
201700018739;0;7;0;0;2;3;15;A01
201700018739;0;1;0;0;2;1;1;B01
201700018740;0;7;0;0;1;1;1;A01
201700018741;1;7;0;0;0;4;1;A01
201700018741;1;7;0;0;2;1;2;B01
201700018742;1;7;0;2;0;3;1;A01
201700018743;1;33;0;0;2;1;13;A01
201700018743;2;7;0;0;2;3;21;B01
201700018744;1;7;0;0;2;2;1;A01
201700018744;2;7;0;0;2;2;1;B01
201700018745;0;7;0;12;1;2;15;A01
201700018746;0;1;0;0;0;1;13;A01
201700018746;0;7;0;0;9;3;1;B01
201700018747;0;2;0;2;2;0;2;A01
201700018747;0;2;0;0;2;0;0;B01
201700018748;0;33;0;0;0;0;1;A01
201700018749;0;33;0;0;2;1;2;A01
201700018750;0;33;0;0;9;2;1;A01
201700018751;0;33;0;0;2;2;21;B01
201700018751;0;7;0;0;2;3;19;A01
201700018752;0;7;0;0;2;1;21;B01
201700018752;0;7;0;0;2;5;13;A01
201700018753;1;10;0;0;0;3;1;A01
201700018753;1;10;0;0;2;6;1;B01
201700018753;1;7;0;0;0;4;1;C01
201700018754;0;15;0;0;0;8;1;A01
201700018755;2;7;0;13;0;1;19;A01
201700018756;0;7;0;0;1;2;1;A01
201700018757;2;7;0;0;0;2;1;A01
201700018758;0;7;0;8;0;1;1;A01
201700018759;1;7;0;0;1;2;15;A01
201700018760;2;7;0;2;0;7;1;A01
201700018761;1;7;0;0;2;1;11;A01
201700018761;0;7;0;0;2;8;15;B01
201700018762;;7;0;1;0;1;23;A01
201700018762;0;30;0;0;2;2;1;B01
201700018763;2;2;0;0;2;1;1;A01
201700018763;2;7;0;0;0;4;23;B01
201700018764;1;7;0;0;0;7;15;A01
201700018764;2;2;0;0;2;1;1;B01
201700018765;1;31;0;0;9;1;2;A01
201700018765;1;1;0;0;2;4;13;B01
201700018766;1;33;0;0;2;1;1;B01
201700018766;1;33;0;0;2;1;1;C01
201700018766;2;7;0;0;2;3;1;D01
201700018766;0;7;0;0;2;3;19;A01
201700018767;2;7;0;3;0;0;1;A01
201700018768;1;7;0;13;0;1;1;A01
201700018769;1;7;0;0;2;1;15;B01
201700018769;1;33;0;0;2;1;17;A01
201700018770;1;7;0;0;2;3;1;A01
201700018770;0;7;0;0;2;4;1;B01
201700018770;0;7;0;0;2;6;2;C01
201700018771;2;7;0;0;2;3;5;A01
201700018771;1;2;0;13;2;1;0;B01
201700018772;2;20;0;13;0;1;1;A01
201700018773;1;7;0;0;2;3;2;A01
201700018773;1;33;0;0;0;4;2;B01
201700018774;0;1;0;0;2;0;13;A01
201700018774;0;7;0;0;2;1;1;B01
201700018775;0;10;0;0;2;2;2;C01
201700018775;0;7;0;0;2;4;11;A01
201700018775;0;10;0;0;2;1;1;B01
201700018776;2;7;0;0;0;5;23;B01
201700018776;2;2;0;0;2;1;9;A01
201700018777;1;1;0;0;0;4;13;A01
201700018777;1;1;0;0;2;1;2;B01
201700018778;0;7;0;6;0;1;0;A01
201700018779;0;7;0;16;0;1;1;A01
201700018780;1;7;0;0;2;1;13;A01
201700018780;2;7;0;0;2;1;1;B01
201700018781;1;7;0;0;2;3;13;A01
201700018781;2;38;1;0;2;3;1;B01
201700018782;2;7;0;0;2;3;13;A01
201700018782;1;7;0;0;2;3;1;B01
201700018782;1;7;0;13;0;7;21;C01
201700018783;0;36;0;16;0;1;1;A01
201700018784;0;33;0;0;2;1;1;B01
201700018784;0;7;0;0;0;8;15;A01
201700018785;1;7;0;0;2;6;1;B01
201700018785;2;7;0;0;2;3;13;A01
201700018785;1;7;0;0;2;1;1;C01
201700018786;2;15;0;0;2;1;1;B01
201700018786;1;7;0;0;2;4;1;A01
201700018787;2;7;0;0;2;1;1;A01
201700018787;1;17;0;0;2;1;1;B01
201700018788;1;10;0;0;2;7;14;A01
201700018788;1;1;0;0;2;0;1;B01
201700018789;0;33;0;0;2;1;1;B01
201700018789;0;7;0;0;2;3;16;A01
201700018790;0;7;0;0;2;8;23;C01
201700018790;1;7;0;0;2;3;15;A01
201700018790;2;33;0;0;2;1;1;B01
201700018791;0;1;0;0;2;7;1;A01
201700018791;0;7;0;0;2;1;6;B01
201700018792;1;7;0;0;1;2;1;A01
201700018793;1;36;0;0;2;3;13;A01
201700018793;1;31;0;0;2;1;2;B01
201700018794;2;33;0;0;2;1;13;A01
201700018794;1;7;0;0;2;2;19;B01
201700018795;1;7;0;0;2;7;1;A01
201700018795;2;7;0;0;2;1;1;B01
201700018796;1;7;0;13;0;1;1;A01
201700018797;1;7;0;13;0;1;1;A01
201700018798;1;33;0;0;2;1;1;C01
201700018798;0;7;0;0;2;3;1;A01
201700018798;2;7;0;0;2;2;5;B01
201700018799;2;7;0;0;2;3;16;A01
201700018799;2;7;0;0;2;2;1;B01
201700018800;0;7;0;0;1;3;1;A01
201700018801;1;7;0;15;0;0;21;A01
201700018802;1;7;0;0;2;1;1;E01
201700018802;1;7;0;0;2;8;1;B01
201700018802;2;7;0;0;2;3;13;A01
201700018802;1;7;0;0;2;1;1;D01
201700018802;1;7;0;0;2;8;1;C01
201700018803;2;7;0;0;2;2;17;A01
201700018803;2;2;0;0;2;0;1;B01
201700018804;0;7;0;0;1;1;0;A01
201700018805;1;2;0;0;0;0;0;A01
201700018806;2;7;0;2;0;3;21;A01
201700018807;2;7;0;0;2;1;17;A01
201700018807;2;2;0;0;0;0;1;B01
201700018807;1;7;0;0;2;1;1;C01
201700018808;2;7;0;15;0;1;14;A01
201700018809;1;33;0;0;2;1;2;A01
201700018809;1;32;0;0;0;4;2;B01
201700018810;1;7;0;0;2;8;19;A01
201700018810;1;7;0;0;2;1;1;B01
201700018811;2;7;0;0;2;7;15;A01
201700018811;1;31;0;0;2;1;1;B01
201700018812;1;7;0;0;2;3;13;A01
201700018812;2;7;0;0;2;3;1;B01
201700018813;1;34;0;0;2;1;1;A01
201700018813;1;7;0;0;0;4;1;B01
201700018814;0;7;0;6;0;8;1;A01
201700018815;1;2;0;0;2;3;15;B01
201700018815;1;14;0;0;2;7;17;A01
201700018816;1;7;0;0;1;1;21;A01
201700018817;2;7;0;16;0;2;14;A01
201700018818;0;2;0;0;2;1;1;A01
201700018818;0;7;0;0;2;1;1;B01
201700018819;1;7;0;13;0;1;1;A01
201700018820;1;15;0;0;1;5;1;A01
201700018821;0;7;0;0;1;1;1;A01
201700018822;2;14;0;0;2;6;23;B01
201700018822;2;7;0;0;2;2;2;A01
201700018823;0;7;0;0;2;1;1;B01
201700018823;0;7;0;0;2;8;19;A01
201700018824;0;7;0;8;0;3;13;A01
201700018825;0;7;0;0;2;2;17;A01
201700018825;0;1;0;0;2;4;2;B01
201700018826;1;7;0;0;2;1;1;C01
201700018826;2;7;0;0;2;6;1;B01
201700018826;2;7;0;0;2;2;13;A01
201700018827;1;7;0;6;0;1;1;A01
201700018828;2;7;0;7;0;1;1;A01
201700018829;0;7;0;6;0;1;2;A01
201700018830;0;36;0;0;2;1;1;A01
201700018830;0;7;0;0;2;8;1;B01
201700018831;0;7;0;0;1;2;0;A01
201700018832;0;7;0;6;0;1;1;A01
201700018833;1;7;0;6;0;3;1;A01
201700018834;1;7;0;0;2;1;1;A01
201700018834;2;7;0;0;2;1;1;B01
201700018835;0;7;0;0;1;2;2;A01
201700018836;2;1;0;0;2;7;15;A01
201700018836;1;7;0;0;9;5;2;B01
201700018837;1;7;0;0;1;2;1;A01
201700018838;2;7;0;0;2;2;17;B01
201700018838;2;2;0;0;2;1;15;A01
201700018839;1;10;0;2;0;3;1;A01
201700018840;1;10;0;0;2;5;15;A01
201700018840;1;7;0;0;2;1;1;C01
201700018840;2;7;0;0;2;1;1;B01
201700018841;0;7;0;0;1;2;1;A01
201700018842;2;7;0;0;2;1;17;B01
201700018842;2;2;0;0;2;8;15;A01
201700018843;1;13;0;0;2;4;1;B01
201700018843;1;2;0;0;2;1;1;A01
201700018844;1;7;0;13;0;1;13;A01
201700018845;2;7;0;0;2;5;15;A01
201700018845;2;33;0;0;2;7;1;B01
201700018846;2;7;0;13;0;1;1;A01
201700018847;1;7;0;0;2;8;1;C01
201700018847;2;7;0;0;2;3;5;A01
201700018847;1;7;0;0;2;3;1;B01
201700018848;0;14;0;0;2;8;19;A01
201700018848;0;7;0;0;2;2;1;B01
201700018849;0;14;0;0;2;1;1;A01
201700018849;0;14;0;0;2;4;15;B01
201700018850;0;7;0;13;0;0;1;A01
201700018851;2;7;0;0;2;3;0;B01
201700018851;1;7;0;0;2;1;13;A01
201700018852;0;7;0;1;0;3;1;A01
201700018853;1;7;0;6;0;3;0;A01
201700018854;2;7;0;3;0;1;14;A01
201700018855;1;7;0;2;0;2;2;A01
201700018856;1;7;0;0;2;3;5;A01
201700018856;2;7;0;0;2;3;1;B01
201700018857;2;33;0;0;0;0;1;A01
201700018858;1;33;0;0;2;1;1;B01
201700018858;2;7;0;0;2;2;15;A01
201700018859;1;31;0;0;0;9;1;A01
201700018860;1;30;0;0;2;1;1;A01
201700018860;1;7;0;0;2;4;15;B01
201700018861;1;7;0;0;2;2;2;A01
201700018861;1;21;0;0;2;6;2;B01
201700018862;2;7;0;0;2;3;17;B01
201700018862;2;7;0;0;2;2;1;A01
201700018863;2;7;0;13;0;3;13;A01
201700018864;2;7;0;13;0;1;13;A01
201700018865;1;7;0;2;0;8;1;A01
201700018866;1;7;0;0;2;5;15;B01
201700018866;2;33;0;0;2;1;1;A01
201700018867;2;7;0;0;2;3;13;A01
201700018867;1;7;0;0;0;3;1;B01
201700018868;1;33;0;0;0;1;1;A01
201700018869;1;33;0;0;0;9;1;A01
201700018870;1;7;0;6;0;9;13;A01
201700018871;0;3;0;0;2;3;19;A01
201700018871;2;7;0;0;2;1;1;B01
201700018872;1;7;0;2;0;1;1;A01
201700018873;1;7;0;7;2;8;19;A01
201700018873;2;7;0;0;2;1;1;B01
201700018874;2;7;0;2;0;2;1;A01
201700018875;2;7;0;13;0;1;14;A01
201700018876;1;33;0;0;0;0;1;A01
201700018877;2;33;0;16;0;7;16;A01
201700018878;2;7;0;15;0;1;1;A01
201700018879;1;7;0;8;0;1;14;A01
201700018880;2;7;0;0;0;0;1;A01
201700018881;2;7;0;13;0;1;1;A01
201700018882;2;33;0;0;2;1;1;A01
201700018882;1;7;0;0;2;8;1;B01
201700018883;1;7;0;0;2;7;21;A01
201700018883;2;7;0;0;2;1;1;B01
201700018884;1;7;0;2;0;6;1;A01
201700018885;2;1;0;0;2;1;1;B01
201700018885;1;7;0;0;2;2;15;A01
201700018886;2;7;0;6;0;1;0;A01
201700018887;2;7;0;0;2;1;1;A01
201700018887;0;1;0;0;2;1;15;B01
201700018888;2;31;0;0;2;8;1;B01
201700018888;1;7;0;0;2;3;15;A01
201700018889;2;7;0;2;0;2;0;A01
201700018890;0;36;0;10;0;0;1;A01
201700018891;1;7;0;0;2;1;5;A01
201700018891;2;7;0;0;2;1;1;B01
201700018892;1;7;0;8;0;2;0;A01
201700018893;0;33;0;0;0;0;0;A01
201700018894;1;7;0;0;0;0;16;A01
201700018895;0;7;0;0;1;1;20;A01
201700018896;2;33;0;0;0;0;1;A01
201700018897;0;7;0;0;2;3;15;B01
201700018897;0;32;0;0;2;1;17;A01
201700018898;0;2;0;0;2;1;1;B01
201700018898;0;7;0;0;2;5;1;A01
201700018899;2;2;0;0;0;8;2;A01
201700018900;1;7;0;0;0;3;1;A01
201700018900;2;2;0;0;2;8;1;B01
201700018901;1;7;0;8;0;1;14;A01
201700018902;2;33;0;0;2;1;17;A01
201700018902;1;10;0;0;2;1;1;B01
201700018902;1;10;0;0;2;1;19;C01
201700018903;2;14;0;0;2;0;1;A01
201700018903;2;1;0;0;0;8;1;B01
201700018904;2;7;0;0;1;3;1;A01
201700018905;1;7;0;0;1;7;17;A01
201700018906;1;7;0;13;0;1;13;A01
201700018907;2;31;0;0;2;8;15;B01
201700018907;1;7;0;0;2;1;1;A01
201700018908;1;7;0;2;0;2;13;A01
201700018909;1;2;0;0;2;1;1;A01
201700018909;1;2;0;0;2;8;16;B01
201700018910;2;33;0;0;2;2;17;B01
201700018910;2;7;0;0;2;8;15;A01
201700018911;2;31;0;0;2;1;13;A01
201700018911;1;7;0;0;2;3;1;B01
201700018912;0;21;0;0;0;0;0;A01
201700018913;1;7;0;16;0;1;2;A01
201700018914;1;7;0;0;2;1;13;A01
201700018914;2;7;0;0;2;3;1;B01
201700018915;2;10;0;0;2;1;17;A01
201700018915;1;7;0;0;2;2;1;B01
201700018916;2;10;0;2;0;1;13;A01
201700018917;1;7;0;0;2;1;11;A01
201700018917;2;33;0;13;2;3;1;B01
201700018917;1;7;0;0;2;1;1;C01
201700018918;2;7;0;0;1;1;1;B01
201700018918;2;7;0;0;1;7;1;A01
201700018919;1;10;0;0;2;1;15;B01
201700018919;2;13;0;0;2;7;1;A01
201700018920;2;7;0;0;2;3;13;A01
201700018920;1;7;0;0;2;1;1;C01
201700018920;1;7;0;0;2;8;1;B01
201700018921;1;7;0;5;0;2;1;A01
201700018922;1;1;0;0;2;4;1;B01
201700018922;1;7;0;0;9;1;1;A01
201700018923;2;7;0;0;2;1;13;A01
201700018923;1;7;0;0;2;1;1;B01
201700018924;1;7;0;0;2;1;13;A01
201700018924;2;7;0;0;2;1;0;B01
201700018925;1;7;0;0;2;3;1;B01
201700018925;2;7;0;0;2;1;5;A01
201700018926;1;7;0;0;2;3;15;B01
201700018926;2;2;0;0;2;1;1;A01
201700018927;2;7;0;0;1;1;1;A01
201700018928;2;7;0;0;2;1;0;B01
201700018928;1;7;0;0;2;1;0;A01
201700018929;2;7;0;0;9;1;1;B01
201700018929;2;1;0;0;2;8;15;A01
201700018930;2;21;0;0;2;3;15;B01
201700018930;2;7;0;0;2;2;17;A01
201700018931;2;33;0;15;0;1;1;A01
201700018932;1;33;0;0;5;1;1;A01
201700018933;1;7;0;6;0;1;1;A01
201700018934;1;7;0;0;0;3;1;B01
201700018934;2;7;0;13;0;3;17;A01
201700018935;2;17;0;0;0;0;0;A01
201700018936;1;7;0;2;0;9;2;A01
201700018937;1;33;0;0;2;1;1;A01
201700018937;1;7;0;0;0;6;1;B01
201700018938;2;7;0;0;0;3;1;B01
201700018938;1;7;0;0;0;2;17;A01
201700018939;0;2;0;0;2;1;13;A01
201700018939;0;7;0;0;2;3;1;B01
201700018940;2;31;0;0;0;0;2;A01
201700018941;1;7;0;0;2;1;1;B01
201700018941;2;7;0;0;2;2;13;A01
201700018942;1;7;0;0;2;3;13;A01
201700018942;1;7;0;0;2;1;1;D01
201700018942;1;7;0;0;2;1;1;C01
201700018942;2;7;0;0;2;1;1;B01
201700018943;1;7;0;13;0;8;13;A01
201700018944;1;33;0;0;2;1;1;B01
201700018944;2;17;0;0;2;7;15;A01
201700018945;2;7;0;6;0;1;13;A01
201700018946;1;2;0;0;0;2;14;A01
201700018947;2;10;0;0;2;3;1;A01
201700018947;1;2;0;0;2;3;1;B01
201700018948;2;33;0;0;2;0;1;A01
201700018948;2;17;0;0;0;7;16;B01
201700018949;0;10;0;0;1;1;15;A01
201700018950;2;33;0;13;0;1;14;B01
201700018950;0;7;0;0;0;0;15;A01
201700018951;2;7;0;13;0;1;1;A01
201700018952;2;7;0;0;2;6;17;A01
201700018952;2;7;0;0;2;2;17;B01
201700018953;1;7;0;11;0;9;17;A01
201700018954;2;7;0;4;0;9;14;A01
201700018955;2;33;0;11;2;1;1;A01
201700018955;1;7;0;0;2;1;1;B01
201700018956;0;33;0;12;0;8;1;A01
201700018957;2;7;0;3;0;2;14;A01
201700018958;1;21;0;13;0;9;13;A01
201700018959;2;7;0;2;0;8;14;A01
201700018960;1;7;0;2;0;0;13;A01
201700018961;1;33;0;13;0;9;1;A01
201700018962;2;17;0;0;2;8;1;B01
201700018962;1;32;0;0;2;1;1;A01
201700018963;1;7;0;13;0;1;14;A01
201700018964;1;7;0;0;2;1;1;B01
201700018964;2;7;0;0;2;1;13;A01
201700018965;2;33;0;0;0;8;15;A01
201700018966;1;7;0;2;0;9;14;A01
201700018967;2;7;0;2;0;2;14;A01
201700018968;1;7;0;16;0;1;16;A01
201700018969;1;2;0;0;2;1;1;B01
201700018969;2;7;0;0;0;5;19;A01
201700018970;0;7;0;13;0;9;14;A01
201700018971;2;7;0;2;0;9;1;A01
201700018972;1;7;0;0;1;1;1;A01
201700018973;1;7;0;0;2;3;1;B01
201700018973;1;15;0;0;2;5;17;A01
201700018974;2;33;0;16;0;1;14;A01
201700018975;0;7;0;0;1;1;20;A01
201700018976;1;32;0;16;0;0;13;A01
201700018977;1;7;0;0;2;7;13;A01
201700018977;2;7;0;0;2;1;1;B01
201700018978;2;7;0;0;2;1;1;B01
201700018978;0;7;0;2;2;7;19;A01
201700018979;1;33;0;0;0;9;0;A01
201700018980;1;33;0;0;0;0;1;A01
201700018981;2;7;0;2;0;1;0;A01
201700018982;2;7;0;13;0;9;13;A01
201700018983;1;7;0;8;0;1;1;A01
201700018984;2;7;0;0;1;2;1;A01
201700018985;2;2;0;12;0;2;1;A01
201700018986;1;7;0;13;0;3;21;A01
201700018987;2;7;0;4;0;2;14;A01
201700018988;1;7;0;15;6;1;21;A01
201700018989;1;7;0;0;2;3;1;B01
201700018989;2;7;0;0;2;1;13;A01
201700018990;2;7;0;2;0;5;1;A01
201700018991;0;7;0;2;0;3;1;A01
201700018992;0;7;0;13;0;3;1;A01
201700018993;1;7;0;0;0;9;14;A01
201700018994;1;7;0;0;1;2;1;A01
201700018995;1;7;0;0;2;3;13;A01
201700018995;2;7;0;0;2;3;1;B01
201700018996;1;7;0;0;1;3;1;A01
201700018997;2;7;0;3;0;1;14;A01
201700018998;2;7;0;0;2;1;13;A01
201700018998;1;7;0;0;2;1;1;B01
201700018999;0;1;0;0;0;0;1;A01
201700019000;0;2;0;0;0;9;1;A01
201700019001;2;7;0;0;1;3;1;A01
201700019002;1;7;0;2;0;8;1;A01
201700019003;2;7;0;0;2;8;15;A01
201700019003;1;33;0;0;2;8;1;B01
201700019004;2;2;0;0;2;1;1;B01
201700019004;1;7;0;0;2;1;15;A01
201700019005;0;7;0;2;0;3;13;A01
201700019006;2;7;0;13;0;1;1;A01
201700019007;2;7;0;0;2;3;13;A01
201700019007;1;7;0;0;2;3;1;B01
201700019008;2;7;0;0;2;3;1;B01
201700019008;1;30;0;0;2;1;13;A01
201700019009;1;1;0;0;0;8;1;A01
201700019010;1;7;0;0;2;2;19;A01
201700019010;1;7;0;7;2;1;1;B01
201700019011;1;7;0;0;2;1;1;B01
201700019011;2;7;0;0;2;7;19;A01
201700019012;1;7;0;0;2;8;13;A01
201700019012;2;7;0;0;2;1;1;B01
201700019013;1;2;0;0;0;0;1;A01
201700019014;2;33;0;0;6;1;1;A01
201700019015;0;10;0;12;0;2;1;A01
201700019016;2;10;0;13;0;1;13;A01
201700019017;1;7;0;13;0;1;1;A01
201700019018;1;7;0;0;2;1;13;A01
201700019018;2;37;8;0;2;3;1;B01
201700019019;2;7;0;0;2;8;1;C01
201700019019;2;33;0;0;2;1;13;A01
201700019019;1;7;0;0;2;3;1;B01
201700019020;1;2;0;12;0;1;1;A01
201700019021;1;7;0;2;0;3;1;A01
201700019022;1;7;0;0;2;2;1;B01
201700019022;2;7;0;0;2;7;13;A01
201700019023;1;7;0;0;2;1;1;B01
201700019023;2;7;0;0;2;2;15;A01
201700019024;1;7;0;2;0;2;14;A01
201700019025;2;7;0;2;0;7;13;A01
201700019026;1;7;0;15;0;1;14;A01
201700019027;1;33;0;2;0;7;13;A01
201700019028;1;7;0;0;2;1;1;B01
201700019028;2;7;0;3;2;1;13;A01
201700019029;1;7;0;0;0;2;1;B01
201700019029;1;7;0;0;2;7;16;A01
201700019030;0;7;0;0;2;1;1;B01
201700019030;0;7;0;0;2;1;13;A01
201700019031;2;7;0;0;1;2;1;A01
201700019032;1;33;0;0;0;9;1;A01
201700019033;1;7;0;0;2;2;15;A01
201700019033;2;7;0;0;2;1;1;B01
201700019034;0;7;0;2;0;1;10;A01
201700019035;0;7;0;0;0;8;19;A01
201700019035;1;10;0;0;2;1;1;B01
201700019036;1;2;0;0;0;9;1;A01
201700019037;0;7;0;2;0;8;1;A01
201700019038;1;7;0;2;0;3;1;A01
201700019039;0;7;0;10;0;2;1;A01
201700019040;2;33;0;0;0;8;1;A01
201700019041;1;7;0;2;2;3;1;A01
201700019041;2;7;0;0;2;3;1;B01
201700019042;0;7;0;0;2;2;1;A01
201700019042;0;7;0;0;2;3;15;B01
201700019043;1;7;0;2;0;7;1;A01
201700019044;1;7;0;0;2;8;1;C01
201700019044;2;7;0;0;2;3;13;A01
201700019044;1;7;0;0;2;6;1;B01
201700019045;2;21;0;0;2;5;15;A01
201700019045;1;33;0;0;2;1;1;B01
201700019046;0;33;0;0;6;1;21;A01
201700019047;0;7;0;0;1;1;1;A01
201700019048;0;7;0;0;1;3;1;A01
201700019049;2;33;0;0;2;1;1;B01
201700019049;0;10;0;0;2;3;15;A01
201700019050;2;7;0;12;0;1;6;A01
201700019051;2;33;0;0;0;4;2;B01
201700019051;2;7;0;0;2;3;2;A01
201700019052;1;7;0;2;0;1;1;A01
201700019053;0;33;0;0;2;1;1;B01
201700019053;0;7;0;0;2;2;15;A01
201700019054;1;7;0;0;0;4;15;B01
201700019054;2;7;0;13;2;1;1;C01
201700019054;1;7;0;0;2;1;2;A01
201700019055;2;33;0;15;0;0;15;A01
201700019056;0;7;0;0;2;3;19;A01
201700019056;2;33;0;0;2;1;1;B01
201700019057;1;7;0;2;0;3;19;A01
201700019058;1;7;0;0;2;3;1;B01
201700019058;2;7;0;0;2;6;17;A01
201700019059;2;99;0;8;9;0;0;A01
201700019060;0;7;0;0;1;3;1;A01
201700019061;1;33;0;0;2;1;1;B01
201700019061;2;7;0;0;2;5;15;A01
201700019062;2;7;0;0;2;1;1;B01
201700019062;1;7;0;0;2;1;13;A01
201700019063;1;7;0;13;0;1;1;A01
201700019064;1;33;0;16;0;1;1;A01
201700019065;1;7;0;0;1;2;1;A01
201700019066;0;7;0;13;0;1;0;A01
201700019067;2;7;0;0;2;6;15;B01
201700019067;2;2;0;0;2;1;17;A01
201700019068;2;7;0;13;0;1;1;A01
201700019069;1;7;0;2;0;3;13;A01
201700019070;2;7;0;0;2;3;13;A01
201700019070;1;7;0;0;2;3;1;B01
201700019071;2;7;0;13;0;9;14;A01
201700019072;2;10;0;0;2;1;1;A01
201700019072;0;7;0;15;2;8;1;B01
201700019073;2;7;0;2;0;2;1;A01
201700019074;1;7;0;0;2;3;13;A01
201700019074;1;7;0;3;2;5;17;B01
201700019075;1;7;0;0;2;1;1;A01
201700019075;1;7;0;0;2;3;1;B01
201700019076;1;7;0;0;2;2;2;A01
201700019076;1;7;0;0;2;6;2;B01
201700019077;1;7;0;2;0;2;14;A01
201700019078;1;7;0;14;0;3;1;D01
201700019078;1;7;0;0;9;1;2;C01
201700019078;2;7;0;0;2;1;5;A01
201700019078;1;14;0;0;2;3;1;E01
201700019078;1;7;0;0;2;1;17;B01
201700019079;2;7;0;2;0;3;15;A01
201700019080;0;7;0;0;2;3;1;B01
201700019080;0;7;0;0;2;3;13;A01
201700019081;0;33;0;0;0;1;1;A01
201700019082;0;7;0;15;0;1;1;A01
201700019083;2;33;0;0;2;1;17;A01
201700019083;2;7;0;0;2;8;15;B01
201700019084;0;7;0;14;1;1;0;A01
201700019085;0;7;0;6;0;1;1;A01
201700019086;1;7;0;0;0;9;14;A01
201700019087;1;7;0;0;2;1;1;B01
201700019087;2;7;0;0;2;7;13;A01
201700019088;0;7;0;16;0;3;1;A01
201700019089;1;2;0;0;0;7;1;A01
201700019090;2;7;0;0;0;5;2;B01
201700019090;2;7;0;0;2;4;2;C01
201700019090;2;7;0;0;2;2;2;A01
201700019090;1;7;0;0;2;1;1;D01
201700019091;1;7;0;0;1;1;1;A01
201700019092;0;33;0;0;2;1;9;A01
201700019092;0;7;0;0;2;3;9;B01
201700019093;0;7;0;0;2;5;15;A01
201700019093;0;31;0;0;0;1;1;B01
201700019094;0;7;0;0;1;2;2;A01
201700019095;1;7;0;0;2;1;1;A01
201700019095;2;2;0;0;0;8;15;B01
201700019096;1;2;0;0;2;1;2;A01
201700019096;1;7;0;0;0;3;15;B01
201700019097;2;7;0;0;0;8;15;A01
201700019097;1;33;0;0;2;1;17;B01
201700019098;0;7;0;0;2;3;10;A01
201700019098;0;2;0;0;2;1;1;B01
201700019099;2;7;0;7;0;1;1;A01
201700019100;1;7;0;0;2;1;2;A01
201700019100;1;7;0;0;0;2;15;C01
201700019100;1;7;0;0;2;4;23;B01
201700019101;1;7;0;0;1;3;15;A01
201700019102;0;7;0;0;2;3;1;A01
201700019102;0;7;0;0;2;3;1;B01
201700019103;1;7;0;16;2;8;15;A01
201700019103;2;33;0;0;2;1;1;B01
201700019104;2;7;0;0;2;2;9;A01
201700019104;2;33;0;0;2;1;1;B01
201700019105;1;1;0;0;5;1;1;B01
201700019106;1;33;0;0;1;1;1;A01
201700019107;2;1;0;0;2;1;19;B01
201700019107;1;7;0;0;2;3;1;A01
201700019108;1;7;0;0;2;2;5;A01
201700019108;2;33;0;0;2;1;1;B01