num_acc;senc;catv;occutc;obs;obsm;choc;manv;num_veh
201700019510;2;7;0;0;2;1;13;A01
201700019510;1;7;0;0;2;1;21;B01
201700019510;1;7;0;0;2;3;21;C01
201700019511;2;30;0;0;2;2;2;A01
201700019511;2;7;0;0;0;8;15;B01
201700019512;1;7;0;0;0;3;1;B01
201700019512;2;7;0;0;0;3;13;A01
201700019513;1;33;0;0;2;7;17;A01
201700019513;1;7;0;0;2;8;15;B01
201700019514;1;7;0;0;2;3;13;A01
201700019514;2;7;0;0;2;6;1;B01
201700019515;0;3;0;0;9;3;1;A01
201700019515;0;1;0;0;0;8;15;B01
201700019516;1;7;0;0;2;2;19;A01
201700019516;2;2;0;0;2;1;1;B01
201700019517;0;7;0;6;0;1;1;A01
201700019518;0;15;0;3;0;8;1;A01
201700019519;0;7;0;0;1;2;15;A01
201700019520;2;7;0;2;0;8;1;A01
201700019521;1;33;0;0;2;2;17;A01
201700019521;1;7;0;0;2;8;15;B01
201700019522;1;7;0;2;0;1;15;A01
201700019523;1;7;0;0;2;1;1;A01
201700019523;1;3;0;0;2;7;19;B01
201700019524;1;7;0;0;1;2;0;A01
201700019525;0;31;0;0;2;1;13;A01
201700019525;0;7;0;0;2;1;0;B01
201700019526;2;7;0;0;0;1;0;A01
201700019526;1;7;0;0;0;1;0;B01
201700019527;2;7;0;15;2;4;1;A01
201700019527;1;15;0;0;2;2;1;B01
201700019528;0;7;0;0;0;9;1;A01
201700019529;0;7;0;2;0;3;13;A01
201700019530;0;7;0;0;9;5;1;B01
201700019530;0;1;0;0;2;1;0;A01
201700019531;;7;0;;;;;A01
201700019532;2;7;0;0;2;1;19;A01
201700019532;2;10;0;0;2;7;1;B01
201700019532;1;7;0;6;2;3;1;C01
201700019533;2;13;0;0;2;2;17;A01
201700019533;2;21;0;0;0;4;1;B01
201700019534;1;15;0;15;0;1;1;A01
201700019535;1;7;0;0;2;2;1;A01
201700019535;2;2;0;0;2;1;1;B01
201700019536;2;7;0;0;2;8;15;A01
201700019536;1;2;0;0;2;1;1;B01
201700019537;1;1;0;0;2;0;16;B01
201700019537;1;7;0;0;9;7;1;A01
201700019538;1;2;0;0;2;1;5;A01
201700019538;2;2;0;0;2;1;0;B01
201700019539;0;7;0;13;0;3;21;A01
201700019540;2;7;0;0;2;2;15;A01
201700019540;1;7;0;0;2;1;1;B01
201700019541;0;7;0;9;0;0;1;A01
201700019542;0;10;0;0;2;1;1;A01
201700019543;2;7;0;0;2;2;19;B01
201700019543;1;7;0;0;2;1;1;A01
201700019544;1;7;0;0;1;2;1;A01
201700019545;0;7;0;0;1;1;1;A01
201700019546;0;7;0;0;1;3;15;A01
201700019547;1;7;0;0;2;2;19;A01
201700019547;0;7;0;0;2;1;1;B01
201700019548;1;2;0;0;0;1;2;A01
201700019548;1;7;0;0;0;5;23;B01
201700019549;0;33;0;0;0;0;0;A01
201700019550;0;21;0;0;0;0;19;A01
201700019550;0;7;0;0;2;1;1;B01
201700019550;0;7;0;0;0;4;1;C01
201700019551;2;33;0;0;0;1;1;A01
201700019552;0;7;0;0;1;3;1;A01
201700019553;1;7;0;0;2;3;9;A01
201700019553;2;7;0;0;2;1;1;B01
201700019554;2;7;0;0;2;2;1;B01
201700019554;0;7;0;0;2;2;9;A01
201700019555;1;7;0;0;2;3;15;A01
201700019555;2;7;0;0;2;2;1;B01
201700019556;1;7;0;0;2;3;13;A01
201700019556;2;7;0;0;2;3;1;B01
201700019556;2;7;0;0;0;0;21;C01
201700019556;2;7;0;0;2;8;1;D01
201700019557;2;14;0;0;2;1;2;A01
201700019557;2;21;0;0;2;4;2;B01
201700019558;1;7;0;2;0;1;1;A01
201700019559;1;2;0;0;0;0;15;A01
201700019560;2;7;0;16;0;9;19;A01
201700019561;1;7;0;0;1;1;1;A01
201700019562;1;7;0;2;0;1;1;A01
201700019563;1;7;0;0;2;1;1;A01
201700019563;1;21;0;0;0;4;1;B01
201700019564;0;2;0;0;2;1;1;A01
201700019564;0;21;0;0;2;8;1;B01
201700019565;1;3;0;0;2;3;13;A01
201700019565;2;7;0;0;2;3;1;B01
201700019566;2;7;0;0;0;0;0;A01
201700019567;2;7;0;0;2;7;19;A01
201700019567;2;33;0;0;2;1;1;B01
201700019568;2;31;0;0;0;0;0;A01
201700019569;0;10;0;6;2;1;1;A01
201700019569;0;7;0;12;2;8;15;B01
201700019570;2;7;0;0;2;4;2;C01
201700019570;2;7;0;0;2;4;2;B01
201700019570;2;10;0;0;2;1;2;A01
201700019571;1;33;0;0;2;1;2;A01
201700019571;1;7;0;0;0;5;15;B01
201700019572;1;7;0;0;2;1;17;A01
201700019572;2;7;0;0;2;1;1;B01
201700019573;1;7;0;6;0;3;13;A01
201700019574;2;7;0;0;2;1;9;A01
201700019574;1;7;0;0;2;4;1;B01
201700019575;1;7;0;0;2;3;15;A01
201700019575;2;33;0;0;2;1;1;B01
201700019576;1;7;0;0;2;1;15;A01
201700019576;2;2;0;0;2;7;1;B01
201700019577;0;7;0;0;1;2;1;A01
201700019578;1;7;0;0;2;1;17;B01
201700019578;1;7;0;13;2;4;1;A01
201700019579;0;7;0;15;0;7;13;A01
201700019580;1;7;0;13;0;9;14;A01
201700019581;1;7;0;16;0;9;1;A01
201700019582;1;7;0;0;2;3;15;A01
201700019582;1;1;0;0;2;1;1;B01
201700019583;1;7;0;15;0;1;14;A01
201700019584;2;30;0;12;0;7;1;A01
201700019585;2;7;0;16;0;9;14;A01
201700019586;2;7;0;0;2;3;10;A01
201700019586;2;33;0;0;2;7;17;B01
201700019587;1;7;0;0;2;1;17;A01
201700019587;1;7;0;0;2;1;2;B01
201700019588;2;2;0;9;0;1;1;A01
201700019589;0;38;16;0;2;4;4;A01
201700019589;0;31;0;0;2;1;1;B01
201700019590;1;7;0;15;0;9;1;A01
201700019591;0;1;0;0;2;8;11;A01
201700019591;0;7;0;0;2;7;17;B01
201700019592;2;14;0;0;2;1;13;A01
201700019592;1;7;0;0;2;1;1;B01
201700019593;1;7;0;0;2;1;19;A01
201700019593;2;7;0;0;2;1;1;B01
201700019594;1;33;0;0;2;1;1;B01
201700019594;1;7;0;0;2;8;15;A01
201700019595;1;7;0;0;0;9;1;A01
201700019596;1;7;0;15;2;2;15;A01
201700019596;2;10;0;0;2;1;1;B01
201700019597;1;10;0;0;9;1;1;A01
201700019597;1;1;0;0;0;7;1;B01
201700019598;2;21;0;0;0;0;15;A01
201700019598;2;33;0;0;0;8;5;B01
201700019599;1;7;0;0;0;9;1;A01
201700019600;2;7;0;0;0;0;2;A01
201700019601;1;7;0;8;0;8;1;A01
201700019602;0;7;0;8;0;2;0;A01
201700019603;2;1;0;0;2;8;10;A01
201700019603;2;7;0;0;2;3;2;B01
201700019604;0;7;0;0;2;1;19;A01
201700019604;0;7;0;0;2;2;1;B01
201700019605;1;17;0;0;2;3;15;A01
201700019605;2;10;0;0;2;8;1;B01
201700019606;2;7;0;0;1;2;1;A01
201700019607;0;7;0;6;0;3;1;A01
201700019608;2;7;0;0;0;1;1;B01
201700019608;0;7;0;0;0;3;1;A01
201700019609;0;7;0;0;1;1;1;A01
201700019610;2;7;0;0;1;2;1;A01
201700019611;2;7;0;3;0;0;1;A01
201700019612;1;33;0;0;0;0;0;A01
201700019613;0;7;0;13;0;0;14;A01
201700019614;2;3;0;0;2;1;0;A01
201700019614;0;7;0;0;2;8;0;B01
201700019615;1;7;0;8;0;0;1;A01
201700019616;1;33;0;0;0;3;1;A01
201700019617;2;7;0;0;2;1;15;A01
201700019617;2;2;0;0;2;7;1;B01
201700019618;1;7;0;13;0;1;0;A01
201700019619;2;32;0;0;2;1;2;A01
201700019619;2;7;0;0;0;4;1;B01
201700019620;1;36;0;0;0;8;21;A01
201700019621;1;7;0;1;0;1;1;A01
201700019622;1;7;0;13;0;1;17;A01
201700019623;0;7;0;6;0;1;1;A01
201700019624;1;7;0;0;0;7;1;B01
201700019624;1;7;0;0;2;1;1;A01
201700019625;1;7;0;0;0;9;1;A01
201700019626;0;33;0;0;2;1;1;A01
201700019627;0;2;0;0;2;1;17;A01
201700019627;0;7;0;0;2;3;15;B01
201700019628;1;7;0;0;2;1;13;A01
201700019628;2;7;0;0;2;1;1;B01
201700019629;1;2;0;8;0;1;2;A01
201700019630;0;7;0;0;2;8;15;A01
201700019630;0;33;0;0;2;1;1;B01
201700019631;0;30;0;0;2;1;1;A01
201700019631;0;7;0;0;2;7;1;B01
201700019632;0;7;0;6;0;1;6;A01
201700019633;2;7;0;3;0;3;13;A01
201700019634;1;7;0;3;0;1;1;A01
201700019635;2;7;0;13;0;1;0;A01
201700019636;2;7;0;0;2;1;9;A01
201700019636;2;31;0;0;2;7;1;B01
201700019637;1;30;0;0;0;8;1;A01
201700019638;1;33;0;0;0;7;21;A01
201700019639;1;7;0;13;0;3;0;A01
201700019640;1;7;0;1;0;3;1;A01
201700019641;2;7;0;0;0;0;23;A01
201700019641;2;7;0;0;0;0;23;B01
201700019641;2;7;0;0;0;4;23;C01
201700019641;2;7;0;0;2;1;1;D01
201700019642;1;7;0;0;2;1;2;A01
201700019642;1;7;0;0;0;4;23;B01
201700019643;0;30;0;4;0;0;1;A01
201700019644;1;7;0;0;2;1;2;A01
201700019644;1;7;0;0;2;4;2;B01
201700019645;2;32;0;16;0;1;1;A01
201700019646;2;10;0;0;2;8;13;A01
201700019646;1;33;0;0;2;8;1;B01
201700019647;2;7;0;13;0;2;1;A01
201700019648;0;7;0;0;2;3;15;A01
201700019648;0;30;0;0;2;8;1;B01
201700019649;1;33;0;13;0;1;1;A01
201700019650;2;7;0;0;2;1;13;A01
201700019650;1;7;0;0;2;3;1;B01
201700019651;2;33;0;0;2;1;13;A01
201700019651;1;7;0;0;2;3;1;B01
201700019652;1;7;0;13;0;1;0;A01
201700019653;2;33;0;0;2;1;1;A01
201700019653;1;7;0;0;2;8;9;B01
201700019654;1;31;0;0;0;0;1;A01
201700019655;1;7;0;15;0;1;1;A01
201700019656;2;7;0;13;0;1;1;A01
201700019657;2;7;0;2;2;3;1;B01
201700019657;1;7;0;0;2;3;13;A01
201700019658;2;38;5;0;1;7;1;A01
201700019659;2;7;0;0;0;4;15;A01
201700019659;2;7;0;0;0;6;14;B01
201700019659;2;7;0;0;2;1;2;C01
201700019659;2;7;0;0;2;1;2;D01
201700019660;2;10;0;0;2;1;1;A01
201700019660;2;7;0;0;0;4;1;B01
201700019661;2;7;0;0;0;4;1;A01
201700019661;2;7;0;0;2;1;2;B01
201700019662;1;7;0;0;0;1;1;A01
201700019663;0;7;0;0;0;5;24;A01
201700019663;0;7;0;1;0;1;1;B01
201700019664;1;7;0;0;2;3;9;A01
201700019664;1;7;0;0;2;2;1;B01
201700019665;2;7;0;13;0;1;1;A01
201700019666;1;7;0;13;0;2;1;A01
201700019667;1;10;0;0;2;1;1;A01
201700019667;1;7;0;0;2;1;2;B01
201700019667;1;7;0;0;2;4;2;C01
201700019667;1;7;0;0;0;4;2;D01
201700019668;1;7;0;14;0;1;1;A01
201700019669;1;7;0;0;0;4;2;A01
201700019669;1;7;0;0;2;1;2;B01
201700019670;1;7;0;0;2;1;2;A01
201700019670;1;7;0;0;2;4;2;B01
201700019671;1;33;0;0;0;3;1;A01
201700019672;1;7;0;6;0;1;1;A01
201700019673;1;7;0;0;1;1;1;A01
201700019674;1;33;0;0;2;1;17;A01
201700019674;1;3;0;0;2;8;11;B01
201700019675;2;7;0;0;2;2;17;A01
201700019675;2;7;0;0;0;6;1;B01
201700019676;1;7;0;0;2;3;13;A01
201700019676;2;1;0;0;2;1;1;B01
201700019677;2;7;0;16;0;9;1;A01
201700019678;1;7;0;13;0;1;2;A01
201700019679;2;7;0;16;0;9;1;A01
201700019680;2;1;0;14;9;9;1;A01
201700019681;2;7;0;0;2;1;15;A01
201700019681;1;10;0;0;2;1;1;B01
201700019681;1;10;0;0;2;3;9;C01
201700019682;2;7;0;6;0;2;14;A01
201700019683;2;7;0;0;2;1;2;A01
201700019683;2;10;0;0;0;4;23;B01
201700019684;2;1;0;10;0;9;1;A01
201700019684;2;1;0;10;0;8;21;B01
201700019685;2;33;0;10;0;9;1;A01
201700019686;2;7;0;0;2;2;17;A01
201700019686;2;7;0;0;2;3;15;B01
201700019687;1;10;0;0;2;1;1;A01
201700019687;1;7;0;0;2;4;23;B01
201700019687;1;7;0;0;2;4;23;C01
201700019687;1;7;0;0;0;4;23;D01
201700019688;2;7;0;0;2;3;13;A01
201700019688;1;7;0;0;2;3;1;B01
201700019688;1;10;0;0;2;1;2;C01
201700019689;2;10;0;0;2;6;15;A01
201700019689;1;10;0;0;2;3;1;B01
201700019690;1;7;0;10;0;3;13;A01
201700019691;1;2;0;0;0;6;1;A01
201700019692;2;7;0;0;2;3;13;A01
201700019692;1;7;0;0;2;9;1;B01
201700019692;1;7;0;0;9;2;1;C01
201700019693;0;7;0;0;1;1;1;A01
201700019694;1;7;0;0;2;1;1;A01
201700019694;1;7;0;0;2;4;23;C01
201700019694;1;7;0;0;2;4;23;B01
201700019695;2;7;0;0;2;1;2;A01
201700019695;2;7;0;0;2;4;2;B01
201700019695;2;38;1;0;0;4;2;C01
201700019696;2;10;0;0;2;1;2;A01
201700019696;2;14;0;0;0;4;1;B01
201700019697;2;10;0;0;2;3;15;A01
201700019697;1;33;0;0;2;1;1;B01
201700019698;1;10;0;0;0;4;15;A01
201700019698;1;7;0;0;2;1;2;C01
201700019698;1;7;0;0;2;1;2;B01
201700019699;1;2;0;7;0;1;13;A01
201700019700;1;7;0;0;2;3;1;B01
201700019700;2;7;0;0;2;3;13;A01
201700019701;2;7;0;0;2;8;1;A01
201700019701;1;7;0;0;2;8;0;B01
201700019702;1;7;0;12;0;2;1;A01
201700019703;2;7;0;6;2;5;17;A01
201700019703;2;7;0;0;2;3;15;B01
201700019704;1;7;0;0;0;2;1;A01
201700019705;1;33;0;6;0;0;15;A01
201700019706;0;32;0;0;1;1;1;A01
201700019707;0;7;0;13;0;9;23;A01
201700019708;0;33;0;0;0;8;1;A01
201700019709;1;7;0;13;0;1;1;A01
201700019710;1;33;0;13;0;2;1;A01
201700019711;1;33;0;0;2;1;5;A01
201700019711;1;7;0;0;2;1;1;B01
201700019712;1;7;0;0;2;2;1;B01
201700019712;1;7;0;0;2;8;9;A01
201700019713;2;7;0;0;2;3;2;A01
201700019713;2;7;0;0;0;5;2;B01
201700019714;1;33;0;0;0;8;2;A01
201700019715;1;1;0;13;0;1;15;A01
201700019716;2;7;0;0;2;1;15;A01
201700019716;1;33;0;0;2;1;1;B01
201700019717;1;33;0;0;0;8;1;A01
201700019718;1;2;0;0;2;1;1;A01
201700019718;1;10;0;0;2;4;23;B01
201700019719;2;2;0;0;0;9;21;A01
201700019719;1;10;0;0;0;0;15;B01
201700019720;2;7;0;0;2;1;1;A01
201700019720;2;7;0;0;2;4;15;B01
201700019721;1;30;0;0;2;1;13;A01
201700019721;2;10;0;0;2;3;1;B01
201700019722;1;33;0;0;0;9;15;A01
201700019723;1;7;0;8;0;3;1;A01
201700019724;1;7;0;0;2;3;1;A01
201700019724;2;7;0;0;2;3;1;B01
201700019725;1;7;0;3;0;1;1;A01
201700019726;0;33;0;0;2;3;1;A01
201700019726;0;7;0;0;2;2;20;B01
201700019727;1;7;0;13;0;1;15;A01
201700019728;1;1;0;8;0;0;1;A01
201700019729;2;1;0;12;0;7;1;A01
201700019729;2;14;0;0;9;0;17;B01
201700019730;2;33;0;0;2;8;13;A01
201700019730;1;7;0;0;2;3;1;B01
201700019731;1;33;0;0;0;8;21;A01
201700019732;1;10;0;0;1;2;1;A01
201700019733;2;10;0;0;2;3;1;A01
201700019733;1;7;0;0;2;3;13;B01
201700019734;1;30;0;0;0;1;1;A01
201700019735;2;7;0;0;2;1;1;A01
201700019735;1;7;0;0;2;1;1;B01
201700019736;2;7;0;13;0;1;1;A01
201700019737;0;33;0;0;2;1;1;B01
201700019737;0;7;0;0;2;2;1;A01
201700019738;2;1;0;0;2;3;2;A01
201700019738;2;7;0;0;9;2;2;B01
201700019739;1;7;0;0;2;2;1;A01
201700019739;2;14;0;0;2;5;10;B01
201700019740;2;1;0;0;0;0;0;A01
201700019741;1;7;0;2;0;1;1;A01
201700019742;0;7;0;15;0;1;1;A01
201700019743;2;33;0;0;6;3;21;A01
201700019744;2;7;0;0;2;3;1;A01
201700019744;1;7;0;0;2;1;13;B01
201700019745;1;7;0;16;0;2;14;A01
201700019746;2;7;0;6;0;1;1;A01
201700019747;1;33;0;0;0;2;1;A01
201700019748;2;33;0;0;6;1;1;A01
201700019749;1;33;0;0;2;2;17;A01
201700019749;1;10;0;0;0;8;15;B01
201700019750;2;33;0;0;2;1;17;A01
201700019750;1;7;0;0;0;3;1;B01
201700019751;1;7;0;0;1;3;1;A01
201700019752;0;7;0;0;0;3;15;A01
201700019752;0;33;0;0;2;1;17;B01
201700019753;2;7;0;9;0;1;13;A01
201700019754;0;7;0;0;2;1;19;B01
201700019754;0;7;0;0;0;6;1;A01
201700019755;2;33;0;0;2;1;17;A01
201700019755;2;7;0;0;2;3;15;B01
201700019756;1;7;0;0;2;4;1;A01
201700019756;1;33;0;0;2;1;2;B01
201700019757;0;34;0;0;2;1;1;A01
201700019757;0;7;0;0;2;5;10;B01
201700019758;2;7;0;0;2;7;16;A01
201700019758;2;1;0;0;2;3;1;B01
201700019759;2;7;0;0;2;2;9;A01
201700019759;0;1;0;0;2;1;21;B01
201700019760;1;10;0;0;2;3;10;A01
201700019760;1;33;0;0;0;1;17;B01
201700019761;1;7;0;4;0;1;6;A01
201700019762;1;7;0;0;2;6;10;A01
201700019762;1;2;0;0;2;1;17;B01
201700019763;1;7;0;0;2;3;1;A01
201700019763;2;7;0;0;2;3;13;B01
201700019764;1;7;0;0;2;1;5;A01
201700019764;2;7;0;0;2;1;1;B01
201700019765;1;7;0;0;2;9;10;A01
201700019765;1;7;0;0;2;9;1;B01
201700019766;2;34;0;0;2;1;1;A01
201700019766;1;15;0;0;2;2;15;B01
201700019767;1;7;0;0;2;2;15;A01
201700019767;2;33;0;0;2;1;1;B01
201700019768;2;7;0;0;2;8;15;A01
201700019768;2;34;0;0;2;7;17;B01
201700019769;2;13;0;0;2;1;2;A01
201700019769;2;7;0;0;0;4;2;B01
201700019769;2;7;0;0;2;1;2;C01
201700019770;1;7;0;8;2;1;5;A01
201700019770;2;7;0;0;2;1;1;B01
201700019771;1;7;0;0;2;2;9;A01
201700019771;2;33;0;0;2;1;1;B01
201700019772;2;7;0;0;2;1;13;A01
201700019772;1;7;0;0;0;3;1;B01
201700019773;2;7;0;0;2;3;13;A01
201700019773;1;33;0;0;2;1;1;B01
201700019774;2;7;0;0;1;1;1;A01
201700019775;2;33;0;0;2;7;17;A01
201700019775;2;7;0;0;2;3;15;B01
201700019776;1;7;0;0;2;2;15;A01
201700019776;2;33;0;0;2;1;1;B01
201700019777;1;33;0;0;2;1;1;A01
201700019777;2;7;0;0;2;3;19;B01
201700019778;2;7;0;8;0;1;1;A01
201700019779;1;33;0;0;2;1;17;A01
201700019779;1;7;0;0;9;2;15;B01
201700019780;2;14;0;0;0;0;4;A01
201700019780;2;7;0;0;2;3;21;B01
201700019780;1;7;0;0;2;2;1;C01
201700019781;1;7;0;0;2;3;19;A01
201700019781;2;10;0;0;2;8;1;B01
201700019782;2;7;0;0;2;6;13;A01
201700019782;1;7;0;0;2;1;1;B01
201700019783;1;7;0;0;0;1;1;B01
201700019783;1;7;0;0;0;3;0;A01
201700019784;1;34;0;0;2;1;17;A01
201700019784;2;7;0;0;2;8;15;B01
201700019785;1;33;0;13;0;8;1;A01
201700019786;1;7;0;0;2;1;15;A01
201700019786;2;33;0;0;2;8;1;B01
201700019787;1;33;0;13;0;8;13;A01
201700019788;1;2;0;0;2;1;1;A01
201700019788;1;10;0;0;2;5;15;B01
201700019789;2;33;0;0;2;1;1;A01
201700019789;1;7;0;0;2;3;15;B01
201700019790;1;7;0;5;0;3;1;A01
201700019791;2;7;0;0;2;3;2;A01
201700019791;1;34;0;0;2;6;17;B01
201700019792;2;7;0;0;2;1;5;A01
201700019792;1;7;0;0;2;3;1;B01
201700019792;1;7;0;0;2;1;1;C01
201700019792;1;7;0;0;2;2;17;D01
201700019793;1;33;0;0;2;5;1;A01
201700019793;2;7;0;0;2;1;9;B01
201700019794;1;7;0;0;2;1;15;A01
201700019794;2;32;0;0;2;8;1;B01
201700019795;1;7;0;0;2;8;19;A01
201700019795;2;7;0;0;2;1;1;B01
201700019796;1;33;0;3;0;1;14;A01
201700019797;2;7;0;0;2;1;13;A01
201700019797;1;7;0;0;2;3;1;B01
201700019798;1;32;0;16;0;8;0;A01
201700019799;2;34;0;0;2;1;2;A01
201700019799;2;7;0;0;0;5;15;B01
201700019800;1;7;0;0;1;1;17;A01
201700019801;2;7;0;0;2;2;2;A01
201700019801;2;7;0;0;0;6;2;B01
201700019802;1;2;0;6;0;2;1;A01
201700019803;1;7;0;0;2;1;13;A01
201700019803;2;7;0;0;2;1;1;B01
201700019804;2;7;0;2;0;1;1;A01
201700019805;2;7;0;0;5;1;1;A01
201700019806;0;7;0;8;0;1;13;A01
201700019807;2;7;0;15;0;3;11;A01
201700019808;1;7;0;0;0;5;1;B01
201700019808;1;7;0;0;2;1;2;A01
201700019809;1;10;0;0;9;3;1;A01
201700019809;0;1;0;0;2;1;19;B01
201700019810;2;7;0;0;0;3;13;A01
201700019811;1;7;0;0;2;3;16;A01
201700019811;2;3;0;0;2;7;1;B01
201700019812;0;2;0;13;0;1;1;A01
201700019813;2;7;0;0;2;1;13;A01
201700019813;1;10;0;0;2;1;1;B01
201700019814;2;7;0;0;0;1;0;A01
201700019815;2;7;0;6;0;2;1;A01
201700019816;2;7;0;10;0;1;15;A01
201700019817;0;7;0;13;0;3;1;A01
201700019818;1;7;0;16;0;9;1;A01
201700019819;1;7;0;2;0;3;1;A01
201700019820;2;7;0;13;0;9;1;A01
201700019821;1;2;0;0;2;1;1;B01
201700019821;1;15;0;0;2;3;10;A01
201700019822;1;1;0;0;0;4;2;B01
201700019822;1;7;0;0;2;3;1;A01
201700019823;1;10;0;0;2;1;13;A01
201700019823;2;10;0;0;2;1;1;B01
201700019824;1;7;0;0;2;3;0;B01
201700019824;2;7;0;0;2;3;13;A01
201700019825;0;7;0;0;2;2;13;A01
201700019825;0;10;0;0;2;3;1;B01
201700019826;1;31;0;0;2;1;1;B01
201700019826;0;7;0;0;2;2;19;A01
201700019827;1;33;0;0;2;8;1;A01
201700019827;0;21;0;0;2;6;19;B01
201700019828;2;33;0;0;2;7;17;A01
201700019828;2;7;0;0;2;8;17;B01
201700019829;2;7;0;0;2;3;1;B01
201700019829;1;7;0;0;2;3;13;A01
201700019830;0;33;0;2;0;2;14;A01
201700019831;2;7;0;13;0;9;1;A01
201700019832;1;7;0;0;2;1;1;B01
201700019832;2;7;0;0;2;7;1;A01
201700019833;2;7;0;0;2;3;13;A01
201700019833;1;15;0;0;2;3;1;B01
201700019834;2;7;0;0;2;1;1;B01
201700019834;0;10;0;0;0;2;19;A01
201700019835;0;2;0;2;0;2;1;A01
201700019836;2;33;0;0;0;0;1;A01
201700019837;0;7;0;0;2;2;15;A01
201700019837;0;33;0;0;2;1;1;B01
201700019838;2;30;0;0;2;3;13;A01
201700019838;1;7;0;0;2;3;1;B01
201700019839;1;7;0;6;0;3;16;A01
201700019840;1;7;0;0;2;2;1;B01
201700019840;2;7;0;0;2;1;13;A01
201700019841;1;7;0;0;1;1;1;A01
201700019842;1;7;0;0;2;1;0;B01
201700019842;2;7;0;0;2;2;0;A01
201700019843;0;7;0;0;2;1;19;A01
201700019843;0;7;0;0;2;8;1;B01
201700019844;1;7;0;0;2;3;0;A01
201700019844;1;7;0;0;0;1;1;B01
201700019845;1;7;0;6;0;1;1;A01
201700019846;0;33;0;0;2;8;1;A01
201700019846;0;10;0;0;2;3;15;B01
201700019847;0;7;0;0;1;7;1;A01
201700019848;1;7;0;2;0;2;1;A01
201700019849;1;7;0;0;2;1;15;A01
201700019849;2;31;0;0;2;1;1;B01
201700019850;1;7;0;13;0;3;1;A01
201700019851;2;2;0;0;0;2;1;A01
201700019852;0;10;0;2;0;1;1;A01
201700019853;2;1;0;0;0;0;1;A01
201700019854;0;7;0;0;2;1;15;A01
201700019854;0;33;0;0;2;1;1;B01
201700019855;0;2;0;0;0;0;23;A01
201700019856;2;7;0;6;0;1;1;A01
201700019857;1;7;0;0;2;7;15;A01
201700019857;2;33;0;0;2;1;1;B01
201700019858;0;7;0;0;2;2;1;A01
201700019858;0;1;0;0;2;4;1;B01
201700019858;0;1;0;0;2;4;1;C01
201700019859;2;7;0;0;2;3;1;B01
201700019859;1;7;0;0;2;3;1;A01
201700019860;2;2;0;0;2;1;1;B01
201700019860;0;7;0;0;2;3;19;A01
201700019861;1;7;0;6;0;3;0;A01
201700019862;2;10;0;0;2;3;19;B01
201700019862;0;7;0;0;2;2;1;A01
201700019863;2;17;0;0;2;1;1;B01
201700019863;1;7;0;0;2;7;13;A01
201700019864;2;7;0;16;0;2;1;A01
201700019865;1;7;0;0;0;4;1;B01
201700019865;1;2;0;0;2;1;1;A01
201700019866;1;7;0;0;0;0;1;A01
201700019867;2;7;0;0;2;1;0;A01
201700019867;1;7;0;0;2;3;15;B01
201700019868;0;10;0;0;1;5;1;A01
201700019869;0;7;0;0;2;3;1;B01
201700019869;0;7;0;0;2;8;19;A01
201700019870;1;33;0;0;2;1;2;B01
201700019870;1;7;0;0;0;5;1;A01
201700019871;0;21;0;0;0;0;21;A01
201700019872;2;10;0;0;2;3;1;B01
201700019872;2;14;0;0;0;5;15;A01
201700019873;1;7;0;0;0;1;1;B01
201700019873;1;7;0;0;2;7;0;A01
201700019874;2;7;0;0;1;1;1;A01
201700019875;1;7;0;14;0;0;1;C01
201700019875;2;7;0;0;2;1;1;A01
201700019875;0;7;0;0;2;3;19;B01
201700019876;2;17;0;0;2;3;1;B01
201700019876;1;7;0;0;2;3;13;A01
201700019877;1;7;0;0;2;5;2;A01
201700019877;1;2;0;0;2;1;2;B01
201700019878;2;33;0;13;0;1;14;A01
201700019879;0;7;0;2;0;1;1;A01
201700019880;2;7;0;2;0;3;1;A01
201700019881;0;7;0;8;0;8;1;A01
201700019882;1;7;0;0;2;1;15;A01
201700019882;2;2;0;0;2;3;1;B01
201700019883;1;33;0;0;2;8;1;B01
201700019883;2;7;0;0;2;9;13;A01
201700019883;1;7;0;0;2;1;1;C01
201700019884;1;15;0;0;2;1;0;B01
201700019884;2;7;0;0;2;1;3;A01
201700019884;2;7;0;0;2;1;2;C01
201700019885;2;7;0;0;2;4;2;B01
201700019885;2;7;0;0;2;1;2;A01
201700019886;1;17;0;6;0;1;0;A01
201700019887;0;7;0;2;0;3;1;A01
201700019888;1;7;0;0;2;3;15;A01
201700019888;2;2;0;0;2;1;1;B01
201700019889;1;7;0;0;2;1;17;A01
201700019889;1;10;0;0;2;4;1;C01
201700019889;2;7;0;0;2;1;1;B01
201700019890;2;7;0;0;2;7;15;A01
201700019890;1;2;0;0;2;1;1;B01
201700019891;1;7;0;13;0;1;0;A01
201700019892;0;7;0;2;0;1;1;A01
201700019893;0;7;0;2;0;1;0;A01
201700019894;1;33;0;13;0;1;1;A01
201700019895;2;7;0;0;2;2;21;B01
201700019895;0;3;0;0;2;3;15;A01
201700019896;2;7;0;0;2;3;1;B01
201700019896;2;3;0;0;2;8;19;A01
201700019897;2;7;0;0;2;3;13;A01
201700019897;1;7;0;0;2;3;1;B01
201700019898;2;7;0;2;0;3;1;B01