num_acc;senc;catv;occutc;obs;obsm;choc;manv;num_veh
201700020689;0;7;0;0;2;3;1;A01
201700020689;0;7;0;0;2;3;15;B01
201700020690;0;7;0;0;2;2;6;A01
201700020690;0;7;0;0;2;1;1;B01
201700020691;0;7;0;0;2;1;15;A01
201700020691;0;1;0;0;2;7;1;B01
201700020692;0;2;0;0;0;7;1;A01
201700020693;0;7;0;0;2;8;15;B01
201700020693;0;7;0;0;2;2;17;A01
201700020694;1;7;0;8;0;3;1;A01
201700020695;1;1;0;0;2;1;1;B01
201700020695;2;7;0;0;2;3;9;A01
201700020696;0;33;0;11;0;1;1;A01
201700020697;0;30;0;14;0;1;1;A01
201700020698;0;7;0;6;0;2;1;A01
201700020699;0;7;0;0;2;4;1;A01
201700020699;0;7;0;0;2;1;2;B01
201700020700;1;10;0;0;2;1;2;B01
201700020700;1;7;0;0;2;4;23;A01
201700020701;0;7;0;0;1;2;5;A01
201700020702;2;7;0;0;2;4;1;A01
201700020702;2;7;0;0;2;1;2;B01
201700020702;2;7;0;0;2;1;2;D01
201700020702;2;7;0;0;2;1;2;C01
201700020703;0;7;0;0;2;1;13;A01
201700020703;0;7;0;0;2;1;1;B01
201700020704;1;7;0;3;2;4;2;B01
201700020704;1;7;0;0;2;1;1;A01
201700020705;0;7;0;0;2;1;2;B01
201700020705;0;7;0;0;2;2;10;A01
201700020706;0;7;0;0;2;2;1;B01
201700020706;0;7;0;0;2;6;1;A01
201700020707;1;7;0;0;2;4;2;B01
201700020707;1;30;0;0;2;1;1;A01
201700020708;0;7;0;0;2;2;15;A01
201700020708;0;34;0;0;2;2;1;B01
201700020709;;7;0;0;2;5;23;A01
201700020709;;7;0;0;2;1;1;B01
201700020710;0;7;0;8;0;2;11;A01
201700020711;0;7;0;0;2;4;1;A01
201700020711;0;33;0;0;2;1;2;B01
201700020712;0;33;0;0;0;0;15;A01
201700020713;0;7;0;15;0;9;1;A01
201700020714;0;33;0;12;0;3;1;A01
201700020715;0;7;0;0;2;3;1;B01
201700020715;0;7;0;0;2;1;15;A01
201700020715;0;31;0;0;0;0;21;C01
201700020716;0;7;0;8;0;1;1;A01
201700020717;0;33;0;0;6;1;1;A01
201700020718;0;33;0;0;2;4;1;A01
201700020718;0;7;0;0;2;1;2;B01
201700020719;2;14;0;0;2;3;15;B01
201700020719;1;7;0;0;2;8;1;A01
201700020720;0;1;0;0;2;1;1;A01
201700020720;0;7;0;0;2;3;9;B01
201700020721;0;7;0;0;2;6;1;A01
201700020721;0;7;0;0;2;2;2;B01
201700020722;0;7;0;0;2;4;9;B01
201700020722;0;14;0;0;2;1;1;A01
201700020723;0;7;0;0;2;3;1;B01
201700020723;0;7;0;0;2;3;13;A01
201700020724;0;33;0;0;6;1;1;A01
201700020725;0;7;0;12;0;2;1;A01
201700020726;0;7;0;0;2;3;10;B01
201700020726;0;33;0;0;2;3;17;A01
201700020727;0;33;0;0;0;7;1;A01
201700020728;0;33;0;0;2;8;1;A01
201700020728;0;14;0;0;2;8;1;B01
201700020729;0;7;0;0;2;3;15;A01
201700020729;0;34;0;0;2;1;1;B01
201700020730;0;7;0;0;2;1;15;B01
201700020730;0;7;0;0;2;8;16;A01
201700020731;2;7;0;3;2;3;1;A01
201700020731;1;7;0;0;2;3;13;B01
201700020732;0;7;0;0;1;2;16;A01
201700020733;1;33;0;0;6;1;1;A01
201700020734;2;10;0;0;2;1;1;C01
201700020734;1;10;0;0;2;1;13;A01
201700020734;2;10;0;0;2;1;1;B01
201700020735;0;33;0;16;0;7;10;A01
201700020736;1;7;0;0;2;8;1;C01
201700020736;1;7;0;0;2;1;1;B01
201700020736;2;7;0;0;2;1;13;A01
201700020737;2;33;0;0;2;4;2;A01
201700020737;2;7;0;0;2;3;1;B01
201700020738;2;7;0;0;0;2;15;A01
201700020738;2;1;0;0;2;1;15;B01
201700020739;2;7;0;0;2;2;1;B01
201700020739;2;2;0;0;0;4;2;A01
201700020740;2;10;0;0;2;1;15;B01
201700020740;1;34;0;0;2;1;1;A01
201700020741;1;7;0;0;2;3;1;A01
201700020741;2;7;0;0;2;3;5;B01
201700020742;1;10;0;0;2;8;10;A01
201700020742;1;33;0;0;2;1;17;B01
201700020743;2;7;0;2;0;1;0;A01
201700020744;1;7;0;2;0;1;14;A01
201700020745;1;31;0;13;0;1;0;A01
201700020746;1;10;0;1;0;7;17;A01
201700020746;0;15;0;0;0;1;24;B01
201700020747;0;7;0;0;2;3;5;A01
201700020747;0;7;0;0;2;3;5;B01
201700020748;0;7;0;0;2;1;1;A01
201700020748;0;2;0;0;2;8;0;B01
201700020749;1;7;0;0;2;3;1;A01
201700020749;1;1;0;0;2;1;15;B01
201700020750;2;7;0;0;2;1;2;A01
201700020750;2;7;0;0;2;4;2;B01
201700020750;2;7;0;0;2;4;2;C01
201700020751;0;33;0;0;0;0;1;A01
201700020752;2;7;0;0;2;2;1;A01
201700020752;2;1;0;0;2;8;1;B01
201700020753;0;7;0;0;0;0;13;A01
201700020753;0;7;0;2;0;3;14;B01
201700020754;2;7;0;0;0;4;1;A01
201700020754;2;7;0;0;0;7;13;B01
201700020754;2;7;0;0;2;1;1;C01
201700020755;0;7;0;12;0;3;1;A01
201700020755;0;7;0;0;2;2;13;B01
201700020756;0;7;0;0;0;0;1;A01
201700020757;0;7;0;2;0;1;1;A01
201700020758;2;7;0;0;0;1;1;A01
201700020759;1;33;0;2;0;1;1;A01
201700020760;2;1;0;0;2;1;2;A01
201700020760;2;1;0;0;2;4;2;B01
201700020761;1;33;0;0;0;7;13;A01
201700020762;0;33;0;0;0;0;20;A01
201700020763;1;33;0;0;2;3;13;A01
201700020763;2;7;0;0;9;3;13;B01
201700020764;1;7;0;6;0;1;14;A01
201700020765;1;33;0;13;0;8;1;A01
201700020766;2;33;0;0;0;8;0;A01
201700020767;1;7;0;0;2;3;21;B01
201700020767;2;7;0;0;0;3;5;A01
201700020768;1;7;0;0;1;2;1;A01
201700020769;1;7;0;0;2;9;1;D01
201700020769;1;10;0;0;2;8;0;E01
201700020769;1;10;0;0;2;3;13;A01
201700020769;2;15;0;0;2;3;21;B01
201700020769;1;7;0;0;2;8;1;C01
201700020770;1;7;0;3;2;1;5;B01
201700020770;2;7;0;3;2;3;1;A01
201700020771;0;10;0;0;1;1;14;A01
201700020772;0;7;0;0;2;3;1;B01
201700020772;0;7;0;0;2;3;13;A01
201700020773;0;1;0;0;2;8;16;B01
201700020773;0;38;0;0;0;8;1;A01
201700020774;0;7;0;0;2;1;23;C01
201700020774;0;7;0;0;2;1;0;A01
201700020774;2;7;0;13;2;8;1;B01
201700020775;2;7;0;0;2;1;1;B01
201700020775;2;33;0;0;0;3;21;C01
201700020775;1;10;0;0;2;3;15;A01
201700020776;0;7;0;0;2;1;1;B01
201700020776;0;33;0;0;2;1;9;A01
201700020777;2;33;0;0;2;1;1;B01
201700020777;0;7;0;0;2;8;15;A01
201700020778;1;7;0;0;2;3;1;B01
201700020778;0;10;0;0;0;8;15;A01
201700020779;0;7;0;15;0;1;1;A01
201700020780;0;7;0;16;9;0;0;A01
201700020781;1;7;0;0;2;1;1;A01
201700020781;2;7;0;0;2;1;13;B01
201700020782;1;7;0;13;0;1;1;A01
201700020783;0;7;0;0;2;2;1;A01
201700020783;0;2;0;0;2;4;9;B01
201700020784;2;7;0;2;0;8;1;A01
201700020785;0;7;0;15;0;1;1;B01
201700020785;0;7;0;15;2;8;19;A01
201700020786;0;7;0;0;1;2;1;A01
201700020787;2;7;0;0;1;4;4;A01
201700020788;2;7;0;6;2;1;2;A01
201700020788;2;2;0;0;2;4;1;C01
201700020788;2;7;0;0;0;4;1;B01
201700020788;2;7;0;0;9;5;1;D01
201700020789;2;21;0;16;0;0;2;A01
201700020790;2;10;0;0;2;1;1;A01
201700020790;1;10;0;0;2;1;1;B01
201700020791;1;7;0;2;0;3;1;A01
201700020792;1;7;0;2;0;1;0;A01
201700020793;2;33;0;0;2;1;1;B01
201700020793;1;2;0;0;2;1;13;A01
201700020794;2;7;0;2;0;3;0;A01
201700020795;2;10;0;0;2;3;13;A01
201700020795;1;15;0;0;2;3;1;B01
201700020796;2;7;0;2;0;1;14;A01
201700020797;2;7;0;2;0;1;1;A01
201700020798;2;7;0;13;2;8;1;B01
201700020798;2;7;0;0;2;3;1;C01
201700020798;1;7;0;0;2;1;13;A01
201700020799;1;7;0;0;1;7;1;A01
201700020800;1;7;0;0;2;3;5;A01
201700020800;2;7;0;0;2;3;1;B01
201700020801;1;7;0;0;1;2;1;A01
201700020801;1;7;0;14;0;1;2;B01
201700020802;2;7;0;13;0;8;1;A01
201700020803;0;33;0;0;2;1;1;A01
201700020803;0;17;0;0;2;1;1;B01
201700020804;1;7;0;0;2;1;15;A01
201700020804;2;33;0;0;2;8;1;B01
201700020805;2;7;0;0;0;2;1;A01
201700020806;0;7;0;0;1;1;1;A01
201700020807;2;10;0;0;0;6;24;B01
201700020807;2;2;0;1;0;1;0;A01
201700020808;2;2;0;0;0;8;1;A01
201700020809;0;7;0;1;0;1;1;A01
201700020810;0;7;0;0;2;1;2;A01
201700020810;0;7;0;0;2;4;2;B01
201700020811;0;7;0;0;2;3;0;B01
201700020811;0;30;0;0;0;2;0;A01
201700020812;0;2;0;0;2;1;0;B01
201700020812;0;7;0;0;2;3;0;A01
201700020813;1;7;0;13;0;1;1;A01
201700020814;1;7;0;13;0;2;1;A01
201700020815;2;7;0;13;0;1;0;A01
201700020816;0;10;0;0;2;1;1;B01
201700020816;0;1;0;0;2;1;5;A01
201700020817;0;33;0;13;0;1;0;A01
201700020818;1;7;0;0;2;2;15;A01
201700020818;2;33;0;0;0;7;1;B01
201700020819;0;7;0;1;0;1;14;A01
201700020819;0;7;0;0;0;8;23;B01
201700020820;2;33;0;7;0;3;13;A01
201700020821;2;7;0;9;0;8;1;A01
201700020822;0;7;0;11;0;1;0;A01
201700020823;0;33;0;1;1;1;0;A01
201700020824;1;7;0;0;0;3;17;A01
201700020825;0;7;0;6;0;1;2;A01
201700020826;2;7;0;3;0;3;1;A01
201700020826;2;7;0;0;2;3;1;B01
201700020827;2;7;0;2;0;9;0;A01
201700020828;0;7;0;0;1;3;15;A01
201700020829;2;7;0;13;0;3;16;A01
201700020830;1;7;0;0;0;6;19;A01
201700020830;2;33;0;0;2;1;1;B01
201700020831;1;7;0;2;0;3;14;A01
201700020832;1;7;0;2;0;1;19;A01
201700020833;2;7;0;0;2;3;13;A01
201700020833;1;7;0;0;2;1;1;B01
201700020833;1;7;0;0;2;3;1;C01
201700020834;2;7;0;0;0;0;1;A01
201700020835;1;1;0;0;0;8;15;B01
201700020835;1;7;0;0;9;2;17;A01
201700020836;2;33;0;0;2;1;13;A01
201700020836;1;7;0;0;2;1;1;B01
201700020837;2;7;0;0;2;2;1;A01
201700020837;0;2;0;0;2;3;19;B01
201700020838;0;10;0;2;0;1;1;A01
201700020839;1;7;0;8;0;1;1;A01
201700020840;1;7;0;0;0;3;13;A01
201700020840;2;7;0;0;0;3;0;B01
201700020840;2;7;0;0;0;1;0;C01
201700020841;2;33;0;0;0;0;1;A01
201700020842;1;33;0;0;2;1;13;A01
201700020842;2;7;0;0;2;3;1;B01
201700020843;0;30;0;0;2;1;1;B01
201700020843;0;7;0;0;0;6;15;A01
201700020844;1;7;0;0;1;0;1;A01
201700020845;0;7;0;0;0;7;1;B01
201700020845;0;33;0;0;2;1;1;A01
201700020846;0;7;0;0;1;4;4;A01
201700020847;1;7;0;6;0;1;1;A01
201700020848;2;7;0;13;0;1;1;A01
201700020849;2;33;0;2;0;1;14;A01
201700020850;1;33;0;0;2;1;1;B01
201700020850;0;38;1;0;2;3;1;A01
201700020851;1;7;0;2;0;1;1;A01
201700020852;0;7;0;0;2;3;0;B01
201700020852;0;33;0;0;2;3;13;A01
201700020853;1;7;0;0;1;2;1;A01
201700020854;2;7;0;12;0;9;1;A01
201700020855;0;7;0;8;0;3;16;A01
201700020856;1;7;0;0;2;1;2;A01
201700020856;1;7;0;0;2;5;0;B01
201700020857;1;7;0;0;2;2;15;A01
201700020857;2;7;0;0;2;1;1;B01
201700020858;0;7;0;0;1;6;20;A01
201700020859;1;7;0;0;2;7;15;A01
201700020859;2;33;0;0;2;1;1;B01
201700020860;1;7;0;0;2;7;21;B01
201700020860;2;7;0;0;2;2;1;C01
201700020860;2;7;0;0;0;0;13;A01
201700020861;2;7;0;0;2;3;1;B01
201700020861;2;7;0;13;2;3;5;A01
201700020862;2;7;0;0;2;3;1;B01
201700020862;1;7;0;0;2;1;15;A01
201700020863;2;7;0;0;2;8;15;A01
201700020863;2;33;0;0;2;1;17;B01
201700020864;1;33;0;0;2;1;17;B01
201700020864;1;7;0;0;2;3;10;A01
201700020865;1;7;0;0;2;4;2;D01
201700020865;1;7;0;0;2;4;2;B01
201700020865;1;7;0;0;2;4;2;C01
201700020865;1;7;0;0;2;1;2;A01
201700020866;1;17;0;0;2;3;1;B01
201700020866;2;7;0;0;2;3;13;A01
201700020867;1;7;0;0;2;1;2;B01
201700020867;1;7;0;0;2;4;16;A01
201700020868;2;7;0;0;1;1;1;A01
201700020869;1;7;0;6;0;1;1;A01
201700020870;0;7;0;0;1;2;1;A01
201700020871;0;33;0;6;0;0;1;A01
201700020871;0;7;0;0;0;0;15;B01
201700020872;2;2;0;0;2;1;2;A01
201700020872;2;10;0;0;2;5;1;B01
201700020873;0;7;0;0;2;2;16;A01
201700020873;0;1;0;0;2;1;1;B01
201700020874;0;7;0;8;0;1;1;A01
201700020875;1;7;0;8;0;3;1;A01
201700020876;2;7;0;0;0;9;13;A01
201700020877;2;7;0;0;2;3;13;A01
201700020877;1;7;0;0;2;3;1;B01
201700020878;2;17;0;0;2;1;2;A01
201700020878;2;14;0;0;2;4;2;B01
201700020878;2;17;0;0;2;4;2;C01
201700020878;2;17;0;0;2;4;2;D01
201700020878;2;17;0;0;2;4;2;E01
201700020878;2;17;0;0;2;4;2;F01
201700020879;0;7;0;0;2;3;1;B01
201700020879;0;7;0;0;2;3;1;A01
201700020880;2;7;0;16;0;2;1;A01
201700020881;0;14;0;0;0;0;14;A01
201700020882;0;21;0;0;0;1;1;A01
201700020883;0;7;0;0;2;1;1;B01
201700020883;0;7;0;0;2;2;15;A01
201700020884;0;14;0;0;1;6;20;A01
201700020885;0;33;0;0;2;1;1;B01
201700020885;0;7;0;0;2;1;15;A01
201700020886;0;7;0;0;2;1;1;B01
201700020886;0;7;0;4;2;2;6;A01
201700020887;2;7;0;0;2;3;1;B01
201700020887;1;7;0;0;2;1;13;A01
201700020888;1;7;0;13;0;1;1;A01
201700020889;1;7;0;0;2;2;13;A01
201700020889;2;7;0;0;2;2;13;B01
201700020890;0;7;0;2;0;1;1;A01
201700020891;2;7;0;0;0;1;1;A01
201700020892;1;1;0;0;2;4;2;B01
201700020892;1;7;0;0;9;2;9;A01
201700020893;2;7;0;13;0;1;1;A01
201700020894;1;7;0;0;2;3;1;A01
201700020894;1;33;0;0;2;1;1;B01
201700020895;2;7;0;0;2;2;15;B01
201700020895;1;33;0;0;2;7;1;A01
201700020896;2;33;0;0;2;8;3;A01
201700020896;1;10;0;0;2;8;1;B01
201700020897;1;7;0;0;1;1;1;A01
201700020898;1;7;0;8;0;8;1;A01
201700020899;2;7;0;0;2;4;2;B01
201700020899;2;2;0;0;2;1;2;A01
201700020900;1;7;0;0;2;3;1;B01
201700020900;2;33;0;0;2;9;1;A01
201700020901;2;7;0;0;0;1;13;A01
201700020901;1;10;0;0;0;7;21;B01
201700020902;2;7;0;0;2;3;1;B01
201700020902;1;33;0;3;2;1;1;A01
201700020903;2;15;0;1;0;4;4;B01
201700020903;1;7;0;2;2;2;24;A01
201700020904;1;7;0;0;2;4;2;B01
201700020904;1;7;0;0;2;2;2;A01
201700020904;1;7;0;0;0;4;2;C01
201700020905;1;7;0;0;2;3;13;A01
201700020905;2;7;0;8;2;3;1;B01
201700020906;1;7;0;0;1;0;1;A01
201700020907;2;7;0;0;0;0;1;A01
201700020907;1;1;0;0;0;1;1;B01
201700020908;2;7;0;13;0;0;1;A01
201700020909;2;7;0;0;2;3;1;B01
201700020909;1;7;0;0;2;1;1;A01
201700020909;2;7;0;8;2;1;1;C01
201700020910;1;7;0;0;2;1;17;B01
201700020910;1;7;0;0;2;3;1;A01
201700020911;2;30;0;0;2;1;2;A01
201700020911;2;7;0;0;0;5;15;B01
201700020912;0;7;0;0;2;1;1;A01
201700020912;1;7;0;0;2;1;1;B01
201700020913;1;7;0;0;2;2;17;A01
201700020913;2;7;0;0;2;5;0;B01
201700020914;2;7;0;0;2;6;2;B01
201700020914;2;7;0;0;2;1;2;A01
201700020915;2;7;0;15;2;3;13;B01
201700020915;1;7;0;0;2;6;1;A01
201700020916;2;7;0;0;2;2;19;A01
201700020916;2;7;0;0;0;4;13;B01
201700020917;2;7;0;0;2;3;1;B01
201700020917;1;7;0;0;2;1;13;A01
201700020918;2;7;0;0;2;3;1;B01
201700020918;1;7;0;0;2;3;1;A01
201700020919;0;37;10;0;1;1;16;A01
201700020920;1;7;0;8;0;1;1;A01
201700020921;1;17;0;0;2;3;1;B01
201700020921;2;7;0;13;2;3;1;A01
201700020922;2;2;0;0;0;6;1;B01
201700020922;1;10;0;0;2;7;1;A01
201700020923;0;31;0;0;1;0;1;A01
201700020924;1;7;0;0;2;8;15;B01
201700020924;1;1;0;0;2;7;17;A01
201700020925;1;7;0;0;2;3;15;A01
201700020925;2;33;0;0;2;2;1;B01
201700020926;1;1;0;0;2;1;21;A01
201700020926;1;7;0;0;0;4;2;B01
201700020927;1;7;0;0;2;2;17;A01
201700020927;1;1;0;0;0;8;1;B01
201700020928;1;33;0;13;0;0;1;A01
201700020929;1;7;0;0;2;1;1;B01
201700020929;2;2;0;0;2;1;1;A01
201700020930;1;7;0;0;0;1;1;A01
201700020930;2;7;0;0;0;8;15;B01
201700020931;2;33;0;3;0;2;1;A01
201700020932;1;7;0;0;9;1;0;A01
201700020932;2;1;0;0;2;7;15;B01
201700020933;1;7;0;0;2;2;15;A01
201700020933;2;7;0;0;2;3;1;B01
201700020934;1;7;0;0;0;0;1;A01
201700020935;2;7;0;6;0;1;1;A01
201700020936;2;7;0;13;0;9;17;A01
201700020937;1;7;0;0;2;3;1;B01
201700020937;2;7;0;0;2;3;13;A01
201700020938;2;7;0;0;2;2;21;B01
201700020938;2;7;0;0;0;3;15;A01
201700020939;2;30;0;0;2;8;1;A01
201700020939;2;7;0;0;2;7;21;B01
201700020940;1;7;0;0;1;3;1;A01
201700020941;0;7;0;0;1;3;1;A01
201700020942;1;33;0;0;2;1;17;A01
201700020942;2;33;0;0;2;1;17;B01
201700020943;2;1;0;0;2;1;13;B01
201700020943;1;7;0;0;2;3;1;A01
201700020944;0;7;0;0;2;8;19;A01
201700020944;0;2;0;0;2;1;1;B01
201700020945;1;33;0;0;2;1;1;A01
201700020945;0;7;0;0;2;2;19;B01
201700020946;2;10;0;0;0;0;13;B01
201700020946;2;30;0;6;0;8;1;A01
201700020947;2;7;0;2;0;4;1;A01
201700020948;0;36;0;13;0;2;1;A01
201700020949;1;7;0;0;1;2;1;A01
201700020950;1;7;0;0;2;2;9;B01
201700020950;1;7;0;0;2;3;1;A01
201700020951;2;7;0;0;2;1;5;A01
201700020951;1;7;0;0;2;3;1;B01
201700020952;1;7;0;0;0;8;2;A01
201700020952;1;33;0;0;2;1;2;B01
201700020953;1;33;0;0;2;1;1;C01
201700020953;2;7;0;0;2;3;17;A01
201700020953;1;7;0;0;2;3;1;B01
201700020954;1;7;0;0;0;3;2;B01
201700020954;2;7;0;9;2;2;5;A01
201700020955;0;10;0;0;2;4;15;A01
201700020955;0;33;0;0;2;1;0;C01
201700020955;0;33;0;0;2;1;1;B01
201700020956;2;7;0;0;0;3;1;B01
201700020956;1;7;0;0;2;3;13;A01
201700020957;1;1;0;0;2;4;1;B01
201700020957;1;7;0;0;2;2;2;A01
201700020958;0;7;0;0;0;4;16;B01
201700020958;0;33;0;0;2;1;1;A01
201700020959;2;33;0;0;2;1;1;B01
201700020959;1;7;0;0;0;7;15;A01
201700020960;1;2;0;0;2;1;0;A01
201700020960;0;7;0;0;9;0;0;C01
201700020960;2;7;0;0;9;3;0;B01
201700020961;1;33;0;8;0;1;13;A01
201700020962;1;2;0;0;2;1;1;B01
201700020962;1;7;0;0;2;3;2;A01
201700020963;0;7;0;2;0;1;14;A01
201700020964;2;7;0;0;1;3;15;A01
201700020965;1;17;0;4;0;2;14;A01
201700020966;2;7;0;3;0;2;1;A01
201700020967;1;15;0;0;2;5;17;A01
201700020967;1;33;0;0;2;8;1;B01
201700020968;2;7;0;3;2;1;2;A01
201700020968;2;7;0;0;0;4;1;B01
201700020969;1;7;0;2;0;1;1;A01
201700020970;0;7;0;0;2;7;6;A01
201700020970;0;7;0;0;2;3;1;B01
201700020971;2;7;0;13;0;9;13;A01
201700020972;1;2;0;0;2;7;1;A01
201700020972;1;7;0;0;2;3;16;B01
201700020973;2;33;0;0;2;1;2;B01
201700020973;2;7;0;0;2;8;10;A01
201700020974;2;7;0;0;2;7;13;A01
201700020974;1;10;0;0;2;1;1;B01
201700020975;2;7;0;0;2;6;1;B01
201700020975;1;15;0;0;2;8;1;C01
201700020975;2;33;0;0;2;1;13;A01
201700020976;0;31;0;0;2;7;2;A01
201700020976;0;7;0;0;2;8;9;B01
201700020977;0;7;0;1;0;3;17;A01
201700020978;1;33;0;0;0;1;1;A01
201700020979;0;7;0;0;1;2;1;A01
201700020980;1;7;0;0;2;1;13;A01
201700020980;2;7;0;0;2;1;1;B01
201700020980;1;7;0;0;2;8;15;C01
201700020981;1;33;0;0;0;8;1;A01
201700020982;1;7;0;0;2;2;1;A01
201700020982;2;31;0;0;2;1;13;B01
201700020983;1;7;0;9;0;1;1;A01
201700020984;1;7;0;0;2;1;1;A01
201700020984;2;7;0;0;2;1;21;B01
201700020985;1;10;0;;2;2;15;A01
201700020985;2;2;0;0;2;1;1;B01
201700020986;2;30;0;0;2;1;15;A01
201700020986;2;7;0;0;2;7;1;B01
201700020987;1;7;0;0;2;2;1;A01
201700020987;2;1;0;0;2;1;15;B01
201700020988;1;15;0;0;2;4;23;A01
201700020988;1;10;0;0;2;1;2;B01
201700020989;2;10;0;9;0;1;1;A01
201700020990;1;7;0;4;0;8;13;A01
201700020991;1;33;0;11;0;9;21;A01
201700020992;2;7;0;0;2;5;13;A01
201700020992;1;7;0;0;2;6;1;B01
201700020993;2;7;0;0;1;1;1;A01
201700020994;2;33;0;0;2;1;18;A01
201700020994;2;10;0;0;2;1;1;B01
201700020995;2;7;0;0;2;8;2;A01
201700020995;2;1;0;0;2;6;10;B01
201700020996;2;33;0;0;2;1;17;A01
201700020996;2;7;0;0;2;4;1;B01
201700020997;2;2;0;0;2;1;16;A01
201700020997;1;7;0;0;2;3;1;B01
201700020998;1;7;0;0;1;3;15;A01
201700020999;2;7;0;0;2;3;15;A01
201700020999;1;30;0;0;2;1;1;B01
201700021000;1;7;0;0;2;1;1;B01
201700021000;1;7;0;0;2;7;19;A01
201700021001;2;31;0;0;0;0;1;A01
201700021002;2;7;0;0;2;1;1;A01
201700021002;1;1;0;0;2;8;0;B01
201700021003;2;10;0;0;1;1;1;A01
201700021004;2;31;0;0;0;7;9;A01
201700021005;2;7;0;0;1;2;16;A01
201700021006;2;10;0;0;1;3;1;A01
201700021007;1;7;0;0;2;7;17;A01
201700021007;1;1;0;0;2;3;1;B01
201700021008;1;7;0;0;2;3;1;A01
201700021008;1;1;0;0;2;1;19;B01
201700021009;2;7;0;0;2;2;17;A01
201700021009;2;30;0;0;2;3;2;B01
201700021010;1;33;0;0;2;1;1;B01
201700021010;2;7;0;0;2;2;15;A01
201700021011;1;7;0;0;2;3;9;A01
201700021011;1;1;0;0;2;1;16;B01
201700021012;2;7;0;0;2;1;9;B01
201700021012;1;10;0;0;2;2;1;A01
201700021013;2;10;0;0;1;3;1;A01
201700021013;1;14;0;0;1;3;1;B01
201700021014;1;10;0;0;2;6;2;A01
201700021014;1;33;0;2;2;7;2;B01
201700021015;2;33;0;11;0;1;1;A01
201700021015;2;33;0;11;0;1;1;B01
201700021016;2;7;0;0;1;1;1;A01
201700021017;2;7;0;0;9;4;21;A01
201700021017;2;7;0;0;2;9;2;B01
201700021017;2;7;0;0;2;1;2;C01
201700021017;1;99;0;0;0;0;1;D01
201700021018;2;7;0;0;2;1;19;B01
201700021018;1;7;0;0;0;3;9;A01
201700021019;2;7;0;0;0;3;0;A01
201700021020;0;7;0;0;1;1;0;A01
201700021021;2;33;0;0;2;1;1;B01
201700021021;1;7;0;0;2;8;15;A01
201700021022;2;7;0;6;0;1;1;A01
201700021023;0;10;0;0;2;1;15;B01
201700021023;0;2;0;0;0;3;1;A01
201700021024;1;33;0;0;2;1;1;A01
201700021024;2;7;0;0;2;3;15;B01
201700021025;1;7;0;0;2;3;15;A01
201700021025;1;33;0;0;2;1;1;B01
201700021026;0;7;0;0;1;0;1;A01
201700021027;0;7;0;0;0;5;23;B01
201700021027;0;2;0;0;2;1;1;A01
201700021028;0;7;0;0;1;2;2;A01
201700021029;1;7;0;2;0;8;1;A01
201700021030;0;7;0;0;2;1;15;A01
201700021030;0;1;0;0;2;1;0;B01
201700021031;0;33;0;0;2;2;21;A01
201700021031;0;33;0;0;0;6;2;B01
201700021032;0;7;0;0;1;2;1;A01
201700021033;0;33;0;8;0;1;0;A01
201700021034;1;7;0;0;2;3;15;B01
201700021034;1;30;0;0;2;1;1;A01
201700021035;0;7;0;0;1;1;1;A01
201700021036;0;7;0;6;0;1;1;A01
201700021037;0;7;0;0;9;7;15;A01
201700021037;1;1;0;0;2;1;1;B01
201700021038;0;7;0;0;1;1;1;A01
201700021039;1;7;0;0;2;3;13;A01
201700021039;2;7;0;0;2;3;1;B01
201700021039;2;7;0;0;2;3;1;C01
201700021040;2;1;0;12;0;7;0;A01
201700021041;1;7;0;0;2;3;10;A01
201700021041;1;7;0;0;2;2;1;B01
201700021042;2;2;0;12;0;3;13;A01
201700021043;2;7;0;0;1;7;1;Z01
201700021044;2;10;0;0;2;1;15;A01
201700021044;1;7;0;0;2;1;1;B01
201700021045;2;1;0;0;2;8;15;A01
201700021046;1;7;0;0;2;1;2;A01
201700021046;1;2;0;0;2;1;0;B01
201700021047;1;7;0;0;2;7;1;A01
201700021047;1;2;0;0;2;1;1;B01
201700021048;1;7;0;0;1;1;1;A01
201700021049;2;33;0;0;2;1;17;A01
201700021049;1;7;0;0;2;1;15;B01
201700021050;2;7;0;0;2;1;9;B01
201700021050;2;1;0;0;2;0;0;A01
201700021051;2;2;0;0;2;2;17;A01
201700021051;2;7;0;0;2;8;17;B01
201700021052;1;10;0;0;2;8;13;A01
201700021052;2;7;0;0;2;8;1;B01
201700021053;1;1;0;0;2;1;9;A01
201700021053;2;7;0;0;2;1;15;B01
201700021054;1;7;0;0;2;2;21;A01
201700021054;1;1;0;0;2;2;19;B01
201700021055;2;7;0;0;2;1;2;A01
201700021055;2;7;0;0;2;4;15;B01
201700021056;1;7;0;0;2;3;15;A01
201700021056;2;33;0;0;2;1;1;B01
201700021057;1;10;0;0;2;1;2;A01
201700021057;1;33;0;0;2;4;2;B01
201700021057;1;7;0;0;2;4;2;C01
201700021058;1;1;0;0;2;5;16;B01
201700021058;2;7;0;0;2;2;16;A01
201700021059;1;7;0;2;2;3;0;A01
201700021060;1;33;0;0;0;8;2;A01
201700021061;1;7;0;0;2;3;1;A01
201700021061;2;7;0;0;2;3;13;B01
201700021062;2;14;0;0;2;1;2;A01
201700021062;2;7;0;0;2;4;2;B01