num_acc;senc;catv;occutc;obs;obsm;choc;manv;num_veh
201700021062;2;10;0;0;2;4;2;C01
201700021063;2;33;0;0;2;3;2;A01
201700021063;2;7;0;0;2;2;9;B01
201700021064;2;7;0;0;2;5;4;A01
201700021064;2;3;0;0;2;3;2;B01
201700021065;2;7;0;0;2;1;2;A01
201700021065;2;10;0;0;2;4;2;B01
201700021065;2;7;0;0;2;4;2;C01
201700021066;1;7;0;0;2;6;15;A01
201700021066;1;33;0;0;2;8;21;B01
201700021067;2;7;0;0;2;1;2;A01
201700021067;2;7;0;0;2;4;2;B01
201700021068;1;7;0;0;1;2;2;A01
201700021069;2;7;0;0;1;1;1;A01
201700021070;1;14;0;0;2;1;2;A01
201700021070;1;7;0;0;2;4;2;B01
201700021071;1;7;0;0;1;1;1;A01
201700021072;1;7;0;0;1;1;1;A01
201700021073;2;10;0;0;2;1;1;A01
201700021073;1;7;0;0;2;8;1;B01
201700021074;1;7;0;0;2;2;2;A01
201700021074;1;1;0;0;2;1;1;B01
201700021075;1;7;0;0;2;8;1;B01
201700021075;1;7;0;0;2;1;1;A01
201700021076;1;7;0;0;2;3;1;A01
201700021076;1;7;0;0;2;1;1;B01
201700021076;1;7;0;0;2;8;1;C01
201700021077;1;7;0;0;2;1;2;A01
201700021077;1;7;0;0;2;4;2;B01
201700021078;1;7;0;3;2;1;2;A01
201700021078;1;7;0;3;0;4;2;B01
201700021079;1;7;0;0;1;1;2;A01
201700021080;1;7;0;0;1;1;1;A01
201700021081;1;2;0;0;2;0;2;A01
201700021082;2;7;0;0;1;2;16;A01
201700021083;1;14;0;0;1;2;16;A01
201700021084;1;7;0;0;1;1;1;A01
201700021085;1;32;0;0;0;1;1;A01
201700021086;1;1;0;0;2;1;19;B01
201700021086;1;7;0;0;2;1;15;A01
201700021087;1;7;0;0;2;1;2;A01
201700021087;1;7;0;0;2;4;2;B01
201700021087;1;7;0;0;2;4;2;C01
201700021088;1;7;0;0;2;1;2;A01
201700021088;1;7;0;0;2;1;2;B01
201700021088;1;7;0;0;9;4;0;C01
201700021089;2;7;0;0;2;8;9;A01
201700021089;2;2;0;0;2;1;2;B01
201700021090;1;7;0;3;2;1;2;A01
201700021090;1;7;0;3;2;4;2;B01
201700021091;1;7;0;0;1;1;1;A01
201700021092;1;33;0;0;2;2;12;B01
201700021092;1;7;0;0;2;3;1;A01
201700021093;1;7;0;0;2;3;13;A01
201700021093;2;7;0;0;2;3;1;B01
201700021093;2;7;0;0;2;3;23;C01
201700021094;1;7;0;0;1;3;15;A01
201700021095;1;7;0;0;2;1;2;A01
201700021095;1;30;0;0;2;1;0;B01
201700021096;1;7;0;0;2;8;10;A01
201700021096;2;1;0;0;2;8;2;B01
201700021097;1;7;0;2;0;1;2;A01
201700021098;1;10;0;0;2;4;2;A01
201700021098;1;2;0;0;2;1;2;B01
201700021099;2;7;0;0;2;1;2;A01
201700021099;2;10;0;0;2;4;2;B01
201700021100;1;7;0;0;2;4;1;A01
201700021100;1;7;0;0;2;1;2;B01
201700021100;1;10;0;0;2;2;2;C01
201700021101;2;7;0;0;0;1;2;A01
201700021102;1;7;0;0;1;1;1;A01
201700021103;1;7;0;0;2;1;2;A01
201700021103;1;7;0;0;2;4;2;B01
201700021103;1;7;0;0;2;4;2;C01
201700021104;1;7;0;0;2;1;2;A01
201700021104;1;7;0;0;2;1;2;B01
201700021104;1;7;0;0;2;1;2;C01
201700021104;1;7;0;0;2;4;2;D01
201700021104;1;7;0;0;2;8;2;E01
201700021104;1;7;0;0;2;4;2;F02
201700021105;1;7;0;8;0;1;2;A01
201700021106;1;7;0;0;2;3;9;A01
201700021106;1;1;0;0;2;7;2;B01
201700021107;1;30;0;0;2;1;1;A01
201700021107;1;7;0;0;2;5;1;B01
201700021108;2;7;0;0;2;8;9;A01
201700021108;1;1;0;0;2;2;1;B01
201700021109;2;7;0;4;0;9;2;A01
201700021110;1;7;0;0;2;3;23;B01
201700021110;2;7;0;0;2;2;2;A01
201700021111;1;7;0;0;2;1;19;A01
201700021111;2;2;0;0;2;1;1;B01
201700021112;1;7;0;0;2;6;2;A01
201700021112;1;2;0;0;2;1;2;B01
201700021113;2;7;0;11;0;1;1;A01
201700021114;1;7;0;0;1;2;9;A01
201700021115;1;7;0;1;0;1;1;A01
201700021116;1;17;0;0;2;1;2;A01
201700021116;1;7;0;0;2;4;2;B01
201700021116;1;17;0;0;2;4;2;C01
201700021117;2;7;0;12;0;3;14;A01
201700021118;1;7;0;0;2;8;19;A01
201700021118;1;37;3;0;2;1;1;B01
201700021119;1;7;0;0;2;4;4;A01
201700021119;1;2;0;0;2;1;1;B01
201700021120;1;7;0;2;0;1;14;A01
201700021121;1;7;0;0;2;8;9;A01
201700021121;1;1;0;0;2;4;1;B01
201700021122;1;7;0;0;2;2;1;A01
201700021122;1;7;0;0;2;1;0;B01
201700021123;1;7;0;0;2;2;15;A01
201700021123;2;7;0;0;2;1;1;B01
201700021124;1;7;0;0;2;8;1;A01
201700021124;1;1;0;0;2;1;9;B01
201700021125;1;7;0;0;1;1;20;A01
201700021126;1;15;0;0;2;2;2;A01
201700021126;1;7;0;0;2;4;2;B01
201700021126;1;7;0;0;2;6;2;C01
201700021127;2;7;0;0;1;3;1;A01
201700021128;1;7;0;0;2;1;16;A01
201700021128;1;1;0;0;2;8;1;B01
201700021129;1;7;0;0;2;1;1;A01
201700021129;1;7;0;0;2;4;2;B01
201700021130;1;7;0;0;2;3;15;A01
201700021130;2;1;0;0;2;1;1;B01
201700021131;1;7;0;0;2;1;1;A01
201700021131;1;7;0;0;2;8;16;B01
201700021132;1;7;0;2;0;1;13;A01
201700021133;2;10;0;6;0;1;1;A01
201700021134;1;7;0;0;2;1;0;A01
201700021134;1;7;0;0;2;1;0;A02
201700021135;1;7;0;0;2;2;1;B01
201700021135;1;7;0;0;2;3;15;A01
201700021136;1;30;0;0;2;1;2;A01
201700021136;1;7;0;0;2;5;2;B01
201700021137;1;7;0;0;1;1;15;A01
201700021138;2;7;0;0;2;2;1;A01
201700021138;2;30;0;0;2;3;1;B01
201700021139;1;30;0;0;2;1;2;A01
201700021139;2;7;0;0;2;7;15;B01
201700021140;2;7;0;0;2;6;15;A01
201700021140;2;30;0;0;2;2;17;B01
201700021141;2;7;0;0;2;1;2;A01
201700021141;2;7;0;0;0;4;2;B01
201700021142;2;7;0;0;2;5;20;A01
201700021142;2;1;0;0;2;8;1;B01
201700021143;1;7;0;4;2;5;0;A01
201700021143;1;7;0;4;2;3;0;B01
201700021144;1;7;0;6;0;1;2;A01
201700021145;1;7;0;4;0;1;1;A01
201700021146;1;7;0;2;0;7;1;A01
201700021147;1;7;0;0;2;2;1;A01
201700021147;2;7;0;0;2;3;1;B01
201700021148;1;7;0;0;2;4;2;A01
201700021148;1;7;0;0;2;1;2;B01
201700021149;1;7;0;0;2;5;16;A01
201700021149;2;1;0;0;2;1;1;B01
201700021150;1;1;0;0;2;1;1;A01
201700021150;1;7;0;0;2;3;1;B01
201700021151;2;7;0;0;2;1;1;A01
201700021151;1;1;0;0;2;7;1;B01
201700021152;1;7;0;9;0;1;6;A01
201700021153;1;7;0;0;1;1;1;A01
201700021154;1;2;0;0;2;1;5;A01
201700021154;2;7;0;0;2;4;1;B01
201700021155;1;33;0;0;0;3;2;A01
201700021156;1;30;0;9;0;1;16;A01
201700021157;2;7;0;0;2;2;2;B01
201700021157;2;7;0;0;2;3;2;A01
201700021158;2;7;0;0;2;2;1;A01
201700021158;2;7;0;0;2;3;2;B01
201700021159;1;1;0;0;2;3;5;A01
201700021159;1;7;0;0;2;1;1;B01
201700021160;1;30;0;0;2;3;21;A01
201700021160;2;1;0;2;0;1;21;B01
201700021161;1;7;0;0;0;3;19;A01
201700021162;1;7;0;8;0;1;16;A01
201700021163;1;7;0;0;2;2;15;A01
201700021163;1;7;0;0;2;1;2;B01
201700021164;1;1;0;0;2;1;1;A01
201700021164;1;7;0;0;2;7;1;B01
201700021165;1;10;0;0;2;1;1;A01
201700021165;1;7;0;0;2;4;2;B01
201700021165;1;7;0;0;2;4;2;C01
201700021165;1;7;0;0;2;1;2;D01
201700021166;1;7;0;0;2;8;1;A01
201700021166;2;30;0;0;2;1;15;B01
201700021167;1;7;0;0;1;1;15;A01
201700021168;1;7;0;4;0;1;0;A01
201700021169;2;10;0;0;2;1;2;A01
201700021169;2;7;0;0;2;1;2;B01
201700021169;2;7;0;0;2;3;2;C01
201700021170;1;7;0;0;2;2;1;A01
201700021170;1;1;0;0;2;8;0;B01
201700021171;1;1;0;0;2;7;19;A01
201700021171;1;7;0;0;2;2;1;B01
201700021172;1;1;0;0;2;8;2;A01
201700021172;2;7;0;0;2;1;15;B01
201700021173;1;33;0;0;0;7;0;A01
201700021174;2;10;0;0;2;1;2;A01
201700021174;2;7;0;0;2;4;2;B01
201700021174;2;7;0;0;2;4;2;C01
201700021174;2;7;0;0;2;4;2;D01
201700021175;1;7;0;0;2;1;15;A01
201700021175;1;1;0;0;2;1;1;B01
201700021176;1;13;0;0;2;8;1;A01
201700021176;2;1;0;0;2;8;19;B01
201700021177;1;7;0;0;2;1;2;A01
201700021177;1;7;0;0;0;4;2;B01
201700021178;1;30;0;0;2;1;5;A01
201700021178;2;7;0;0;2;6;1;B01
201700021179;1;33;0;0;2;1;2;A01
201700021179;1;7;0;0;2;6;2;B01
201700021180;1;7;0;0;1;2;15;A01
201700021181;1;14;0;6;0;1;15;A01
201700021182;1;7;0;0;2;2;0;A01
201700021182;1;7;0;0;2;1;0;B01
201700021183;1;7;0;0;1;2;2;A01
201700021184;1;7;0;0;2;1;2;A01
201700021184;1;7;0;0;2;4;2;B01
201700021184;1;7;0;0;2;4;2;C01
201700021184;1;7;0;0;2;4;2;D01
201700021185;1;1;0;0;2;1;2;A01
201700021185;1;7;0;0;2;5;2;B01
201700021186;1;7;0;9;0;2;14;A01
201700021187;2;7;0;9;9;1;2;A01
201700021188;2;1;0;0;2;7;1;B01
201700021188;1;7;0;0;2;1;15;A01
201700021189;1;7;0;3;0;1;2;A01
201700021189;2;1;0;0;2;1;2;B01
201700021190;2;14;0;2;0;1;14;A01
201700021191;2;7;0;0;2;1;2;A01
201700021191;2;7;0;0;2;4;2;B01
201700021191;2;7;0;0;2;4;2;C01
201700021192;2;7;0;0;2;3;13;A01
201700021192;1;7;0;0;2;3;2;B01
201700021193;1;31;0;8;0;7;9;A01
201700021194;1;7;0;0;2;8;16;A01
201700021194;1;1;0;0;2;1;21;B01
201700021195;1;7;0;0;2;3;2;A01
201700021195;1;7;0;0;2;8;11;B01
201700021196;1;17;0;2;2;6;10;A01
201700021196;1;34;0;2;2;1;21;B01
201700021197;1;10;0;0;2;2;2;A01
201700021197;1;7;0;0;2;4;2;B01
201700021198;1;31;0;0;2;1;1;A01
201700021198;1;1;0;0;2;8;9;B01
201700021199;1;7;0;0;1;1;2;Z01
201700021200;1;34;0;12;0;1;15;A01
201700021201;1;33;0;0;2;1;3;A01
201700021201;1;7;0;0;2;4;1;B01
201700021201;1;7;0;0;2;4;1;C01
201700021202;2;7;0;1;0;1;17;A01
201700021203;1;7;0;14;2;6;23;A01
201700021203;1;7;0;0;2;4;23;B01
201700021203;1;7;0;15;2;1;21;C01
201700021204;1;7;0;2;2;7;12;A01
201700021204;1;33;0;2;2;7;18;B01
201700021205;1;7;0;0;2;3;2;A01
201700021205;1;7;0;0;2;8;1;B01
201700021205;1;7;0;0;2;1;15;C01
201700021206;1;7;0;0;2;1;15;A01
201700021206;2;33;0;0;2;1;1;B01
201700021207;1;7;0;0;2;3;15;A01
201700021207;2;7;0;0;2;3;19;B01
201700021208;1;7;0;0;2;1;16;A01
201700021208;1;7;0;0;2;8;1;B01
201700021209;2;30;0;2;2;1;2;A01
201700021209;2;7;0;2;2;4;2;B01
201700021210;1;7;0;6;2;2;2;A01
201700021210;2;1;0;6;2;8;2;B01
201700021211;1;7;0;0;2;1;19;A01
201700021211;2;1;0;0;2;1;13;B01
201700021212;1;10;0;6;2;5;2;A01
201700021212;1;1;0;6;2;8;2;B01
201700021213;1;7;0;3;0;2;11;A01
201700021214;1;7;0;0;2;1;2;A01
201700021214;1;10;0;0;2;4;2;B01
201700021215;2;7;0;0;1;1;2;A01
201700021216;1;33;0;0;2;1;9;A01
201700021216;1;7;0;0;2;4;9;B01
201700021217;1;31;0;0;2;8;17;A01
201700021217;1;7;0;0;2;6;2;B01
201700021218;1;10;0;0;9;4;16;A01
201700021218;1;1;0;0;2;1;21;B01
201700021219;1;7;0;1;0;1;1;A01
201700021220;1;31;0;12;0;7;16;A01
201700021221;1;7;0;0;2;2;16;A01
201700021221;1;1;0;0;2;8;2;B01
201700021222;1;7;0;7;0;9;9;A01
201700021223;1;7;0;0;2;1;2;A01
201700021223;1;7;0;0;2;4;2;B01
201700021224;1;7;0;0;2;1;1;A01
201700021224;1;7;0;0;2;4;1;B01
201700021225;2;30;0;0;0;9;21;A01
201700021226;2;7;0;0;2;2;15;A01
201700021226;1;1;0;0;2;1;1;B01
201700021227;1;7;0;0;2;3;15;A01
201700021227;2;1;0;0;2;1;0;B01
201700021228;1;7;0;0;9;1;2;A01
201700021228;1;1;0;0;2;8;2;B01
201700021229;1;7;0;0;2;3;20;A01
201700021229;1;1;0;0;2;2;1;B01
201700021230;1;30;0;0;2;1;0;A01
201700021230;2;34;0;0;2;1;0;B01
201700021231;1;7;0;0;2;7;15;A01
201700021231;1;7;0;0;2;1;21;B01
201700021232;2;10;0;0;2;1;2;A01
201700021232;2;7;0;0;2;4;2;B01
201700021233;1;7;0;0;2;3;15;A01
201700021233;2;7;0;0;2;3;1;B01
201700021234;1;7;0;0;2;2;19;A01
201700021234;1;31;0;0;2;1;19;B01
201700021235;1;7;0;15;0;1;1;A01
201700021236;1;7;0;0;2;3;9;A01
201700021236;1;1;0;0;2;7;1;B01
201700021237;1;7;0;0;2;1;9;A01
201700021237;1;7;0;0;2;4;9;B01
201700021237;1;7;0;0;2;4;23;C01
201700021238;2;34;0;0;2;8;18;A01
201700021238;2;7;0;0;2;2;12;B01
201700021239;1;31;0;0;0;2;1;A01
201700021240;1;7;0;0;2;2;1;A01
201700021240;1;7;0;0;2;4;2;B01
201700021241;1;7;0;0;1;0;7;A01
201700021242;1;7;0;13;0;9;13;A01
201700021243;1;7;0;0;2;2;2;A01
201700021243;1;7;0;0;2;5;2;B01
201700021244;1;33;0;13;0;7;14;A01
201700021245;1;7;0;0;2;4;23;A01
201700021245;1;33;0;0;2;1;21;B01
201700021246;1;7;0;0;2;3;20;A01
201700021246;1;33;0;2;0;1;21;B01
201700021247;1;7;0;0;2;8;1;B01
201700021247;1;31;0;0;2;7;19;A01
201700021248;2;7;0;0;2;2;8;A01
201700021248;1;1;0;0;2;1;7;B01
201700021249;1;31;0;0;2;7;21;A01
201700021249;1;7;0;0;2;0;2;Z01
201700021250;1;1;0;0;2;4;13;A01
201700021250;1;10;0;0;2;8;22;B01
201700021250;1;7;0;0;2;1;2;C01
201700021251;2;7;0;0;2;3;15;A01
201700021251;1;33;0;0;2;2;17;B01
201700021252;2;34;0;0;2;3;1;B01
201700021252;2;7;0;0;2;6;15;A01
201700021253;1;7;0;0;2;2;1;A01
201700021253;1;1;0;0;2;1;19;B01
201700021254;2;7;0;15;0;1;13;A01
201700021255;2;35;0;15;0;1;15;A01
201700021256;2;7;0;0;2;3;9;B01
201700021256;1;7;0;0;2;1;2;A01
201700021257;1;7;0;0;1;3;1;A01
201700021258;1;7;0;0;0;9;16;A01
201700021259;2;10;0;0;2;1;2;A01
201700021259;2;7;0;0;2;4;2;B01
201700021259;2;7;0;0;2;4;2;C01
201700021259;2;7;0;0;2;4;2;D01
201700021260;1;7;0;0;2;1;2;A01
201700021260;1;7;0;0;2;4;2;B01
201700021260;1;7;0;0;2;4;2;C01
201700021260;1;7;0;0;2;4;2;D01
201700021260;1;7;0;0;2;4;2;E01
201700021260;1;7;0;0;2;4;2;F02
201700021261;2;13;0;0;2;1;2;A01
201700021261;2;7;0;0;2;4;2;B01
201700021262;1;7;0;0;1;2;4;Z01
201700021263;1;7;0;0;1;1;1;A01
201700021264;1;7;0;0;2;3;1;A01
201700021264;2;1;0;0;2;6;1;B01
201700021265;1;7;0;0;2;3;2;A01
201700021265;1;33;0;0;2;7;2;B01
201700021266;1;7;0;0;2;8;15;A01
201700021266;2;1;0;0;2;1;2;B01
201700021267;2;7;0;0;2;1;2;A01
201700021267;1;1;0;0;2;4;1;B01
201700021268;1;7;0;0;2;3;1;B01
201700021268;1;1;0;0;2;1;5;A01
201700021269;1;7;0;0;1;8;19;A01
201700021270;2;7;0;0;2;4;16;A01
201700021270;2;7;0;0;2;1;16;B01
201700021271;1;7;0;0;2;3;1;A01
201700021271;1;7;0;0;2;5;2;B01
201700021272;1;7;0;0;2;3;15;A01
201700021272;1;1;0;0;2;8;15;B01
201700021273;1;30;0;0;0;7;14;A01
201700021274;1;7;0;0;2;3;20;A01
201700021274;1;37;5;0;2;2;1;B01
201700021275;1;1;0;0;2;1;2;A01
201700021275;1;7;0;0;2;4;2;B01
201700021276;2;33;0;12;0;9;1;A01
201700021277;1;10;0;0;2;7;15;A01
201700021277;2;7;0;0;2;1;19;B01
201700021278;1;7;0;0;2;1;2;A01
201700021278;1;7;0;0;2;4;23;B01
201700021279;2;7;0;0;1;2;9;A01
201700021280;1;7;0;0;2;3;19;A01
201700021280;1;31;0;0;2;2;1;B01
201700021281;1;31;0;0;2;8;21;A01
201700021282;1;7;0;0;2;4;2;A01
201700021282;1;7;0;0;2;1;2;B01
201700021282;1;7;0;0;2;1;2;C01
201700021283;2;7;0;0;2;1;17;A01
201700021283;2;7;0;0;2;4;17;B01
201700021284;1;7;0;12;0;1;19;A01
201700021285;1;1;0;0;1;1;1;A01
201700021286;1;33;0;0;2;2;1;A01
201700021286;1;7;0;0;2;6;1;B01
201700021287;1;7;0;0;2;4;2;A01
201700021287;1;7;0;0;2;1;2;B01
201700021288;2;1;0;0;2;8;1;A01
201700021289;2;31;0;0;2;2;19;A01
201700021289;2;7;0;0;2;3;1;B01
201700021290;1;7;0;0;2;1;2;A01
201700021290;1;7;0;0;2;4;2;B01
201700021291;1;7;0;0;2;2;15;A01
201700021291;2;1;0;0;2;1;1;B01
201700021292;1;10;0;14;0;2;21;A01
201700021293;2;10;0;0;2;4;1;B01
201700021293;1;31;0;0;2;1;2;A01
201700021294;2;1;0;0;2;2;1;B01
201700021294;1;1;0;0;2;2;15;A01
201700021295;1;7;0;0;2;2;17;A01
201700021295;1;1;0;0;2;0;15;B01
201700021296;1;31;0;0;1;1;2;A01
201700021297;1;1;0;0;2;7;1;B01
201700021297;1;7;0;0;2;3;1;A01
201700021298;1;7;0;0;2;5;2;A01
201700021298;1;7;0;0;2;9;2;B01
201700021298;1;7;0;0;2;1;2;C01
201700021299;1;7;0;0;2;7;13;A01
201700021299;2;7;0;0;2;1;1;B01
201700021300;1;7;0;0;0;7;15;A01
201700021301;1;7;0;0;2;1;1;A01
201700021301;1;7;0;0;2;4;1;B01
201700021302;2;7;0;0;2;4;2;A01
201700021302;2;31;0;0;2;1;2;B01
201700021303;1;7;0;0;1;3;1;A01
201700021304;1;7;0;0;2;3;1;A01
201700021304;1;1;0;0;2;7;5;B01
201700021305;1;7;0;0;2;2;15;A01
201700021305;2;30;0;0;2;1;21;B01
201700021306;1;7;0;0;2;3;15;A01
201700021306;2;7;0;0;2;2;1;B01
201700021307;1;7;0;0;1;3;15;A01
201700021308;2;31;0;0;2;1;1;B01
201700021308;2;7;0;0;2;3;15;A01
201700021309;1;7;0;0;2;7;15;A01
201700021309;2;33;0;0;2;1;21;B01
201700021310;1;1;0;0;2;1;19;B01
201700021310;1;7;0;0;2;2;16;A01
201700021311;2;31;0;0;2;4;23;A01
201700021311;2;7;0;0;2;1;2;B01
201700021312;1;7;0;2;2;2;15;A01
201700021312;1;1;0;2;2;1;2;B01
201700021313;1;7;0;3;2;4;23;A01
201700021313;1;7;0;3;2;1;2;B01
201700021314;1;7;0;0;1;3;2;A01
201700021315;2;7;0;0;1;1;2;A01
201700021316;1;7;0;0;2;1;1;A01
201700021316;2;10;0;0;0;0;1;B01
201700021317;1;1;0;0;2;4;19;B01
201700021317;1;7;0;0;2;1;9;A01
201700021318;1;7;0;12;0;3;13;A01
201700021319;1;7;0;0;2;2;17;A01
201700021319;1;1;0;0;2;6;14;B01
201700021320;1;7;0;1;2;1;21;A01
201700021321;1;7;0;0;2;1;1;A01
201700021321;1;7;0;0;2;8;1;B01
201700021322;1;7;0;0;2;3;9;A01
201700021322;1;33;0;0;2;7;15;B01
201700021323;1;7;0;0;2;2;15;A01
201700021323;2;33;0;0;2;1;21;B01
201700021324;2;31;0;0;0;0;1;A01
201700021325;1;7;0;0;2;1;2;A01
201700021325;1;7;0;0;2;4;2;B01
201700021326;1;7;0;14;0;2;14;A01
201700021327;1;7;0;0;2;8;15;A01
201700021327;2;1;0;0;2;1;1;B01
201700021328;1;7;0;0;2;1;2;A01
201700021328;1;7;0;0;2;4;2;B01
201700021329;1;7;0;0;1;1;1;A01
201700021330;1;7;0;0;2;1;15;A01
201700021330;2;7;0;0;2;1;1;B01
201700021331;1;1;0;0;2;1;1;B01
201700021331;1;7;0;0;2;0;0;Z01
201700021332;2;7;0;0;1;1;1;A01
201700021333;1;30;0;1;0;1;14;A01
201700021334;2;7;0;0;1;1;1;A01
201700021335;1;7;0;0;2;1;13;A01
201700021335;2;7;0;0;2;1;1;B01
201700021336;1;7;0;0;2;1;0;A01
201700021336;0;7;0;0;0;4;0;B01
201700021337;1;7;0;0;2;8;15;A01
201700021337;2;33;0;0;2;1;1;B01
201700021338;1;7;0;0;2;1;1;A01
201700021338;1;30;0;0;2;5;1;B01
201700021339;2;7;0;0;2;8;18;A01
201700021339;2;30;0;0;2;3;1;B01
201700021340;1;7;0;2;0;7;0;A01
201700021341;1;7;0;0;2;7;15;A01
201700021341;1;7;0;0;2;1;1;B01
201700021342;1;7;0;0;2;7;0;B01
201700021342;1;7;0;0;2;1;0;A01
201700021343;1;7;0;0;1;1;1;A01
201700021344;1;7;0;0;0;8;9;A01
201700021344;2;1;0;0;2;1;0;B01
201700021345;1;7;0;0;2;1;15;A01
201700021345;1;7;0;0;2;8;1;B01
201700021346;1;7;0;0;1;1;0;A01
201700021347;1;7;0;0;2;1;2;A01
201700021347;1;7;0;0;2;4;2;B01
201700021348;1;37;1;0;2;3;9;A01
201700021348;1;32;0;0;2;2;1;B01
201700021349;1;7;0;0;2;1;2;A01
201700021349;1;7;0;0;2;4;2;B01
201700021349;1;7;0;0;2;4;2;C01
201700021350;1;7;0;0;1;1;1;A01
201700021351;1;7;0;0;2;2;0;A01
201700021351;1;2;0;0;2;3;0;B01
201700021352;1;2;0;0;2;1;0;B01
201700021352;1;7;0;0;2;1;0;A01
201700021353;1;30;0;0;2;1;2;A01
201700021353;0;7;0;0;2;4;2;B01
201700021354;1;7;0;0;2;1;2;A01
201700021354;1;7;0;0;2;4;2;B01
201700021355;1;7;0;0;2;1;13;A01
201700021355;1;7;0;0;2;1;0;B01
201700021356;1;7;0;0;2;1;0;A01
201700021356;1;2;0;0;2;2;0;B01
201700021357;1;7;0;0;2;1;0;A01
201700021357;1;7;0;0;2;1;0;B01
201700021358;1;7;0;0;2;1;0;A01
201700021358;1;7;0;0;2;4;2;B01
201700021358;1;10;0;0;2;5;2;C01
201700021358;1;7;0;0;2;1;2;D01
201700021359;1;7;0;0;2;1;0;A01
201700021359;1;7;0;0;2;1;0;B01
201700021360;1;7;0;0;2;5;0;A01
201700021360;1;2;0;0;2;1;2;B01
201700021361;1;7;0;2;0;1;1;A01
201700021362;1;7;0;0;0;1;0;A01
201700021363;0;33;0;0;2;1;2;A01
201700021363;1;7;0;0;2;4;2;B01
201700021364;1;7;0;0;2;0;0;A01
201700021364;1;7;0;0;2;4;2;B01
201700021365;1;2;0;0;2;1;2;A01
201700021365;1;7;0;0;2;4;2;B01
201700021366;1;33;0;0;2;2;2;A01
201700021366;1;7;0;0;2;3;2;B01
201700021367;1;10;0;0;1;0;0;Z01
201700021368;1;7;0;0;2;1;2;A01
201700021368;1;7;0;0;2;4;2;B01
201700021369;1;7;0;3;0;9;0;A01
201700021370;1;7;0;0;2;1;13;A01
201700021370;2;7;0;0;2;1;1;B01
201700021371;1;7;0;0;2;1;9;A01
201700021371;1;1;0;0;2;7;1;B01
201700021372;1;7;0;0;2;7;9;A01
201700021372;1;1;0;0;2;8;1;B01
201700021373;1;7;0;0;2;1;2;A01
201700021373;1;7;0;0;2;4;2;B01
201700021374;1;10;0;0;1;4;4;A01
201700021375;1;7;0;0;1;1;1;A01
201700021376;2;7;0;0;2;1;0;A01
201700021376;1;7;0;0;2;1;0;B01
201700021376;0;7;0;0;2;3;0;Z01
201700021377;2;7;0;0;2;2;1;B01
201700021377;1;7;0;0;2;1;19;A01
201700021378;2;2;0;0;1;0;1;A01
201700021379;2;7;0;1;0;2;1;A01
201700021380;1;7;0;0;1;1;1;A01
201700021381;1;2;0;0;2;7;17;A01
201700021381;1;7;0;0;2;8;2;B01
201700021382;1;7;0;0;1;7;1;A01
201700021383;1;7;0;6;0;1;13;A01
201700021384;1;33;0;0;2;2;17;A01
201700021384;1;20;0;0;2;6;2;B01
201700021385;1;7;0;0;2;1;9;A01
201700021385;1;33;0;0;2;1;1;B01
201700021386;1;2;0;0;2;7;2;A01
201700021386;1;7;0;0;2;8;2;B01
201700021387;1;7;0;0;2;1;15;A01
201700021387;2;1;0;0;2;2;1;B01
201700021388;1;7;0;0;1;1;0;Z01
201700021389;1;7;0;0;2;1;1;A01
201700021389;1;7;0;0;2;7;10;B01
201700021390;1;1;0;0;2;1;2;A01
201700021390;1;7;0;0;2;4;2;B01
201700021391;1;7;0;0;2;1;1;A01
201700021391;1;7;0;0;2;7;0;B01
201700021392;1;7;0;0;2;7;16;A01
201700021392;1;1;0;0;2;1;2;B01
201700021393;1;30;0;0;2;1;9;A01
201700021393;1;7;0;0;2;3;1;B01
201700021394;1;7;0;0;1;4;4;A01
201700021395;1;30;0;0;2;8;18;A01
201700021395;1;1;0;0;2;1;15;B01
201700021396;1;7;0;0;2;1;1;A01
201700021396;2;7;0;0;2;1;1;B01
201700021396;2;7;0;0;2;8;1;C01
201700021397;1;7;0;0;2;7;1;A01
201700021397;1;1;0;0;2;1;19;B01
201700021398;1;30;0;0;2;1;2;A01
201700021398;1;7;0;0;2;8;1;B01
201700021399;1;7;0;0;1;1;16;A01
201700021400;1;37;2;0;1;4;0;A01
201700021401;1;7;0;0;1;1;0;A01
201700021402;1;30;0;16;0;0;1;A01
201700021403;1;7;0;0;1;7;0;A01
201700021404;1;33;0;8;0;1;0;A01
201700021405;1;7;0;0;2;1;2;A01
201700021405;1;7;0;0;2;4;2;B01
201700021406;1;2;0;12;0;7;1;A01
201700021407;1;7;0;0;2;1;2;A01
201700021407;1;7;0;0;2;4;2;B01
201700021408;1;7;0;0;2;3;9;A01
201700021408;1;33;0;0;2;1;0;B01
201700021409;1;7;0;0;2;1;2;A01
201700021409;1;7;0;0;2;4;2;B01
201700021410;1;7;0;0;1;1;1;Z01
201700021411;1;7;0;0;2;2;15;A01
201700021411;2;33;0;0;2;7;1;B01
201700021412;1;7;0;0;1;1;1;A01
201700021413;1;30;0;0;2;1;2;A01
201700021413;1;7;0;0;2;4;2;B01
201700021414;1;7;0;0;2;8;22;A01
201700021414;1;1;0;1;0;1;1;B01
201700021415;1;30;0;0;2;7;17;A01
201700021415;1;7;0;0;2;8;1;B01
201700021416;1;7;0;0;2;1;2;A01
201700021416;1;7;0;0;2;4;2;B01
201700021417;1;7;0;0;1;1;1;A01
201700021418;1;7;0;0;1;1;1;A01
201700021419;1;7;0;0;2;1;2;A01