num_acc;senc;catv;occutc;obs;obsm;choc;manv;num_veh
201700021419;1;7;0;0;2;4;2;B01
201700021420;1;7;0;7;0;1;0;A01
201700021421;0;14;0;0;2;3;1;B01
201700021421;0;14;0;0;2;3;1;A01
201700021422;1;14;0;0;0;4;2;A01
201700021422;1;2;0;0;2;1;2;B01
201700021423;2;17;0;0;2;8;1;C01
201700021423;1;7;0;0;2;3;1;B01
201700021423;2;7;0;0;2;3;17;A01
201700021424;1;7;0;0;2;2;1;A01
201700021424;2;15;0;0;2;8;1;B01
201700021425;1;17;0;0;2;2;1;B01
201700021425;2;7;0;0;2;6;15;A01
201700021426;1;7;0;4;0;3;1;A01
201700021427;1;7;0;0;0;0;0;A01
201700021427;1;7;0;3;2;1;2;B01
201700021427;1;10;0;0;0;5;1;C01
201700021428;1;10;0;0;0;8;1;A01
201700021429;2;7;0;0;2;3;13;A01
201700021429;1;7;0;0;2;8;1;B01
201700021430;2;7;0;0;2;2;19;A01
201700021430;1;33;0;0;2;8;1;B01
201700021431;1;7;0;13;0;0;13;A01
201700021432;1;7;0;2;0;2;14;A01
201700021433;1;7;0;13;0;1;14;A01
201700021434;1;7;0;4;0;3;1;A01
201700021435;1;7;0;4;0;3;13;A01
201700021436;1;7;0;0;2;4;1;A01
201700021436;1;7;0;0;2;2;1;B01
201700021436;1;7;0;0;2;9;1;C01
201700021436;1;7;0;0;2;4;1;D01
201700021436;1;7;0;0;2;1;1;E01
201700021437;1;7;0;13;0;1;21;A01
201700021438;1;10;0;0;2;1;10;A01
201700021438;1;15;0;0;2;7;1;B01
201700021439;2;10;0;4;0;3;17;A01
201700021440;1;7;0;10;0;3;1;A01
201700021441;1;7;0;4;0;3;13;A01
201700021442;1;7;0;4;0;3;13;A01
201700021443;2;7;0;16;0;9;14;A01
201700021444;1;7;0;13;;1;1;A01
201700021445;1;7;0;4;0;3;13;A01
201700021446;1;7;0;3;0;2;0;A01
201700021447;1;7;0;3;0;2;14;A01
201700021448;1;17;0;16;0;7;14;A01
201700021449;2;33;0;13;0;7;14;A01
201700021450;1;10;0;0;2;2;2;A01
201700021450;1;17;0;0;2;6;1;B01
201700021451;1;7;0;16;0;9;14;A01
201700021452;2;17;0;3;0;2;14;A01
201700021453;2;10;0;0;2;1;2;A01
201700021453;2;10;0;0;2;4;1;B01
201700021454;1;7;0;2;0;1;1;A01
201700021455;2;7;0;0;2;1;15;A01
201700021455;1;1;0;0;2;8;1;B01
201700021456;1;7;0;9;0;1;14;A01
201700021457;1;7;0;0;1;1;1;A01
201700021458;2;7;0;0;2;4;1;A01
201700021458;2;7;0;0;2;1;1;B01
201700021458;2;7;0;0;2;4;1;C01
201700021459;2;30;0;0;2;1;1;A01
201700021459;2;7;0;0;2;4;1;B01
201700021460;1;7;0;0;2;2;15;A01
201700021460;2;33;0;0;2;1;1;B01
201700021461;1;2;0;0;1;1;1;A01
201700021462;1;30;0;0;2;2;1;B01
201700021462;1;7;0;0;2;1;1;A01
201700021463;1;7;0;16;0;1;1;A01
201700021464;2;7;0;12;0;1;1;A01
201700021465;2;7;0;0;2;1;1;A01
201700021465;2;7;0;0;2;4;1;B01
201700021466;2;7;0;0;2;1;1;A01
201700021466;0;7;0;0;2;4;1;B01
201700021466;2;7;0;0;2;4;0;C01
201700021467;1;2;0;0;2;1;1;A01
201700021467;1;7;0;0;2;4;1;B01
201700021468;1;7;0;0;2;1;1;A01
201700021468;1;7;0;0;2;4;1;B01
201700021469;1;7;0;0;2;1;2;A01
201700021469;1;7;0;0;0;4;1;B01
201700021470;1;7;0;16;0;1;21;A01
201700021471;1;7;0;0;1;5;2;A01
201700021472;2;7;0;0;2;1;2;A01
201700021472;2;7;0;0;2;4;2;B01
201700021472;2;7;0;0;2;4;2;C01
201700021473;1;7;0;0;2;1;1;A01
201700021473;1;14;0;0;2;4;15;B01
201700021474;1;7;0;0;2;3;15;A01
201700021474;2;1;0;0;2;4;1;B01
201700021475;2;31;0;0;2;1;2;A01
201700021475;2;1;0;0;2;4;15;B01
201700021476;2;7;0;0;2;2;15;A01
201700021476;2;1;0;0;2;2;16;B01
201700021477;2;7;0;0;2;1;2;A01
201700021477;2;7;0;0;2;4;2;B01
201700021478;1;7;0;0;1;1;1;A01
201700021479;2;7;0;16;0;1;2;A01
201700021480;1;7;0;0;2;1;1;A01
201700021480;1;7;0;0;2;4;1;B01
201700021480;1;7;0;0;2;4;2;C01
201700021481;1;7;0;6;0;1;14;A01
201700021482;2;7;0;0;2;3;13;A01
201700021482;1;7;0;0;2;3;13;B01
201700021483;2;7;0;0;2;7;15;A01
201700021483;1;10;0;0;2;1;1;B01
201700021484;1;1;0;16;0;1;15;A01
201700021485;1;7;0;0;2;7;12;A01
201700021485;1;7;0;0;2;8;16;B01
201700021486;1;7;0;8;0;1;1;A01
201700021487;1;7;0;0;2;1;1;A01
201700021487;2;37;1;0;2;8;1;B01
201700021488;1;7;0;2;0;1;14;A01
201700021489;1;33;0;14;0;8;1;A01
201700021490;1;38;1;0;2;2;2;A01
201700021490;1;7;0;1;0;4;2;B01
201700021491;1;7;0;10;0;1;1;A01
201700021492;2;7;0;0;2;1;1;B01
201700021492;2;3;0;0;2;8;15;A01
201700021493;1;7;0;0;1;1;1;A01
201700021494;1;7;0;0;9;8;24;A01
201700021494;1;1;0;1;0;1;17;B01
201700021495;1;7;0;0;2;1;1;A01
201700021495;1;7;0;0;2;1;1;B01
201700021496;1;7;0;0;2;1;1;A01
201700021496;1;7;0;0;2;4;1;B01
201700021497;1;2;0;0;2;6;1;A01
201700021497;2;10;0;0;2;1;1;B01
201700021498;1;2;0;0;1;1;1;A01
201700021499;2;2;0;12;0;1;1;A01
201700021500;1;7;0;0;2;1;2;A01
201700021500;1;7;0;0;2;4;2;B01
201700021500;1;7;0;0;2;4;2;C01
201700021501;2;2;0;0;2;1;2;A01
201700021501;2;7;0;0;2;4;2;B01
201700021502;1;7;0;1;0;1;13;A01
201700021503;1;7;0;0;2;1;13;A01
201700021503;2;30;0;0;2;1;1;B01
201700021504;1;1;0;0;0;7;1;A01
201700021505;2;7;0;0;1;1;1;A01
201700021506;1;1;0;0;0;1;1;A01
201700021507;1;1;0;0;0;1;0;A01
201700021508;1;1;0;0;0;1;1;A01
201700021509;1;7;0;0;1;7;1;A01
201700021510;1;1;0;0;0;7;1;A01
201700021511;1;7;0;0;2;1;1;A01
201700021511;2;7;0;0;2;7;15;B01
201700021512;1;7;0;0;2;4;1;A01
201700021512;1;7;0;0;2;6;9;B01
201700021513;1;7;0;0;9;2;2;A01
201700021513;1;1;0;0;2;8;9;B01
201700021514;1;7;0;0;1;2;1;A01
201700021515;1;7;0;0;0;7;22;A01
201700021515;1;1;0;1;0;1;22;B01
201700021516;1;7;0;0;2;2;17;A01
201700021516;1;15;0;0;2;6;1;B01
201700021517;1;15;0;3;0;1;14;A01
201700021518;1;7;0;0;9;1;1;B01
201700021518;1;15;0;3;0;9;14;A01
201700021518;1;10;0;14;0;1;1;C01
201700021519;2;7;0;0;2;7;17;A01
201700021519;2;17;0;0;2;3;1;B01
201700021520;2;7;0;4;0;1;1;A01
201700021521;2;14;0;0;2;1;1;A01
201700021521;2;14;0;0;0;4;1;B01
201700021522;2;7;0;11;0;1;14;A01
201700021523;1;17;0;0;2;4;2;B01
201700021523;1;10;0;0;2;1;2;A01
201700021524;2;7;0;0;2;1;2;B01
201700021524;2;7;0;0;0;4;1;A01
201700021525;1;17;0;0;2;6;1;B01
201700021525;1;10;0;0;2;2;13;A01
201700021526;0;7;0;1;2;7;15;B02
201700021526;0;10;0;0;2;2;1;A01
201700021527;0;7;0;0;1;2;14;A01
201700021528;0;2;0;3;0;1;1;A01
201700021529;0;7;0;0;2;8;10;A01
201700021529;0;34;0;0;2;1;17;B01
201700021530;0;7;0;0;2;1;1;B01
201700021530;0;7;0;0;2;1;0;A01
201700021531;0;10;0;0;2;4;1;C01
201700021531;0;10;0;0;2;1;1;A01
201700021531;0;10;0;0;2;4;23;D01
201700021531;0;7;0;0;2;4;23;E01
201700021531;0;7;0;0;2;4;23;B01
201700021532;0;33;0;0;2;1;0;B01
201700021532;0;7;0;0;2;8;6;A01
201700021533;1;7;0;0;2;8;1;C01
201700021533;1;33;0;0;2;1;17;A01
201700021533;2;33;0;0;2;1;1;B01
201700021534;1;7;0;0;2;6;1;B01
201700021534;2;7;0;0;2;3;1;D01
201700021534;2;2;0;0;2;1;5;A01
201700021534;1;7;0;0;2;3;1;C01
201700021535;0;7;0;2;0;7;0;A01
201700021536;0;32;0;0;0;0;1;A01
201700021537;2;14;0;0;2;8;19;B01
201700021537;1;7;0;0;2;1;1;A01
201700021538;0;7;0;0;2;1;1;B01
201700021538;0;7;0;0;2;1;13;A01
201700021539;2;2;0;0;2;6;2;A01
201700021539;2;7;0;0;2;2;2;B01
201700021540;1;7;0;0;2;1;19;B01
201700021540;2;32;0;0;2;2;17;A01
201700021540;1;7;0;0;2;2;1;C01
201700021541;1;7;0;0;2;1;2;A01
201700021541;1;7;0;4;0;4;2;B01
201700021541;1;7;0;0;2;1;2;C01
201700021542;2;7;0;0;0;4;2;B01
201700021542;2;7;0;0;2;1;2;A01
201700021543;;2;0;0;2;1;1;A01
201700021543;;7;0;0;0;0;11;B01
201700021544;0;10;0;0;2;3;19;A01
201700021544;2;33;0;0;2;5;1;B01
201700021545;2;7;0;0;2;3;15;A01
201700021545;1;31;0;0;2;1;1;B01
201700021546;2;33;0;0;2;2;1;B01
201700021546;2;7;0;0;2;2;1;A01
201700021547;2;7;0;2;2;1;1;A01
201700021547;1;7;0;0;2;3;1;B01
201700021548;2;7;0;2;0;9;0;A01
201700021549;2;7;0;0;2;4;2;B01
201700021549;2;7;0;0;2;1;2;A01
201700021550;0;7;0;0;2;3;1;A01
201700021550;0;1;0;0;2;1;1;B01
201700021551;0;7;0;6;0;1;2;A01
201700021552;2;7;0;0;2;1;15;A01
201700021552;1;7;0;0;2;7;1;B01
201700021553;0;7;0;2;0;8;1;A01
201700021554;1;15;0;0;1;1;1;A01
201700021555;1;7;0;13;0;1;0;A01
201700021556;2;31;0;0;2;1;17;A01
201700021556;2;7;0;0;2;3;15;B01
201700021557;1;7;0;13;0;1;13;A01
201700021558;1;33;0;0;0;0;1;A01
201700021559;1;1;0;0;2;8;1;B01
201700021559;1;13;0;0;9;2;14;A01
201700021560;2;33;0;0;2;3;1;B01
201700021560;1;99;0;0;2;3;13;A01
201700021561;2;33;0;0;2;1;17;A01
201700021561;1;7;0;0;2;1;1;B01
201700021562;1;33;0;0;0;8;0;A01
201700021563;0;15;0;0;2;6;23;B01
201700021563;0;7;0;0;2;1;16;A01
201700021564;2;7;0;16;0;1;1;A01
201700021565;2;7;0;0;2;4;2;A01
201700021565;2;17;0;0;2;1;2;B01
201700021565;1;17;0;0;2;3;13;C01
201700021566;1;7;0;0;2;1;1;B01
201700021566;1;7;0;0;2;3;19;A01
201700021567;2;21;0;0;2;3;19;A01
201700021567;2;38;1;0;2;2;1;B01
201700021568;0;33;0;0;0;0;1;A01
201700021569;1;7;0;0;2;1;13;A01
201700021569;2;7;0;0;2;1;1;B01
201700021570;1;7;0;0;2;8;1;A01
201700021570;0;7;0;0;2;2;19;B01
201700021571;1;7;0;0;2;3;13;A01
201700021571;2;7;0;0;2;3;1;B01
201700021572;1;7;0;2;0;0;14;A01
201700021573;2;7;0;0;0;8;1;A01
201700021573;2;1;0;0;2;1;15;B01
201700021574;2;7;0;0;2;8;13;A01
201700021574;1;7;0;0;2;8;1;B01
201700021575;1;7;0;0;2;1;17;A01
201700021575;2;7;0;0;2;1;1;B01
201700021576;1;7;0;0;2;3;17;A01
201700021576;2;7;0;0;2;9;1;B01
201700021577;0;3;0;2;0;3;1;A01
201700021578;1;33;0;0;0;6;15;A01
201700021578;1;33;0;0;2;1;17;B01
201700021579;2;7;0;0;2;3;9;A01
201700021579;1;7;0;0;2;2;1;B01
201700021580;2;7;0;0;2;2;2;A01
201700021580;2;1;0;0;0;4;2;B01
201700021581;1;7;0;0;0;9;17;A01
201700021581;1;7;0;0;0;0;1;B01
201700021582;2;7;0;0;2;9;17;A01
201700021582;1;7;0;0;2;3;1;B01
201700021583;2;7;0;1;0;8;1;B01
201700021583;1;7;0;0;2;1;1;A01
201700021584;2;15;0;16;0;2;1;A01
201700021585;1;7;0;0;2;3;15;B01
201700021585;2;33;0;0;2;1;1;A01
201700021586;2;7;0;6;2;1;1;A01
201700021586;1;7;0;0;2;1;1;B01
201700021586;1;7;0;0;2;1;2;C01
201700021587;2;7;0;0;2;1;13;A01
201700021587;1;7;0;0;2;1;1;B01
201700021588;2;7;0;0;2;2;15;A01
201700021588;1;7;0;0;2;3;1;B01
201700021589;1;7;0;2;0;3;13;A01
201700021590;2;7;0;3;0;1;14;A01
201700021591;2;33;0;2;0;8;13;A01
201700021592;1;7;0;0;2;6;13;A01
201700021592;1;7;0;0;2;3;17;B01
201700021593;1;1;0;0;2;1;1;B01
201700021593;1;10;0;0;2;8;19;A01
201700021594;1;7;0;0;2;1;13;A01
201700021594;2;7;0;0;2;1;1;B01
201700021595;0;35;0;0;2;1;1;A01
201700021595;0;7;0;0;2;1;1;B01
201700021596;1;7;0;0;0;9;1;A01
201700021597;2;7;0;0;2;1;13;A01
201700021597;1;7;0;0;2;1;0;B01
201700021598;0;7;0;0;1;6;4;A01
201700021599;1;7;0;0;2;3;5;A01
201700021599;2;7;0;0;2;2;13;B01
201700021600;0;7;0;0;0;0;0;A01
201700021601;2;33;0;0;0;9;1;A01
201700021602;1;7;0;0;2;1;13;A01
201700021602;2;7;0;0;2;1;1;B01
201700021603;1;7;0;0;2;1;13;A01
201700021603;2;7;0;0;2;1;1;B01
201700021604;1;7;0;13;0;9;1;A01
201700021605;1;7;0;0;0;3;19;B01
201700021605;1;7;0;0;0;1;1;A01
201700021606;2;7;0;15;0;3;13;A01
201700021607;0;7;0;0;0;0;1;A01
201700021608;1;7;0;2;0;2;1;A01
201700021609;2;17;0;0;1;2;1;A01
201700021610;0;30;0;6;0;0;2;A01
201700021611;2;7;0;0;2;2;15;A01
201700021611;1;33;0;0;2;1;1;B01
201700021611;2;7;0;0;2;3;1;C01
201700021612;2;33;0;0;2;1;13;A01
201700021612;1;7;0;0;2;3;1;B01
201700021613;1;7;0;0;2;1;13;A01
201700021613;2;15;0;0;2;1;1;B01
201700021614;1;21;0;0;0;7;1;A01
201700021614;0;7;0;0;2;3;19;B01
201700021615;1;7;0;2;0;1;13;A01
201700021616;1;7;0;0;2;7;19;A01
201700021616;2;7;0;0;2;1;1;B01
201700021617;2;7;0;0;2;1;1;A01
201700021617;2;1;0;0;0;0;1;B01
201700021618;1;30;0;6;0;1;1;A01
201700021619;1;7;0;0;2;3;1;A01
201700021619;2;7;0;0;2;3;1;B01
201700021620;1;33;0;0;2;1;1;B01
201700021620;1;7;0;0;2;7;19;A01
201700021621;1;1;0;0;2;8;18;B01
201700021621;0;15;0;0;9;2;15;A01
201700021622;0;7;0;0;2;1;1;A01
201700021622;1;10;0;0;2;2;15;B01
201700021623;1;2;0;0;2;1;1;B01
201700021623;0;7;0;0;2;3;15;A01
201700021624;2;17;0;0;2;1;1;B01
201700021624;1;7;0;0;2;1;13;A01
201700021625;2;7;0;0;2;1;1;A01
201700021625;1;33;0;0;2;1;13;B01
201700021625;1;33;0;1;0;1;1;C01
201700021626;2;7;0;6;0;1;13;A01
201700021627;1;21;0;0;0;4;15;A01
201700021627;1;7;0;0;2;1;17;B01
201700021628;1;7;0;0;2;1;1;B01
201700021628;2;33;0;0;2;1;13;A01
201700021629;1;7;0;2;0;1;0;A01
201700021630;1;7;0;8;0;1;0;A01
201700021631;1;1;0;0;2;1;1;B01
201700021631;1;7;0;0;9;1;1;A01
201700021632;0;7;0;0;1;1;15;A01
201700021633;1;7;0;2;0;6;13;A01
201700021634;1;7;0;0;1;1;17;A01
201700021635;2;7;0;0;2;1;15;A01
201700021635;1;2;0;0;2;1;1;B01
201700021636;2;7;0;0;2;1;13;A01
201700021636;1;7;0;0;2;1;1;B01
201700021637;0;7;0;16;0;0;0;A01
201700021638;0;10;0;2;0;1;1;A01
201700021639;1;7;0;0;1;1;1;A01
201700021640;1;7;0;0;2;1;15;A01
201700021640;2;10;0;0;2;8;2;B01
201700021641;1;7;0;2;0;7;1;A01
201700021642;1;2;0;12;0;0;0;A01
201700021643;1;7;0;0;2;1;13;A01
201700021643;2;7;0;0;2;1;1;B01
201700021644;1;7;0;0;2;8;6;A01
201700021644;1;33;0;0;2;1;1;B01
201700021645;2;33;0;0;0;4;1;A01
201700021645;2;33;0;0;2;1;1;B01
201700021646;2;7;0;2;0;3;0;A01
201700021647;2;7;0;0;2;2;13;A01
201700021647;1;7;0;0;2;1;21;B01
201700021648;0;7;0;0;2;1;13;A01
201700021648;2;21;0;0;2;1;1;B01
201700021649;2;7;0;16;0;9;1;A01
201700021650;1;7;0;0;0;6;19;B01
201700021650;2;7;0;0;2;1;1;A01
201700021651;1;7;0;2;0;8;1;A01
201700021652;0;7;0;0;1;3;1;A01
201700021653;0;2;0;12;0;1;0;A01
201700021654;2;7;0;2;0;1;1;A01
201700021655;2;7;0;0;2;2;2;A01
201700021655;2;1;0;0;2;0;2;B01
201700021656;0;7;0;2;0;3;13;A01
201700021657;1;33;0;0;0;1;0;A01
201700021658;2;7;0;0;2;7;19;B01
201700021658;1;7;0;0;2;1;1;A01
201700021659;2;7;0;0;2;1;1;A01
201700021659;2;7;0;0;2;3;19;B01
201700021660;2;7;0;0;2;2;1;A01
201700021660;1;7;0;0;2;1;1;B01
201700021661;1;7;0;2;0;3;1;A01
201700021662;0;7;0;0;2;1;1;A01
201700021662;0;7;0;0;2;8;19;B01
201700021663;2;7;0;0;2;1;15;A01
201700021663;1;7;0;0;2;3;1;B01
201700021664;2;7;0;0;2;1;1;B01
201700021664;1;7;0;7;2;8;1;A01
201700021665;2;7;0;0;2;1;1;B01
201700021665;0;10;0;7;2;7;1;A01
201700021666;1;7;0;0;2;1;13;A01
201700021666;2;14;0;0;2;1;1;B01
201700021667;0;7;0;2;0;2;14;A01
201700021668;0;7;0;0;1;0;0;A01
201700021669;2;7;0;0;1;2;1;A01
201700021670;1;7;0;0;2;1;1;A01
201700021670;2;20;0;0;2;3;1;B01
201700021671;2;7;0;2;0;1;13;A01
201700021672;1;38;59;0;1;0;1;A01
201700021673;2;14;0;0;2;1;1;B01
201700021673;1;7;0;0;2;2;17;A01
201700021674;1;38;1;0;1;1;1;A01
201700021675;1;7;0;0;0;4;24;B01
201700021675;1;14;0;0;2;1;2;A01
201700021676;2;14;0;0;2;3;1;B01
201700021676;1;7;0;0;2;3;13;A01
201700021677;2;7;0;4;0;3;1;A01
201700021678;2;7;0;3;0;7;17;A01
201700021679;2;17;0;4;0;2;1;A01
201700021680;1;7;0;4;0;1;1;A01
201700021681;1;33;0;3;0;0;1;A01
201700021682;1;10;0;4;0;3;1;A01
201700021683;1;7;0;0;0;2;1;A01
201700021684;1;7;0;1;0;3;2;B01
201700021684;1;7;0;3;0;1;1;A01
201700021684;1;7;0;1;0;3;2;C01
201700021685;2;7;0;3;0;7;1;A01
201700021686;1;15;0;0;1;2;1;B01
201700021687;1;7;0;3;0;9;0;A01
201700021688;2;7;0;0;2;1;9;A01
201700021688;2;7;0;0;0;4;2;B01
201700021689;2;7;0;0;1;3;19;A01
201700021690;2;7;0;0;2;4;2;B01
201700021690;2;7;0;0;2;1;2;A01
201700021691;2;7;0;0;2;1;2;A01
201700021691;2;10;0;0;0;4;2;B01
201700021692;1;7;0;3;0;2;14;A01
201700021693;2;7;0;3;2;1;2;A01
201700021693;2;7;0;0;0;4;2;B01
201700021694;1;7;0;0;2;1;2;B01
201700021694;1;7;0;0;2;5;2;A01
201700021695;0;7;0;0;2;1;1;A01
201700021695;0;7;0;6;2;1;1;B01
201700021696;1;7;0;8;0;1;1;A01
201700021697;1;10;0;0;2;3;1;B01
201700021697;2;7;0;0;2;3;15;A01
201700021698;0;7;0;0;2;3;1;B01
201700021698;0;7;0;9;2;2;1;A01
201700021699;2;7;0;0;2;3;20;B01
201700021699;2;33;0;0;2;2;1;A01
201700021700;2;7;0;0;2;3;13;A01
201700021700;1;7;0;0;2;1;1;C01
201700021700;1;7;0;0;2;6;1;B01
201700021701;2;33;0;15;0;1;17;A01
201700021702;2;7;0;0;2;4;1;C01
201700021702;1;7;0;0;2;1;1;A01
201700021702;2;33;0;0;2;1;1;D01
201700021702;2;7;0;13;2;7;15;B01
201700021703;1;10;0;0;2;3;13;A01
201700021703;2;33;0;0;2;3;1;B01
201700021704;1;10;0;0;0;5;23;C01
201700021704;1;7;0;0;2;1;1;A01
201700021704;1;10;0;0;2;4;1;B01
201700021705;2;10;0;0;2;1;1;B01
201700021705;1;33;0;0;1;1;21;A01
201700021706;2;1;0;0;2;1;1;B01
201700021706;1;7;0;0;9;2;15;A01
201700021707;0;99;0;0;9;0;1;B01
201700021707;0;1;0;0;2;1;1;A01
201700021708;0;7;0;0;2;1;9;A01
201700021708;0;32;0;1;2;2;1;B01
201700021709;0;7;0;0;1;1;1;A01
201700021710;1;7;0;0;2;1;13;A01
201700021710;2;21;0;0;2;8;1;B01
201700021711;1;7;0;0;2;2;1;A01
201700021711;1;3;0;0;0;4;1;B01
201700021712;1;7;0;1;1;1;1;A01
201700021713;2;7;0;0;0;5;17;A01
201700021713;1;2;0;0;2;1;0;B01
201700021714;1;7;0;13;2;9;17;A01
201700021714;1;7;0;3;2;9;1;B01
201700021715;1;7;0;0;2;2;11;A01
201700021715;2;33;0;0;2;1;1;B01
201700021716;1;7;0;0;2;3;1;B01
201700021716;2;7;0;0;2;3;13;A01
201700021717;2;33;0;0;2;1;1;B01
201700021717;1;7;0;0;2;1;15;A01
201700021718;1;7;0;0;2;2;17;A01
201700021718;1;7;0;0;0;6;15;B01
201700021719;0;2;0;0;0;4;16;B01
201700021719;0;7;0;0;0;1;2;A01
201700021720;1;33;0;0;0;7;1;A01
201700021721;2;1;0;0;2;1;17;A01
201700021721;2;7;0;0;0;3;15;B01
201700021722;1;7;0;0;2;3;0;B01
201700021722;2;7;0;0;2;3;13;A01
201700021723;1;7;0;0;2;3;15;A01
201700021723;2;7;0;0;2;3;1;B01
201700021724;2;7;0;0;2;1;2;A01
201700021724;2;7;0;0;0;4;15;B01
201700021725;1;7;0;0;2;1;2;A01
201700021725;1;7;0;0;0;4;2;B01
201700021726;2;7;0;13;0;3;13;A01
201700021727;1;7;0;0;2;2;1;B01
201700021727;0;7;0;0;2;3;15;A01
201700021728;1;7;0;13;0;9;1;A01
201700021729;1;33;0;0;2;1;2;A01
201700021729;1;7;0;0;0;6;20;B01
201700021730;1;33;0;13;0;2;14;A01
201700021731;2;7;0;2;0;8;14;A01
201700021732;2;7;0;0;2;2;17;A01
201700021732;2;17;0;0;2;3;2;B01
201700021733;2;7;0;0;2;3;13;A01
201700021733;1;7;0;0;2;8;21;B01
201700021733;1;7;0;14;0;3;1;C01
201700021733;2;7;0;14;0;1;1;D01
201700021734;1;7;0;8;0;2;14;A01
201700021735;1;17;0;0;2;3;1;B01
201700021735;2;10;0;0;2;3;17;A01
201700021736;2;7;0;0;2;2;15;B01
201700021736;2;7;0;0;2;1;1;A01
201700021737;2;7;0;2;0;7;14;A01
201700021738;1;7;0;0;2;2;1;B01
201700021738;2;7;0;0;2;1;17;A01
201700021739;0;7;0;13;0;1;1;A01
201700021740;0;7;0;16;6;1;1;A01
201700021741;2;32;0;0;6;2;1;A01
201700021742;1;7;0;13;0;2;14;A01
201700021743;0;31;0;15;0;1;1;A01
201700021744;1;7;0;7;2;3;1;A01
201700021744;1;7;0;0;2;2;1;B01
201700021745;2;7;0;2;0;1;1;A01
201700021746;2;2;0;0;0;0;1;A01
201700021747;1;7;0;13;0;1;1;A01
201700021748;1;33;0;13;0;2;1;A01
201700021749;2;7;0;0;0;0;1;C01
201700021749;1;7;0;0;2;1;1;B01
201700021749;2;33;0;0;2;3;9;A01
201700021750;1;7;0;0;2;3;1;A01
201700021750;2;7;0;0;2;1;1;B01
201700021751;2;7;0;0;2;8;15;A01
201700021751;1;7;0;0;2;1;1;C01
201700021751;2;17;0;0;2;1;1;B01
201700021752;2;15;0;0;2;8;1;B01
201700021752;2;3;0;0;2;7;17;A01
201700021753;2;7;0;13;0;1;1;A01
201700021754;2;14;0;0;2;3;1;C01
201700021754;1;7;0;0;2;2;1;A01
201700021754;1;7;0;0;0;6;0;B01
201700021755;2;7;0;0;1;2;21;A01
201700021756;1;7;0;6;1;1;1;A01
201700021757;1;31;0;15;0;1;14;A01
201700021758;2;33;0;16;0;8;2;A01
201700021759;1;7;0;11;0;1;1;A01
201700021760;2;10;0;0;2;1;1;A01
201700021760;2;7;0;9;0;3;19;B01
201700021761;1;7;0;0;2;1;1;B01
201700021761;2;7;0;0;2;1;5;A01
201700021762;2;21;0;13;0;1;1;A01
201700021763;1;7;0;8;0;1;1;A01
201700021764;2;7;0;16;0;9;1;A01
201700021765;2;7;0;15;0;1;1;A01
201700021766;1;10;0;6;0;1;14;A01
201700021767;1;7;0;13;6;1;1;A01
201700021768;0;7;0;8;0;1;1;A01
201700021769;2;7;0;0;2;3;1;B01
201700021769;1;33;0;0;2;3;1;A01
201700021770;2;7;0;0;2;3;1;B01
201700021770;1;33;0;0;2;1;17;A01
201700021770;1;21;0;0;0;0;1;C01
201700021771;0;7;0;0;2;2;13;A01
201700021771;1;7;0;0;2;2;1;B01
201700021772;0;7;0;2;5;9;1;A01
201700021773;0;7;0;0;2;3;1;A01
201700021773;0;7;0;0;2;3;1;B01
201700021774;0;31;0;0;2;1;13;A01
201700021774;0;7;0;0;2;3;1;B01
201700021775;1;7;0;13;0;2;1;A01
201700021776;0;1;0;0;0;0;0;A01
201700021777;2;7;0;0;1;3;1;A01
201700021778;1;7;0;0;2;8;1;A01
201700021778;1;31;0;0;2;1;1;B01
201700021779;0;21;0;0;2;6;1;A01
201700021779;0;31;0;0;2;1;21;B01
201700021780;1;33;0;0;0;4;1;A01
201700021780;1;33;0;0;2;1;2;B01
201700021781;2;33;0;13;0;1;1;A01
201700021782;1;2;0;0;2;7;15;A01
201700021782;2;7;0;0;2;3;1;B01
201700021783;2;7;0;13;0;3;1;A01
201700021784;1;7;0;3;0;9;1;A01
201700021785;1;33;0;0;2;1;1;A01
201700021785;2;14;0;0;2;3;1;B01
201700021786;1;10;0;2;0;5;1;A01
201700021787;0;7;0;0;2;3;15;A01
201700021787;0;7;0;0;2;2;1;B01
201700021788;2;7;0;0;2;1;1;A01
201700021788;2;7;0;0;0;4;23;B01
201700021789;0;7;0;16;0;0;2;A01
201700021790;2;7;0;0;2;1;1;A01
201700021790;1;7;0;0;2;1;1;B01
201700021791;0;7;0;0;0;2;0;A01
201700021792;1;7;0;0;2;1;1;B01
201700021792;2;7;0;0;2;1;1;A01
201700021793;1;7;0;0;2;3;19;A01
201700021793;2;7;0;0;2;2;1;B01
201700021794;0;7;0;8;0;1;1;A01
201700021795;2;7;0;15;0;1;14;A01
201700021796;1;7;0;2;0;8;1;A01
201700021797;0;14;0;0;1;0;16;A01
201700021798;2;7;0;2;0;1;14;A01
201700021799;0;10;0;0;2;1;0;B01
201700021799;0;7;0;0;2;1;0;A01
201700021800;0;10;0;0;2;3;1;A01
201700021800;0;2;0;0;2;1;5;B01
201700021801;0;2;0;0;0;1;17;A01
201700021801;0;7;0;0;0;6;15;B01
201700021802;0;10;0;13;0;1;13;A01
201700021803;2;7;0;0;2;1;1;B01
201700021803;1;7;0;0;2;1;15;A01