num_acc;senc;catv;occutc;obs;obsm;choc;manv;num_veh
201700022190;1;10;0;0;2;4;1;B01
201700022191;1;7;0;0;2;8;9;A01
201700022191;1;7;0;0;2;1;1;B01
201700022192;2;7;0;0;2;1;15;A01
201700022192;2;7;0;0;2;1;1;B01
201700022193;1;7;0;0;2;8;9;A01
201700022193;2;7;0;0;2;1;1;B01
201700022194;1;7;0;0;2;1;1;A01
201700022194;1;7;0;0;2;4;23;B01
201700022195;1;7;0;0;2;3;9;B01
201700022195;1;14;0;0;2;1;1;A01
201700022196;2;7;0;0;2;2;15;A01
201700022196;1;7;0;0;2;1;1;B01
201700022197;0;7;0;1;0;2;0;A01
201700022198;1;7;0;0;1;1;9;A01
201700022199;1;7;0;0;2;8;22;A01
201700022199;2;1;0;0;2;1;1;B01
201700022200;1;7;0;0;2;1;1;A01
201700022200;1;7;0;0;2;4;23;B01
201700022201;1;7;0;0;2;1;1;B01
201700022201;1;7;0;0;2;1;9;A01
201700022202;1;7;0;0;2;1;2;A01
201700022202;1;7;0;0;2;4;23;C01
201700022202;1;7;0;0;2;4;23;B01
201700022203;1;7;0;0;1;1;1;A01
201700022204;1;7;0;0;2;3;9;A01
201700022204;1;33;0;0;2;1;1;B01
201700022205;1;2;0;0;2;1;12;B01
201700022205;1;7;0;0;2;8;9;A01
201700022206;1;7;0;0;2;4;2;B01
201700022206;1;7;0;0;2;1;1;A01
201700022207;2;10;0;0;1;1;1;A01
201700022208;2;10;0;0;2;2;15;A01
201700022208;1;33;0;0;2;0;1;B01
201700022209;1;2;0;0;2;1;1;B01
201700022209;2;10;0;0;2;8;15;A01
201700022210;1;1;0;0;2;1;9;B01
201700022210;1;2;0;0;2;1;17;A01
201700022211;2;7;0;0;2;5;9;A01
201700022211;1;7;0;0;2;1;1;B01
201700022212;2;7;0;0;2;7;15;A01
201700022212;1;30;0;0;2;1;1;B01
201700022213;2;7;0;0;2;1;1;A01
201700022213;2;7;0;0;2;8;1;B01
201700022214;1;31;0;0;2;1;17;B01
201700022214;1;7;0;0;2;8;15;A01
201700022215;1;7;0;0;2;8;1;B01
201700022215;0;7;0;0;2;1;1;A01
201700022216;1;7;0;0;1;5;1;A01
201700022217;1;7;0;0;2;1;1;A01
201700022217;1;7;0;0;2;4;23;B01
201700022218;1;7;0;0;2;1;1;A01
201700022218;1;7;0;0;2;4;23;B01
201700022219;2;33;0;0;2;1;1;B01
201700022219;1;7;0;0;2;2;20;A01
201700022220;1;7;0;0;2;8;1;C01
201700022220;2;7;0;0;2;1;13;A01
201700022220;1;7;0;0;2;8;1;B01
201700022221;1;7;0;0;2;1;2;A01
201700022221;1;7;0;0;2;4;23;B01
201700022222;2;10;0;0;2;3;9;A01
201700022222;2;7;0;0;2;1;1;B01
201700022223;2;7;0;0;1;1;15;A01
201700022224;1;1;0;0;2;4;1;B01
201700022224;1;7;0;0;2;1;2;A01
201700022225;2;34;0;0;2;7;17;B01
201700022225;1;7;0;0;2;2;9;A01
201700022226;2;10;0;0;2;4;2;C01
201700022226;2;10;0;0;2;1;2;A01
201700022226;2;7;0;0;2;4;2;B01
201700022227;2;7;0;0;2;8;10;A01
201700022227;2;33;0;0;2;1;1;B01
201700022228;1;7;0;0;2;1;1;A01
201700022228;2;7;0;0;2;4;23;B01
201700022229;2;7;0;0;2;4;23;D01
201700022229;2;7;0;0;2;4;23;B01
201700022229;2;7;0;0;2;1;1;A01
201700022229;2;7;0;0;2;4;23;C01
201700022230;2;7;0;0;2;1;15;A01
201700022230;1;33;0;0;2;1;1;B01
201700022231;2;30;0;0;2;1;1;B01
201700022231;2;7;0;0;2;8;9;A01
201700022232;1;7;0;0;2;0;1;A01
201700022232;1;1;0;0;2;1;1;B01
201700022233;1;7;0;0;2;4;23;C01
201700022233;1;7;0;0;2;1;1;A01
201700022233;1;7;0;0;2;4;23;B01
201700022233;1;7;0;0;2;4;23;D01
201700022234;1;7;0;0;2;8;1;A01
201700022234;2;10;0;0;2;1;9;B01
201700022235;1;7;0;0;2;8;9;A01
201700022235;2;33;0;0;2;1;1;B01
201700022236;2;7;0;0;2;1;2;A01
201700022236;2;7;0;0;2;4;23;B01
201700022237;1;7;0;0;1;1;1;A01
201700022238;1;10;0;0;2;1;1;A01
201700022238;1;7;0;0;2;4;23;B01
201700022238;1;7;0;0;2;4;23;C01
201700022239;1;1;0;0;2;1;9;A01
201700022239;1;7;0;0;2;5;1;B01
201700022240;1;7;0;14;0;1;1;B01
201700022240;1;7;0;13;0;9;1;A01
201700022241;2;1;0;0;2;1;5;A01
201700022241;1;7;0;0;2;8;1;B01
201700022242;1;7;0;0;1;1;1;A01
201700022243;1;7;0;0;2;2;15;A01
201700022243;2;33;0;0;2;1;1;B01
201700022244;2;7;0;0;1;1;1;A01
201700022245;1;7;0;0;2;3;9;A01
201700022245;1;34;0;0;2;7;1;B01
201700022246;1;7;0;1;0;1;1;A01
201700022247;1;7;0;0;2;2;1;B01
201700022247;1;7;0;0;2;1;9;A01
201700022248;1;7;0;0;2;2;9;A01
201700022248;1;7;0;0;2;2;9;B01
201700022249;1;7;0;0;2;1;1;A01
201700022249;1;7;0;0;2;4;23;C01
201700022249;1;7;0;0;2;4;23;B01
201700022250;1;7;0;0;2;7;9;A01
201700022250;1;7;0;0;2;1;1;B01
201700022251;1;7;0;0;2;1;13;A01
201700022252;1;2;0;0;2;1;1;B01
201700022252;1;7;0;0;2;3;10;A01
201700022253;1;7;0;0;2;2;13;A01
201700022253;1;7;0;0;2;6;15;B01
201700022254;1;7;0;0;2;4;23;B01
201700022254;1;7;0;0;2;4;23;C01
201700022254;1;7;0;0;2;4;23;D01
201700022254;1;7;0;0;2;1;1;A01
201700022255;1;7;0;0;2;2;1;B01
201700022255;1;7;0;0;2;8;10;A01
201700022256;1;7;0;0;1;1;1;A01
201700022257;2;7;0;0;2;1;1;B01
201700022257;1;7;0;0;2;2;15;A01
201700022258;2;7;0;0;2;7;15;A01
201700022258;1;7;0;0;2;3;1;B01
201700022259;2;7;0;0;2;8;20;A01
201700022259;2;7;0;0;2;1;1;B01
201700022260;1;7;0;0;2;3;1;B01
201700022260;1;7;0;0;2;2;1;A01
201700022261;2;34;0;0;2;2;17;A01
201700022261;2;7;0;0;2;8;1;B01
201700022262;1;7;0;15;0;1;14;A01
201700022263;1;7;0;0;2;3;15;A01
201700022263;2;1;0;0;2;1;1;B01
201700022264;2;7;0;0;2;2;1;B01
201700022264;1;7;0;0;2;3;19;A01
201700022265;2;7;0;0;2;1;1;A01
201700022265;2;7;0;0;2;4;23;B01
201700022266;1;7;0;0;2;1;15;A01
201700022266;2;30;0;0;2;1;1;B01
201700022267;0;2;0;0;2;1;1;A01
201700022267;0;7;0;0;2;7;1;B01
201700022268;1;7;0;6;0;1;0;A01
201700022269;0;7;0;3;2;3;1;A01
201700022269;1;10;0;0;2;3;1;B01
201700022270;0;7;0;0;9;0;1;B01
201700022270;0;7;0;0;0;0;17;A01
201700022270;0;33;0;0;2;1;1;D01
201700022270;0;7;0;6;0;1;1;C01
201700022271;0;7;0;0;2;3;19;A01
201700022271;1;32;0;0;2;1;1;B01
201700022272;1;7;0;0;0;0;1;A01
201700022273;0;7;0;0;2;2;11;A01
201700022273;0;7;0;0;0;3;1;B01
201700022274;2;7;0;0;2;5;12;A01
201700022274;2;33;0;0;2;8;1;B01
201700022275;0;7;0;0;2;7;17;B01
201700022275;0;7;0;0;2;3;19;A01
201700022276;0;2;0;6;0;1;1;A01
201700022277;0;2;0;0;2;1;19;B01
201700022277;0;7;0;0;2;2;1;A01
201700022278;0;33;0;0;0;3;15;A01
201700022278;0;33;0;0;0;1;1;B01
201700022279;0;33;0;0;2;1;1;B01
201700022279;0;7;0;0;2;3;15;A01
201700022280;0;7;0;5;0;3;1;A01
201700022281;2;7;0;6;0;1;1;A01
201700022282;1;7;0;0;2;3;15;A01
201700022282;2;31;0;0;2;2;1;B01
201700022283;1;7;0;13;0;1;13;A01
201700022284;1;7;0;2;0;7;13;A01
201700022285;2;30;0;0;2;0;15;A01
201700022285;1;7;0;0;2;7;15;B01
201700022286;1;30;0;14;0;8;14;A01
201700022287;1;7;0;3;0;3;1;A01
201700022288;1;7;0;1;0;3;13;A01
201700022289;2;7;0;0;1;1;1;A01
201700022290;1;7;0;0;1;7;0;Z01
201700022291;1;7;0;0;2;2;17;A01
201700022291;1;7;0;0;2;3;15;B01
201700022292;2;10;0;0;1;3;15;A01
201700022293;1;7;0;0;1;2;1;A01
201700022294;1;7;0;6;0;0;0;A01
201700022295;2;7;0;0;2;2;17;A01
201700022295;2;10;0;0;0;6;1;B01
201700022296;1;7;0;0;2;3;16;B01
201700022296;2;7;0;8;2;3;15;A01
201700022297;2;7;0;0;1;1;15;A01
201700022298;1;7;0;0;2;7;15;A01
201700022298;2;30;0;0;2;1;21;B01
201700022299;2;33;0;0;2;3;1;B01
201700022299;1;7;0;0;2;3;15;A01
201700022300;2;7;0;2;0;7;1;A01
201700022301;2;7;0;0;2;1;1;B01
201700022301;1;7;0;0;2;1;13;A01
201700022302;1;7;0;0;1;1;1;A01
201700022303;1;7;0;0;2;2;17;A01
201700022303;1;1;0;0;2;8;13;B01
201700022304;1;7;0;0;2;1;13;A01
201700022304;2;7;0;0;2;1;1;B01
201700022305;1;1;0;0;2;2;1;B01
201700022305;2;7;0;0;2;3;9;A01
201700022306;1;33;0;0;2;7;1;B01
201700022306;1;7;0;0;2;3;9;A01
201700022307;1;7;0;0;2;8;15;A01
201700022307;1;30;0;0;2;2;1;B01
201700022308;2;7;0;0;2;2;13;B01
201700022308;2;7;0;0;2;3;15;A01
201700022309;2;31;0;0;2;8;0;A01
201700022309;2;7;0;0;9;7;21;B01
201700022310;1;7;0;0;2;2;9;A01
201700022310;1;2;0;0;2;6;1;B01
201700022311;1;7;0;0;2;1;19;A01
201700022311;1;7;0;0;2;3;0;B01
201700022312;1;7;0;0;2;1;15;A01
201700022312;2;34;0;0;2;1;1;B01
201700022313;1;7;0;0;2;8;2;A01
201700022313;2;1;0;0;2;4;2;B01
201700022314;1;7;0;0;2;7;1;A01
201700022314;2;7;0;0;2;3;15;B01
201700022315;1;7;0;0;1;3;1;A01
201700022316;2;7;0;0;1;2;1;A01
201700022317;1;7;0;0;2;1;15;A01
201700022317;2;7;0;0;2;3;1;B01
201700022318;1;17;0;0;2;2;1;B01
201700022318;1;7;0;0;2;3;19;A01
201700022319;2;7;0;0;2;3;5;A01
201700022319;0;14;0;0;2;3;1;B01
201700022320;2;1;0;0;2;3;2;B01
201700022320;2;15;0;0;0;5;2;A01
201700022321;1;38;6;0;2;1;1;B01
201700022321;2;7;0;0;2;1;5;A01
201700022322;2;7;0;0;1;3;0;A01
201700022323;2;7;0;0;2;1;1;B01
201700022323;1;7;0;0;1;1;1;A01
201700022324;1;7;0;0;2;1;15;A01
201700022324;1;30;0;0;2;1;0;B01
201700022325;1;7;0;0;0;3;0;A01
201700022325;0;1;0;0;0;1;1;B01
201700022326;1;37;10;0;2;5;0;A01
201700022326;1;1;0;0;2;0;0;B01
201700022327;1;7;0;0;1;3;0;A01
201700022328;2;7;0;0;1;1;1;A01
201700022329;2;7;0;0;2;2;15;A01
201700022329;2;1;0;0;0;0;0;B01
201700022330;1;1;0;0;2;1;1;B01
201700022330;2;7;0;0;2;1;15;A01
201700022331;2;2;0;0;2;1;1;A01
201700022331;2;37;2;0;2;3;16;B01
201700022332;2;7;0;0;2;3;15;A01
201700022332;1;30;0;0;2;1;1;B01
201700022333;1;7;0;0;2;8;0;B01
201700022333;2;31;0;0;2;7;0;A01
201700022334;2;7;0;0;2;1;2;A01
201700022334;2;7;0;0;2;4;2;B01
201700022334;2;7;0;0;0;4;2;C01
201700022334;2;7;0;0;2;4;1;D01
201700022335;1;7;0;0;1;1;15;A01
201700022336;1;7;0;0;1;2;1;B01
201700022336;1;40;10;0;1;1;1;A01
201700022337;1;10;0;0;1;1;1;A01
201700022338;2;7;0;0;1;1;1;A01
201700022339;1;7;0;0;1;2;1;A01
201700022340;1;7;0;0;1;0;0;A01
201700022341;0;99;0;0;2;1;19;A01
201700022341;1;7;0;0;9;2;7;B01
201700022342;1;15;0;0;2;4;7;A01
201700022342;1;7;0;3;2;4;7;B01
201700022343;2;7;0;0;2;1;7;B01
201700022343;1;7;0;0;2;2;19;A01
201700022344;1;7;0;0;2;4;15;B01
201700022344;1;7;0;0;2;1;2;Z01
201700022345;2;7;0;0;1;1;1;A01
201700022346;1;7;0;8;2;7;1;B01
201700022346;2;7;0;0;2;1;9;A01
201700022347;2;7;0;0;2;1;2;A01
201700022347;2;7;0;0;2;4;2;B01
201700022348;1;7;0;0;2;8;1;B01
201700022348;2;33;0;0;2;1;21;A01
201700022349;2;31;0;8;0;7;1;A01
201700022349;2;7;0;0;2;2;1;B01
201700022350;1;33;0;0;2;1;1;B01
201700022350;2;7;0;0;2;1;15;A01
201700022351;1;33;0;1;2;1;17;A01
201700022351;2;7;0;0;2;1;1;B01
201700022352;2;7;0;4;0;1;6;A01
201700022353;2;7;0;0;2;1;1;A01
201700022353;2;7;0;0;2;1;1;B01
201700022353;2;7;0;0;2;5;1;C01
201700022354;2;1;0;0;2;1;19;A01
201700022354;2;7;0;0;2;1;1;B01
201700022355;2;7;0;13;0;9;1;A01
201700022356;1;2;0;6;2;1;1;B01
201700022356;1;7;0;0;0;3;16;A01
201700022357;2;7;0;0;2;3;1;B01
201700022357;1;7;0;0;2;1;16;A01
201700022358;1;31;0;1;2;1;1;B01
201700022358;0;7;0;0;2;3;4;A01
201700022359;1;7;0;13;0;1;1;A01
201700022360;1;7;0;0;1;2;1;A01
201700022361;1;99;0;0;2;1;5;A01
201700022361;2;7;0;0;2;3;1;B01
201700022362;1;7;0;13;0;9;2;A01
201700022363;1;7;0;0;2;7;15;A01
201700022363;2;30;0;0;2;2;1;B01
201700022364;1;7;0;13;0;2;14;A01
201700022365;2;7;0;8;0;1;13;A01
201700022366;2;7;0;0;0;4;1;A01
201700022366;2;7;0;0;2;1;2;B01
201700022367;1;7;0;0;2;3;9;A01
201700022367;1;1;0;0;2;1;1;B01
201700022368;2;7;0;0;2;4;20;A01
201700022368;1;2;0;0;2;1;1;B01
201700022369;1;7;0;0;2;2;0;A01
201700022369;1;7;0;0;2;4;0;B01
201700022370;1;7;0;0;2;5;2;B01
201700022370;0;7;0;0;2;3;9;A01
201700022371;1;7;0;0;2;7;1;B01
201700022371;1;10;0;0;2;8;13;A01
201700022372;1;7;0;0;2;1;2;A01
201700022372;1;2;0;0;2;4;0;B01
201700022373;2;7;0;8;0;2;0;A01
201700022374;1;1;0;0;2;7;2;B01
201700022374;1;7;0;0;2;1;9;A01
201700022375;1;7;0;0;2;2;1;A01
201700022375;1;7;0;0;2;3;19;B01
201700022376;1;7;0;0;2;3;1;B01
201700022376;2;7;0;0;2;2;19;A01
201700022377;1;7;0;16;1;7;17;A01
201700022378;1;7;0;0;2;1;1;A01
201700022378;1;7;0;0;2;4;2;B01
201700022378;1;7;0;0;2;4;2;C01
201700022379;2;7;0;0;2;3;9;A01
201700022379;1;2;0;0;2;7;15;B01
201700022380;1;31;0;0;0;0;21;A01
201700022381;1;7;0;0;0;4;1;A01
201700022381;1;7;0;0;2;4;23;B01
201700022381;1;7;0;0;2;4;23;C01
201700022381;1;7;0;0;2;1;1;D01
201700022382;1;7;0;0;2;4;23;A01
201700022382;1;10;0;0;2;1;2;B01
201700022383;1;7;0;0;2;3;21;A01
201700022383;2;7;0;0;2;3;13;B01
201700022384;1;7;0;0;2;2;17;A01
201700022384;1;1;0;0;9;8;2;B01
201700022385;1;7;0;0;2;3;9;B01
201700022385;2;33;0;0;2;1;19;A01
201700022386;1;7;0;0;2;2;15;A01
201700022386;1;2;0;0;2;1;1;B01
201700022387;1;7;0;0;1;1;16;A01
201700022388;0;7;0;0;1;1;1;A01
201700022389;1;7;0;0;1;8;1;A01
201700022390;1;7;0;0;2;4;23;A01
201700022390;1;7;0;0;2;4;23;B01
201700022390;1;7;0;0;2;1;21;C01
201700022391;1;7;0;0;1;7;16;A01
201700022392;1;7;0;0;2;1;5;A01
201700022392;2;7;0;0;2;1;1;B01
201700022392;1;7;0;0;2;1;5;C01
201700022393;2;7;0;8;0;3;13;A01
201700022394;2;7;0;0;2;3;13;A01
201700022394;1;7;0;0;2;3;1;B01
201700022395;0;7;0;0;2;2;1;A01
201700022395;0;7;0;0;2;1;1;B01
201700022396;1;7;0;0;1;1;0;A01
201700022397;1;7;0;0;2;3;9;A01
201700022397;1;33;0;0;2;4;14;B01
201700022398;1;7;0;0;1;2;1;A01
201700022399;2;7;0;0;1;2;1;A01
201700022400;1;7;0;8;0;0;0;A01
201700022401;1;7;0;0;1;0;15;A01
201700022402;0;7;0;0;2;4;1;A01
201700022402;0;7;0;0;2;1;0;Z01
201700022403;1;7;0;0;2;7;15;A01
201700022403;2;37;4;0;2;1;1;B01
201700022404;1;7;0;0;2;2;14;A01
201700022404;0;7;0;0;2;3;23;B01
201700022405;1;2;0;0;1;7;1;A01
201700022406;0;7;0;0;1;1;1;A01
201700022407;1;7;0;0;2;4;1;A01
201700022407;1;7;0;0;2;1;1;Z01
201700022408;1;10;0;0;2;2;1;A01
201700022408;2;10;0;0;2;1;1;B01
201700022409;1;7;0;0;2;1;15;A01
201700022409;1;7;0;0;2;3;23;B01
201700022410;1;7;0;0;2;2;15;A01
201700022410;2;7;0;0;2;8;1;B01
201700022411;0;7;0;8;0;1;0;A01
201700022412;2;33;0;0;2;1;1;B01
201700022412;1;7;0;0;2;3;19;A01
201700022413;1;10;0;0;2;8;22;A01
201700022413;1;1;0;1;0;1;0;B01
201700022414;1;7;0;0;2;1;2;A01
201700022414;1;7;0;0;2;1;2;B01
201700022414;1;7;0;0;2;4;1;C01
201700022415;1;10;0;0;2;3;1;A01
201700022415;1;7;0;0;2;3;0;B01
201700022416;2;7;0;0;2;1;1;A01
201700022416;0;7;0;0;2;4;23;B01
201700022417;2;7;0;3;0;8;13;A01
201700022418;2;7;0;0;2;3;0;A01
201700022418;0;7;0;0;2;3;0;B01
201700022419;2;7;0;0;1;1;1;A01
201700022420;1;10;0;0;2;5;1;A01
201700022420;1;7;0;0;2;2;0;B01
201700022421;1;7;0;0;1;2;0;A01
201700022422;2;7;0;6;0;3;1;A01
201700022423;1;7;0;1;0;1;0;A01
201700022423;1;10;0;0;2;4;0;B01
201700022424;1;7;0;0;2;1;1;A01
201700022424;1;7;0;0;2;4;1;B01
201700022424;1;7;0;0;2;4;2;C01
201700022425;1;1;0;0;2;7;1;B01
201700022425;1;7;0;0;2;3;9;A01
201700022426;2;7;0;13;0;4;1;A01
201700022426;2;7;0;0;2;1;1;B01
201700022426;2;7;0;0;2;1;1;C01
201700022427;2;37;2;0;1;7;0;A01
201700022428;1;7;0;13;0;1;0;A01
201700022429;1;7;0;0;2;4;0;A01
201700022429;1;7;0;0;2;2;0;B01
201700022430;2;7;0;0;1;2;16;A01
201700022431;1;7;0;0;2;1;2;A01
201700022431;1;7;0;0;2;4;0;B01
201700022432;1;7;0;0;2;1;2;A01
201700022432;1;33;0;0;2;4;0;B01
201700022433;2;7;0;0;2;1;2;A01
201700022433;2;7;0;0;2;4;2;B01
201700022434;2;7;0;0;2;3;1;A01
201700022434;2;7;0;0;2;5;17;B01
201700022435;0;7;0;0;1;3;1;A01
201700022436;2;7;0;0;2;1;21;A01
201700022436;2;30;0;0;2;1;1;B01
201700022437;2;1;0;6;0;1;1;A01
201700022438;2;7;0;0;2;1;2;A01
201700022438;2;7;0;0;2;5;2;B01
201700022439;1;7;0;0;2;1;2;A01
201700022439;1;7;0;0;2;4;1;B01
201700022440;1;7;0;0;2;3;1;A01
201700022440;1;1;0;0;2;5;0;B01
201700022441;1;7;0;0;2;4;0;A01
201700022441;1;7;0;0;2;1;1;B01
201700022442;1;7;0;0;2;5;15;A01
201700022442;0;1;0;0;2;1;1;B01
201700022443;0;7;0;0;2;3;9;A01
201700022443;0;7;0;0;2;7;1;B01
201700022444;1;7;0;0;2;2;15;A01
201700022444;2;10;0;0;2;3;1;B01
201700022445;1;7;0;0;2;1;1;A01
201700022445;1;7;0;0;2;4;23;B01
201700022446;1;7;0;6;0;1;1;A01
201700022447;0;10;0;1;0;1;13;A01
201700022448;1;7;0;0;2;3;19;A01
201700022448;2;33;0;0;2;1;21;B01
201700022449;1;7;0;12;0;3;13;A01
201700022450;1;10;0;13;0;0;13;A01
201700022451;2;10;0;0;2;2;1;A01
201700022451;2;7;0;0;2;6;1;B01
201700022452;2;10;0;0;2;1;13;A01
201700022452;1;10;0;0;2;1;1;B01
201700022453;2;7;0;0;2;1;13;A01
201700022453;1;7;0;0;2;1;1;B01
201700022454;0;1;0;0;2;1;14;A01
201700022454;0;10;0;0;2;5;1;B01
201700022455;0;30;0;0;2;4;1;A01
201700022455;2;7;0;0;2;1;2;B01
201700022456;0;10;0;0;1;5;4;A01
201700022457;0;7;0;0;2;1;1;Z01
201700022457;0;31;0;0;2;3;9;A01
201700022458;1;7;0;13;0;2;1;A01
201700022459;1;33;0;0;2;2;13;A01
201700022459;2;7;0;0;2;2;1;B01
201700022460;0;10;0;0;2;1;9;A01
201700022460;0;33;0;0;0;5;1;B01
201700022461;0;10;0;0;2;1;15;A01
201700022461;0;10;0;0;2;1;1;B01
201700022462;2;10;0;0;2;2;16;A01
201700022462;2;1;0;0;2;1;1;B01
201700022463;0;10;0;0;2;3;15;A01
201700022463;0;10;0;0;2;3;1;B01
201700022464;1;7;0;6;2;1;1;A01
201700022464;1;1;0;0;2;4;1;B01
201700022465;2;7;0;0;2;1;2;A01
201700022465;2;7;0;0;2;4;1;B01
201700022466;1;7;0;0;2;1;2;A01
201700022466;1;7;0;0;2;6;2;B01
201700022467;2;17;0;0;2;1;1;B01
201700022467;2;7;0;3;2;1;9;A01
201700022468;1;10;0;0;2;3;1;A01
201700022468;1;30;0;0;2;8;15;B01
201700022469;1;7;0;0;2;1;2;A01
201700022469;1;31;0;0;2;8;2;B01
201700022470;1;7;0;0;2;1;2;A01
201700022470;1;10;0;0;2;1;2;B01
201700022470;1;7;0;0;2;4;2;C01
201700022471;1;34;0;3;0;8;0;A01
201700022472;1;7;0;0;2;1;1;A01
201700022472;1;7;0;0;2;4;1;B01
201700022473;2;10;0;0;2;1;2;A01
201700022473;2;10;0;0;2;4;2;B01
201700022473;2;10;0;0;2;4;2;C01
201700022474;1;7;0;0;2;4;2;A01
201700022474;1;1;0;0;2;4;1;B01
201700022475;2;7;0;0;2;1;1;A01
201700022475;2;2;0;0;2;4;1;B01
201700022476;2;7;0;0;2;3;1;B01
201700022476;1;7;0;0;2;2;19;A01
201700022477;0;7;0;0;2;1;1;B01
201700022477;0;7;0;0;2;8;9;A01
201700022478;1;7;0;0;2;3;1;A01
201700022478;1;7;0;1;2;3;0;B01
201700022478;0;7;0;0;2;7;0;C01
201700022479;1;7;0;0;2;1;1;A01
201700022479;1;1;0;0;2;4;9;B01
201700022480;1;7;0;0;2;8;0;A01
201700022480;1;1;0;0;2;7;0;B01
201700022481;1;2;0;0;2;1;1;A01
201700022481;0;10;0;0;2;3;1;B01
201700022482;1;7;0;15;0;1;1;A01
201700022483;1;2;0;3;0;1;1;A01
201700022484;1;7;0;1;0;1;0;A01
201700022484;1;7;0;0;2;4;0;B01
201700022485;1;7;0;0;2;1;13;A01
201700022485;2;7;0;0;2;1;1;B01
201700022486;0;10;0;0;2;8;15;A01
201700022486;0;30;0;0;2;2;13;B01
201700022487;0;10;0;0;1;7;0;Z01
201700022488;0;10;0;0;1;1;1;Z01
201700022489;1;7;0;0;2;2;15;A01
201700022489;2;30;0;0;2;1;1;B01
201700022490;1;34;0;0;2;1;1;B01
201700022490;1;7;0;0;2;3;19;A01
201700022491;1;7;0;0;2;1;0;A01
201700022491;1;7;0;0;2;4;2;B01
201700022491;1;7;0;0;2;4;2;C01
201700022492;2;7;0;0;2;1;2;A01
201700022492;2;7;0;0;2;4;23;B01
201700022492;2;7;0;0;2;4;2;C01
201700022492;2;7;0;0;2;4;2;D01
201700022493;2;7;0;0;1;1;1;A01
201700022494;0;10;0;0;1;2;1;A01
201700022495;0;33;0;0;0;0;14;A01
201700022496;0;2;0;0;2;1;1;A01
201700022496;0;10;0;0;2;3;0;Z01
201700022497;0;1;0;0;1;1;1;A01
201700022498;1;7;0;0;2;1;1;A01
201700022498;1;7;0;0;2;1;1;B01
201700022499;0;10;0;0;1;2;1;A01
201700022500;1;1;0;0;1;1;1;A01
201700022501;1;7;0;0;2;7;9;B01
201700022501;0;7;0;0;2;1;0;A01
201700022502;1;7;0;0;2;7;1;A01
201700022502;1;33;0;0;2;3;1;B01
201700022503;1;7;0;0;2;1;1;B01
201700022503;2;7;0;3;2;1;5;A01
201700022504;1;7;0;0;1;2;1;A01
201700022505;1;7;0;0;1;2;1;A01
201700022506;2;1;0;0;2;0;0;A01
201700022506;1;7;0;0;2;6;1;B01
201700022507;2;7;0;6;0;2;1;A01
201700022508;1;31;0;0;2;7;2;B01
201700022508;1;7;0;0;2;1;2;A01
201700022509;1;7;0;12;0;2;14;A01
201700022510;2;7;0;;;;;A01
201700022510;1;2;0;0;2;1;1;B01
201700022511;1;7;0;0;1;6;20;A01
201700022512;2;7;0;6;0;1;1;A01
201700022513;1;31;0;0;1;1;1;A01
201700022514;2;7;0;0;2;1;21;B01
201700022514;1;7;0;0;2;2;1;C01
201700022514;1;7;0;0;2;1;11;A01
201700022515;1;7;0;0;1;3;1;A01
201700022516;1;7;0;6;2;1;2;B01
201700022516;2;7;0;0;2;3;0;A01
201700022517;1;7;0;0;2;8;17;A01
201700022517;2;7;0;0;2;3;0;B01
201700022518;1;33;0;0;2;1;13;A01
201700022518;2;7;0;0;2;7;0;B01
201700022519;1;7;0;0;2;2;1;A01
201700022519;1;1;0;0;2;4;1;B01
201700022520;2;7;0;16;2;1;19;A01
201700022520;1;7;0;0;2;3;21;C01
201700022521;1;7;0;0;2;3;16;A01
201700022521;1;33;0;0;2;1;1;B01
201700022522;1;7;0;0;1;1;1;A01
201700022523;2;2;0;0;2;1;1;B01
201700022523;1;7;0;0;2;8;15;A01
201700022524;1;30;0;0;2;1;17;A01
201700022524;1;7;0;0;2;8;15;B01
201700022525;1;7;0;0;1;1;1;A01
201700022526;1;7;0;0;1;1;1;A01
201700022527;1;7;0;0;2;0;16;A01
201700022527;1;1;0;0;2;1;1;B01
201700022528;2;33;0;0;2;1;1;A01
201700022528;1;7;0;0;2;5;15;B01
201700022529;1;7;0;2;0;1;1;A01
201700022530;0;7;0;5;2;7;1;B01
201700022530;1;7;0;0;2;1;16;A01
201700022531;1;7;0;0;2;1;1;B01
201700022531;1;7;0;6;2;8;15;A01
201700022532;1;7;0;6;0;1;19;A01
201700022533;1;30;0;0;1;1;1;A01
201700022534;1;10;0;0;1;4;4;A01
201700022535;2;34;0;0;1;1;13;A01
201700022536;1;7;0;0;1;1;1;A01
201700022537;1;7;0;0;2;3;13;A01
201700022537;1;30;0;0;2;3;1;B01
201700022538;1;7;0;0;2;3;13;B01
201700022538;1;1;0;0;2;3;5;A01
201700022539;1;7;0;0;1;3;1;A01
201700022540;1;7;0;0;2;1;1;A01
201700022540;1;7;0;0;2;6;1;B01
201700022541;1;7;0;0;1;2;1;A01
201700022542;1;7;0;0;2;1;1;A01
201700022542;2;15;0;0;2;1;1;B01
201700022543;0;7;0;0;1;1;1;A01
201700022544;0;7;0;0;1;0;0;A01
201700022545;1;7;0;0;2;1;1;B01
201700022545;2;7;0;0;2;8;15;A01
201700022546;2;7;0;0;2;5;12;A01
201700022546;2;15;0;0;0;0;0;B01
201700022547;0;7;0;0;1;1;1;Z01
201700022548;1;7;0;0;1;1;1;A01