num_acc;senc;catv;occutc;obs;obsm;choc;manv;num_veh
201700022549;1;7;0;0;1;2;0;A01
201700022550;1;7;0;0;2;1;2;A01
201700022550;1;7;0;0;2;4;1;B01
201700022551;0;7;0;0;2;2;1;B01
201700022551;0;1;0;0;2;1;15;A01
201700022552;1;7;0;0;2;2;15;A01
201700022552;1;7;0;0;2;2;1;B01
201700022553;2;7;0;0;1;2;15;A01
201700022554;1;7;0;0;2;2;17;A01
201700022554;1;15;0;0;2;3;15;B01
201700022555;1;7;0;0;1;7;2;A01
201700022556;2;7;0;0;2;6;4;A01
201700022556;2;7;0;0;2;2;1;B01
201700022557;0;7;0;0;2;7;1;B01
201700022557;0;7;0;0;2;1;1;A01
201700022558;1;7;0;0;2;3;1;A01
201700022558;2;7;0;0;2;2;1;B01
201700022559;0;7;0;0;1;1;1;A01
201700022560;1;30;0;14;2;1;2;A01
201700022560;1;7;0;0;2;5;23;B01
201700022561;2;7;0;0;2;2;16;A01
201700022561;2;1;0;0;2;1;1;B01
201700022562;1;7;0;0;2;7;19;A01
201700022562;2;1;0;0;0;0;0;Y01
201700022563;2;7;0;0;1;2;16;A01
201700022564;2;7;0;0;2;1;15;A01
201700022564;1;33;0;0;2;1;1;B01
201700022565;0;7;0;0;2;3;15;A01
201700022565;0;33;0;0;2;8;1;B01
201700022566;0;30;0;0;0;0;0;A01
201700022567;2;7;0;0;2;1;1;B01
201700022567;1;7;0;0;2;1;13;A01
201700022568;0;7;0;0;1;0;0;A01
201700022569;1;10;0;0;0;0;0;A01
201700022570;2;31;0;0;2;1;17;A01
201700022570;2;10;0;0;2;8;15;B01
201700022571;2;10;0;6;0;1;1;A01
201700022572;0;7;0;0;1;1;1;A01
201700022573;2;7;0;0;2;1;1;A01
201700022573;2;7;0;0;2;4;1;B01
201700022573;2;7;0;0;2;4;2;C01
201700022574;2;7;0;0;2;3;15;A01
201700022574;1;33;0;0;2;5;1;B01
201700022574;0;7;0;0;2;3;1;C01
201700022575;1;7;0;0;2;7;9;A01
201700022575;1;32;0;0;2;6;2;B01
201700022576;0;7;0;0;2;1;1;A01
201700022576;0;7;0;0;2;3;9;B01
201700022577;0;7;0;0;1;3;1;A01
201700022578;2;2;0;14;0;1;2;A01
201700022578;2;7;0;0;2;5;2;B01
201700022579;1;7;0;0;2;1;13;A01
201700022579;2;37;1;0;2;3;1;B01
201700022580;1;7;0;0;2;3;15;A01
201700022580;2;33;0;0;2;1;1;B01
201700022581;2;31;0;12;0;0;2;A01
201700022582;2;7;0;2;0;0;13;A01
201700022583;2;10;0;0;9;0;15;A01
201700022583;1;1;0;0;0;0;1;B01
201700022584;2;7;0;0;2;1;1;B01
201700022584;2;7;0;0;9;7;16;A01
201700022585;1;31;0;0;0;8;0;A01
201700022586;1;7;0;0;1;7;1;A01
201700022587;1;7;0;0;2;3;1;A01
201700022587;1;7;0;0;2;2;16;B01
201700022588;2;33;0;13;0;8;14;A01
201700022589;1;3;0;12;0;8;21;A01
201700022590;2;7;0;0;2;1;13;A01
201700022590;1;7;0;0;2;1;1;B01
201700022591;2;7;0;0;1;2;14;A01
201700022592;1;34;0;1;0;1;14;A01
201700022593;1;7;0;0;2;1;15;A01
201700022593;2;2;0;0;2;1;1;B01
201700022594;1;7;0;0;1;2;1;A01
201700022595;1;7;0;0;1;2;1;A01
201700022596;1;7;0;0;2;1;2;A01
201700022596;2;7;0;0;2;4;2;B01
201700022597;1;7;0;0;2;1;2;A01
201700022597;1;7;0;0;2;5;2;B01
201700022597;1;7;0;0;2;5;23;C01
201700022598;1;7;0;0;2;2;15;A01
201700022598;2;7;0;0;2;1;1;B01
201700022599;1;7;0;0;2;1;15;A01
201700022599;2;7;0;0;2;1;2;B01
201700022600;0;7;0;0;1;1;1;A01
201700022601;1;7;0;0;1;1;1;A01
201700022602;1;1;0;0;2;4;1;B01
201700022602;1;7;0;0;2;1;2;Z01
201700022603;1;7;0;0;2;7;15;A01
201700022603;2;7;0;8;2;3;1;B01
201700022604;2;7;0;8;0;2;14;A01
201700022605;2;10;0;0;2;1;1;A01
201700022605;1;33;0;0;2;4;23;B01
201700022606;2;7;0;0;2;2;1;B01
201700022606;2;7;0;0;2;3;16;A01
201700022607;2;7;0;0;2;2;1;A01
201700022607;2;7;0;0;2;3;1;B01
201700022607;1;7;0;0;2;3;1;C01
201700022608;1;7;0;0;2;0;16;A01
201700022608;1;1;0;0;2;0;1;B01
201700022609;2;7;0;0;1;1;16;A01
201700022610;2;7;0;0;2;8;1;B01
201700022610;1;7;0;0;2;8;13;A01
201700022611;0;7;0;0;2;1;1;A01
201700022611;0;1;0;0;2;1;0;B01
201700022612;0;7;0;14;0;7;14;A01
201700022613;1;7;0;12;0;2;1;A01
201700022614;1;7;0;0;2;1;13;A01
201700022614;2;7;0;0;2;1;1;B01
201700022615;2;7;0;2;2;7;1;B01
201700022615;1;7;0;0;2;1;19;A01
201700022616;0;1;0;0;2;4;0;A01
201700022616;0;7;0;0;2;0;0;Z01
201700022617;1;7;0;0;1;1;1;A01
201700022618;1;7;0;0;2;1;1;A01
201700022618;1;1;0;0;2;8;19;B01
201700022619;0;7;0;0;2;1;9;A01
201700022619;0;31;0;0;2;7;1;B01
201700022620;1;7;0;0;1;1;1;A01
201700022621;1;7;0;0;1;1;1;A01
201700022622;1;7;0;0;1;1;1;A01
201700022623;1;7;0;0;4;7;19;A01
201700022623;1;40;50;0;2;1;1;B01
201700022624;1;10;0;0;2;1;16;A01
201700022624;2;7;0;0;2;1;1;B01
201700022625;1;7;0;0;1;1;1;A01
201700022625;2;7;0;0;1;1;0;B01
201700022626;1;7;0;0;1;1;1;A01
201700022627;0;33;0;15;0;9;6;A01
201700022628;1;7;0;0;0;1;1;A01
201700022629;1;7;0;0;1;1;20;A01
201700022630;1;7;0;0;1;1;16;A01
201700022631;2;7;0;1;0;1;1;A01
201700022631;2;7;0;1;2;4;23;B01
201700022631;2;7;0;0;2;4;23;C01
201700022632;1;7;0;0;1;1;1;A01
201700022633;1;7;0;0;1;2;0;A01
201700022634;1;7;0;0;1;1;1;A01
201700022635;2;10;0;0;2;8;24;A01
201700022635;2;1;0;1;0;0;0;B01
201700022636;1;3;0;0;0;1;1;A01
201700022637;1;7;0;0;2;2;9;A01
201700022637;1;2;0;0;2;2;0;B01
201700022638;1;7;0;0;1;3;15;A01
201700022639;2;7;0;0;2;1;2;A01
201700022639;2;7;0;0;2;4;2;B01
201700022639;2;7;0;0;2;4;2;C01
201700022640;2;10;0;0;2;3;2;A01
201700022640;1;10;0;0;2;3;16;B01
201700022641;1;2;0;0;2;1;1;B01
201700022641;2;7;0;0;0;3;15;A01
201700022642;1;7;0;0;0;7;15;B01
201700022642;0;32;0;0;0;1;1;A01
201700022643;1;33;0;2;0;0;0;A01
201700022644;1;7;0;0;2;1;19;A01
201700022644;1;7;0;14;2;7;1;B01
201700022645;2;7;0;0;0;9;14;A01
201700022646;1;7;0;0;1;2;19;A01
201700022647;1;7;0;0;1;8;1;A01
201700022648;1;7;0;0;1;2;21;A01
201700022649;1;33;0;8;0;9;13;A01
201700022650;2;7;0;0;2;2;15;A01
201700022650;1;30;0;0;2;2;15;B01
201700022651;1;38;1;0;2;1;15;A01
201700022651;1;2;0;0;2;1;1;B01
201700022652;1;7;0;0;1;1;16;A01
201700022653;1;7;0;0;2;1;2;A01
201700022653;2;7;0;0;2;3;15;B01
201700022654;2;10;0;0;2;8;13;A01
201700022654;2;31;0;0;2;7;18;B01
201700022655;2;10;0;0;0;4;20;A01
201700022655;1;1;0;0;2;1;0;B01
201700022656;1;7;0;0;2;0;13;A01
201700022656;2;7;0;0;2;1;21;B01
201700022656;2;7;0;0;2;8;21;C01
201700022656;1;7;0;0;2;3;9;D01
201700022657;1;7;0;0;2;3;15;A01
201700022657;2;7;0;0;2;1;15;B01
201700022658;1;7;0;0;1;1;1;A01
201700022659;1;7;0;0;2;1;1;A01
201700022659;1;7;0;0;0;0;10;B01
201700022660;0;7;0;0;1;5;20;A01
201700022661;1;7;0;0;2;2;1;A01
201700022661;1;7;0;0;2;6;1;B01
201700022662;1;7;0;0;1;0;0;A01
201700022663;2;7;0;0;2;1;0;A01
201700022663;1;7;0;0;2;1;0;B01
201700022664;0;7;0;0;2;5;4;A01
201700022664;0;7;0;0;2;1;1;B01
201700022665;1;7;0;0;2;1;2;A01
201700022665;1;7;0;0;2;4;2;B01
201700022666;0;7;0;0;1;4;4;A01
201700022667;1;7;0;0;2;1;15;A01
201700022667;2;7;0;0;2;1;1;B01
201700022668;0;7;0;0;1;1;1;A01
201700022669;0;7;0;1;1;4;4;A01
201700022670;1;7;0;0;2;1;2;A01
201700022670;1;7;0;0;2;4;2;B01
201700022671;1;33;0;0;0;0;2;A01
201700022672;1;7;0;0;2;3;1;B01
201700022672;1;7;0;0;2;1;1;A01
201700022673;1;7;0;0;0;2;2;A01
201700022673;1;7;0;0;0;6;2;B01
201700022674;2;7;0;0;2;3;15;A01
201700022674;1;7;0;0;2;8;1;B01
201700022675;2;1;0;0;2;1;2;B01
201700022675;2;7;0;0;9;0;0;Z01
201700022676;2;7;0;0;1;3;1;A01
201700022677;2;7;0;0;1;3;1;A01
201700022678;1;7;0;0;2;8;13;A01
201700022678;1;7;0;0;2;1;1;B01
201700022679;1;7;0;0;2;1;9;A01
201700022679;2;7;0;0;2;5;15;B01
201700022680;2;7;0;0;2;2;9;A01
201700022680;2;30;0;0;2;8;1;B01
201700022681;1;3;0;16;1;2;9;A01
201700022682;1;7;0;0;9;1;2;A01
201700022682;1;7;0;0;2;1;2;B01
201700022682;1;7;0;0;2;4;2;C01
201700022683;2;20;0;0;1;1;15;A01
201700022684;2;33;0;0;2;1;17;A01
201700022684;2;7;0;0;0;8;15;B01
201700022685;1;7;0;0;1;1;2;A01
201700022686;2;7;0;0;2;2;2;B01
201700022686;2;7;0;0;2;3;1;A01
201700022687;1;7;0;0;1;4;4;A01
201700022688;1;7;0;0;2;2;15;A01
201700022688;1;1;0;0;2;1;15;B01
201700022689;1;7;0;0;2;1;1;A01
201700022689;1;7;0;0;2;8;1;B01
201700022690;1;7;0;0;2;1;15;A01
201700022690;2;2;0;0;2;8;2;B01
201700022691;1;7;0;0;2;2;15;A01
201700022691;1;15;0;0;2;1;21;B01
201700022692;1;7;0;0;2;1;1;A01
201700022692;2;7;0;0;2;8;1;B01
201700022693;0;7;0;0;1;4;20;A01
201700022694;2;7;0;0;0;0;9;A01
201700022694;1;33;0;0;0;0;21;B01
201700022695;1;7;0;0;2;8;1;A01
201700022695;2;7;0;0;2;1;9;B01
201700022696;1;10;0;0;2;4;4;A01
201700022696;1;33;0;0;2;1;2;B01
201700022697;1;7;0;0;1;6;4;A01
201700022698;1;7;0;0;2;4;2;A01
201700022698;1;7;0;0;2;4;2;B01
201700022698;1;7;0;0;2;1;2;C01
201700022699;1;7;0;0;1;1;23;A01
201700022700;1;31;0;0;0;7;9;A01
201700022701;1;7;0;0;1;6;4;A01
201700022702;1;7;0;0;2;1;9;A01
201700022702;1;7;0;0;2;8;1;B01
201700022703;2;7;0;8;1;2;21;A01
201700022704;2;7;0;0;0;0;19;A01
201700022704;2;7;0;0;2;4;21;B01
201700022704;1;7;0;0;2;1;21;C01
201700022705;1;7;0;0;0;1;21;A01
201700022705;1;7;0;0;0;4;21;B01
201700022706;2;7;0;0;1;1;19;A01
201700022707;1;7;0;0;1;4;20;A01
201700022708;2;7;0;0;2;1;2;A01
201700022708;2;7;0;0;2;4;2;B01
201700022709;2;7;0;6;0;1;1;A01
201700022710;1;7;0;0;2;1;2;A01
201700022710;1;7;0;0;2;5;2;B01
201700022711;0;7;0;0;2;1;13;A01
201700022711;0;7;0;0;2;1;1;B01
201700022712;0;7;0;7;2;1;1;A01
201700022712;0;7;0;0;0;6;1;B01
201700022713;0;7;0;0;2;3;21;A01
201700022713;0;7;0;0;2;6;21;B01
201700022714;1;7;0;0;2;3;2;A01
201700022714;1;33;0;0;0;4;15;B01
201700022715;0;10;0;0;9;2;17;A01
201700022715;0;1;0;0;0;4;1;B01
201700022716;2;32;0;0;2;1;1;B01
201700022716;2;7;0;0;2;3;15;A01
201700022717;0;7;0;0;2;0;1;A01
201700022717;0;30;0;0;2;0;1;B01
201700022718;1;7;0;0;2;2;9;A01
201700022718;2;33;0;0;2;3;2;B01
201700022719;2;14;0;0;2;1;1;A01
201700022719;2;7;0;0;2;1;1;B01
201700022719;2;14;0;0;0;4;1;C01
201700022720;1;7;0;0;2;1;5;A01
201700022720;2;7;0;0;2;1;5;B01
201700022721;2;7;0;0;1;1;1;A01
201700022722;0;14;0;0;2;1;23;A01
201700022722;0;7;0;1;0;1;1;B01
201700022723;0;2;0;0;2;8;15;A01
201700022723;0;7;0;0;2;1;1;B01
201700022724;2;7;0;2;0;5;14;A01
201700022725;1;7;0;15;0;3;1;A01
201700022726;1;2;0;0;6;1;0;A01
201700022727;1;7;0;0;2;3;15;A01
201700022727;1;2;0;0;2;0;1;B01
201700022728;1;7;0;0;9;8;22;A01
201700022728;1;1;0;1;0;1;1;B01
201700022729;0;7;0;15;0;1;13;A01
201700022730;1;7;0;0;2;2;19;A01
201700022730;1;7;0;0;2;1;1;B01
201700022731;1;7;0;0;2;1;1;A01
201700022731;2;7;0;0;2;1;1;B01
201700022732;1;7;0;0;2;8;15;A01
201700022732;1;14;0;0;2;3;1;B01
201700022733;0;30;0;0;2;1;1;A01
201700022733;0;7;0;0;2;8;1;B01
201700022734;2;10;0;15;0;1;14;A01
201700022735;1;33;0;13;0;1;1;A01
201700022736;1;33;0;0;2;1;1;A01
201700022736;1;7;0;0;0;6;1;B01
201700022737;1;1;0;0;2;8;1;B01
201700022737;1;21;0;0;2;5;17;A01
201700022738;0;7;0;0;2;1;1;B01
201700022738;0;7;0;0;2;8;15;A01
201700022739;0;7;0;0;1;1;16;A01
201700022740;1;7;0;3;0;2;1;A01
201700022741;1;7;0;0;2;2;1;B01
201700022741;2;7;0;0;2;2;13;A01
201700022742;0;33;0;0;2;1;1;A01
201700022742;0;7;0;0;0;4;1;B01
201700022743;2;7;0;4;0;2;1;A01
201700022744;0;2;0;14;2;7;17;A01
201700022744;0;3;0;0;2;3;15;B01
201700022745;1;1;0;0;2;1;19;A01
201700022745;1;7;0;0;2;7;1;B01
201700022746;2;7;0;2;0;1;1;A01
201700022747;2;33;0;0;0;0;16;A01
201700022748;1;7;0;0;2;3;1;B01
201700022748;1;33;0;0;0;7;17;A01
201700022749;2;7;0;2;0;2;1;A01
201700022750;2;7;0;0;2;1;1;B01
201700022750;1;7;0;0;2;1;11;A01
201700022751;0;2;0;0;2;3;5;A01
201700022752;2;7;0;15;0;1;13;A01
201700022753;0;7;0;0;2;1;2;B01
201700022753;0;33;0;0;2;4;2;A01
201700022754;1;7;0;0;0;1;1;A01
201700022755;2;7;0;1;0;3;0;A01
201700022756;1;7;0;0;0;9;1;A01
201700022757;1;33;0;0;2;1;17;A01
201700022757;2;7;0;0;2;3;14;B01
201700022758;1;7;0;0;2;8;15;A01
201700022758;0;33;0;0;2;1;1;B01
201700022759;0;2;0;0;2;1;1;A01
201700022759;0;7;0;0;2;3;0;B01
201700022760;0;7;0;0;2;4;2;A01
201700022760;0;31;0;0;2;1;2;B01
201700022761;1;7;0;6;0;1;1;A01
201700022762;2;7;0;0;2;1;13;A01
201700022762;1;7;0;0;2;1;0;B01
201700022763;1;10;0;0;2;3;13;A01
201700022763;2;10;0;0;2;8;1;B01
201700022764;0;7;0;0;1;1;15;A01
201700022765;1;7;0;0;2;1;2;A01
201700022765;1;10;0;3;2;4;2;B01
201700022765;1;10;0;0;2;4;2;C01
201700022765;1;7;0;0;0;4;2;D01
201700022766;0;7;0;0;0;4;23;C01
201700022766;0;33;0;1;0;1;1;A01
201700022766;0;7;0;0;0;4;23;B01
201700022767;0;10;0;0;1;1;1;A01
201700022768;0;33;0;0;0;0;1;A01
201700022769;0;7;0;6;1;3;14;A01
201700022770;0;1;0;0;2;1;13;B01
201700022770;0;7;0;0;9;2;17;A01
201700022771;0;15;0;0;2;3;1;B01
201700022771;0;7;0;0;2;1;13;A01
201700022772;0;30;0;6;0;2;14;A01
201700022773;0;33;0;0;0;0;3;A01
201700022774;0;7;0;0;2;5;20;B01
201700022774;0;2;0;0;2;7;1;A01
201700022775;0;7;0;0;1;1;1;A01
201700022776;1;7;0;0;2;3;13;A01
201700022776;2;10;0;0;2;2;1;B01
201700022777;2;7;0;13;0;3;13;A01
201700022778;1;7;0;0;1;3;1;A01
201700022779;0;2;0;0;9;2;1;A01
201700022779;0;1;0;0;2;1;1;B01
201700022780;1;10;0;0;2;2;15;A01
201700022780;2;33;0;0;2;1;1;B01
201700022781;1;7;0;0;2;2;15;A01
201700022781;2;1;0;0;2;7;1;B01
201700022782;1;7;0;0;2;1;1;A01
201700022782;2;31;0;0;2;1;5;B01
201700022783;0;33;0;0;0;2;0;A01
201700022784;0;7;0;9;1;1;24;A01
201700022785;2;7;0;0;2;3;1;B01
201700022785;1;7;0;0;2;3;1;A01
201700022786;1;7;0;0;2;3;17;A01
201700022786;2;15;0;0;2;3;1;B01
201700022787;0;33;0;0;2;1;1;A01
201700022787;0;14;0;0;2;8;15;B01
201700022788;0;38;1;0;1;5;1;A01
201700022789;1;7;0;0;2;8;1;B01
201700022789;2;7;0;0;2;1;13;A01
201700022789;1;10;0;0;2;1;1;C01
201700022790;1;7;0;0;2;1;13;A01
201700022790;2;7;0;0;2;1;1;B01
201700022791;1;7;0;0;9;3;0;A01
201700022791;1;1;0;0;0;4;1;B01
201700022792;1;33;0;15;0;1;1;A01
201700022793;2;7;0;0;2;8;9;A01
201700022793;1;33;0;0;2;2;1;B01
201700022794;0;7;0;0;2;2;19;B01
201700022794;1;31;0;0;2;1;17;A01
201700022795;2;10;0;0;2;3;1;B01
201700022795;1;7;0;0;2;3;13;A01
201700022796;2;7;0;13;0;3;16;A01
201700022797;1;7;0;0;2;1;15;A01
201700022797;2;31;0;0;2;1;1;B01
201700022798;1;7;0;0;2;3;13;A01
201700022798;2;33;0;0;2;1;16;B01
201700022799;1;7;0;0;2;2;1;B01
201700022799;1;7;0;0;2;6;15;A01
201700022799;2;7;0;8;2;3;1;C01
201700022800;2;7;0;0;2;1;1;C01
201700022800;1;10;0;0;2;1;21;A01
201700022800;1;7;0;0;0;6;23;B01
201700022801;2;7;0;0;2;3;0;A01
201700022801;1;7;0;0;2;8;0;B01
201700022802;1;7;0;3;0;1;1;A01
201700022803;1;33;0;16;0;1;1;A01
201700022804;2;33;0;13;0;7;1;A01
201700022805;1;10;0;2;0;1;1;A01
201700022806;1;7;0;0;2;2;15;B01
201700022806;1;33;0;0;2;6;1;A01
201700022807;1;33;0;0;0;2;1;A01
201700022808;2;7;0;0;2;2;19;A01
201700022808;1;33;0;0;2;1;1;B01
201700022809;1;33;0;0;2;4;1;A01
201700022809;2;7;0;0;2;2;1;B01
201700022810;1;7;0;0;0;2;1;B01
201700022810;2;33;0;0;0;1;13;A01
201700022811;1;7;0;0;0;2;0;A01
201700022811;1;33;0;0;0;1;0;B01
201700022812;1;7;0;2;0;8;1;A01
201700022813;1;7;0;0;2;1;1;A01
201700022813;1;7;0;0;2;1;1;B01
201700022814;0;7;0;0;2;2;15;A01
201700022814;0;33;0;0;2;1;1;B01
201700022815;0;7;0;0;1;5;4;A01
201700022816;1;33;0;0;2;1;1;A01
201700022816;2;7;0;0;2;1;15;B01
201700022817;1;7;0;0;1;1;1;A01
201700022818;2;7;0;0;2;8;10;A01
201700022818;1;14;0;0;2;2;21;B01
201700022819;1;7;0;0;2;1;1;A01
201700022820;2;34;0;0;2;1;1;A01
201700022820;2;10;0;0;2;2;15;B02
201700022821;0;7;0;0;2;8;1;B01
201700022821;0;7;0;0;2;1;1;A01
201700022822;2;36;0;0;2;1;9;A01
201700022822;2;7;0;0;2;7;1;B01
201700022823;0;7;0;0;2;2;17;A01
201700022823;0;2;0;0;2;8;1;B01
201700022824;0;7;0;2;0;1;1;A01
201700022825;0;7;0;0;1;1;1;A01
201700022826;1;31;0;0;2;1;21;B01
201700022826;2;7;0;0;2;2;15;A01
201700022827;1;1;0;0;2;1;1;B01
201700022827;0;7;0;0;9;8;19;A01
201700022828;1;15;0;0;9;7;17;A01
201700022828;1;1;0;0;0;8;2;B01
201700022829;0;34;0;0;1;1;1;A01
201700022830;1;7;0;0;2;8;10;A01
201700022830;1;7;0;0;2;1;1;B01
201700022831;0;7;0;0;1;1;1;A01
201700022832;2;7;0;0;2;3;6;A01
201700022832;1;7;0;0;2;3;1;B01
201700022833;1;7;0;8;0;1;1;A01
201700022834;0;7;0;6;0;1;6;A01
201700022835;1;7;0;0;1;3;1;A01
201700022836;1;2;0;0;2;1;15;A01
201700022836;2;7;0;0;2;8;1;B01
201700022837;1;7;0;0;2;1;19;B01
201700022837;0;7;0;0;2;8;19;A01
201700022838;1;7;0;0;2;2;19;B01
201700022838;1;7;0;0;2;3;19;A01
201700022839;0;7;0;0;1;1;1;A01
201700022840;1;7;0;0;2;2;1;B01
201700022840;0;7;0;0;2;3;9;A01
201700022841;0;7;0;0;1;4;4;A01
201700022842;0;7;0;0;2;2;15;A01
201700022842;0;7;0;0;2;2;1;B01
201700022843;0;7;0;0;2;2;17;A01
201700022843;0;7;0;0;2;8;15;B01
201700022844;0;1;0;0;2;1;0;B01
201700022844;0;7;0;0;2;5;0;A01
201700022845;0;7;0;0;2;7;17;A01
201700022845;0;1;0;0;2;8;15;B01
201700022846;0;7;0;0;1;1;1;A01
201700022847;1;7;0;0;2;1;1;A01
201700022847;0;7;0;0;2;7;1;B01
201700022848;1;7;0;0;2;8;0;A01
201700022848;1;2;0;0;2;1;0;B01
201700022849;0;7;0;0;2;1;2;A01
201700022849;0;7;0;0;2;4;2;B01
201700022849;0;7;0;0;2;1;2;C01
201700022850;1;7;0;0;1;1;0;A01
201700022851;0;7;0;6;0;3;16;A01
201700022852;0;7;0;0;2;3;13;A01
201700022852;0;7;0;0;2;8;0;B01
201700022852;0;7;0;0;2;3;0;C01
201700022852;0;7;0;0;2;3;0;D01
201700022853;0;7;0;0;2;1;15;A01
201700022853;0;7;0;0;2;3;1;B01
201700022854;0;37;1;0;1;2;0;A01
201700022855;1;7;0;0;2;1;2;A01
201700022855;1;7;0;0;2;4;2;B01
201700022856;0;7;0;0;1;7;1;A01
201700022857;0;1;0;0;2;1;1;B01
201700022857;0;7;0;0;0;8;9;A01
201700022858;0;2;0;0;2;1;0;A01
201700022858;0;7;0;0;2;6;0;B01
201700022859;0;7;0;0;1;1;1;A01
201700022860;0;7;0;0;2;2;1;A01
201700022860;0;1;0;0;0;0;0;B01
201700022861;0;7;0;0;2;1;5;A01
201700022861;0;7;0;0;2;8;0;B01
201700022862;2;1;0;0;2;3;0;A01
201700022862;1;30;0;0;2;2;1;B01
201700022863;1;7;0;0;2;1;2;A01
201700022863;1;7;0;0;2;4;2;B01
201700022864;0;7;0;0;2;6;0;B01
201700022864;0;7;0;0;2;1;0;A01
201700022865;1;7;0;0;2;2;0;B01
201700022865;0;7;0;0;2;7;0;A01
201700022866;0;7;0;0;2;1;2;A01
201700022866;0;7;0;0;2;4;2;B01
201700022867;1;7;0;0;2;8;9;A01
201700022867;1;7;0;0;2;2;1;B01
201700022868;0;7;0;0;2;3;0;A01
201700022868;0;32;0;0;2;1;0;B01
201700022869;0;7;0;0;2;7;1;A01
201700022869;0;1;0;0;2;7;9;B01
201700022870;0;7;0;0;1;2;0;A01
201700022871;1;15;0;0;2;3;0;A01
201700022871;1;2;0;0;2;1;0;B02
201700022872;1;1;0;0;2;1;0;B01
201700022872;0;7;0;0;2;1;0;A01
201700022873;0;7;0;0;2;6;1;A01
201700022873;0;1;0;0;2;1;9;B01
201700022874;0;7;0;6;2;8;9;A01
201700022874;0;7;0;0;2;1;1;B01
201700022875;1;7;0;0;2;1;2;A01
201700022875;1;7;0;0;1;1;2;B01
201700022876;0;7;0;0;2;1;2;A01
201700022876;0;7;0;0;2;4;2;B01
201700022877;0;7;0;0;2;8;9;A01
201700022877;0;31;0;0;2;7;1;B01
201700022878;1;7;0;0;2;1;2;A01
201700022878;1;7;0;0;2;4;2;B01
201700022878;1;7;0;0;2;4;2;C01
201700022879;0;7;0;0;2;2;9;A01
201700022879;0;7;0;0;2;5;1;B01
201700022880;1;7;0;0;2;2;1;B01
201700022880;1;7;0;0;2;1;1;A01
201700022881;0;7;0;0;1;7;1;A01
201700022882;1;7;0;0;1;2;15;A01
201700022883;1;7;0;0;2;8;1;A01
201700022883;2;31;0;0;2;1;13;B01
201700022884;0;33;0;0;2;1;1;A01
201700022884;0;7;0;0;2;5;15;B01
201700022885;0;7;0;0;2;1;2;A01
201700022885;0;7;0;0;2;4;2;B01
201700022886;1;7;0;0;2;1;0;A01
201700022886;1;7;0;0;2;1;0;B01
201700022887;0;7;0;1;2;7;0;B01
201700022887;0;7;0;0;2;1;0;A01
201700022888;0;7;0;6;0;1;0;A01
201700022889;0;7;0;1;2;2;0;B01
201700022889;0;7;0;0;2;1;19;A01
201700022890;0;7;0;0;2;2;1;B01
201700022890;0;7;0;0;2;2;15;A01
201700022891;0;7;0;0;2;1;0;B01
201700022891;0;10;0;0;2;2;19;A01
201700022892;1;10;0;0;2;1;2;A01
201700022892;1;7;0;0;2;4;2;B01
201700022893;1;7;0;0;2;4;2;A01
201700022893;1;2;0;0;2;1;2;B01
201700022894;0;7;0;0;2;1;0;A01
201700022894;0;7;0;0;2;3;0;B01
201700022895;0;7;0;0;2;1;1;A01
201700022895;1;7;0;0;2;2;1;B01
201700022896;1;7;0;0;2;1;2;A01
201700022896;1;7;0;6;1;4;2;B01
201700022897;0;7;0;0;2;1;2;A01
201700022897;0;7;0;0;2;4;2;B01
201700022898;0;7;0;0;2;2;0;A01
201700022898;0;1;0;0;2;1;0;B01
201700022899;0;7;0;15;1;1;14;A01
201700022900;0;7;0;0;2;1;2;A01
201700022900;0;7;0;0;2;4;2;B01
201700022901;1;7;0;0;2;1;2;A01
201700022901;1;7;0;0;2;4;2;B01
201700022901;1;7;0;0;2;4;2;C01
201700022902;0;7;0;0;2;2;2;B01
201700022902;0;1;0;0;2;1;19;A01
201700022903;0;7;0;0;2;6;9;A01
201700022903;0;7;0;0;2;2;1;B01
201700022904;0;7;0;0;2;1;2;A01
201700022904;0;7;0;0;2;4;2;B01
201700022905;0;1;0;0;1;1;16;A01
201700022906;1;7;0;0;2;1;2;A01
201700022906;1;7;0;0;2;4;2;B01
201700022907;0;7;0;0;1;2;0;A01
201700022908;0;7;0;0;1;1;0;A01
201700022909;0;7;0;1;2;3;16;A01
201700022909;0;7;0;0;2;1;1;B01
201700022910;0;30;0;0;2;1;14;A01
201700022910;0;15;0;0;2;6;2;B01
201700022911;1;7;0;0;2;1;1;A01
201700022911;1;1;0;0;2;8;19;B01
201700022912;0;7;0;0;2;7;9;A01
201700022912;0;7;0;0;2;3;1;B01
201700022913;0;7;0;0;1;3;15;A01
201700022914;1;7;0;0;2;3;10;A01
201700022914;1;31;0;0;2;1;2;B01
201700022915;0;7;0;0;2;8;0;A01
201700022915;0;7;0;0;2;8;0;B01
201700022916;1;7;0;6;0;1;0;A01
201700022917;1;7;0;0;2;1;1;B01
201700022917;0;7;0;0;2;5;19;A01
201700022917;0;7;0;0;2;3;23;C01
201700022918;1;10;0;0;2;1;2;A01
201700022918;1;7;0;0;2;4;2;B01
201700022919;0;7;0;0;2;1;19;A01
201700022919;0;2;0;0;2;3;0;B01
201700022920;0;7;0;0;1;4;0;A01
201700022921;2;7;0;0;2;1;1;B01
201700022921;0;7;0;0;2;1;9;A01
201700022922;0;7;0;0;1;4;20;A01