num_acc;senc;catv;occutc;obs;obsm;choc;manv;num_veh
201700023306;2;7;0;0;0;2;0;A01
201700023307;2;7;0;0;2;8;13;A01
201700023307;2;17;0;0;2;7;1;B01
201700023308;2;7;0;0;0;4;2;A01
201700023308;2;7;0;3;2;3;2;B01
201700023308;2;7;0;0;0;3;2;C01
201700023308;2;7;0;3;2;7;2;D01
201700023309;2;7;0;0;0;2;0;A01
201700023310;2;10;0;0;2;3;2;A01
201700023310;2;10;0;0;0;5;0;B01
201700023311;1;7;0;0;2;2;17;A01
201700023311;1;7;0;13;2;6;1;B02
201700023312;1;7;0;0;0;6;2;A01
201700023312;1;7;0;0;2;2;2;B01
201700023312;1;7;0;0;2;1;12;C01
201700023313;1;7;0;13;0;1;1;A01
201700023314;1;14;0;0;2;1;2;A01
201700023314;1;17;0;0;0;4;2;B01
201700023315;1;7;0;13;0;2;2;A01
201700023316;1;7;0;3;0;2;1;A01
201700023317;1;7;0;13;0;2;0;A01
201700023318;2;17;0;0;2;3;1;A01
201700023318;1;7;0;0;2;3;11;B01
201700023319;2;10;0;0;2;1;2;A01
201700023319;2;7;0;0;2;4;23;B01
201700023319;2;7;0;0;0;4;23;C01
201700023320;2;7;0;0;2;2;21;A01
201700023320;2;7;0;0;2;6;23;B01
201700023320;2;7;0;0;2;5;23;C01
201700023320;2;7;0;0;2;4;23;D01
201700023321;1;33;0;14;0;8;17;A01
201700023322;2;7;0;13;0;2;14;A01
201700023323;1;7;0;0;0;1;1;A01
201700023324;1;7;0;0;0;4;1;A01
201700023324;1;7;0;0;2;1;1;B01
201700023325;1;7;0;0;2;1;1;A01
201700023325;1;7;0;0;2;4;1;B01
201700023325;1;7;0;0;0;4;1;C01
201700023326;2;7;0;13;0;9;1;B01
201700023326;2;7;0;13;0;0;12;A01
201700023327;1;7;0;0;2;4;1;A01
201700023327;1;7;0;3;2;1;1;B01
201700023328;2;7;0;0;2;1;2;A01
201700023328;2;7;0;0;2;4;2;B01
201700023328;2;7;0;0;0;4;2;C01
201700023329;1;7;0;3;2;1;2;A01
201700023329;1;14;0;0;0;4;2;B01
201700023330;1;7;0;13;0;2;1;A01
201700023331;1;7;0;0;0;6;2;C01
201700023331;1;7;0;0;2;4;2;B01
201700023331;1;10;0;0;2;1;9;A01
201700023331;1;10;0;3;2;1;11;D01
201700023332;1;7;0;13;2;1;1;A01
201700023332;1;7;0;0;2;4;1;B01
201700023332;1;7;0;0;2;7;1;C01
201700023333;1;7;0;13;0;2;2;A01
201700023334;1;7;0;0;0;4;23;A01
201700023334;1;7;0;0;2;4;23;B01
201700023334;1;7;0;0;2;1;1;C01
201700023334;1;7;0;0;2;1;1;D01
201700023335;2;7;0;13;0;2;1;A01
201700023336;2;7;0;13;0;2;14;A01
201700023337;1;7;0;13;0;2;1;A01
201700023338;0;7;0;0;1;3;1;A01
201700023339;1;7;0;0;2;3;12;A01
201700023339;1;7;0;0;0;4;2;C01
201700023339;1;7;0;0;2;1;2;D01
201700023339;1;7;0;0;2;5;23;B01
201700023340;2;7;0;3;0;1;1;A01
201700023341;2;37;3;0;2;3;1;B01
201700023341;2;17;0;0;2;5;1;A01
201700023342;1;10;0;0;2;2;1;D01
201700023342;1;7;0;0;0;4;17;C01
201700023342;1;7;0;0;2;2;1;A01
201700023342;1;10;0;0;0;6;1;B01
201700023342;1;17;0;0;0;0;1;F01
201700023343;2;7;0;13;0;2;2;B01
201700023343;2;7;0;13;0;2;2;A01
201700023344;1;7;0;3;0;1;1;A01
201700023345;1;7;0;0;2;1;2;A01
201700023345;1;7;0;0;0;4;2;D01
201700023345;1;7;0;0;2;4;2;C01
201700023345;1;7;0;0;2;1;2;B01
201700023346;2;7;0;15;0;1;1;A01
201700023347;2;7;0;0;2;2;2;A01
201700023347;2;7;0;0;2;1;2;B01
201700023348;1;7;0;1;0;4;23;C01
201700023348;1;7;0;1;0;4;23;B01
201700023348;1;7;0;1;0;1;11;D01
201700023348;1;7;0;0;0;4;23;A01
201700023349;2;7;0;0;0;0;17;B01
201700023349;2;7;0;13;0;2;21;A01
201700023350;1;7;0;3;0;3;1;A01
201700023351;2;17;0;0;0;2;1;B01
201700023351;2;7;0;0;2;2;9;A01
201700023352;2;10;0;0;2;2;2;B01
201700023352;2;17;0;0;0;4;9;A01
201700023353;2;7;0;0;2;1;1;B01
201700023353;2;7;0;0;2;4;1;A01
201700023354;1;7;0;13;0;2;1;A01
201700023355;2;10;0;0;2;2;2;A01
201700023355;2;7;0;0;0;4;1;B01
201700023356;1;7;0;0;2;1;2;A01
201700023356;1;33;0;0;0;4;2;B01
201700023357;2;7;0;13;0;2;2;A01
201700023358;2;7;0;0;5;1;1;A01
201700023358;2;7;0;0;5;1;1;B01
201700023359;0;31;0;1;0;2;17;A01
201700023360;0;7;0;0;2;5;15;A01
201700023360;0;33;0;0;2;1;1;B01
201700023361;0;7;0;0;2;8;1;A01
201700023361;0;7;0;0;2;1;1;B01
201700023362;2;7;0;13;0;2;1;A01
201700023363;2;7;0;3;0;0;2;A01
201700023364;0;7;0;0;2;6;15;A01
201700023364;0;2;0;0;2;1;1;B01
201700023365;1;7;0;0;2;1;1;A01
201700023365;2;3;0;0;2;1;5;B01
201700023366;1;10;0;0;2;8;15;B01
201700023366;1;33;0;0;2;7;17;A01
201700023367;0;7;0;0;0;5;1;A01
201700023367;0;1;0;0;2;1;1;B01
201700023368;0;3;0;0;0;2;15;A01
201700023368;0;7;0;0;2;1;0;B01
201700023369;1;10;0;0;2;8;23;A01
201700023369;1;33;0;0;2;3;14;B01
201700023370;1;7;0;0;2;1;1;A01
201700023370;2;7;0;0;2;1;1;B01
201700023371;2;33;0;0;2;1;13;B01
201700023371;1;7;0;0;2;1;1;A01
201700023372;1;2;0;6;0;2;1;A01
201700023373;1;7;0;0;2;3;15;A01
201700023373;2;33;0;0;2;1;1;B01
201700023374;1;33;0;0;2;8;13;B01
201700023374;2;7;0;0;2;8;1;A01
201700023375;2;7;0;0;2;3;15;A01
201700023375;1;30;0;0;2;1;1;B01
201700023376;1;7;0;0;1;2;1;A01
201700023377;2;7;0;0;2;1;13;A01
201700023377;1;7;0;0;2;1;0;B01
201700023377;1;7;0;0;2;1;0;C01
201700023378;1;7;0;0;2;3;0;A01
201700023378;2;7;0;0;2;1;5;B01
201700023379;2;7;0;2;0;7;0;A01
201700023380;1;33;0;13;0;1;1;A01
201700023381;2;31;0;0;0;7;1;A01
201700023382;1;7;0;16;0;2;1;A01
201700023383;0;33;0;8;0;1;1;A01
201700023384;1;7;0;13;0;1;1;A01
201700023385;2;10;0;0;1;2;1;A01
201700023386;2;7;0;0;2;3;1;C01
201700023386;1;7;0;0;2;3;17;A01
201700023386;2;7;0;0;2;3;1;B01
201700023387;2;7;0;0;2;1;21;B01
201700023387;1;10;0;0;2;1;13;A01
201700023388;1;7;0;0;9;1;2;A01
201700023388;1;1;0;0;2;4;2;B01
201700023389;0;7;0;7;2;1;9;A01
201700023389;0;10;0;0;0;8;23;B01
201700023390;1;7;0;7;2;5;15;A01
201700023390;0;33;0;0;2;1;1;B01
201700023391;0;21;0;0;2;3;1;B01
201700023391;0;2;0;0;2;1;13;A01
201700023392;0;7;0;0;2;3;13;A01
201700023392;0;7;0;6;1;3;1;B01
201700023393;0;13;0;0;1;5;1;A01
201700023394;0;1;0;0;2;1;19;B01
201700023394;1;7;0;0;9;3;1;A01
201700023395;0;7;0;0;1;1;15;A01
201700023396;1;7;0;13;0;2;1;A01
201700023397;0;7;0;0;2;3;13;B01
201700023397;0;34;0;0;2;6;1;A01
201700023398;2;33;0;0;2;1;1;B01
201700023398;1;7;0;0;2;3;13;A01
201700023399;1;33;0;0;2;1;18;A01
201700023399;2;34;0;0;2;1;1;B01
201700023400;0;7;0;0;2;3;10;A01
201700023400;0;30;0;0;2;1;17;B01
201700023401;1;34;0;0;0;8;2;B01
201700023401;0;13;0;0;0;5;15;A01
201700023401;1;7;0;0;2;3;2;C01
201700023402;1;31;0;0;1;1;1;A01
201700023403;0;7;0;0;0;4;1;B01
201700023403;0;32;0;0;2;1;2;A01
201700023404;2;7;0;0;1;2;1;A01
201700023405;1;7;0;0;2;7;2;A01
201700023405;1;1;0;0;2;8;2;B01
201700023406;1;7;0;0;2;8;1;B01
201700023406;2;33;0;0;2;1;13;A01
201700023407;0;31;0;0;2;1;1;A01
201700023407;0;7;0;0;2;3;9;B01
201700023408;0;7;0;0;2;1;13;A01
201700023408;0;7;0;0;2;1;1;B01
201700023409;2;30;0;0;0;8;21;A01
201700023410;2;7;0;2;0;1;1;A01
201700023411;1;2;0;6;0;2;0;A01
201700023412;1;7;0;0;2;2;13;A01
201700023412;2;7;0;0;2;2;1;B01
201700023413;1;33;0;0;0;8;19;A01
201700023414;2;7;0;0;2;2;5;A01
201700023414;1;7;0;0;2;3;1;B01
201700023415;1;7;0;2;0;1;1;A01
201700023416;1;33;0;0;2;1;1;B01
201700023416;1;2;0;0;0;8;15;A01
201700023417;2;2;0;0;0;8;1;A01
201700023418;2;7;0;13;0;2;1;A01
201700023419;1;21;0;2;0;2;1;A01
201700023420;2;7;0;0;2;1;1;B01
201700023420;1;7;0;0;2;1;13;A01
201700023421;2;7;0;0;2;1;2;C01
201700023421;2;7;0;0;2;2;2;B01
201700023421;2;1;0;0;2;4;1;A01
201700023422;0;21;0;13;0;1;14;A01
201700023423;2;7;0;2;0;2;13;A01
201700023424;2;7;0;0;2;3;15;A01
201700023424;2;33;0;0;2;1;1;B01
201700023425;1;7;0;0;2;3;13;A01
201700023425;2;17;0;0;2;2;1;B01
201700023426;1;10;0;0;2;3;17;A01
201700023426;1;21;0;0;2;3;2;C01
201700023426;2;10;0;0;2;3;1;B01
201700023427;1;30;0;0;2;7;2;A01
201700023427;2;10;0;0;2;1;1;B01
201700023428;1;10;0;0;2;5;17;B01
201700023428;1;2;0;0;2;3;1;A01
201700023429;1;15;0;0;2;3;1;B01
201700023429;2;7;0;0;2;1;13;A01
201700023430;1;7;0;0;2;4;2;A01
201700023430;1;7;0;0;2;1;2;B01
201700023431;2;7;0;0;2;2;15;A01
201700023431;1;17;0;0;2;1;1;B01
201700023432;2;17;0;3;0;7;1;A01
201700023433;1;7;0;0;2;3;15;A01
201700023433;0;7;0;0;2;1;1;B01
201700023434;1;7;0;0;0;3;9;A01
201700023434;1;7;0;0;2;2;21;B01
201700023435;1;7;0;0;2;3;19;A01
201700023435;1;7;0;0;2;2;1;B01
201700023436;0;7;0;7;0;9;1;A01
201700023437;0;7;0;0;1;1;1;A01
201700023438;1;7;0;0;2;4;2;A01
201700023438;1;2;0;0;2;1;2;B01
201700023439;0;7;0;2;0;2;1;A01
201700023440;1;7;0;0;2;3;5;A01
201700023440;2;7;0;3;2;2;1;B01
201700023441;1;7;0;0;2;1;19;A01
201700023441;1;7;0;0;2;8;1;B01
201700023442;1;33;0;13;0;1;1;A01
201700023443;2;7;0;2;0;1;0;A01
201700023444;1;7;0;0;0;1;13;A01
201700023444;2;7;0;0;0;1;1;B01
201700023445;2;7;0;0;2;1;2;A01
201700023445;2;7;0;0;0;4;1;B01
201700023446;2;14;0;0;0;5;1;A01
201700023446;2;7;0;3;2;1;14;B01
201700023447;2;7;0;13;0;1;1;A01
201700023448;2;7;0;14;0;3;2;A01
201700023449;1;7;0;16;0;9;21;A01
201700023450;2;14;0;0;2;2;1;B01
201700023450;2;7;0;0;2;5;1;C01
201700023450;2;33;0;0;2;8;9;A01
201700023451;2;17;0;0;2;0;23;A01
201700023451;2;7;0;1;0;1;14;B01
201700023452;2;17;0;0;2;3;1;B01
201700023452;2;7;0;4;0;8;17;A01
201700023453;2;7;0;0;2;4;23;B01
201700023453;2;7;0;1;0;1;2;A01
201700023454;1;15;0;0;0;0;1;C01
201700023454;1;10;0;0;2;1;12;A01
201700023455;2;7;0;4;0;2;2;A01
201700023456;2;10;0;0;2;1;2;A01
201700023456;2;7;0;4;0;4;1;B01
201700023457;2;7;0;4;0;1;1;A01
201700023458;1;7;0;6;0;1;1;A01
201700023459;1;7;0;0;0;1;13;A01
201700023459;2;7;0;0;0;1;1;B01
201700023460;2;7;0;8;0;8;21;A01
201700023461;1;33;0;13;0;2;1;A01
201700023462;1;33;0;13;0;0;1;A01
201700023463;2;7;0;0;2;6;15;A01
201700023463;1;2;0;0;2;1;1;B01
201700023464;1;7;0;15;0;1;13;A01
201700023465;2;7;0;0;2;8;1;A01
201700023465;1;7;0;0;2;8;1;B01
201700023466;1;7;0;0;2;1;1;A01
201700023466;1;7;0;0;0;6;15;B01
201700023466;2;10;0;0;2;3;1;C01
201700023467;1;7;0;0;2;1;2;A01
201700023467;2;10;0;0;2;1;1;B01
201700023467;1;7;0;0;2;4;2;C01
201700023467;1;7;0;0;2;4;2;D01
201700023467;1;7;0;0;2;4;2;E01
201700023468;1;33;0;0;0;1;13;A01
201700023469;1;7;0;0;2;1;13;A01
201700023469;2;2;0;0;2;1;1;B01
201700023470;1;2;0;0;1;0;1;A01
201700023471;1;33;0;0;0;8;1;A01
201700023472;1;7;0;5;0;1;6;A01
201700023473;2;7;0;2;0;9;1;A01
201700023474;1;7;0;2;0;0;14;A01
201700023475;2;7;0;0;2;1;13;A01
201700023475;1;7;0;0;2;1;1;B01
201700023476;1;33;0;3;2;7;17;A01
201700023476;1;7;0;0;2;8;13;B01
201700023477;0;7;0;1;0;9;13;A01
201700023478;1;7;0;0;1;3;1;A01
201700023479;2;7;0;0;9;7;2;A01
201700023479;2;1;0;0;2;6;2;B01
201700023480;2;7;0;0;2;3;2;A01
201700023480;2;33;0;0;2;4;2;B01
201700023481;2;33;0;0;2;1;13;A01
201700023481;1;7;0;0;2;1;1;B01
201700023482;1;7;0;0;2;3;1;B01
201700023482;2;7;0;0;2;3;17;A01
201700023483;1;7;0;2;0;8;1;A01
201700023484;1;7;0;2;0;1;1;A01
201700023485;2;33;0;0;2;1;17;A01
201700023485;1;7;0;0;2;1;1;B01
201700023486;2;7;0;2;0;2;0;A01
201700023487;1;33;0;0;2;2;17;B01
201700023487;1;7;0;0;0;3;15;A01
201700023488;2;7;0;10;0;1;1;A01
201700023489;0;7;0;6;0;1;1;A01
201700023490;0;7;0;13;2;2;1;A01
201700023490;0;7;0;13;2;1;1;B01
201700023491;0;33;0;0;0;0;1;A01
201700023492;1;10;0;0;2;1;1;B01
201700023492;2;7;0;0;2;2;13;A01
201700023493;2;7;0;13;0;1;1;A01
201700023494;1;33;0;10;0;7;1;A01
201700023495;1;7;0;0;2;1;1;B01
201700023495;2;7;0;0;2;1;13;A01
201700023496;2;7;0;16;2;3;13;A01
201700023496;1;20;0;13;2;3;1;B01
201700023497;0;21;0;0;2;1;1;B01
201700023497;0;7;0;0;9;2;1;A01
201700023498;2;7;0;13;0;2;14;A01
201700023499;1;7;0;0;0;0;1;A01
201700023500;2;7;0;3;0;3;0;A01
201700023501;1;2;0;0;2;4;2;A01
201700023501;1;7;0;0;2;1;2;B01
201700023502;2;1;0;14;0;1;1;A01
201700023503;2;7;0;0;2;8;1;B01
201700023503;1;7;0;0;2;8;13;A01
201700023504;0;7;0;0;1;3;1;A01
201700023505;1;7;0;0;2;1;15;A01
201700023505;2;7;0;0;2;1;1;B01
201700023506;1;7;0;8;0;1;1;A01
201700023507;2;10;0;8;0;1;0;A01
201700023508;1;33;0;0;0;0;2;A01
201700023509;2;7;0;0;2;1;1;B01
201700023509;0;7;0;0;2;8;19;A01
201700023510;1;10;0;0;1;6;4;A01
201700023511;1;38;2;0;2;2;15;A01
201700023511;2;7;0;0;2;1;1;B01
201700023512;1;7;0;0;2;2;1;B01
201700023512;2;7;0;0;2;3;9;A01
201700023513;0;7;0;0;0;7;9;A01
201700023513;0;7;0;0;2;3;1;B01
201700023514;2;7;0;0;2;3;19;A01
201700023514;2;7;0;0;2;1;1;B01
201700023515;0;10;0;8;0;2;16;A01
201700023516;0;7;0;0;1;3;1;A01
201700023517;1;7;0;0;2;3;9;A01
201700023517;2;7;0;0;2;1;1;B01
201700023518;0;1;0;0;2;3;1;A01
201700023518;0;7;0;0;2;2;1;B01
201700023519;1;30;0;0;2;2;17;A01
201700023519;1;7;0;0;0;6;15;B01
201700023520;1;7;0;8;0;9;1;A01
201700023521;1;7;0;0;2;3;22;A01
201700023521;1;1;0;1;0;1;2;B01
201700023522;1;33;0;0;2;7;9;A01
201700023522;2;7;0;0;2;1;1;B01
201700023523;2;7;0;0;2;3;17;A01
201700023523;1;7;0;0;0;3;1;B01
201700023524;1;32;0;9;0;1;1;A01
201700023525;1;33;0;16;0;9;1;A01
201700023526;2;1;0;0;0;4;2;A01
201700023526;2;1;0;0;2;1;2;B01
201700023527;1;33;0;11;2;8;1;B01
201700023527;2;7;0;0;2;1;19;A01
201700023528;1;7;0;0;1;1;16;A01
201700023529;1;7;0;0;2;1;13;A01
201700023529;2;7;0;0;2;1;1;B01
201700023530;1;7;0;0;9;2;9;A01
201700023530;2;1;0;0;2;0;1;B01
201700023531;2;7;0;0;0;5;15;A01
201700023531;1;34;0;0;2;1;1;B01
201700023532;1;1;0;0;0;4;2;A01
201700023532;1;10;0;0;2;0;17;B01
201700023533;0;7;0;0;2;3;13;A01
201700023533;0;7;0;0;2;3;1;B01
201700023534;2;7;0;0;2;1;1;A01
201700023534;1;7;0;0;2;1;13;B01
201700023535;2;34;0;11;0;1;17;A01
201700023536;1;33;0;0;2;1;17;A01
201700023536;1;7;0;0;2;8;15;B01
201700023537;1;7;0;3;2;3;1;B01
201700023537;2;10;0;0;2;3;17;A01
201700023538;2;7;0;0;2;3;9;A01
201700023538;1;2;0;0;2;1;1;B01
201700023539;1;33;0;0;2;1;1;A01
201700023539;2;7;0;0;2;8;1;B01
201700023540;2;7;0;0;2;1;1;A01
201700023540;1;10;0;0;2;1;0;B01
201700023541;2;7;0;0;2;3;15;A01
201700023541;1;7;0;13;2;3;1;B01
201700023542;2;7;0;6;2;2;1;B01
201700023542;0;7;0;0;2;3;19;A01
201700023543;1;2;0;0;2;0;1;A01
201700023543;2;10;0;0;2;6;1;B01
201700023544;2;7;0;0;2;2;1;A01
201700023544;1;7;0;0;2;3;1;B01
201700023545;1;7;0;0;2;3;1;B01
201700023545;2;7;0;0;2;3;13;A01
201700023546;1;7;0;0;1;3;1;A01
201700023547;0;7;0;0;1;2;15;A01
201700023548;1;10;0;0;2;2;1;A01
201700023548;0;7;0;0;2;8;9;B01
201700023549;0;7;0;0;1;1;2;A01
201700023550;1;10;0;0;2;1;1;B01
201700023550;1;7;0;0;2;1;0;A01
201700023551;1;7;0;0;2;3;5;B01
201700023551;2;7;0;0;2;3;5;A01
201700023552;1;7;0;2;0;1;1;A01
201700023553;1;7;0;15;0;3;0;A01
201700023554;1;7;0;0;2;1;1;A01
201700023554;1;2;0;0;2;4;1;B01
201700023555;1;7;0;0;0;0;0;A01
201700023556;1;7;0;0;2;1;13;A01
201700023556;2;7;0;0;2;1;1;B01
201700023557;1;7;0;0;2;1;1;B01
201700023557;2;13;0;0;2;7;19;A01
201700023558;2;7;0;0;2;1;1;B01
201700023558;1;7;0;0;2;1;1;A01
201700023559;2;2;0;3;0;1;0;A01
201700023560;0;7;0;0;0;2;1;B01
201700023560;2;15;0;0;2;8;9;A01
201700023561;2;7;0;6;0;1;1;A01
201700023562;1;7;0;0;0;0;1;A01
201700023563;1;7;0;0;1;1;1;A01
201700023564;1;7;0;0;1;3;1;A01
201700023565;1;7;0;0;2;2;1;B01
201700023565;1;30;0;0;2;0;15;A01
201700023566;0;7;0;0;1;2;1;A01
201700023567;1;7;0;0;2;0;0;A01
201700023567;1;32;0;0;2;0;0;B01
201700023568;1;7;0;0;2;1;1;A01
201700023568;1;7;0;0;2;4;1;B01
201700023569;1;7;0;0;1;1;0;A01
201700023570;1;7;0;0;1;1;1;A01
201700023571;1;7;0;0;2;3;5;A01
201700023571;1;7;0;0;2;8;1;B01
201700023571;1;7;0;0;2;3;1;C01
201700023572;1;7;0;0;1;0;0;A01
201700023573;1;7;0;0;2;1;9;A01
201700023573;1;1;0;0;2;1;0;B01
201700023574;1;7;0;0;2;3;1;A01
201700023574;2;7;0;0;2;3;15;B01
201700023575;1;7;0;0;2;3;1;B01
201700023575;1;32;0;0;2;1;21;A01
201700023576;1;7;0;0;2;2;1;B01
201700023576;2;7;0;0;2;6;9;A01
201700023577;1;30;0;0;2;1;1;A01
201700023577;1;7;0;0;2;3;0;B01
201700023578;1;7;0;0;2;2;15;A01
201700023578;1;7;0;0;2;1;1;B01
201700023579;1;15;0;0;9;5;1;A01
201700023579;0;1;0;0;2;1;1;B01
201700023580;0;20;0;6;0;1;1;A01
201700023581;1;7;0;0;2;3;0;A01
201700023581;2;30;0;0;0;0;0;B01
201700023582;1;7;0;0;1;0;0;A01
201700023583;2;7;0;0;1;1;1;A01
201700023584;1;7;0;0;2;6;9;A01
201700023584;1;33;0;0;2;1;9;B01
201700023585;2;7;0;0;2;2;15;A01
201700023585;1;30;0;0;0;0;0;B01
201700023586;1;7;0;0;1;1;1;A01
201700023587;0;7;0;0;1;3;0;A01
201700023588;1;99;0;0;1;1;0;Z01
201700023589;0;7;0;0;1;1;15;A01
201700023590;1;7;0;0;2;3;19;A01
201700023590;0;1;0;0;0;0;0;B01
201700023591;0;7;0;0;2;1;1;B01
201700023591;1;7;0;0;2;3;15;A01
201700023592;1;10;0;0;2;1;1;A01
201700023592;1;3;0;0;2;4;1;B01
201700023593;1;7;0;0;2;3;0;A01
201700023593;1;1;0;0;2;5;0;B01
201700023594;0;7;0;0;1;1;0;A01
201700023595;1;7;0;0;0;0;0;A01
201700023595;1;7;0;0;0;0;0;B01
201700023596;1;7;0;0;1;4;4;A01
201700023597;1;33;0;0;2;0;0;B01
201700023597;1;7;0;0;2;0;15;A01
201700023598;1;7;0;0;2;3;22;A01
201700023598;1;1;0;1;0;1;1;B01
201700023599;1;37;1;1;0;0;0;A01
201700023600;1;7;0;0;1;2;16;A01
201700023601;1;7;0;0;2;0;0;A01
201700023601;1;33;0;0;2;8;1;B01
201700023602;1;32;0;0;2;3;1;A01
201700023602;1;7;0;0;2;3;15;B01
201700023603;0;30;0;0;2;1;0;B01
201700023603;1;7;0;0;2;1;1;A01
201700023604;1;1;0;0;2;0;0;B01
201700023604;1;7;0;0;2;0;0;A01
201700023605;0;10;0;0;2;8;15;A01
201700023605;0;37;4;0;2;2;1;B01
201700023606;1;7;0;0;2;1;2;A01
201700023606;1;1;0;0;2;4;1;B01
201700023607;1;7;0;0;2;2;15;A01
201700023607;1;33;0;0;0;0;0;B01
201700023608;1;32;0;0;2;7;1;B01
201700023608;1;7;0;0;2;3;9;A01
201700023609;1;7;0;0;2;1;1;B01
201700023609;2;7;0;0;2;8;9;A01
201700023610;1;7;0;0;2;2;12;A01
201700023610;1;7;0;0;2;3;1;B01
201700023611;0;7;0;0;2;1;0;A01
201700023611;0;7;0;0;2;4;0;B01
201700023612;1;7;0;0;2;1;15;A01
201700023612;1;1;0;0;2;0;1;B01
201700023613;0;7;0;14;0;0;0;A01
201700023614;1;7;0;0;1;1;1;A01
201700023615;1;7;0;0;2;0;2;A01
201700023615;1;7;0;0;2;4;2;B01
201700023615;1;7;0;0;2;4;2;C01
201700023616;0;7;0;0;1;1;0;A01
201700023617;1;7;0;0;2;3;3;A01
201700023617;1;33;0;0;2;7;1;B01
201700023618;1;7;0;0;2;7;1;B01
201700023618;1;7;0;0;2;1;9;A01
201700023619;2;7;0;0;2;1;1;B01
201700023619;1;7;0;0;2;7;15;A01
201700023620;1;34;0;0;2;2;0;B01
201700023620;1;7;0;0;2;1;0;A01
201700023621;1;7;0;13;0;2;0;A01
201700023622;1;30;0;0;2;0;1;A01
201700023622;1;7;0;0;2;0;1;B01
201700023623;0;1;0;0;1;0;0;A01
201700023624;0;32;0;0;1;1;1;A01
201700023624;0;7;0;0;2;3;9;B01
201700023625;0;7;0;0;0;0;0;B01
201700023625;1;7;0;0;2;1;0;A01
201700023626;1;38;1;0;2;0;0;B01
201700023626;1;7;0;0;2;0;16;A01
201700023627;0;7;0;0;2;7;1;A01
201700023627;0;7;0;0;2;3;1;B01
201700023628;1;7;0;0;1;3;1;A01
201700023629;1;7;0;0;2;3;0;A01
201700023629;1;7;0;0;0;0;0;B01
201700023630;1;7;0;1;0;3;13;A01
201700023631;2;7;0;0;2;2;1;A01
201700023631;0;1;0;0;0;0;0;B01
201700023632;1;7;0;0;9;7;9;A01
201700023632;1;1;0;0;2;8;1;B01
201700023633;1;7;0;0;2;5;15;A01
201700023633;2;1;0;0;2;1;1;B01
201700023634;0;32;0;0;2;1;1;B01
201700023634;1;7;0;0;2;1;15;A01
201700023635;2;30;0;0;2;1;1;A01
201700023635;0;7;0;0;2;4;23;B01
201700023636;0;7;0;0;2;3;0;A01
201700023636;2;30;0;0;2;2;0;B01
201700023637;1;7;0;0;1;3;1;A01
201700023638;1;7;0;0;1;1;0;A01
201700023639;1;40;10;0;1;0;0;A01
201700023640;1;7;0;13;0;0;0;A01
201700023641;1;7;0;1;0;7;14;A01
201700023642;1;7;0;0;2;0;0;A01
201700023642;0;1;0;0;2;0;0;B01
201700023643;1;2;0;0;2;4;2;A01
201700023643;1;7;0;0;2;4;2;B01
201700023644;1;7;0;0;1;8;1;A01
201700023645;1;32;0;0;2;1;17;A01
201700023645;1;7;0;0;2;5;3;B01
201700023646;1;7;0;0;2;1;9;A01
201700023646;2;7;0;0;2;8;1;B01
201700023647;1;7;0;0;2;2;0;A01
201700023647;1;7;0;0;2;7;0;B01
201700023648;1;7;0;0;2;1;0;A01
201700023648;2;7;0;0;2;3;0;B01
201700023649;1;7;0;1;0;2;1;A01
201700023649;1;7;0;0;2;1;1;B01
201700023650;1;7;0;0;2;2;1;A01
201700023650;1;7;0;0;2;1;1;B01
201700023651;1;7;0;0;1;2;1;A01
201700023652;0;2;0;0;2;1;0;B01
201700023652;0;7;0;0;2;1;0;A01
201700023653;0;37;1;0;2;1;1;B01
201700023653;0;7;0;0;2;0;13;A01
201700023654;1;7;0;0;1;1;15;A01
201700023655;1;7;0;0;2;1;2;A01
201700023655;1;7;0;0;2;4;2;B01
201700023655;1;7;0;0;2;4;1;C01
201700023656;1;7;0;0;0;9;12;A01
201700023657;1;7;0;0;2;2;15;A01
201700023657;2;2;0;1;2;1;1;B01
201700023657;1;7;0;0;2;3;23;C01
201700023658;2;7;0;6;0;1;15;A01
201700023659;1;7;0;0;0;2;1;A01
201700023659;0;7;0;0;2;2;0;B01
201700023660;1;7;0;0;2;1;15;A01
201700023660;1;7;0;0;2;3;1;B01
201700023661;1;7;0;0;2;4;1;A01
201700023661;1;7;0;0;2;1;1;B01
201700023662;1;7;0;0;2;1;2;A01
201700023662;1;7;0;0;2;4;2;B01
201700023662;1;7;0;0;2;4;2;C01
201700023663;1;7;0;0;2;3;1;B01
201700023663;1;7;0;0;2;1;1;A01
201700023664;1;31;0;0;2;8;15;A01
201700023664;0;7;0;0;2;6;15;B01
201700023665;1;7;0;0;1;1;15;A01
201700023666;1;30;0;0;2;6;1;A01
201700023666;0;7;0;0;2;6;15;B01
201700023667;1;13;0;0;2;1;2;A01
201700023667;1;13;0;0;2;4;2;B01
201700023668;0;7;0;0;0;2;16;A01
201700023668;0;13;0;0;2;3;15;B01
201700023669;0;7;0;0;2;1;15;A01
201700023669;0;34;0;0;2;0;1;B01
201700023670;1;7;0;6;0;1;1;A01
201700023671;1;37;1;0;2;2;1;B01
201700023671;1;2;0;0;2;1;1;A01
201700023672;1;7;0;0;2;1;1;B01
201700023672;1;7;0;0;2;2;1;A01
201700023673;1;7;0;0;2;1;2;A01
201700023673;1;7;0;0;2;4;2;B01
201700023674;1;7;0;2;0;1;1;A01