num_acc;senc;catv;occutc;obs;obsm;choc;manv;num_veh
201700023675;1;2;0;0;2;1;2;A01
201700023675;1;7;0;0;2;4;1;B01
201700023676;1;7;0;0;9;1;1;A01
201700023676;1;1;0;0;2;8;19;B01
201700023677;1;7;0;0;2;3;13;A01
201700023677;2;7;0;0;2;3;1;B01
201700023678;1;7;0;0;2;1;5;A01
201700023678;1;7;0;0;2;1;1;B01
201700023679;1;33;0;0;2;1;17;A01
201700023679;1;7;0;0;2;4;15;B01
201700023680;1;7;0;0;2;1;2;A01
201700023680;1;7;0;0;2;4;1;B01
201700023681;0;7;0;0;2;7;15;A01
201700023681;0;7;0;0;2;1;1;B01
201700023682;0;30;0;0;2;1;9;B01
201700023682;1;7;0;0;2;3;9;A01
201700023683;0;7;0;0;2;1;1;A01
201700023683;0;7;0;0;2;4;1;B01
201700023684;1;7;0;0;9;1;19;A01
201700023685;2;10;0;0;9;2;15;A01
201700023685;1;1;0;0;2;1;1;B01
201700023686;2;7;0;0;2;1;5;A01
201700023686;0;7;0;0;2;1;1;B01
201700023687;1;7;0;0;1;7;1;A01
201700023688;1;7;0;0;2;1;5;A01
201700023688;1;7;0;0;2;1;1;B01
201700023689;0;34;0;0;2;1;1;A01
201700023690;1;7;0;0;2;1;9;A01
201700023690;1;7;0;0;2;8;9;B01
201700023691;1;7;0;0;2;2;15;A01
201700023691;2;7;0;0;2;1;1;B01
201700023692;0;7;0;0;2;1;15;A01
201700023692;0;7;0;0;2;3;1;B01
201700023693;0;3;0;0;1;8;1;A01
201700023694;1;33;0;0;2;3;5;A01
201700023694;2;7;0;0;2;1;1;B01
201700023695;1;7;0;0;2;5;16;A01
201700023695;1;30;0;0;2;1;7;B01
201700023696;0;7;0;1;0;1;1;A01
201700023697;1;7;0;6;0;1;19;A01
201700023698;1;7;0;0;2;1;2;A01
201700023698;1;7;0;0;2;4;2;B01
201700023699;1;7;0;0;2;1;1;B01
201700023699;1;7;0;0;2;1;0;A01
201700023700;1;1;0;0;2;1;2;A01
201700023700;1;7;0;0;2;4;2;B01
201700023701;1;7;0;0;2;1;2;A01
201700023701;1;7;0;0;2;4;2;B01
201700023702;1;21;0;8;0;1;1;A01
201700023703;1;7;0;0;2;1;1;B01
201700023703;1;7;0;0;2;2;15;A01
201700023704;1;7;0;0;2;1;11;A01
201700023704;1;7;0;0;2;4;1;B01
201700023704;1;7;0;0;2;4;1;C01
201700023704;1;7;0;0;2;4;1;D01
201700023705;1;30;0;0;2;1;2;A01
201700023706;0;7;0;0;1;1;1;A01
201700023707;1;7;0;0;2;2;1;A01
201700023707;2;3;0;0;2;1;15;B01
201700023708;0;7;0;0;2;2;1;B01
201700023708;0;7;0;0;2;1;1;A01
201700023709;1;7;0;0;2;5;0;A01
201700023709;0;7;0;0;2;1;0;B01
201700023710;1;7;0;0;1;1;1;A01
201700023711;1;2;0;0;4;4;19;A01
201700023711;1;40;1;0;2;3;1;B01
201700023712;1;33;0;0;2;4;1;A01
201700023712;0;7;0;0;0;4;23;B01
201700023713;1;33;0;13;1;1;2;A01
201700023714;1;7;0;0;2;7;15;A01
201700023714;2;32;0;0;2;1;3;B01
201700023714;2;7;0;0;2;3;23;C01
201700023715;1;1;0;0;2;1;1;B01
201700023715;1;7;0;0;2;1;15;A01
201700023716;0;7;0;0;2;1;1;A01
201700023716;0;7;0;0;2;1;0;B01
201700023717;1;7;0;0;1;3;15;A01
201700023718;1;30;0;0;2;1;9;B01
201700023718;1;7;0;0;2;3;9;A01
201700023719;1;7;0;0;2;1;1;A01
201700023719;2;1;0;0;2;8;19;B01
201700023720;1;7;0;0;2;1;2;A01
201700023720;1;7;0;0;2;5;2;B01
201700023721;1;1;0;0;2;1;1;A01
201700023721;1;7;0;0;2;5;15;B01
201700023722;1;7;0;0;2;4;2;B01
201700023723;1;7;0;1;2;2;1;A01
201700023723;1;7;0;0;2;1;1;B01
201700023724;1;30;0;0;2;2;17;A01
201700023724;1;7;0;0;2;3;15;B01
201700023725;0;7;0;1;0;7;14;A01
201700023725;1;10;0;0;2;6;24;B01
201700023726;0;33;0;0;2;1;1;B01
201700023726;0;7;0;0;2;2;15;A01
201700023727;1;7;0;0;1;1;0;A01
201700023728;2;30;0;0;2;1;1;B01
201700023728;1;7;0;0;2;7;15;A01
201700023729;0;7;0;0;1;2;0;A01
201700023729;0;7;0;0;0;0;0;B01
201700023730;0;7;0;0;1;2;1;A01
201700023731;1;7;0;0;2;3;9;A01
201700023731;2;33;0;0;2;7;1;B01
201700023732;0;33;0;0;2;1;1;A01
201700023732;0;7;0;0;2;1;1;B01
201700023733;1;7;0;0;1;1;0;A01
201700023734;1;7;0;0;1;8;17;A01
201700023735;0;7;0;0;1;1;16;A01
201700023736;1;10;0;8;2;1;7;A01
201700023736;1;7;0;0;2;4;7;B01
201700023736;1;7;0;0;2;4;1;C01
201700023737;2;15;0;7;0;8;16;A01
201700023738;1;7;0;0;2;3;16;A01
201700023739;1;3;0;0;2;0;1;A01
201700023739;1;7;0;0;2;8;9;B01
201700023740;1;40;1;0;1;1;1;A01
201700023741;1;37;1;0;2;1;23;A01
201700023741;1;7;0;0;2;1;16;B01
201700023742;1;7;0;0;2;5;10;A01
201700023742;2;33;0;0;2;1;1;B01
201700023743;0;7;0;0;2;1;15;A01
201700023743;0;2;0;0;2;1;14;B01
201700023744;1;7;0;0;1;1;0;A01
201700023745;2;7;0;0;1;1;9;A01
201700023746;0;7;0;0;1;1;1;A01
201700023747;1;7;0;0;1;2;1;A01
201700023747;2;40;1;0;2;3;1;B01
201700023748;2;7;0;0;2;1;1;A01
201700023748;2;7;0;0;0;4;1;B01
201700023749;0;7;0;0;2;6;13;A01
201700023749;0;33;0;0;2;7;17;B01
201700023750;1;7;0;0;2;2;1;B01
201700023750;1;7;0;0;2;1;9;A01
201700023751;1;7;0;0;1;8;16;A01
201700023752;1;33;0;0;2;3;9;A01
201700023752;1;7;0;0;2;1;9;B01
201700023753;1;10;0;0;1;2;15;A01
201700023754;1;7;0;0;1;3;15;A01
201700023755;1;10;0;7;2;3;13;A01
201700023755;2;17;0;6;2;3;1;B01
201700023756;2;33;0;0;0;9;1;A01
201700023757;2;17;0;0;0;0;13;A01
201700023757;1;10;0;14;0;3;1;B01
201700023758;1;7;0;13;0;9;1;A01
201700023759;1;7;0;8;0;2;1;A01
201700023760;2;7;0;3;0;1;1;A01
201700023761;2;33;0;0;0;3;0;A01
201700023762;2;15;0;0;2;2;1;B01
201700023762;2;7;0;13;0;6;19;A01
201700023763;1;7;0;0;2;1;16;A01
201700023763;1;17;0;0;2;3;1;B01
201700023764;1;7;0;0;1;2;1;A01
201700023765;1;7;0;0;1;2;1;A01
201700023766;1;7;0;0;2;3;15;A01
201700023766;2;7;0;0;2;2;1;B01
201700023767;1;7;0;0;2;8;13;A01
201700023767;2;7;0;0;2;8;1;B01
201700023767;2;7;0;0;9;0;1;C01
201700023768;1;7;0;0;2;1;2;A01
201700023768;1;7;0;0;2;4;2;B01
201700023769;1;30;0;0;2;2;5;A01
201700023769;2;7;0;0;2;3;15;B01
201700023770;1;7;0;0;0;6;0;A01
201700023771;1;7;0;0;2;2;1;B01
201700023771;1;7;0;0;2;3;15;A01
201700023772;2;7;0;0;2;8;6;A01
201700023772;1;7;0;0;2;8;1;B01
201700023773;1;7;0;0;2;1;2;A01
201700023773;1;7;0;0;0;4;23;B01
201700023774;1;7;0;0;2;1;19;A01
201700023774;1;7;0;0;2;5;23;B01
201700023775;2;7;0;0;2;1;9;A01
201700023775;2;7;0;0;2;4;1;B01
201700023776;1;10;0;0;2;3;13;A01
201700023776;1;1;0;0;2;4;13;B01
201700023777;1;7;0;0;2;1;2;A01
201700023777;1;7;0;0;2;4;2;B01
201700023778;2;30;0;0;2;6;2;A01
201700023778;2;7;0;0;2;6;2;B01
201700023779;1;7;0;13;0;1;1;A01
201700023780;1;7;0;0;2;1;1;A01
201700023780;1;7;0;0;2;3;15;B01
201700023781;1;33;0;0;0;7;1;A01
201700023782;1;31;0;12;0;1;14;A01
201700023783;1;10;0;0;2;6;4;A01
201700023783;1;30;0;0;2;1;1;B01
201700023784;1;33;0;0;0;1;1;A01
201700023785;1;30;0;0;0;0;2;A01
201700023785;1;7;0;0;0;0;1;B01
201700023786;2;7;0;0;9;7;16;A01
201700023786;2;1;0;0;2;1;1;B01
201700023787;1;1;0;14;0;1;14;A01
201700023788;2;7;0;3;0;1;16;A01
201700023789;2;10;0;13;0;0;14;A01
201700023790;1;7;0;6;0;3;20;A01
201700023791;2;7;0;0;2;1;2;A01
201700023791;2;7;0;0;2;4;2;B01
201700023791;2;7;0;0;2;4;2;C01
201700023792;1;7;0;0;1;2;1;A01
201700023793;2;7;0;0;1;2;1;A01
201700023794;2;7;0;0;1;3;1;A01
201700023795;1;7;0;0;2;1;2;A01
201700023795;1;7;0;0;2;4;2;B01
201700023796;1;7;0;0;2;1;1;B01
201700023796;2;7;0;0;2;8;15;A01
201700023797;1;7;0;0;1;3;19;A01
201700023798;2;1;0;12;0;2;1;A01
201700023799;1;2;0;12;0;3;1;A01
201700023800;2;7;0;0;2;1;2;A01
201700023800;2;7;0;0;2;5;2;B01
201700023800;2;7;0;0;0;4;2;C01
201700023801;1;7;0;0;2;6;9;A01
201700023801;1;1;0;0;2;1;1;B01
201700023802;1;7;0;0;1;2;16;A01
201700023803;2;7;0;6;0;1;19;A01
201700023804;1;7;0;1;1;2;2;A01
201700023805;1;7;0;6;0;1;14;A01
201700023806;2;7;0;0;2;3;15;A01
201700023806;1;7;0;0;2;1;1;B01
201700023807;1;7;0;0;2;3;0;A01
201700023807;2;7;0;0;2;1;0;B01
201700023808;1;7;0;13;0;1;6;A01
201700023809;1;33;0;0;2;1;17;A01
201700023809;2;10;0;0;2;3;1;B01
201700023810;0;7;0;0;1;2;1;A01
201700023811;2;7;0;0;2;3;9;B01
201700023811;1;7;0;0;2;2;9;A01
201700023812;1;10;0;0;2;5;13;A01
201700023812;2;10;0;0;2;1;1;B01
201700023813;2;2;0;1;0;1;14;A01
201700023814;2;7;0;14;0;1;2;A01
201700023814;2;7;0;0;1;1;23;B01
201700023815;1;7;0;0;1;1;0;B01
201700023816;1;7;0;0;1;1;1;A01
201700023817;1;7;0;0;1;1;1;A01
201700023818;1;7;0;0;9;1;1;A01
201700023818;1;15;0;0;0;4;9;B01
201700023819;1;7;0;0;0;6;1;B01
201700023819;2;10;0;0;2;2;2;A01
201700023820;2;17;0;0;0;0;1;B01
201700023820;2;10;0;3;2;2;12;A01
201700023821;1;33;0;0;0;7;0;A01
201700023822;1;10;0;0;2;2;17;A01
201700023822;1;7;0;0;0;0;1;B01
201700023823;1;17;0;0;0;6;2;B01
201700023823;1;7;0;0;2;1;2;A01
201700023824;2;7;0;4;0;3;0;A01
201700023825;2;7;0;0;0;1;1;A01
201700023826;2;7;0;0;2;2;15;A01
201700023826;2;33;0;0;2;2;1;B01
201700023827;0;36;0;6;0;1;1;A01
201700023828;2;33;0;0;2;2;1;B01
201700023828;0;7;0;0;2;8;9;A01
201700023829;1;1;0;0;0;9;0;A01
201700023830;1;7;0;0;2;1;17;A01
201700023830;1;15;0;0;0;4;2;B01
201700023831;1;7;0;13;0;1;1;A01
201700023832;1;10;0;0;2;1;2;A01
201700023832;1;17;0;0;0;4;1;B01
201700023833;2;7;0;0;0;6;9;A01
201700023833;2;15;0;0;2;2;1;B01
201700023834;1;7;0;0;2;2;17;A01
201700023834;1;7;0;0;2;6;1;B01
201700023835;1;10;0;3;0;2;1;A01
201700023836;2;7;0;3;0;6;2;A01
201700023836;2;10;0;0;2;2;2;B01
201700023837;1;7;0;0;0;0;0;A01
201700023838;2;7;0;0;1;2;2;B01
201700023839;2;7;0;3;0;2;11;A01
201700023840;1;7;0;11;0;1;17;A01
201700023841;1;7;0;0;2;1;16;B01
201700023841;1;7;0;0;2;3;23;A01
201700023842;0;7;0;1;0;1;14;A01
201700023843;1;7;0;0;2;1;16;A01
201700023843;1;7;0;0;2;2;1;B01
201700023844;2;7;0;0;1;8;1;A01
201700023845;1;7;0;1;0;3;13;A01
201700023846;1;7;0;0;0;0;1;A01
201700023847;0;2;0;0;0;1;13;A01
201700023848;1;7;0;0;2;1;1;A01
201700023848;1;7;0;0;2;4;1;B01
201700023849;0;7;0;0;2;3;1;B01
201700023849;0;7;0;0;2;2;15;A01
201700023850;1;7;0;8;0;1;14;A01
201700023851;1;30;0;12;0;0;0;A01
201700023852;2;7;0;0;2;3;15;A01
201700023852;1;7;0;0;2;1;1;B01
201700023853;1;7;0;13;0;1;13;A01
201700023854;1;7;0;0;2;3;13;A01
201700023854;2;7;0;0;2;1;5;B01
201700023855;2;14;0;0;2;1;1;A01
201700023855;1;7;0;0;2;1;13;B01
201700023856;1;7;0;0;2;0;0;A01
201700023856;1;7;0;0;0;0;0;B01
201700023857;1;7;0;5;0;3;13;A01
201700023858;1;7;0;6;2;1;1;A01
201700023859;0;2;0;14;2;1;2;A01
201700023859;0;7;0;0;2;4;2;B01
201700023860;2;7;0;13;0;1;1;A01
201700023861;1;7;0;0;2;0;0;A01
201700023861;1;7;0;0;2;0;0;B01
201700023862;2;7;0;0;0;0;0;B01
201700023862;1;7;0;0;2;7;13;A01
201700023863;1;7;0;0;2;1;1;A01
201700023863;1;1;0;0;0;4;1;B01
201700023864;2;7;0;3;0;1;19;A01
201700023865;1;7;0;0;2;2;1;A01
201700023865;2;7;0;0;2;6;1;B01
201700023866;1;7;0;1;0;2;1;A01
201700023867;2;30;0;0;2;7;14;A01
201700023867;2;7;0;0;9;0;0;B01
201700023868;1;7;0;0;2;4;1;A01
201700023868;1;7;0;0;2;0;0;B01
201700023868;1;7;0;0;2;0;0;C01
201700023869;1;7;0;0;2;9;17;A01
201700023869;1;7;0;0;2;6;1;B01
201700023870;0;1;0;0;2;7;15;B01
201700023870;0;7;0;0;2;3;9;A01
201700023871;1;7;0;13;0;3;13;A01
201700023872;0;7;0;0;1;0;0;A01
201700023873;0;7;0;0;2;2;15;A01
201700023873;0;1;0;0;2;1;1;B01
201700023874;0;7;0;0;1;4;4;A01
201700023875;0;2;0;0;2;1;2;A01
201700023875;0;7;0;0;2;4;2;B01
201700023876;0;7;0;6;0;1;13;A01
201700023877;1;7;0;16;0;9;14;A01
201700023878;1;7;0;0;9;5;0;A01
201700023878;0;1;0;0;2;0;0;B01
201700023879;2;7;0;0;2;3;0;A01
201700023879;2;7;0;0;2;0;0;B01
201700023880;1;7;0;0;0;9;0;A01
201700023881;1;7;0;6;0;3;13;A01
201700023882;1;33;0;0;2;1;1;A01
201700023882;1;7;0;0;0;5;1;B01
201700023883;1;2;0;8;1;3;1;B01
201700023884;0;7;0;0;2;1;15;A01
201700023884;0;7;0;0;2;3;1;B01
201700023884;0;7;0;0;2;3;0;C01
201700023885;1;7;0;2;0;1;1;A01
201700023886;0;7;0;0;2;3;15;A01
201700023886;0;30;0;0;2;1;1;B01
201700023887;1;7;0;0;1;6;15;A01
201700023888;0;7;0;0;2;3;1;A01
201700023888;0;7;0;0;2;5;15;B01
201700023889;0;20;0;0;0;7;0;A01
201700023890;1;7;0;13;0;7;1;A01
201700023891;0;7;0;0;0;0;0;A01
201700023891;0;1;0;0;0;8;19;B01
201700023892;1;7;0;0;2;1;2;A01
201700023892;1;7;0;0;2;4;2;B01
201700023893;0;2;0;1;0;1;14;A01
201700023894;0;30;0;1;2;1;17;A01
201700023894;0;7;0;0;2;3;20;B01
201700023895;1;7;0;13;0;7;1;A01
201700023896;1;32;0;0;2;1;2;A01
201700023896;1;7;0;0;2;4;1;B01
201700023897;1;33;0;13;0;1;12;A01
201700023898;1;7;0;0;2;2;1;B01
201700023898;1;7;0;0;2;1;1;A01
201700023899;2;7;0;13;0;2;14;A01
201700023900;0;30;0;0;0;3;2;A01
201700023901;2;33;0;0;0;7;2;A01
201700023901;1;13;0;0;0;0;2;B01
201700023902;2;33;0;16;0;2;16;A01
201700023903;1;37;1;0;2;3;15;A01
201700023903;0;7;0;0;2;3;0;B01
201700023904;1;7;0;0;2;4;2;B01
201700023904;1;7;0;0;2;1;2;A01
201700023905;0;7;0;0;2;2;21;A01
201700023905;0;7;0;0;2;6;23;B01
201700023906;1;7;0;0;1;1;9;A01
201700023907;1;33;0;0;2;1;17;A01
201700023907;1;7;0;0;2;3;15;B01
201700023908;1;7;0;4;0;2;0;A01
201700023909;2;7;0;13;0;2;0;A01
201700023910;1;7;0;0;2;3;13;A01
201700023910;1;7;0;0;2;3;16;B01
201700023911;1;7;0;0;0;1;14;A01
201700023912;1;7;0;13;0;2;14;A01
201700023913;2;7;0;0;2;2;15;A01
201700023913;1;7;0;0;2;1;1;B01
201700023914;2;7;0;0;2;2;16;A01
201700023914;2;34;0;0;2;8;16;B01
201700023915;1;7;0;4;0;1;16;A01
201700023916;1;7;0;0;1;1;15;A01
201700023917;1;7;0;0;2;3;13;A01
201700023917;2;7;0;0;2;6;14;B01
201700023918;1;7;0;0;1;3;1;A01
201700023919;1;7;0;3;0;2;14;M01
201700023920;1;7;0;13;0;0;0;A01
201700023921;1;7;0;0;0;9;13;A01
201700023922;1;7;0;0;1;3;16;A01
201700023923;1;33;0;0;2;1;9;B01
201700023923;2;7;0;0;2;8;9;A01
201700023924;1;7;0;1;0;1;19;A01
201700023925;2;10;0;0;2;3;1;A01
201700023925;2;7;0;0;2;5;1;B01
201700023926;2;7;0;0;2;1;1;A01
201700023926;2;7;0;0;2;4;2;B01
201700023927;1;7;0;0;2;4;2;A01
201700023927;1;7;0;0;2;1;2;B01
201700023928;1;7;0;0;2;3;16;A01
201700023928;1;7;0;0;2;3;23;B01
201700023929;1;7;0;0;1;3;9;A01
201700023930;1;7;0;0;2;2;15;A01
201700023930;1;1;0;0;2;1;0;B01
201700023931;1;7;0;0;2;1;2;A01
201700023931;1;7;0;0;2;4;2;B01
201700023931;1;7;0;0;2;4;2;C01
201700023932;1;7;0;0;2;1;2;A01
201700023932;1;7;0;0;2;4;15;B01
201700023933;2;7;0;3;0;2;1;A01
201700023934;1;7;0;13;0;1;1;A01
201700023935;1;7;0;0;1;4;4;A01
201700023936;1;37;1;0;2;3;1;A01
201700023936;1;7;0;0;2;2;16;B01
201700023937;2;2;0;0;2;1;1;A01
201700023937;2;7;0;0;0;4;15;B01
201700023938;2;2;0;0;0;8;1;A01
201700023939;1;7;0;13;0;9;14;A01
201700023940;1;7;0;13;0;1;1;A01
201700023941;1;7;0;0;2;3;9;A01
201700023941;2;7;0;0;2;3;21;B01
201700023942;2;7;0;0;2;1;1;B01
201700023942;1;10;0;0;2;1;15;A01
201700023943;1;7;0;0;1;2;1;A01
201700023943;1;7;0;0;2;1;2;B01
201700023944;2;10;0;0;2;6;9;A01
201700023944;2;7;0;0;2;3;9;B01
201700023944;2;7;0;0;2;6;9;C01
201700023945;1;7;0;0;2;7;1;A01
201700023945;1;7;0;4;2;8;13;B01
201700023946;1;7;0;5;0;1;14;A01
201700023947;2;30;0;8;0;3;13;A01
201700023948;2;7;0;0;1;3;2;A01
201700023949;1;7;0;0;2;2;9;A01
201700023949;1;7;0;0;1;3;20;B01
201700023950;0;7;0;0;1;1;15;A01
201700023951;2;2;0;6;0;1;1;A01
201700023952;1;2;0;0;5;7;21;A01
201700023953;1;7;0;0;2;3;21;A01
201700023953;2;7;0;0;2;3;1;B01
201700023954;1;10;0;6;1;1;0;A01
201700023955;1;7;0;0;1;2;1;A01
201700023956;1;7;0;13;0;3;1;A01
201700023957;2;7;0;8;2;5;9;A01
201700023957;2;7;0;15;2;5;21;B01
201700023958;1;7;0;0;1;1;1;A01
201700023959;1;33;0;0;0;0;21;A01
201700023960;1;2;0;0;0;0;16;A01
201700023961;1;14;0;0;9;4;23;B01
201700023961;1;7;0;0;2;1;21;A01
201700023962;1;7;0;0;2;1;1;B01
201700023962;2;7;0;0;2;8;15;A01
201700023963;1;7;0;0;0;9;13;C01
201700023964;1;7;0;0;2;5;15;A01
201700023964;1;7;0;0;2;3;21;B01
201700023965;1;7;0;0;9;3;15;A01
201700023965;2;99;0;0;2;1;1;B01
201700023966;1;7;0;0;2;1;2;A01
201700023966;1;3;0;0;9;4;2;B01
201700023967;1;7;0;3;0;1;9;A01
201700023968;1;33;0;16;0;8;14;A01
201700023969;1;7;0;0;2;6;16;A01
201700023969;1;7;0;0;2;1;19;B01
201700023970;1;7;0;0;2;1;13;A01
201700023970;2;7;0;0;2;1;1;B01
201700023971;1;7;0;0;2;1;1;A01
201700023971;1;10;0;0;2;4;24;B01
201700023972;1;7;0;0;2;1;19;A01
201700023972;1;7;0;0;2;3;19;B01
201700023973;0;7;0;0;2;1;2;A01
201700023973;0;7;0;0;9;4;2;B01
201700023974;1;7;0;0;2;3;13;A01
201700023974;2;10;0;0;2;3;1;B01
201700023975;1;7;0;0;1;2;2;A01
201700023976;2;7;0;0;1;1;1;A01
201700023977;2;30;0;12;0;0;14;A01
201700023978;2;7;0;0;2;1;2;A01
201700023978;1;10;0;0;2;4;23;B01
201700023979;1;17;0;0;2;0;12;A01
201700023979;1;7;0;3;2;9;14;B01
201700023980;2;7;0;0;1;2;14;A01
201700023981;1;7;0;12;0;2;1;A01
201700023982;1;7;0;0;2;1;1;A01
201700023982;1;7;0;0;2;1;15;B01
201700023983;1;7;0;0;1;2;2;A01
201700023984;1;7;0;13;0;0;1;A01
201700023985;1;10;0;0;1;1;15;A01
201700023986;1;7;0;4;0;3;9;A01
201700023987;2;7;0;0;2;1;1;B01
201700023987;2;7;0;15;2;9;9;A01
201700023988;1;10;0;0;2;3;13;A01
201700023988;2;10;0;0;2;8;1;B01
201700023989;1;7;0;0;2;3;1;A01
201700023989;1;7;0;0;2;5;15;B01
201700023990;1;7;0;0;0;9;1;A01
201700023991;2;10;0;2;0;9;13;A01
201700023992;2;7;0;0;2;3;19;A01
201700023992;1;7;0;0;2;1;1;B01
201700023993;1;7;0;0;2;1;13;A01
201700023993;2;7;0;0;2;1;1;B01
201700023994;2;10;0;0;1;2;1;A01
201700023995;1;7;0;7;0;1;14;A01
201700023996;2;7;0;6;0;1;1;A01
201700023997;2;10;0;0;1;2;1;A01
201700023998;0;7;0;8;0;1;1;A01
201700023999;1;7;0;0;0;3;15;A01
201700023999;1;33;0;0;2;1;17;B01
201700024000;1;7;0;13;2;2;1;B01
201700024000;2;7;0;13;0;3;13;A01
201700024001;0;7;0;0;9;2;1;B01
201700024001;0;1;0;0;2;1;19;A01
201700024002;1;7;0;0;2;1;1;B01
201700024002;0;7;0;0;2;1;15;A01
201700024003;1;7;0;0;0;3;23;B01
201700024003;2;30;0;0;2;1;13;A01
201700024004;1;7;0;13;0;1;1;A01
201700024005;1;7;0;0;2;4;1;C01
201700024005;1;33;0;0;2;4;1;B01
201700024005;1;7;0;0;2;1;1;A01
201700024006;2;7;0;0;9;1;1;B01
201700024006;0;1;0;0;2;8;9;A01
201700024007;2;33;0;2;0;0;1;A01
201700024008;1;7;0;0;2;3;15;B01
201700024008;2;2;0;0;2;1;1;A01
201700024009;2;17;0;7;0;2;1;A01
201700024010;0;17;0;0;0;5;0;B01
201700024010;2;7;0;1;0;1;0;A01
201700024011;1;7;0;0;1;5;4;A01
201700024012;1;7;0;3;0;9;0;A01
201700024013;0;7;0;13;0;1;16;A01
201700024014;1;33;0;0;0;0;0;A01
201700024015;0;7;0;0;1;2;1;A01
201700024016;1;7;0;0;0;1;17;A01
201700024016;1;7;0;0;0;4;15;B01
201700024017;0;1;0;0;0;0;0;B01
201700024017;0;7;0;0;9;2;17;A01
201700024018;2;33;0;0;0;7;1;A01
201700024019;0;7;0;0;4;3;1;A01
201700024020;2;32;0;3;0;7;14;A01
201700024021;0;7;0;0;2;8;1;A01
201700024021;0;7;0;0;2;3;13;B01
201700024022;0;32;0;0;9;1;1;A01
201700024023;0;7;0;2;0;8;1;A01
201700024024;2;7;0;0;9;1;15;A01
201700024024;2;30;0;0;2;8;1;B01
201700024025;1;7;0;0;1;2;1;A01
201700024026;2;7;0;11;0;3;6;A01
201700024027;1;7;0;0;9;5;15;A01
201700024027;2;2;0;0;2;9;1;B01
201700024028;2;7;0;0;2;2;1;A01
201700024029;1;7;0;0;2;1;1;B01
201700024029;2;7;0;0;0;0;13;A01
201700024029;0;7;0;0;2;8;0;C01
201700024030;2;30;0;0;2;2;0;B01
201700024030;1;10;0;0;9;1;9;A01
201700024031;1;7;0;7;0;1;14;A01
201700024032;2;7;0;0;2;1;1;B01
201700024032;1;7;0;0;2;1;5;A01
201700024033;1;7;0;0;1;1;1;A01
201700024034;1;32;0;8;0;1;0;A01
201700024035;2;3;0;0;1;1;1;A01
201700024036;1;7;0;0;1;4;4;A01
201700024037;2;7;0;0;2;3;13;A01
201700024037;1;7;0;0;2;3;1;B01
201700024038;2;7;0;0;1;1;16;A01
201700024039;1;7;0;0;1;1;1;A01
201700024040;2;33;0;11;0;1;1;A01
201700024041;2;7;0;0;2;8;10;A01
201700024041;2;7;0;0;2;1;1;B01
201700024042;1;2;0;1;0;0;0;A01
201700024042;1;7;0;0;0;5;24;B01
201700024043;2;7;0;0;2;1;1;A01
201700024043;;1;0;;;;;B02
201700024044;2;99;0;0;2;1;1;B01
201700024044;1;7;0;0;2;1;13;A01
201700024045;2;7;0;0;2;1;13;A01
201700024045;1;7;0;0;2;1;1;B01
201700024046;1;10;0;0;2;4;2;B01
201700024046;1;7;0;0;2;1;0;A01
201700024047;2;7;0;0;1;2;1;A01
201700024048;1;7;0;0;2;3;1;B01
201700024048;1;33;0;0;2;7;9;A01
201700024049;0;2;0;0;2;3;1;B01
201700024049;2;7;0;0;9;2;16;A01
201700024050;1;31;0;0;2;1;13;B01
201700024050;1;7;0;0;9;1;15;A01
201700024051;1;7;0;0;2;2;1;B01
201700024051;1;7;0;0;2;1;1;A01
201700024052;1;7;0;0;2;5;19;A01
201700024052;2;7;0;0;2;2;1;B01
201700024053;1;7;0;0;1;1;1;A01
201700024054;2;7;0;0;2;1;1;B01
201700024054;2;7;0;0;2;2;1;A01
201700024055;0;7;0;0;2;1;1;C01
201700024055;2;33;0;0;2;4;15;B01
201700024055;2;7;0;0;2;1;1;A01
201700024056;1;7;0;0;2;4;2;B01
201700024056;1;7;0;0;2;1;1;A01
201700024057;1;7;0;0;2;6;23;B01
201700024057;1;7;0;0;2;1;2;A01
201700024058;1;7;0;0;1;6;1;A01
201700024059;1;1;0;0;2;9;1;B01
201700024059;2;7;0;0;9;1;16;A01
201700024060;1;7;0;0;2;1;1;B01
201700024060;2;7;0;0;2;1;13;A01
201700024061;1;7;0;13;0;1;14;A01
201700024062;1;1;0;0;2;9;1;B01
201700024062;1;7;0;0;9;1;9;A01
201700024063;1;7;0;0;9;3;1;B01
201700024063;1;30;0;0;2;1;1;A01
201700024064;2;7;0;0;2;7;1;B01
201700024064;1;7;0;0;2;3;1;A01
201700024065;1;7;0;0;9;2;15;A01
201700024065;1;34;0;0;2;1;1;B01
201700024066;1;7;0;0;2;6;1;B01
201700024066;1;7;0;0;2;2;1;A01
201700024067;1;33;0;0;2;1;1;A01
201700024067;2;7;0;0;2;5;15;B01
201700024068;1;7;0;0;2;1;1;B01
201700024068;2;7;0;0;2;1;1;C01
201700024068;2;7;0;0;2;1;13;A01
201700024069;2;7;0;11;0;1;1;A01
201700024070;1;2;0;0;1;1;1;A01
201700024071;2;7;0;0;1;3;1;A01
201700024072;2;7;0;8;0;1;14;A01
201700024073;2;7;0;14;0;4;2;B01
201700024073;2;10;0;0;2;4;2;C01
201700024073;2;10;0;14;0;1;2;A01
201700024074;2;7;0;0;0;0;15;B01
201700024074;1;7;0;8;0;1;13;A01