num_acc;senc;catv;occutc;obs;obsm;choc;manv;num_veh
201700024075;2;2;0;0;2;8;15;B01
201700024075;2;7;0;0;2;7;17;A01
201700024076;2;10;0;0;2;4;2;B01
201700024076;2;10;0;0;2;1;2;A01
201700024076;2;7;0;0;2;4;2;C01
201700024077;1;33;0;0;0;2;21;A01
201700024077;1;7;0;0;9;6;1;C01
201700024077;1;7;0;0;0;0;9;B01
201700024078;2;33;0;13;1;9;14;A01
201700024079;2;7;0;0;2;3;15;A01
201700024079;1;33;0;0;2;7;1;B01
201700024080;2;7;0;0;2;0;17;A01
201700024080;2;1;0;0;2;3;1;B01
201700024081;2;7;0;0;2;4;15;B01
201700024081;2;7;0;14;2;4;23;A01
201700024081;2;7;0;14;0;1;2;C01
201700024082;2;7;0;0;2;1;15;A01
201700024082;2;7;0;0;2;3;1;B01
201700024083;1;31;0;0;2;1;17;A01
201700024083;1;7;0;0;2;3;10;B01
201700024084;2;10;0;0;2;4;1;B01
201700024084;2;7;0;0;2;1;1;A01
201700024085;1;2;0;0;2;7;1;B01
201700024085;2;7;0;0;9;1;16;A01
201700024086;1;10;0;0;2;1;16;B01
201700024086;2;7;0;0;2;9;1;A01
201700024087;2;1;0;0;2;1;1;A01
201700024087;1;7;0;0;9;1;1;B01
201700024088;2;1;0;0;2;1;1;B01
201700024088;2;7;0;0;9;1;9;A01
201700024089;2;1;0;0;0;0;0;B01
201700024089;2;7;0;0;0;1;1;A01
201700024090;1;7;0;0;2;1;1;B01
201700024090;1;2;0;0;2;8;15;A01
201700024091;2;15;0;0;2;3;1;B01
201700024091;2;7;0;0;2;1;13;A01
201700024091;1;7;0;0;2;1;1;C01
201700024092;1;7;0;0;1;1;1;A01
201700024093;0;7;0;0;1;1;1;A01
201700024094;2;7;0;0;2;8;15;B01
201700024094;2;31;0;0;2;1;17;A01
201700024095;1;10;0;0;2;0;0;A01
201700024095;2;7;0;0;0;0;0;B01
201700024096;1;33;0;3;0;7;14;A01
201700024097;2;7;0;0;1;2;1;A01
201700024098;1;7;0;0;2;4;2;B01
201700024098;1;7;0;0;2;1;2;A01
201700024099;2;7;0;6;0;3;19;A01
201700024100;2;7;0;0;1;1;1;A01
201700024101;1;7;0;0;2;8;22;A01
201700024101;1;7;0;1;2;7;2;B01
201700024102;1;35;0;2;0;1;10;A01
201700024103;0;32;0;0;2;1;13;A01
201700024103;0;7;0;0;2;3;1;B01
201700024104;0;30;0;0;2;1;1;A01
201700024104;0;7;0;0;2;4;1;B01
201700024105;0;34;0;0;2;3;1;B01
201700024105;0;7;0;0;2;8;15;A01
201700024106;1;33;0;0;1;1;0;A01
201700024107;0;7;0;0;2;3;9;A01
201700024107;0;7;0;0;2;2;1;B01
201700024108;0;7;0;0;1;1;9;A01
201700024109;1;7;0;0;2;3;1;B01
201700024109;1;7;0;8;2;1;1;A01
201700024110;1;2;0;0;2;7;1;A01
201700024110;1;7;0;0;2;1;15;B01
201700024111;0;10;0;0;2;3;1;B01
201700024111;0;2;0;0;2;1;9;A01
201700024112;0;7;0;0;0;4;1;B01
201700024112;1;7;0;0;2;1;1;A01
201700024113;2;7;0;0;1;2;1;A01
201700024114;1;7;0;0;2;2;1;A01
201700024114;1;7;0;0;2;4;16;B01
201700024115;1;7;0;0;1;3;0;A01
201700024116;0;7;0;0;1;3;1;A01
201700024117;0;7;0;0;1;3;1;A01
201700024118;0;7;0;0;2;4;2;C01
201700024118;0;7;0;0;2;4;2;B01
201700024118;0;7;0;0;2;1;2;A01
201700024118;0;7;0;0;0;4;2;D01
201700024119;0;7;0;12;0;3;0;A01
201700024120;0;7;0;0;2;2;15;A01
201700024120;0;1;0;0;0;0;0;B01
201700024121;0;7;0;0;2;1;0;A01
201700024121;0;7;0;0;0;0;0;B01
201700024122;0;33;0;0;2;1;1;A01
201700024122;1;7;0;0;2;5;1;B01
201700024123;1;10;0;0;1;2;15;A01
201700024124;0;7;0;0;0;0;0;A01
201700024124;0;30;0;0;0;0;0;B01
201700024125;0;13;0;0;2;1;1;B01
201700024125;0;7;0;0;2;1;5;A01
201700024126;1;7;0;0;2;3;9;A01
201700024126;1;7;0;0;0;4;1;C01
201700024126;1;7;0;0;2;6;1;B01
201700024127;2;7;0;0;1;8;13;A01
201700024128;0;31;0;0;2;1;1;A01
201700024128;0;7;0;0;2;6;1;B01
201700024129;1;7;0;0;2;1;1;B01
201700024129;2;7;0;0;2;7;15;A01
201700024130;0;7;0;0;2;1;1;A01
201700024130;0;1;0;0;2;8;1;B01
201700024131;0;7;0;0;2;1;1;A01
201700024131;0;7;0;0;2;0;0;B01
201700024132;2;1;0;0;2;4;1;B01
201700024132;2;7;0;0;2;1;1;A01
201700024133;0;7;0;0;0;0;0;B01
201700024133;0;7;0;0;2;0;15;A01
201700024134;1;7;0;0;1;3;0;A01
201700024135;0;7;0;0;9;8;0;B01
201700024135;0;1;0;0;2;8;0;A01
201700024136;1;7;0;0;2;3;1;A01
201700024136;2;33;0;0;2;1;1;B01
201700024137;0;10;0;1;0;3;13;A01
201700024138;1;31;0;0;2;1;1;B01
201700024138;2;7;0;0;2;2;15;A01
201700024139;1;2;0;0;2;1;0;B01
201700024139;1;7;0;0;2;8;0;A01
201700024140;1;7;0;0;2;9;1;B01
201700024140;1;7;0;0;2;1;1;A01
201700024141;2;7;0;0;0;1;13;A01
201700024142;1;7;0;0;0;1;19;A01
201700024143;2;7;0;0;1;1;1;A01
201700024144;0;7;0;0;2;4;2;B01
201700024144;0;7;0;0;2;1;2;A01
201700024145;0;7;0;0;2;1;1;B01
201700024145;0;7;0;0;2;1;15;A01
201700024146;2;7;0;0;1;2;1;A01
201700024147;1;7;0;1;0;1;13;A01
201700024148;0;7;0;0;2;1;11;A01
201700024148;0;7;0;0;2;3;1;B01
201700024148;0;7;0;0;2;2;1;C01
201700024149;0;7;0;0;0;0;0;A01
201700024150;1;7;0;0;2;7;14;A01
201700024150;1;7;0;0;2;1;1;B01
201700024151;1;30;0;0;1;1;1;A01
201700024152;0;33;0;0;2;1;1;A01
201700024152;0;7;0;0;2;4;1;B01
201700024153;2;7;0;0;2;3;1;B01
201700024154;0;7;0;12;2;0;13;A01
201700024154;0;7;0;0;2;0;1;B01
201700024155;0;7;0;0;1;2;1;A01
201700024156;0;7;0;2;0;1;14;A01
201700024157;1;7;0;0;2;8;0;B01
201700024157;1;7;0;0;2;3;0;A01
201700024158;0;7;0;0;2;1;1;B01
201700024158;0;7;0;0;2;1;17;A01
201700024159;0;32;0;0;2;0;0;B01
201700024159;0;7;0;0;2;2;11;A01
201700024160;1;7;0;0;2;3;0;B01
201700024160;1;7;0;0;2;2;0;A01
201700024161;1;7;0;13;0;3;0;A01
201700024162;1;7;0;0;0;0;0;A01
201700024163;1;30;0;0;2;3;0;B01
201700024163;1;7;0;0;2;3;0;A01
201700024164;1;7;0;0;1;2;0;A01
201700024165;0;7;0;0;2;1;11;A01
201700024165;0;2;0;0;2;1;2;B01
201700024166;1;7;0;0;1;1;1;A01
201700024167;2;7;0;13;2;8;17;A01
201700024167;1;33;0;0;2;7;0;B01
201700024168;1;33;0;0;1;0;14;A01
201700024169;0;1;0;0;2;1;1;A01
201700024169;0;7;0;0;2;6;0;B01
201700024170;0;2;0;0;2;7;17;A01
201700024170;0;7;0;0;2;1;19;B01
201700024171;0;33;0;0;2;1;13;A01
201700024171;0;7;0;0;2;1;1;B01
201700024172;2;7;0;0;2;0;1;B01
201700024172;1;7;0;0;2;1;1;A01
201700024173;0;31;0;6;0;1;1;A01
201700024174;0;7;0;0;1;3;1;A01
201700024175;0;7;0;0;2;1;9;A01
201700024175;0;7;0;0;2;1;1;B01
201700024176;1;7;0;0;1;0;9;A01
201700024177;1;30;0;0;2;1;9;A01
201700024177;1;7;0;0;2;2;0;B01
201700024178;0;7;0;0;2;4;9;A01
201700024178;0;33;0;0;2;4;9;B01
201700024179;0;7;0;0;2;0;15;A01
201700024179;0;7;0;0;2;1;1;B01
201700024180;2;7;0;0;1;2;19;A01
201700024181;2;7;0;0;2;1;0;C01
201700024181;1;7;0;0;2;3;13;A01
201700024181;2;7;0;0;2;8;0;B01
201700024182;1;7;0;0;2;3;1;B01
201700024182;1;31;0;0;2;2;12;A01
201700024183;1;7;0;0;2;2;21;B01
201700024183;2;7;0;0;2;7;15;A01
201700024184;1;7;0;0;1;0;0;A01
201700024185;0;33;0;6;2;3;1;A01
201700024185;0;7;0;0;2;1;1;B01
201700024186;0;31;0;0;0;0;1;A01
201700024187;0;10;0;0;2;1;1;A01
201700024187;0;10;0;0;2;7;1;B01
201700024188;0;37;0;0;1;2;1;A01
201700024189;1;7;0;0;2;2;1;B01
201700024189;1;7;0;0;2;3;1;A01
201700024190;0;7;0;0;2;3;1;B01
201700024190;0;30;0;0;2;1;15;A01
201700024191;0;7;0;0;2;8;1;A01
201700024191;0;2;0;0;2;1;1;B01
201700024192;1;7;0;0;2;5;23;B01
201700024192;1;33;0;0;2;1;14;A01
201700024193;0;31;0;0;0;1;1;A01
201700024194;2;7;0;0;2;1;2;A01
201700024194;2;10;0;0;2;4;2;B01
201700024195;2;7;0;0;2;5;1;A01
201700024195;2;7;0;0;2;3;1;B01
201700024196;1;7;0;0;2;7;15;A01
201700024196;2;7;0;0;2;1;1;B01
201700024197;1;7;0;0;1;1;19;A01
201700024198;0;37;0;0;0;0;21;A01
201700024199;1;7;0;0;2;2;10;A01
201700024199;2;33;0;0;2;1;21;B01
201700024200;0;7;0;0;2;3;1;A01
201700024200;0;33;0;0;2;4;1;B01
201700024201;0;7;0;0;1;1;1;A01
201700024202;1;7;0;6;2;8;1;B01
201700024202;1;10;0;0;2;1;1;A01
201700024203;0;7;0;6;0;1;1;A01
201700024204;0;7;0;0;0;9;17;A01
201700024205;1;33;0;14;0;1;14;A01
201700024206;1;7;0;14;0;1;13;A01
201700024207;1;7;0;13;9;1;15;A01
201700024208;2;1;0;0;2;8;1;B01
201700024208;1;10;0;0;9;2;19;A01
201700024209;0;7;0;0;2;3;15;A01
201700024209;0;1;0;0;2;8;1;B01
201700024210;1;7;0;0;2;8;15;B01
201700024210;2;31;0;0;2;1;5;A01
201700024211;0;10;0;0;2;8;1;B01
201700024211;0;33;0;0;2;1;13;A01
201700024212;0;2;0;11;0;1;13;A01
201700024213;1;33;0;2;0;1;1;A01
201700024214;0;7;0;0;1;1;1;A01
201700024215;1;7;0;0;2;1;1;C01
201700024215;2;7;0;0;2;1;1;B01
201700024215;1;7;0;8;2;6;9;A01
201700024216;0;7;0;0;0;1;1;C01
201700024216;0;10;0;0;0;1;1;B01
201700024216;0;7;0;0;2;0;0;A01
201700024217;1;37;0;0;1;7;1;A01
201700024218;1;7;0;0;2;1;0;A01
201700024218;2;33;0;0;2;7;0;B01
201700024219;0;7;0;0;2;6;1;B01
201700024219;0;7;0;0;2;3;13;A01
201700024220;1;7;0;0;2;4;1;C01
201700024220;1;7;0;0;2;1;1;A01
201700024220;1;7;0;0;2;0;1;B01
201700024221;1;33;0;12;2;0;2;B01
201700024221;2;7;0;0;0;0;15;A01
201700024222;2;7;0;0;2;1;1;A01
201700024222;1;30;0;0;2;1;1;B01
201700024223;0;7;0;0;1;1;1;A01
201700024224;0;7;0;0;1;2;1;A01
201700024225;2;7;0;0;2;2;1;B01
201700024225;1;7;0;0;2;3;1;A01
201700024226;2;7;0;13;0;1;1;A01
201700024227;0;7;0;0;1;4;4;A01
201700024228;1;31;0;0;2;3;1;B01
201700024228;1;7;0;0;2;2;1;A01
201700024229;1;7;0;0;2;5;4;B01
201700024229;2;31;0;0;2;1;1;A01
201700024230;1;7;0;0;2;1;1;A01
201700024230;1;10;0;6;2;1;1;B01
201700024231;0;7;0;8;0;2;13;A01
201700024232;1;31;0;0;0;0;21;A01
201700024232;1;7;0;0;0;0;0;B01
201700024233;2;7;0;0;2;6;1;B01
201700024233;2;7;0;0;2;2;13;A01
201700024233;2;7;0;0;2;4;1;C01
201700024234;0;1;0;0;2;1;1;B01
201700024234;0;7;0;0;2;3;1;A01
201700024235;0;14;0;0;2;3;1;B01
201700024235;0;7;0;13;2;3;13;A01
201700024236;0;7;0;0;2;3;15;B01
201700024236;0;7;0;0;2;0;17;A01
201700024237;0;7;0;15;0;1;16;A01
201700024238;2;7;0;0;1;2;1;A01
201700024239;1;37;0;0;2;3;19;B01
201700024239;1;7;0;0;2;2;19;A01
201700024240;1;7;0;0;2;7;15;A01
201700024240;2;34;0;0;2;1;18;B01
201700024241;1;7;0;0;2;3;21;A01
201700024241;2;7;0;1;2;3;21;B01
201700024242;1;7;0;0;2;6;1;B01
201700024242;2;7;0;0;2;1;14;A01
201700024243;1;7;0;0;1;2;1;A01
201700024244;0;7;0;0;2;2;1;A01
201700024244;0;7;0;0;2;3;1;B01
201700024245;0;7;0;0;2;2;1;B01
201700024245;0;7;0;0;2;3;1;A01
201700024246;1;7;0;0;1;7;1;A01
201700024247;1;7;0;0;2;3;2;D01
201700024247;1;7;0;0;2;4;2;B01
201700024247;1;7;0;0;2;1;2;A01
201700024247;1;7;0;0;2;4;2;C01
201700024247;1;7;0;0;2;4;2;E01
201700024248;0;10;0;0;1;3;1;A01
201700024249;0;7;0;16;0;8;17;A01
201700024250;1;7;0;0;2;4;1;C01
201700024250;1;33;0;0;2;4;1;B01
201700024250;1;33;0;0;2;1;2;A01
201700024251;2;7;0;0;2;2;1;B01
201700024251;2;7;0;0;2;3;15;A01
201700024252;1;7;0;6;2;1;1;A01
201700024252;2;7;0;0;2;2;19;B01
201700024253;2;7;0;0;2;1;1;B01
201700024253;2;7;0;0;2;8;1;C01
201700024253;1;7;0;0;2;1;13;A01
201700024254;1;7;0;16;0;1;1;A01
201700024255;2;7;0;2;0;7;14;A01
201700024256;2;7;0;0;2;2;1;B01
201700024256;2;7;0;0;2;2;19;A01
201700024257;1;10;0;0;2;7;13;A01
201700024257;2;7;0;0;2;1;1;B01
201700024258;0;2;0;0;2;1;17;A01
201700024258;0;7;0;0;9;3;15;B01
201700024259;1;7;0;2;0;1;1;A01
201700024260;2;7;0;8;0;3;13;A01
201700024261;1;7;0;0;2;1;21;B01
201700024261;0;7;0;0;2;3;15;A01
201700024262;0;7;0;13;0;2;1;A01
201700024263;0;7;0;0;1;7;1;A01
201700024264;2;7;0;0;2;3;1;B01
201700024264;1;7;0;0;2;3;13;A01
201700024265;1;7;0;13;0;0;1;A01
201700024266;0;33;0;0;2;4;2;A01
201700024266;0;7;0;0;2;4;15;B01
201700024267;2;33;0;13;0;1;21;A01
201700024268;2;7;0;0;2;3;1;A01
201700024268;1;7;0;0;2;1;13;B01
201700024269;1;33;0;4;0;1;1;A01
201700024270;0;36;0;16;0;0;1;A01
201700024271;2;7;0;0;2;1;17;A01
201700024271;2;7;0;0;0;8;15;B01
201700024272;2;7;0;2;0;2;2;A01
201700024273;1;31;0;0;2;1;5;A01
201700024273;2;7;0;0;2;1;1;B01
201700024274;1;7;0;0;2;1;1;A01
201700024274;2;7;0;0;2;1;1;B01
201700024275;1;7;0;2;0;2;13;A01
201700024276;0;7;0;0;2;1;13;A01
201700024276;0;7;0;0;2;1;1;B01
201700024277;2;7;0;16;0;9;14;A01
201700024278;1;7;0;0;2;1;17;B01
201700024278;2;7;0;0;2;1;13;A01
201700024279;2;7;0;15;0;1;1;A01
201700024280;1;7;0;2;0;2;0;A01
201700024281;2;33;0;0;0;8;0;A01
201700024282;1;7;0;9;0;1;1;A01
201700024283;1;7;0;0;0;3;13;A01
201700024283;2;7;0;0;0;1;1;B01
201700024284;0;7;0;0;0;1;1;A01
201700024284;0;7;0;0;0;1;1;B01
201700024285;1;1;0;0;2;1;1;A01
201700024285;2;10;0;0;2;3;1;B01
201700024286;0;13;0;0;0;0;1;A01
201700024287;2;7;0;0;0;1;1;A01
201700024288;1;7;0;0;2;1;13;B01
201700024288;2;7;0;0;2;1;11;A01
201700024289;2;33;0;0;2;3;1;A01
201700024289;1;1;0;0;2;3;1;B01
201700024289;1;1;0;0;2;3;1;C01
201700024290;2;33;0;0;2;3;1;A01
201700024290;1;7;0;;;;;B01
201700024291;1;33;0;0;0;1;0;A01
201700024292;2;7;0;2;0;1;2;A01
201700024293;2;7;0;7;0;1;0;A01
201700024294;2;1;0;0;2;1;1;B01
201700024294;0;7;0;0;2;7;19;A01
201700024295;1;7;0;0;2;1;13;A01
201700024295;2;7;0;0;2;1;1;B01
201700024295;2;17;0;0;2;2;1;C01
201700024296;1;7;0;13;0;0;1;A01
201700024297;1;7;0;0;2;1;5;A01
201700024297;2;15;0;4;2;3;1;B01
201700024298;2;10;0;0;1;1;1;A01
201700024299;2;7;0;0;0;1;1;A01
201700024300;1;7;0;1;1;2;2;C01
201700024301;1;7;0;4;0;1;0;A01
201700024302;1;7;0;4;2;1;2;A01
201700024302;1;17;0;0;0;4;2;B01
201700024303;1;7;0;0;2;1;2;A01
201700024303;1;7;0;4;0;4;0;B01
201700024304;1;7;0;0;2;1;2;A01
201700024304;1;7;0;0;2;4;2;B01
201700024304;1;7;0;0;2;4;2;C01
201700024305;1;15;0;3;0;3;1;A01
201700024306;1;7;0;0;1;3;0;A01
201700024307;1;7;0;0;2;5;12;A01
201700024307;1;7;0;0;2;3;2;B01
201700024308;2;21;0;0;2;1;9;A01
201700024308;2;38;39;0;2;7;1;B01
201700024309;2;7;0;0;2;1;0;A01
201700024309;2;7;0;0;0;4;1;B01
201700024309;2;7;0;0;2;1;17;C01
201700024309;2;15;0;0;0;6;1;D01
201700024310;1;17;0;0;2;3;13;A01
201700024310;1;7;0;4;2;9;17;B01
201700024310;1;7;0;0;2;3;3;C01
201700024311;1;7;0;0;2;2;14;A01
201700024311;1;7;0;0;0;4;1;B01
201700024312;1;7;0;0;2;3;13;A01
201700024312;2;13;0;0;2;3;1;B01
201700024313;1;7;0;2;0;6;1;A01
201700024314;1;33;0;0;2;1;1;A01
201700024314;0;7;0;0;2;2;19;B01
201700024315;2;7;0;0;0;1;0;A01
201700024315;2;7;0;0;0;4;1;B01
201700024316;0;30;0;0;1;1;0;A01
201700024317;2;33;0;0;2;1;21;B01
201700024317;0;21;0;0;2;8;19;A01
201700024318;0;7;0;0;1;3;1;A01
201700024319;1;7;0;0;1;1;1;A01
201700024320;1;7;0;0;9;1;9;A01
201700024320;1;1;0;0;2;7;1;B01
201700024321;1;7;0;0;2;1;13;A01
201700024321;2;37;1;0;2;1;1;B01
201700024322;1;7;0;0;0;0;14;A01
201700024323;0;7;0;0;2;1;5;A01
201700024323;0;7;0;0;2;1;1;B01
201700024324;1;1;0;0;2;0;0;B01
201700024324;2;14;0;0;0;0;1;A01
201700024325;0;33;0;0;0;1;1;B01
201700024325;0;7;0;0;0;4;23;A01
201700024326;2;2;0;0;2;1;1;A01
201700024326;1;7;0;0;0;3;1;B01
201700024327;1;7;0;0;0;2;13;A01
201700024327;1;1;0;0;0;4;1;B01
201700024328;2;2;0;0;2;7;15;B01
201700024328;1;7;0;0;2;1;1;A01
201700024329;2;7;0;9;0;1;1;A01
201700024330;2;31;0;0;2;1;1;B01
201700024330;2;33;0;0;2;8;19;A01
201700024331;1;33;0;0;0;4;1;B01
201700024331;1;7;0;0;2;3;9;A01
201700024332;2;7;0;0;1;1;1;A01
201700024333;1;7;0;15;0;2;1;A01
201700024334;1;7;0;0;2;2;17;A01
201700024334;1;1;0;0;2;6;1;B01
201700024335;0;7;0;0;1;3;24;A01
201700024336;0;2;0;0;2;3;19;A01
201700024336;1;7;0;0;2;2;1;B01
201700024337;1;7;0;0;1;3;1;A01
201700024338;1;2;0;0;2;6;15;B01
201700024338;1;7;0;0;2;1;17;A01
201700024339;2;7;0;0;2;3;1;B01
201700024339;1;7;0;0;2;3;11;A01
201700024340;0;21;0;0;2;7;2;A01
201700024340;0;37;7;0;0;4;2;B01
201700024341;2;10;0;0;2;2;17;A01
201700024341;2;7;0;0;2;3;15;B01
201700024342;0;7;0;2;0;7;1;A01
201700024343;0;1;0;0;2;0;0;B01
201700024343;0;7;0;0;2;2;1;A01
201700024344;1;7;0;13;0;1;17;A01
201700024345;0;7;0;0;2;8;1;B01
201700024345;0;7;0;0;2;3;13;A01
201700024346;1;7;0;2;0;5;1;A01
201700024347;2;7;0;0;2;2;1;B01
201700024347;2;7;0;0;2;6;13;A01
201700024348;2;7;0;13;0;2;1;A01
201700024349;2;7;0;0;2;5;15;A01
201700024349;2;7;0;0;2;1;1;B01
201700024349;1;7;0;0;2;1;1;C01
201700024350;1;7;0;0;2;1;1;A01
201700024350;2;7;0;0;2;3;1;B01
201700024351;2;7;0;0;2;3;13;A01
201700024351;1;7;0;0;2;3;1;B01
201700024352;1;7;0;0;2;1;13;A01
201700024352;2;7;0;0;2;3;21;B01
201700024353;1;32;0;0;2;7;1;A01
201700024353;0;7;0;0;2;1;1;B01
201700024354;2;7;0;0;2;1;1;A01
201700024354;1;7;0;0;0;3;0;B01
201700024355;2;7;0;6;2;8;15;A01
201700024355;2;7;0;0;2;3;1;B01
201700024356;1;7;0;0;2;1;1;B01
201700024356;0;7;0;0;2;3;15;A01
201700024357;0;7;0;2;2;4;20;A01
201700024357;0;7;0;0;2;6;24;B01
201700024358;0;2;0;0;2;8;15;A01
201700024358;0;2;0;0;2;1;18;B01
201700024359;0;7;0;11;0;3;15;A01
201700024360;0;7;0;0;2;3;13;A01
201700024360;0;31;0;0;0;5;21;B01
201700024361;1;33;0;0;2;8;18;A01
201700024361;1;7;0;0;0;8;1;B01
201700024362;0;7;0;0;2;3;9;A01
201700024362;0;33;0;0;2;1;1;B01
201700024363;0;7;0;1;0;1;21;A01
201700024363;0;10;0;0;0;0;15;C01
201700024364;1;33;0;0;2;1;0;A01
201700024364;1;17;0;0;0;8;0;B01
201700024365;0;7;0;0;0;8;1;B01
201700024365;0;2;0;0;2;1;19;A01
201700024366;1;7;0;0;2;2;1;A01
201700024366;2;7;0;0;2;3;1;B01
201700024367;2;7;0;0;2;7;1;B01
201700024367;2;2;0;0;2;8;15;A01
201700024368;0;1;0;1;0;1;13;A01
201700024368;0;7;0;0;9;3;24;B01
201700024369;;1;0;1;0;1;1;A01
201700024369;0;7;0;0;0;1;24;B01
201700024370;0;7;0;0;0;0;14;A01
201700024371;0;7;0;4;0;1;0;A01
201700024372;1;7;0;16;0;9;1;A01
201700024373;0;33;0;0;2;1;1;B01
201700024373;0;7;0;0;2;6;19;A01
201700024374;0;2;0;0;2;1;13;A01
201700024374;0;7;0;0;2;1;1;B01
201700024375;1;7;0;0;2;3;13;A01
201700024375;2;7;0;0;2;3;1;C01
201700024375;1;33;0;0;2;1;1;D01
201700024376;1;7;0;0;1;1;17;A01
201700024377;1;99;0;0;9;3;1;A01
201700024377;1;2;0;0;2;3;13;B01
201700024378;1;33;0;12;0;1;1;A01
201700024379;1;7;0;0;2;1;13;A01
201700024379;2;7;0;5;2;1;1;B01
201700024380;1;7;0;2;0;7;1;A01
201700024381;0;7;0;9;0;3;1;A01
201700024382;1;7;0;0;0;9;1;A01
201700024383;1;33;0;0;2;0;1;B01
201700024383;2;7;0;0;2;8;15;A01
201700024384;1;7;0;0;2;1;13;A01
201700024384;2;7;0;0;2;1;1;B01
201700024385;1;7;0;3;2;1;21;B01
201700024385;2;33;0;0;2;1;1;C01
201700024385;2;7;0;0;0;0;15;A01
201700024386;2;10;0;3;0;2;14;A01
201700024387;1;7;0;0;2;3;1;B01
201700024387;2;31;0;0;2;3;13;A01
201700024388;1;7;0;3;0;4;1;A01
201700024388;1;10;0;0;2;1;1;B01
201700024389;2;7;0;0;2;7;0;A01
201700024389;1;7;0;0;2;1;1;B01
201700024390;1;7;0;0;2;1;19;A01
201700024390;1;7;0;1;2;1;1;B01
201700024391;2;33;0;0;2;1;13;A01
201700024391;1;7;0;0;0;8;24;B01
201700024392;0;33;0;0;0;8;0;A01
201700024392;2;7;0;0;0;1;15;B01
201700024393;1;15;0;0;2;1;1;B01
201700024393;2;7;0;0;2;1;13;A01
201700024394;2;7;0;2;0;1;1;A01
201700024395;2;33;0;0;1;3;1;A01
201700024396;0;7;0;2;0;1;14;A01
201700024397;2;7;0;0;2;1;1;B01
201700024397;1;3;0;0;2;7;6;A01
201700024398;1;7;0;0;0;5;1;A01
201700024398;1;2;0;0;2;1;2;B01
201700024399;2;7;0;0;1;2;17;A01
201700024400;1;7;0;0;2;2;17;B01
201700024400;1;7;0;0;2;3;10;A01
201700024401;2;7;0;0;1;7;17;A01
201700024402;1;33;0;0;2;1;14;B01
201700024402;1;7;0;0;0;5;13;A01
201700024403;1;7;0;0;0;1;1;A01
201700024404;2;14;0;0;2;8;15;A01
201700024404;2;2;0;0;2;1;17;B01
201700024405;2;1;0;0;2;7;1;B01
201700024405;0;10;0;0;9;1;15;A01
201700024406;1;2;0;0;2;1;1;B01
201700024406;2;7;0;0;2;7;15;A01
201700024407;0;7;0;0;2;3;15;A01
201700024407;1;1;0;0;2;7;1;B01
201700024408;1;32;0;0;2;1;1;B01
201700024408;1;33;0;0;2;4;14;A01
201700024409;1;7;0;6;0;1;16;A01
201700024410;2;7;0;7;0;3;16;A01
201700024411;0;3;0;8;0;1;1;A01
201700024412;2;37;1;0;1;2;1;A01
201700024413;1;7;0;0;9;3;1;A01
201700024414;1;33;0;0;2;1;1;A01
201700024414;2;1;0;0;2;1;13;B01
201700024415;2;1;0;0;2;1;13;B01
201700024415;1;33;0;2;2;1;13;A01
201700024416;1;33;0;0;2;1;17;A01
201700024416;2;1;0;0;2;1;1;B01
201700024417;2;7;0;0;2;3;10;A01
201700024417;2;1;0;0;2;1;1;B01
201700024418;1;7;0;0;2;7;15;A01
201700024418;2;7;0;7;2;1;1;B01
201700024419;2;36;0;2;0;2;14;A01
201700024420;1;7;0;2;0;1;1;A01
201700024421;0;36;0;2;0;1;1;A01
201700024422;2;7;0;2;0;3;1;A01
201700024423;0;7;0;3;0;2;2;A01
201700024424;0;30;0;0;2;1;1;A01
201700024424;0;30;0;0;2;1;1;B01
201700024425;1;21;0;0;2;0;2;B01
201700024425;1;33;0;0;0;7;17;A01
201700024426;0;7;0;0;2;2;10;A01
201700024426;1;2;0;0;2;1;1;B01
201700024427;2;31;0;0;2;4;15;B01
201700024427;2;7;0;0;2;1;1;A01
201700024428;2;7;0;2;0;3;0;A01
201700024429;0;7;0;0;2;1;15;A01
201700024429;0;7;0;0;2;1;1;B01
201700024430;1;7;0;0;2;2;1;A01
201700024430;1;1;0;0;2;4;1;B01
201700024431;1;7;0;3;2;1;1;A01
201700024431;1;7;0;0;2;1;6;B01
201700024432;2;7;0;0;2;3;1;B01
201700024432;1;7;0;0;2;3;1;A01
201700024433;1;7;0;0;2;8;15;A01
201700024433;1;7;0;0;2;2;1;B01
201700024434;0;7;0;6;0;1;16;A01
201700024435;0;7;0;0;2;3;0;A01
201700024435;0;7;0;0;2;2;13;B01
201700024436;2;7;0;2;0;2;14;A01
201700024437;1;7;0;0;1;3;15;A01
201700024438;1;7;0;0;2;2;2;A01
201700024438;1;30;0;0;2;4;2;B01
201700024439;1;2;0;0;0;1;16;A01
201700024440;1;7;0;12;0;3;1;A01
201700024441;2;10;0;2;0;2;1;A01
201700024442;1;2;0;14;0;1;2;A01
201700024442;1;7;0;0;0;6;2;B01
201700024443;2;33;0;0;0;0;1;A01
201700024444;1;7;0;2;0;3;0;A01
201700024445;1;7;0;2;0;1;20;A01
201700024446;1;7;0;2;0;1;13;A01
201700024447;1;7;0;0;1;1;1;A01
201700024448;1;7;0;0;0;3;0;A01
201700024449;1;7;0;0;2;1;1;A01
201700024449;1;7;0;0;2;4;23;B01
201700024450;1;2;0;0;0;0;0;B01
201700024450;1;7;0;0;2;0;0;A01