num_acc;senc;catv;occutc;obs;obsm;choc;manv;num_veh
201700024451;2;31;0;3;0;1;13;A01
201700024452;2;31;0;1;2;1;18;A01
201700024452;2;7;0;0;2;5;15;B01
201700024453;2;31;0;14;0;1;1;A01
201700024454;2;7;0;0;2;3;15;A01
201700024454;1;33;0;0;2;1;0;B01
201700024455;1;7;0;0;2;2;1;B01
201700024455;2;7;0;0;2;3;19;A01
201700024456;1;2;0;16;0;8;1;A01
201700024457;1;7;0;0;2;7;13;A01
201700024457;2;7;0;0;2;1;1;B01
201700024458;2;31;0;0;2;1;2;A01
201700024458;2;7;0;0;2;4;16;B01
201700024459;1;7;0;0;2;1;9;A01
201700024459;0;1;0;0;2;7;9;B01
201700024460;2;7;0;13;0;3;13;A01
201700024461;1;7;0;0;2;4;23;A01
201700024461;1;7;0;0;2;1;23;B01
201700024462;1;7;0;0;2;5;1;A01
201700024462;2;31;0;0;2;1;1;B01
201700024463;1;7;0;0;1;3;0;A01
201700024464;1;7;0;0;2;3;5;A01
201700024464;1;7;0;0;2;3;2;B01
201700024465;2;7;0;0;1;4;2;A01
201700024465;2;7;0;0;2;1;2;B01
201700024466;1;7;0;0;1;6;4;A01
201700024467;1;7;0;0;2;1;1;A01
201700024467;2;7;0;0;2;1;1;B01
201700024468;2;7;0;13;0;1;14;A01
201700024469;1;7;0;0;1;1;2;A01
201700024469;1;7;0;0;1;8;2;B01
201700024470;2;7;0;0;2;1;2;A01
201700024470;2;7;0;0;2;4;2;B01
201700024471;0;7;0;2;0;1;14;A01
201700024472;0;7;0;0;1;2;15;A01
201700024473;0;7;0;2;0;1;14;A01
201700024474;0;7;0;0;0;6;10;A01
201700024474;0;33;0;0;2;1;17;B01
201700024475;0;7;0;2;0;2;0;A01
201700024476;0;33;0;6;0;1;1;A01
201700024477;1;7;0;0;2;3;5;A01
201700024477;2;7;0;0;2;3;1;B01
201700024478;1;7;0;0;0;6;16;A01
201700024478;1;99;0;0;2;2;1;B01
201700024479;1;7;0;0;2;3;1;A01
201700024479;2;7;0;0;2;3;17;B01
201700024480;2;7;0;0;0;8;1;A01
201700024480;1;33;0;0;0;8;1;B01
201700024481;1;33;0;0;0;0;1;A01
201700024482;0;1;0;0;2;8;19;B01
201700024482;0;7;0;0;9;2;1;A01
201700024483;0;7;0;0;1;0;1;A01
201700024484;0;1;0;0;2;8;19;B01
201700024484;0;7;0;0;9;1;15;A01
201700024485;0;7;0;0;2;1;19;B01
201700024485;0;32;0;0;2;2;1;A01
201700024486;2;7;0;0;0;4;15;A01
201700024486;1;7;0;0;0;1;1;B01
201700024487;2;7;0;0;2;1;9;A01
201700024487;1;7;0;0;2;5;1;B01
201700024488;2;7;0;2;0;8;13;A01
201700024489;2;7;0;0;2;1;1;B01
201700024489;1;7;0;0;2;1;13;A01
201700024490;2;7;0;0;2;1;1;B01
201700024490;1;7;0;0;2;2;1;A01
201700024491;1;1;0;1;0;1;1;A01
201700024491;1;14;0;0;0;4;24;B01
201700024492;1;7;0;0;2;1;1;B01
201700024492;1;7;0;0;2;8;1;A01
201700024493;1;10;0;0;2;1;13;A01
201700024493;2;10;0;0;2;1;1;B01
201700024494;0;33;0;2;0;1;1;A01
201700024495;2;7;0;0;2;5;15;A01
201700024495;1;30;0;0;2;1;1;B01
201700024495;1;7;0;0;9;3;1;C01
201700024496;2;10;0;0;2;1;17;A01
201700024496;2;7;0;0;2;8;1;C01
201700024496;1;33;0;0;2;1;1;B01
201700024497;2;7;0;13;0;1;1;A01
201700024498;2;7;0;0;0;0;0;A01
201700024499;1;7;0;0;2;1;2;A01
201700024499;1;7;0;0;2;4;2;B01
201700024499;1;33;0;0;2;1;2;C01
201700024500;2;7;0;0;2;1;10;A01
201700024500;1;31;0;0;2;8;1;B01
201700024501;1;7;0;0;2;1;1;A01
201700024501;1;7;0;0;2;4;2;B01
201700024501;1;7;0;0;0;4;2;C01
201700024502;1;31;0;0;2;1;1;B01
201700024502;2;7;0;0;2;5;15;A01
201700024503;2;2;0;0;2;1;2;A01
201700024503;1;7;0;0;2;4;15;B01
201700024504;1;2;0;0;2;3;18;A01
201700024504;1;7;0;0;2;2;1;B01
201700024505;1;7;0;0;1;1;1;A01
201700024506;1;7;0;0;1;4;4;A01
201700024507;1;7;0;0;2;2;9;A01
201700024507;2;31;0;0;2;8;7;B01
201700024508;0;7;0;0;4;6;9;A01
201700024508;2;39;100;0;2;1;1;B01
201700024509;1;37;20;0;1;1;16;A01
201700024510;1;7;0;0;1;2;1;A01
201700024511;0;7;0;0;1;2;17;A01
201700024512;0;7;0;0;2;3;15;A01
201700024512;2;10;0;0;2;2;1;B01
201700024513;2;1;0;0;2;1;1;B01
201700024513;1;7;0;0;2;1;1;Z01
201700024514;1;7;0;0;2;3;9;A01
201700024514;1;1;0;0;2;7;1;B01
201700024515;0;7;0;0;2;3;17;A01
201700024515;0;7;0;0;2;1;1;B01
201700024515;0;7;0;0;2;8;1;C01
201700024516;0;7;0;0;2;3;15;A01
201700024516;0;31;0;0;2;1;17;B01
201700024517;0;7;0;0;2;1;1;A01
201700024517;0;7;0;0;2;7;13;B01
201700024518;1;31;0;0;2;1;17;A01
201700024518;1;7;0;0;2;8;15;B01
201700024519;2;1;0;0;2;1;1;B01
201700024519;1;7;0;0;2;1;15;A01
201700024520;1;7;0;0;2;1;7;A01
201700024520;2;7;0;0;2;1;15;B01
201700024520;1;7;0;0;2;7;1;C01
201700024521;0;7;0;0;2;1;0;A01
201700024521;0;7;0;0;2;8;1;B01
201700024522;1;7;0;0;1;1;1;A01
201700024523;2;7;0;0;2;1;1;A01
201700024523;2;7;0;0;2;4;1;B01
201700024523;2;7;0;0;2;9;1;C01
201700024524;1;7;0;15;0;1;1;A01
201700024525;2;7;0;0;2;1;1;A01
201700024525;1;1;0;0;2;7;15;B01
201700024526;0;7;0;0;2;2;1;A01
201700024526;0;2;0;0;2;1;1;B01
201700024527;1;15;0;0;2;8;1;A01
201700024527;1;7;0;0;2;9;1;B01
201700024527;1;10;0;0;2;4;1;C01
201700024527;1;7;0;0;2;4;1;D01
201700024528;0;7;0;0;1;1;1;A01
201700024529;0;3;0;0;2;1;16;A01
201700024529;0;1;0;0;2;1;19;B01
201700024530;0;10;0;0;2;4;2;A01
201700024530;1;7;0;0;2;1;2;B01
201700024531;1;7;0;0;2;2;16;A01
201700024531;0;37;20;0;2;3;1;B01
201700024532;0;10;0;0;1;4;4;A01
201700024533;2;7;0;0;1;1;1;A01
201700024534;1;33;0;0;2;1;1;A01
201700024534;1;7;0;0;2;4;1;B01
201700024535;1;2;0;16;0;7;1;A01
201700024536;0;7;0;0;2;5;10;A01
201700024536;0;33;0;0;2;1;1;B01
201700024537;1;7;0;0;2;1;13;A01
201700024537;2;7;0;0;2;1;1;B01
201700024538;1;7;0;0;2;7;15;A01
201700024538;2;1;0;0;2;0;1;B01
201700024539;1;7;0;0;2;3;1;A01
201700024539;1;31;0;0;2;2;1;B01
201700024540;0;7;0;0;2;3;19;A01
201700024540;0;2;0;0;2;1;1;B01
201700024541;2;31;0;0;2;8;1;B01
201700024541;1;10;0;0;2;2;0;A01
201700024542;1;7;0;0;0;4;2;C01
201700024542;1;10;0;0;2;1;2;A01
201700024542;1;7;0;0;2;4;2;B01
201700024543;0;1;0;0;2;0;0;A01
201700024543;1;10;0;0;2;0;0;Z01
201700024544;0;7;0;0;2;2;1;B01
201700024544;1;7;0;0;2;8;9;A01
201700024545;1;7;0;0;2;1;2;A01
201700024545;1;10;0;0;0;4;2;B01
201700024546;0;37;20;0;2;8;1;A01
201700024546;0;7;0;0;2;6;1;B01
201700024547;1;7;0;0;2;3;1;A01
201700024547;1;1;0;0;2;2;16;B01
201700024548;0;7;0;0;2;1;9;A01
201700024548;0;2;0;0;2;1;1;B01
201700024549;0;7;0;0;2;1;15;A01
201700024549;0;7;0;0;2;1;1;B01
201700024550;0;1;0;0;0;0;1;A01
201700024551;0;7;0;0;1;2;1;A01
201700024552;1;7;0;0;2;3;11;A01
201700024552;1;7;0;0;2;0;1;B01
201700024553;1;2;0;0;2;1;2;A01
201700024553;1;10;0;0;2;4;2;B01
201700024554;1;7;0;4;0;7;14;A01
201700024555;1;7;0;0;2;4;1;B01
201700024555;1;7;0;0;2;1;1;A01
201700024556;0;33;0;0;2;1;1;A01
201700024556;0;7;0;0;2;6;9;B01
201700024557;1;7;0;0;2;1;14;A01
201700024557;2;7;0;0;2;1;1;B01
201700024558;1;15;0;0;2;4;2;A01
201700024558;1;7;0;0;2;4;1;B01
201700024559;0;7;0;0;2;3;11;A01
201700024559;0;33;0;0;2;7;1;B01
201700024560;1;7;0;0;2;3;10;A01
201700024560;2;3;0;0;2;8;1;B01
201700024561;0;7;0;0;1;0;4;A01
201700024562;0;7;0;0;2;1;1;A01
201700024562;0;10;0;0;2;4;1;B01
201700024563;1;33;0;0;2;1;17;A01
201700024563;1;10;0;0;2;6;15;B01
201700024564;1;2;0;12;0;1;13;A01
201700024565;1;7;0;0;2;7;1;B01
201700024565;2;7;0;0;2;1;9;A01
201700024566;0;31;0;0;1;1;1;A01
201700024567;0;2;0;12;0;1;14;A01
201700024568;2;7;0;0;2;1;1;A01
201700024568;2;7;0;0;2;9;1;B01
201700024568;2;7;0;0;2;4;1;C01
201700024569;1;7;0;0;2;0;1;A01
201700024569;1;33;0;0;2;1;1;B01
201700024569;1;7;0;0;2;1;1;C01
201700024569;1;7;0;0;2;6;1;D01
201700024570;2;7;0;0;2;2;15;B01
201700024570;1;7;0;0;2;1;1;A01
201700024571;0;99;0;0;2;6;1;B01
201700024571;0;7;0;0;2;2;15;A01
201700024572;2;7;0;0;2;1;2;A01
201700024572;2;7;0;0;2;1;2;B01
201700024572;2;7;0;0;2;4;2;C01
201700024573;0;33;0;0;2;1;1;A01
201700024573;0;7;0;0;2;3;9;B01
201700024574;0;7;0;0;1;1;1;A01
201700024575;0;31;0;0;1;1;1;Z01
201700024576;1;7;0;0;2;4;2;A01
201700024576;1;7;0;0;2;4;1;B01
201700024576;1;7;0;0;0;0;0;C01
201700024577;2;10;0;0;2;1;5;A01
201700024577;2;7;0;0;2;1;1;B01
201700024578;1;7;0;3;0;1;13;A01
201700024579;1;33;0;0;2;1;3;A01
201700024579;1;7;0;0;2;6;2;B01
201700024580;1;37;20;0;1;1;1;A01
201700024581;1;7;0;0;1;1;1;A01
201700024582;1;10;0;0;2;3;9;A01
201700024582;0;33;0;0;2;2;1;B01
201700024583;0;31;0;0;2;1;0;A01
201700024583;0;7;0;0;2;4;0;B01
201700024584;2;7;0;0;2;4;1;A01
201700024584;2;7;0;0;2;1;2;Z01
201700024585;1;30;0;0;4;7;1;A01
201700024585;1;39;50;0;2;1;1;B01
201700024586;1;7;0;0;2;7;12;A01
201700024586;1;7;0;0;2;8;1;B01
201700024587;1;7;0;0;2;1;2;A01
201700024587;1;7;0;0;0;4;1;B01
201700024588;1;7;0;0;1;2;1;A01
201700024589;0;31;0;0;2;1;1;B01
201700024589;1;7;0;0;2;3;9;A01
201700024590;1;7;0;0;2;8;1;A01
201700024590;1;7;0;0;2;1;1;B01
201700024591;1;7;0;0;2;1;2;A01
201700024591;1;7;0;0;2;4;2;B01
201700024591;1;7;0;0;0;4;2;C01
201700024592;0;7;0;0;2;1;1;B01
201700024592;0;7;0;0;2;2;1;A01
201700024593;1;7;0;0;2;1;13;A01
201700024593;2;7;0;0;2;1;1;B01
201700024593;2;7;0;0;2;1;2;C01
201700024594;1;7;0;0;2;1;2;A01
201700024594;1;7;0;0;2;4;2;B01
201700024595;1;7;0;0;2;0;1;A01
201700024595;1;7;0;0;2;4;1;B01
201700024595;1;7;0;0;2;1;9;C01
201700024596;0;37;20;0;1;3;1;A01
201700024597;1;7;0;0;2;7;15;A01
201700024597;2;33;0;0;2;1;1;B01
201700024598;1;7;0;0;2;3;15;A01
201700024598;2;31;0;0;2;1;1;B01
201700024599;1;7;0;0;1;1;1;A01
201700024600;2;7;0;0;2;2;2;A01
201700024600;2;7;0;0;0;4;2;B01
201700024601;0;33;0;0;0;8;15;A01
201700024602;1;2;0;0;2;2;16;A01
201700024602;0;7;0;0;2;6;1;B01
201700024603;0;7;0;0;2;1;16;A01
201700024603;0;7;0;0;2;4;16;B01
201700024604;2;2;0;0;2;1;3;A01
201700024604;2;7;0;0;2;2;12;B01
201700024604;2;7;0;0;2;6;1;C01
201700024605;0;7;0;0;2;3;1;B01
201700024605;0;7;0;0;2;1;16;A01
201700024606;0;7;0;0;1;1;15;A01
201700024607;1;7;0;0;1;1;1;A01
201700024608;1;7;0;0;2;0;11;A01
201700024608;1;31;0;0;2;1;1;B01
201700024609;2;31;0;3;0;1;14;A01
201700024610;0;7;0;0;2;1;12;A01
201700024610;0;7;0;0;2;8;1;B01
201700024610;0;7;0;0;2;7;1;C01
201700024611;0;7;0;0;1;1;1;A01
201700024612;0;7;0;0;2;1;1;A01
201700024612;0;7;0;0;2;8;9;B01
201700024613;1;33;0;8;0;7;13;A01
201700024614;0;7;0;0;1;1;1;A01
201700024615;0;7;0;0;2;1;1;B01
201700024615;0;7;0;0;2;1;1;A01
201700024616;0;7;0;0;2;1;2;A01
201700024616;0;7;0;0;2;4;2;B01
201700024616;0;7;0;0;0;4;2;C01
201700024617;2;7;0;0;1;0;16;A01
201700024618;0;33;0;0;2;1;1;A01
201700024618;0;7;0;0;2;7;15;B01
201700024619;2;7;0;0;2;6;1;B01
201700024619;2;7;0;0;2;7;17;A01
201700024619;2;7;0;0;2;2;1;C01
201700024620;0;7;0;0;1;1;1;A01
201700024621;1;7;0;0;2;1;2;A01
201700024621;0;33;0;0;2;4;2;B01
201700024622;1;7;0;0;2;2;12;A01
201700024622;1;33;0;0;2;9;1;B01
201700024622;1;7;0;0;2;4;1;C01
201700024623;0;7;0;0;0;1;1;A01
201700024624;1;7;0;0;2;3;10;A01
201700024624;2;31;0;0;2;1;1;B01
201700024625;0;7;0;0;1;1;1;A01
201700024626;1;7;0;0;2;1;1;A01
201700024626;1;7;0;0;2;5;0;B01
201700024627;1;7;0;0;1;1;1;A01
201700024628;1;7;0;0;2;3;9;A01
201700024628;0;33;0;0;2;1;1;B01
201700024629;2;33;0;0;2;1;13;A01
201700024629;2;1;0;0;2;1;1;B01
201700024630;1;7;0;0;1;1;1;A01
201700024631;2;31;0;0;2;1;13;A01
201700024631;1;7;0;0;2;2;1;B01
201700024632;1;1;0;0;2;4;1;B01
201700024632;1;7;0;0;2;3;9;A01
201700024633;0;7;0;0;2;6;10;B01
201700024633;0;31;0;0;2;1;17;A01
201700024634;0;10;0;0;2;2;15;A01
201700024634;2;2;0;0;2;1;1;B01
201700024635;2;7;0;0;2;1;1;A01
201700024635;2;1;0;0;0;0;0;B01
201700024636;1;7;0;0;1;1;1;A01
201700024637;0;7;0;0;2;7;17;A01
201700024637;0;1;0;0;2;0;1;B01
201700024638;0;10;0;0;2;3;15;A01
201700024638;0;1;0;0;2;1;1;B01
201700024639;0;7;0;0;2;4;4;A01
201700024639;0;7;0;0;2;1;1;B01
201700024640;1;2;0;0;2;1;17;A01
201700024640;2;7;0;0;2;3;9;B01
201700024641;1;7;0;0;1;1;1;A01
201700024642;2;7;0;0;1;3;15;A01
201700024643;0;10;0;0;1;3;1;A01
201700024644;0;7;0;0;2;6;14;A01
201700024644;0;33;0;0;2;7;1;B01
201700024645;0;30;0;0;2;0;1;A01
201700024645;0;7;0;0;2;2;0;B01
201700024646;0;1;0;0;2;1;9;A01
201700024646;0;7;0;0;2;1;1;B01
201700024647;2;7;0;0;2;1;1;A01
201700024647;2;7;0;0;2;4;1;B01
201700024648;0;30;0;0;2;1;1;A01
201700024648;0;1;0;0;2;0;19;B01
201700024649;1;7;0;0;1;1;1;A01
201700024650;0;7;0;0;2;3;9;A01
201700024650;1;1;0;0;2;2;1;B01
201700024651;1;33;0;0;1;1;1;A01
201700024652;1;7;0;0;2;1;2;A01
201700024652;1;7;0;0;2;4;1;B01
201700024653;0;2;0;1;0;1;2;A01
201700024653;0;10;0;0;0;4;23;B01
201700024654;2;31;0;0;2;9;1;B01
201700024654;0;7;0;0;2;1;19;A01
201700024655;2;10;0;0;2;2;15;A01
201700024655;1;33;0;0;2;9;1;B01
201700024656;2;1;0;1;0;7;1;A01
201700024657;1;7;0;0;2;1;17;A01
201700024657;1;7;0;0;2;3;15;B01
201700024658;0;7;0;0;2;1;1;A01
201700024658;0;7;0;0;2;2;15;Z01
201700024659;1;7;0;0;2;1;5;A01
201700024659;2;7;0;0;2;1;1;B01
201700024660;1;7;0;0;1;1;1;A01
201700024661;1;2;0;0;2;1;0;A01
201700024661;0;7;0;0;2;1;1;B01
201700024662;2;7;0;0;2;6;10;A01
201700024662;2;7;0;0;2;1;1;B01
201700024663;1;7;0;0;2;1;2;A01
201700024663;1;10;0;0;2;4;2;B01
201700024664;2;33;0;0;2;1;1;B01
201700024664;1;7;0;0;2;3;15;A01
201700024665;1;7;0;0;2;7;1;A01
201700024665;1;7;0;0;2;3;9;B01
201700024666;1;7;0;0;2;1;1;A01
201700024666;2;7;0;0;2;1;15;B01
201700024667;0;7;0;0;2;7;12;A01
201700024667;0;33;0;0;2;8;1;B01
201700024668;1;7;0;14;0;1;1;A01
201700024669;1;7;0;0;2;1;2;A01
201700024669;1;7;0;0;2;4;1;B01
201700024670;1;7;0;0;0;4;1;C01
201700024670;1;7;0;0;2;1;11;A01
201700024670;1;7;0;0;2;1;2;B01
201700024671;1;1;0;0;2;2;1;B01
201700024671;1;7;0;0;2;3;9;A01
201700024672;1;1;0;0;2;1;1;A01
201700024672;0;7;0;0;2;3;16;B01
201700024673;1;31;0;3;0;7;14;A01
201700024674;1;7;0;4;0;2;13;A01
201700024675;1;7;0;0;2;3;13;A01
201700024675;2;7;0;0;2;8;1;B01
201700024676;0;33;0;0;0;8;3;A01
201700024677;0;7;0;0;2;1;15;A01
201700024677;0;31;0;0;2;1;1;B01
201700024678;1;7;0;0;1;1;1;Z01
201700024679;2;10;0;0;2;1;1;A01
201700024679;2;33;0;0;2;4;2;B01
201700024679;2;7;0;0;2;4;2;C01
201700024680;0;7;0;0;1;1;4;A01
201700024681;1;7;0;0;2;1;2;A01
201700024681;1;7;0;0;0;4;1;B01
201700024682;2;33;0;0;2;1;1;B01
201700024682;1;7;0;0;2;3;15;A01
201700024683;1;7;0;0;2;1;13;A01
201700024683;2;33;0;0;2;1;1;B01
201700024684;1;10;0;0;2;1;1;A01
201700024684;1;7;0;0;2;4;2;B01
201700024684;1;7;0;0;2;1;2;C01
201700024685;0;1;0;0;2;7;1;B01
201700024685;0;7;0;0;2;1;1;A01
201700024686;2;10;0;0;2;1;1;A01
201700024686;2;7;0;0;2;9;1;B01
201700024686;2;7;0;0;2;9;1;C01
201700024686;2;7;0;0;2;4;1;D01
201700024687;1;7;0;0;2;1;1;A01
201700024687;2;7;0;0;2;3;15;B01
201700024688;0;7;0;0;2;9;5;A01
201700024688;0;7;0;0;2;9;1;B01
201700024689;0;7;0;10;0;7;0;A01
201700024690;1;1;0;0;2;1;1;A01
201700024690;1;7;0;0;2;1;1;B01
201700024691;1;10;0;0;1;1;1;A01
201700024692;1;7;0;0;1;1;1;A01
201700024693;2;7;0;0;1;1;1;A01
201700024694;1;7;0;0;2;1;16;A01
201700024694;1;31;0;0;2;1;7;B01
201700024695;1;2;0;0;1;1;1;A01
201700024696;0;33;0;0;2;9;1;B01
201700024696;0;7;0;0;2;7;15;A01
201700024697;1;7;0;4;0;1;13;A01
201700024698;0;7;0;0;2;2;1;A01
201700024698;0;7;0;0;2;1;1;B01
201700024699;2;10;0;0;2;4;1;A01
201700024699;2;2;0;0;2;1;2;B01
201700024700;2;7;0;0;2;1;15;A01
201700024700;2;33;0;0;2;3;1;B01
201700024701;1;7;0;0;0;9;1;A01
201700024702;1;33;0;0;2;1;1;B01
201700024702;0;7;0;0;2;3;19;A01
201700024703;0;7;0;0;2;1;1;B01
201700024703;1;10;0;0;2;3;9;A01
201700024704;2;7;0;0;2;1;2;A01
201700024704;2;7;0;0;2;4;2;B01
201700024704;2;7;0;0;2;4;2;C01
201700024704;2;7;0;0;2;1;1;D01
201700024705;0;7;0;0;2;6;11;A01
201700024705;0;33;0;0;2;7;1;B01
201700024706;1;7;0;0;2;2;15;A01
201700024706;2;7;0;0;2;1;1;B01
201700024707;0;7;0;0;2;3;15;A01
201700024707;0;33;0;0;2;1;13;B01
201700024708;0;33;0;0;1;1;1;A01
201700024709;1;7;0;0;2;4;9;B01
201700024709;1;33;0;0;2;1;1;A01
201700024710;1;33;0;0;2;1;17;A01
201700024710;1;7;0;0;2;8;1;B01
201700024711;1;10;0;0;1;1;1;A01
201700024712;2;7;0;0;2;1;1;A01
201700024712;2;7;0;0;2;4;23;B01
201700024713;0;7;0;0;2;1;15;A01
201700024713;0;1;0;0;2;1;1;B01
201700024714;2;33;0;0;2;4;10;A01
201700024714;2;33;0;0;2;1;1;B01
201700024715;0;7;0;0;0;9;1;A01
201700024716;1;7;0;0;2;8;10;A01
201700024716;1;33;0;0;2;1;1;B01
201700024717;1;7;0;0;1;1;1;A01
201700024718;2;7;0;0;2;1;2;A01
201700024718;2;7;0;0;2;1;2;B01
201700024718;2;7;0;0;2;4;2;C01
201700024719;1;7;0;0;2;1;2;A01
201700024719;0;7;0;0;2;4;2;B01
201700024719;1;7;0;0;2;4;2;C01
201700024720;2;7;0;0;1;1;1;A01
201700024721;1;7;0;0;2;1;1;B01
201700024721;1;2;0;0;2;1;9;A01
201700024722;0;7;0;0;1;1;1;A01
201700024723;0;7;0;0;1;1;15;A01
201700024724;0;7;0;0;2;1;16;A01
201700024724;0;7;0;0;2;7;1;B01
201700024725;0;7;0;0;1;0;1;A01
201700024726;1;32;0;0;1;1;1;A01
201700024727;0;7;0;0;2;1;12;A01
201700024727;0;7;0;0;2;4;1;B01
201700024728;1;7;0;0;2;1;0;A01
201700024729;1;7;0;0;0;9;0;A01
201700024730;0;31;0;0;2;9;1;B01
201700024730;0;7;0;0;2;3;19;A01
201700024731;0;7;0;0;2;7;15;A01
201700024731;0;32;0;0;2;1;15;B01
201700024732;0;7;0;0;2;8;1;B01
201700024732;0;33;0;0;2;1;1;A01
201700024733;0;7;0;0;1;1;16;A01
201700024734;0;20;0;0;2;0;9;A01
201700024734;0;31;0;0;2;8;1;B01
201700024735;0;33;0;0;1;1;16;A01
201700024736;0;7;0;0;1;1;1;A01
201700024737;1;33;0;0;2;1;1;A01
201700024737;1;7;0;0;2;4;1;B01
201700024738;0;7;0;0;1;1;1;A01
201700024739;0;7;0;0;2;2;1;A01
201700024739;0;7;0;0;2;1;15;B01
201700024740;1;7;0;0;2;2;16;A01
201700024740;1;1;0;0;2;9;1;B01
201700024741;1;10;0;0;2;7;9;A01
201700024741;1;33;0;0;2;8;1;B01
201700024742;1;10;0;0;2;8;11;A01
201700024742;1;2;0;0;2;1;1;B01
201700024743;0;7;0;0;1;1;1;A01
201700024744;0;7;0;2;9;1;1;A01
201700024745;0;30;0;0;0;0;0;A01
201700024745;0;1;0;0;0;0;0;B01
201700024746;0;7;0;0;2;7;15;A01
201700024746;0;33;0;0;2;1;18;B01
201700024747;0;7;0;0;2;1;15;A01
201700024747;0;1;0;0;2;9;1;B01
201700024748;0;31;0;0;1;0;0;Z01
201700024749;0;7;0;0;2;2;16;A01
201700024749;0;2;0;0;2;9;1;B01
201700024750;0;10;0;0;2;3;12;A01
201700024750;0;2;0;0;2;7;1;B01
201700024751;0;7;0;0;2;8;14;A01
201700024751;0;33;0;0;2;7;1;B01
201700024752;0;7;0;0;2;3;1;B01
201700024752;0;7;0;0;2;7;1;C01
201700024752;0;7;0;0;2;3;9;A01
201700024753;0;7;0;0;1;3;15;A01
201700024754;0;7;0;0;2;9;1;A01
201700024754;0;7;0;0;2;5;1;B01
201700024755;0;7;0;0;2;1;1;A01
201700024755;0;7;0;0;2;4;1;B01
201700024756;0;7;0;0;2;2;1;B01
201700024756;0;2;0;0;2;1;9;A01
201700024757;0;7;0;0;2;3;13;A01
201700024757;0;7;0;0;2;3;13;B01
201700024758;1;2;0;0;2;8;17;A01
201700024758;0;7;0;0;2;7;1;B01
201700024759;1;7;0;0;2;1;15;A01
201700024759;2;31;0;0;2;1;1;B01
201700024760;2;31;0;16;0;7;1;A01
201700024761;0;10;0;0;2;1;1;A01
201700024761;0;7;0;0;2;4;1;B01
201700024762;2;7;0;0;1;1;1;A01
201700024763;1;33;0;0;2;7;1;A01
201700024763;2;10;0;0;2;1;15;Z01
201700024764;0;7;0;0;2;1;15;A01
201700024764;1;31;0;0;2;3;1;B01
201700024765;2;14;0;0;2;3;1;A01
201700024765;0;7;0;0;2;2;15;B01
201700024766;0;7;0;0;2;3;14;A01
201700024766;0;7;0;0;2;1;1;B01
201700024767;0;7;0;0;2;1;1;A01
201700024767;0;7;0;0;2;9;1;B01
201700024767;0;7;0;0;2;4;1;C01
201700024768;1;7;0;0;2;3;15;A01
201700024768;2;31;0;0;2;2;1;B01
201700024769;0;33;0;0;0;9;0;A01
201700024770;1;2;0;0;2;1;1;A01
201700024770;0;7;0;0;0;4;1;B01
201700024771;1;7;0;0;2;1;1;A01
201700024771;1;1;0;0;2;4;11;B01
201700024772;1;7;0;0;2;1;1;B01
201700024772;2;7;0;0;2;8;9;A01
201700024773;0;7;0;0;2;7;1;A01
201700024773;1;1;0;0;2;8;11;B01
201700024774;1;7;0;0;1;1;1;Z01
201700024775;1;33;0;0;2;7;1;A01
201700024775;1;7;0;0;0;0;0;B01
201700024776;0;7;0;0;2;2;1;B01
201700024776;0;1;0;0;2;1;19;A01
201700024777;1;7;0;0;1;0;0;Z01
201700024778;0;7;0;0;1;2;1;A01
201700024779;1;33;0;0;2;1;1;A01
201700024779;1;7;0;0;2;8;1;B01
201700024780;1;7;0;13;0;1;1;A01
201700024781;0;7;0;0;2;1;15;A01
201700024781;0;7;0;0;2;1;1;B01
201700024782;1;7;0;0;2;1;1;A01
201700024782;1;7;0;0;2;4;2;B01
201700024782;1;7;0;0;0;4;2;C01
201700024783;0;7;0;0;2;2;15;A01
201700024783;0;7;0;0;2;1;1;B01
201700024784;1;7;0;0;1;1;1;A01
201700024785;2;2;0;0;2;1;18;A01
201700024785;2;7;0;0;2;7;14;B01
201700024786;1;7;0;2;0;1;1;A01
201700024787;1;10;0;0;2;1;1;A01
201700024787;1;7;0;0;2;4;1;B01
201700024788;1;7;0;0;2;1;13;A01
201700024788;2;1;0;0;2;1;1;B01
201700024789;0;33;0;0;2;8;12;A01
201700024789;0;7;0;0;2;7;1;B01
201700024790;0;7;0;0;2;1;1;A01
201700024790;0;7;0;0;2;9;1;B01
201700024790;0;7;0;0;2;4;1;C01
201700024791;1;7;0;0;2;2;19;A01
201700024791;0;30;0;0;2;3;1;B01
201700024792;1;7;0;0;2;3;15;A01
201700024792;1;33;0;0;2;1;17;B01
201700024793;0;10;0;0;2;5;1;B01
201700024793;0;7;0;0;2;1;15;A01
201700024794;1;10;0;0;2;1;1;A01
201700024794;1;7;0;0;2;4;2;B01
201700024794;1;7;0;0;2;4;2;C01
201700024795;1;7;0;0;2;1;15;A01
201700024795;2;2;0;0;2;1;3;B01
201700024796;1;10;0;0;2;1;1;A01
201700024796;1;7;0;0;2;4;1;B01
201700024796;1;7;0;0;2;4;1;C01
201700024796;1;7;0;0;2;1;1;D01
201700024797;0;7;0;0;2;3;15;A01
201700024797;1;1;0;0;2;8;1;B01
201700024798;0;1;0;0;2;1;1;A01
201700024798;0;7;0;0;2;4;1;B01
201700024799;0;7;0;0;2;3;1;B01
201700024799;0;7;0;0;2;1;1;A01
201700024800;1;7;0;0;2;1;1;A01
201700024800;2;7;0;0;2;3;9;B01