num_acc;senc;catv;occutc;obs;obsm;choc;manv;num_veh
201700024801;0;33;0;0;2;1;17;A01
201700024801;0;7;0;0;2;3;16;B01
201700024802;1;7;0;0;2;1;1;A01
201700024802;1;33;0;0;2;4;1;B01
201700024803;1;7;0;0;2;5;1;B01
201700024803;1;7;0;0;2;1;11;A01
201700024804;0;33;0;0;2;2;17;A01
201700024804;0;7;0;0;2;6;15;B01
201700024805;1;7;0;0;2;1;1;B01
201700024805;1;2;0;0;2;8;9;A01
201700024806;2;7;0;0;2;3;22;A01
201700024806;2;1;0;0;2;1;1;B01
201700024807;2;14;0;0;2;1;1;A01
201700024807;2;7;0;4;2;4;1;B01
201700024807;2;10;0;0;2;4;1;C01
201700024807;2;7;0;0;2;4;1;D01
201700024807;2;10;0;0;2;4;1;E01
201700024807;2;10;0;0;2;4;1;F02
201700024808;1;7;0;0;1;1;1;A01
201700024809;1;7;0;0;2;1;2;A01
201700024809;1;7;0;0;2;4;1;B01
201700024810;0;7;0;0;2;3;15;A01
201700024810;0;7;0;0;2;1;1;B01
201700024811;1;7;0;0;2;7;15;A01
201700024811;2;33;0;0;2;1;1;B01
201700024812;2;17;0;0;2;1;1;B01
201700024812;2;7;0;0;2;8;11;A01
201700024813;2;7;0;0;1;1;1;A01
201700024814;1;1;0;0;2;1;1;A01
201700024814;1;38;0;0;2;4;1;B01
201700024815;1;33;0;0;2;1;1;A01
201700024815;1;7;0;0;2;7;9;B01
201700024816;1;14;0;0;2;2;12;A01
201700024816;1;7;0;0;2;6;1;B01
201700024817;0;2;0;0;2;1;0;A01
201700024817;0;31;0;0;2;1;1;B01
201700024818;0;33;0;0;2;1;1;A01
201700024818;0;7;0;0;2;4;1;B01
201700024819;0;7;0;0;2;4;1;A01
201700024819;0;1;0;0;2;1;1;B01
201700024820;1;7;0;0;2;1;15;A01
201700024820;2;33;0;0;2;1;1;B01
201700024821;0;7;0;1;9;9;13;A01
201700024822;1;7;0;0;2;8;10;A01
201700024822;1;31;0;0;2;1;1;B01
201700024823;0;31;0;0;2;1;13;A01
201700024823;0;10;0;0;2;1;1;B01
201700024824;1;10;0;2;0;9;0;A01
201700024825;2;7;0;1;2;1;1;A01
201700024825;2;7;0;0;2;4;1;B01
201700024826;1;7;0;0;2;1;2;A01
201700024826;1;7;0;0;2;4;2;B01
201700024827;1;7;0;0;2;2;10;A01
201700024827;2;31;0;0;2;1;1;B01
201700024828;1;2;0;0;2;1;1;B01
201700024828;1;7;0;0;2;1;1;A01
201700024829;1;7;0;0;2;1;15;A01
201700024829;2;1;0;0;2;8;19;B01
201700024830;1;33;0;0;2;1;3;A01
201700024830;1;7;0;0;2;5;1;B01
201700024830;1;7;0;0;2;5;1;C01
201700024830;1;7;0;0;2;6;1;D01
201700024831;2;7;0;0;2;8;15;A01
201700024831;2;33;0;0;2;1;17;B01
201700024832;1;7;0;0;1;3;8;Z01
201700024833;1;33;0;0;2;1;17;A01
201700024833;1;1;0;0;2;3;19;B01
201700024833;1;7;0;0;2;4;1;C01
201700024834;2;7;0;0;2;1;2;A01
201700024834;2;7;0;0;2;4;1;B01
201700024834;2;7;0;0;2;4;2;C01
201700024835;1;7;0;0;2;1;16;A01
201700024835;1;7;0;0;2;6;1;B01
201700024836;2;33;0;11;0;1;1;A01
201700024837;2;2;0;0;1;1;1;A01
201700024838;1;7;0;0;2;6;9;A01
201700024838;1;33;0;0;2;1;17;B01
201700024839;;7;0;0;2;7;16;A01
201700024839;;1;0;0;2;1;1;B01
201700024840;1;7;0;0;2;1;2;A01
201700024840;1;7;0;0;2;4;2;B01
201700024840;1;7;0;0;2;4;2;C01
201700024841;1;7;0;0;2;7;17;A01
201700024841;1;31;0;0;2;4;17;B01
201700024842;1;2;0;0;2;1;1;A01
201700024842;1;7;0;0;2;4;2;B01
201700024843;1;33;0;0;2;1;17;A01
201700024843;1;7;0;0;2;6;1;B01
201700024844;0;31;0;0;0;1;17;A01
201700024845;2;7;0;4;0;9;1;A01
201700024846;2;15;0;0;2;1;1;A01
201700024846;1;7;0;0;2;4;2;B01
201700024846;1;33;0;0;2;4;1;C01
201700024847;1;1;0;0;2;1;11;A01
201700024847;1;7;0;0;2;2;1;B01
201700024848;1;7;0;0;2;1;9;A01
201700024848;1;31;0;0;2;1;1;B01
201700024849;1;7;0;0;2;1;16;A01
201700024849;1;7;0;0;2;2;1;B01
201700024850;1;33;0;12;0;1;21;A01
201700024851;2;1;0;0;2;0;13;A01
201700024851;2;33;0;0;2;7;1;B01
201700024852;1;2;0;0;2;1;17;A01
201700024852;2;3;0;0;2;3;15;B01
201700024853;1;7;0;0;2;2;16;A01
201700024853;0;1;0;0;2;1;1;B01
201700024854;1;7;0;0;1;1;1;A01
201700024855;1;15;0;4;2;3;9;A01
201700024855;1;7;0;0;2;9;1;B01
201700024856;0;7;0;6;0;1;1;A01
201700024857;2;7;0;0;2;7;14;A01
201700024857;2;38;0;0;2;8;1;B01
201700024858;1;7;0;0;2;7;12;A01
201700024858;1;2;0;0;2;8;7;B01
201700024859;1;7;0;0;2;2;1;A01
201700024859;1;7;0;0;2;3;9;B01
201700024860;1;7;0;0;1;1;1;A01
201700024860;1;7;0;0;1;6;24;B01
201700024861;2;1;0;0;2;8;1;B01
201700024861;1;10;0;0;2;0;15;A01
201700024862;1;7;0;0;2;7;15;A01
201700024862;2;33;0;0;2;1;1;B01
201700024863;1;7;0;4;0;9;1;A01
201700024864;0;31;0;9;0;1;1;A01
201700024865;0;7;0;0;2;2;15;A01
201700024865;0;31;0;0;2;1;1;B01
201700024866;2;7;0;0;2;2;15;A01
201700024866;1;7;0;0;2;1;1;B01
201700024867;2;7;0;0;2;9;9;A01
201700024867;2;33;0;0;2;2;1;B01
201700024868;0;7;0;0;2;9;1;B01
201700024868;0;7;0;0;2;0;0;Z01
201700024869;2;7;0;0;2;9;1;A01
201700024869;2;7;0;0;2;1;1;B01
201700024870;1;7;0;0;1;1;1;A01
201700024871;0;33;0;0;1;0;1;A01
201700024872;0;33;0;0;1;1;1;A01
201700024873;0;7;0;0;2;1;1;B01
201700024873;0;2;0;0;2;7;1;A01
201700024874;1;7;0;0;2;4;23;A01
201700024874;1;33;0;14;0;1;1;B01
201700024875;2;1;0;0;1;1;1;A01
201700024876;2;7;0;0;2;0;0;A01
201700024876;2;7;0;0;2;9;1;B01
201700024876;2;10;0;0;2;1;1;C01
201700024877;0;7;0;0;2;4;1;A01
201700024877;0;7;0;0;2;1;1;Z01
201700024878;1;2;0;0;9;1;9;A01
201700024878;1;7;0;0;2;2;1;B01
201700024879;1;7;0;0;2;1;15;A01
201700024879;2;31;0;0;2;8;1;B01
201700024880;0;7;0;0;2;8;15;A01
201700024880;0;33;0;0;2;7;17;B01
201700024881;2;7;0;0;2;5;15;A01
201700024881;0;7;0;0;2;1;1;B01
201700024882;2;33;0;0;2;7;1;A01
201700024882;2;7;0;0;2;8;11;Z01
201700024883;2;14;0;4;0;7;1;A01
201700024884;1;7;0;0;1;8;1;A01
201700024885;1;7;0;0;2;1;2;A01
201700024885;1;7;0;0;2;4;2;B01
201700024886;0;7;0;0;2;2;15;A01
201700024886;0;1;0;0;2;4;1;B01
201700024887;0;13;0;0;2;2;1;A01
201700024887;0;33;0;0;2;4;1;B01
201700024888;1;7;0;0;2;1;1;A01
201700024888;2;7;0;0;2;1;1;B01
201700024889;0;7;0;0;1;0;4;Z01
201700024890;0;7;0;0;2;1;9;A01
201700024890;0;7;0;0;2;2;1;B01
201700024891;0;7;0;0;2;1;1;A01
201700024891;0;7;0;0;2;9;1;B01
201700024891;1;7;0;0;2;4;1;C01
201700024892;0;7;0;0;2;2;16;A01
201700024892;0;1;0;0;2;1;1;B01
201700024893;2;7;0;0;2;6;1;B01
201700024893;2;31;0;0;2;3;17;A01
201700024894;1;7;0;0;2;1;1;A01
201700024894;1;7;0;0;2;1;1;B01
201700024895;0;7;0;0;1;3;1;A01
201700024896;0;14;0;0;2;5;1;A01
201700024896;0;1;0;0;2;3;1;B01
201700024897;2;7;0;0;2;3;15;A01
201700024897;0;31;0;0;2;7;1;B01
201700024898;0;2;0;0;2;7;15;A01
201700024898;0;1;0;0;2;4;1;B01
201700024899;0;31;0;0;2;7;17;A01
201700024899;0;7;0;0;2;0;1;B01
201700024900;0;7;0;0;2;3;9;A01
201700024900;0;1;0;0;2;0;1;B01
201700024901;0;10;0;0;2;8;10;A01
201700024901;0;2;0;0;2;1;1;B01
201700024902;0;7;0;0;1;1;1;A01
201700024903;0;7;0;0;2;1;1;A01
201700024903;0;7;0;0;2;4;1;B01
201700024904;0;7;0;0;2;4;1;B01
201700024904;0;33;0;0;2;1;1;A01
201700024905;0;7;0;0;2;8;10;A01
201700024905;0;33;0;0;2;9;1;B01
201700024906;1;31;0;0;2;1;17;A01
201700024906;1;7;0;0;2;3;10;B01
201700024907;1;7;0;0;2;1;9;A01
201700024907;1;31;0;0;2;1;17;B01
201700024908;0;31;0;0;0;1;1;A01
201700024909;1;7;0;0;2;1;1;A01
201700024909;1;33;0;0;2;4;1;B01
201700024910;1;10;0;0;2;6;1;A01
201700024910;1;17;0;0;2;3;1;B01
201700024911;0;7;0;0;1;1;15;A01
201700024912;1;7;0;0;1;1;1;A01
201700024913;0;7;0;0;2;2;16;B01
201700024913;0;7;0;0;2;0;1;A01
201700024914;1;7;0;0;1;1;1;A01
201700024915;1;1;0;0;2;1;5;B01
201700024915;1;7;0;0;2;8;9;A01
201700024916;0;7;0;0;2;1;1;A01
201700024916;0;7;0;0;2;9;1;B01
201700024916;0;7;0;0;2;4;1;C01
201700024917;1;7;0;0;2;1;1;A01
201700024917;1;7;0;0;2;4;2;B01
201700024917;1;7;0;0;2;4;2;C01
201700024918;0;33;0;0;2;8;18;A01
201700024918;0;7;0;0;2;2;1;B01
201700024919;1;33;0;0;0;7;21;A01
201700024919;1;7;0;0;0;0;1;B01
201700024920;1;7;0;0;2;1;1;A01
201700024920;1;3;0;0;2;4;1;B01
201700024921;2;7;0;0;1;2;1;A01
201700024922;1;1;0;0;2;8;1;A01
201700024922;0;7;0;0;2;0;17;Z01
201700024923;0;2;0;0;2;7;17;A01
201700024923;0;10;0;0;2;3;15;B01
201700024924;1;1;0;0;2;1;1;B01
201700024924;1;7;0;0;2;2;15;A01
201700024925;1;1;0;0;2;7;1;B01
201700024925;1;7;0;0;2;1;0;Z01
201700024926;1;10;0;0;1;4;4;A01
201700024927;0;33;0;0;2;9;18;A01
201700024927;0;1;0;0;2;0;1;B01
201700024928;1;7;0;0;1;1;1;Z01
201700024929;1;33;0;0;2;1;17;A01
201700024929;1;7;0;0;2;1;1;B01
201700024929;2;7;0;0;2;6;1;C01
201700024930;1;33;0;0;2;1;1;A01
201700024930;1;7;0;0;2;4;1;Z01
201700024931;0;14;0;0;2;1;1;A01
201700024931;0;10;0;0;2;4;1;B01
201700024931;0;7;0;0;2;4;1;C01
201700024931;0;7;0;0;2;4;1;D01
201700024932;1;7;0;0;2;0;15;A01
201700024932;2;31;0;0;2;2;1;B01
201700024933;1;7;0;0;1;6;1;A01
201700024934;1;7;0;0;2;1;2;A01
201700024934;1;7;0;0;2;4;2;B01
201700024935;1;33;0;0;1;1;17;A01
201700024936;0;7;0;0;2;1;1;A01
201700024936;0;10;0;0;2;9;1;B01
201700024936;0;10;0;0;2;4;1;C01
201700024937;1;7;0;0;2;1;1;A01
201700024937;1;7;0;0;2;4;2;B01
201700024937;1;10;0;0;2;4;2;C01
201700024938;0;33;0;0;2;9;1;A01
201700024938;0;7;0;0;2;4;1;B01
201700024939;2;7;0;0;2;2;12;A01
201700024939;1;33;0;0;2;7;1;B01
201700024940;0;7;0;0;2;8;24;A01
201700024940;0;2;0;1;0;7;1;B01
201700024941;1;37;0;0;1;1;1;A01
201700024942;0;2;0;0;2;8;1;A01
201700024942;0;7;0;0;2;1;15;B01
201700024943;0;33;0;0;2;1;1;B01
201700024943;0;7;0;0;2;4;12;A01
201700024944;0;2;0;0;2;1;17;A01
201700024944;0;7;0;0;2;4;1;B01
201700024945;0;10;0;0;2;2;12;A01
201700024945;0;1;0;0;2;6;1;B01
201700024946;0;33;0;0;2;2;15;A01
201700024946;0;7;0;0;2;3;15;B01
201700024947;0;37;0;0;1;1;1;A01
201700024948;1;2;0;0;2;1;13;A01
201700024948;1;7;0;0;2;1;1;B01
201700024949;1;1;0;0;2;1;1;B01
201700024949;1;7;0;0;2;6;1;A01
201700024950;1;31;0;0;2;0;1;A01
201700024950;1;7;0;0;2;8;9;B01
201700024951;1;7;0;0;2;3;22;A01
201700024951;1;1;0;1;2;2;1;B01
201700024951;1;10;0;0;2;2;1;C01
201700024952;0;2;0;0;2;1;15;A01
201700024952;0;1;0;0;2;8;1;B01
201700024953;0;7;0;0;2;8;1;B01
201700024953;0;7;0;0;2;3;1;C01
201700024953;0;7;0;0;2;2;9;A01
201700024954;1;7;0;0;2;1;1;A01
201700024954;1;7;0;0;2;7;1;B01
201700024955;1;7;0;0;2;5;12;A01
201700024955;1;33;0;0;2;8;1;B01
201700024956;0;33;0;0;2;1;8;A01
201700024956;0;7;0;0;2;3;15;B01
201700024957;1;20;0;0;1;2;9;A01
201700024958;0;33;0;0;2;1;1;A01
201700024958;0;7;0;0;2;4;1;B01
201700024959;1;33;0;11;2;1;17;A01
201700024959;1;7;0;0;2;4;1;B01
201700024960;0;33;0;0;2;1;12;A01
201700024960;0;7;0;0;2;4;1;B01
201700024961;0;7;0;0;1;1;1;A01
201700024962;0;7;0;0;2;3;10;A01
201700024962;0;34;0;0;2;1;1;B01
201700024963;2;7;0;0;2;2;15;A01
201700024963;1;33;0;0;2;1;1;B01
201700024964;0;1;0;0;2;7;14;A01
201700024964;0;7;0;0;2;8;1;B01
201700024965;0;10;0;0;2;4;1;D01
201700024965;0;7;0;0;2;9;1;C01
201700024965;0;10;0;0;2;1;1;A01
201700024965;0;7;0;0;2;9;1;B01
201700024966;2;1;0;0;2;1;2;A01
201700024966;2;7;0;0;2;4;23;B01
201700024967;1;33;0;0;2;1;17;A01
201700024967;1;7;0;0;2;3;23;C01
201700024967;2;7;0;0;2;3;15;B01
201700024968;0;7;0;0;2;0;13;A01
201700024968;0;31;0;0;2;8;1;B01
201700024969;2;33;0;0;2;1;1;A01
201700024969;2;10;0;0;2;4;2;B01
201700024970;0;7;0;0;2;2;16;A01
201700024970;0;33;0;0;2;7;1;B01
201700024971;1;7;0;0;1;1;1;Z01
201700024972;0;31;0;0;2;7;8;A01
201700024972;0;37;0;0;2;3;15;B01
201700024973;0;33;0;4;0;1;1;A01
201700024974;0;33;0;4;0;1;1;A01
201700024975;1;7;0;0;1;1;16;A01
201700024976;0;7;0;0;2;1;15;A01
201700024976;0;1;0;0;2;1;1;B01
201700024977;0;2;0;14;0;1;21;A01
201700024978;1;7;0;14;0;1;14;A01
201700024979;1;20;0;9;0;7;16;A01
201700024980;1;7;0;0;2;8;11;A01
201700024980;1;31;0;0;2;2;1;B01
201700024981;0;7;0;5;0;5;1;A01
201700024982;2;7;0;0;2;2;10;A01
201700024982;2;33;0;0;2;1;1;B01
201700024983;1;7;0;0;2;3;15;A01
201700024983;1;32;0;0;2;1;1;B01
201700024984;0;7;0;0;2;1;15;A01
201700024984;0;2;0;0;2;9;1;B01
201700024985;1;7;0;0;2;4;1;C01
201700024985;1;7;0;0;2;3;1;B01
201700024985;1;7;0;0;2;1;1;A01
201700024986;0;33;0;0;0;9;1;A01
201700024987;0;33;0;0;2;1;1;B01
201700024987;0;7;0;0;2;2;15;A01
201700024988;2;1;0;0;2;1;8;A01
201700024988;1;10;0;0;2;2;15;B01
201700024989;1;33;0;0;2;3;3;A01
201700024989;1;7;0;0;2;6;12;B01
201700024990;1;7;0;0;1;2;17;A01
201700024991;0;7;0;8;0;9;1;A01
201700024992;1;7;0;0;2;9;1;A01
201700024992;1;10;0;0;2;1;1;B01
201700024993;1;7;0;0;2;3;13;A01
201700024993;1;34;0;0;2;1;17;B01
201700024994;1;10;0;0;2;3;9;A01
201700024994;1;31;0;0;2;1;1;B01
201700024995;1;7;0;0;2;8;1;A01
201700024995;1;33;0;0;2;1;16;B01
201700024996;1;7;0;0;2;2;16;A01
201700024996;1;33;0;0;2;1;1;B01
201700024997;0;7;0;0;2;4;1;B01
201700024997;0;7;0;0;2;1;1;A01
201700024998;2;7;0;10;0;9;1;A01
201700024999;2;10;0;0;2;4;23;A01
201700024999;2;1;0;0;2;0;1;B01
201700025000;0;10;0;0;2;1;1;A01
201700025000;0;7;0;0;2;9;1;B01
201700025000;0;7;0;0;2;4;1;C01
201700025001;0;10;0;0;2;0;17;A01
201700025001;0;1;0;0;2;8;15;B01
201700025002;0;31;0;0;2;1;7;A01
201700025002;0;7;0;0;2;2;9;B01
201700025003;1;7;0;0;2;8;15;A01
201700025003;1;33;0;0;2;1;17;B01
201700025004;1;10;0;8;0;1;14;A01
201700025005;1;7;0;0;2;3;9;A01
201700025005;1;31;0;0;2;1;1;B01
201700025006;1;7;0;0;2;4;4;A01
201700025006;1;2;0;0;2;8;1;B01
201700025007;1;7;0;0;2;1;2;A01
201700025007;1;7;0;0;2;4;2;B01
201700025008;1;2;0;0;2;1;1;B01
201700025008;1;2;0;0;2;1;1;A01
201700025009;1;7;0;0;1;4;4;A01
201700025010;1;7;0;0;2;4;2;A01
201700025010;1;7;0;0;2;1;23;B01
201700025011;1;7;0;0;2;1;1;A01
201700025011;1;7;0;0;2;3;23;B01
201700025012;1;2;0;0;2;1;15;A01
201700025012;1;10;0;0;2;1;1;B01
201700025013;1;7;0;0;2;6;23;A01
201700025013;1;7;0;1;0;2;1;B01
201700025014;2;7;0;14;0;9;1;A01
201700025015;2;10;0;0;2;1;1;A01
201700025015;1;7;0;0;2;4;23;B01
201700025015;1;7;0;0;2;4;23;C01
201700025016;1;33;0;0;2;1;1;A01
201700025016;1;7;0;0;2;4;1;B01
201700025017;0;10;0;0;2;3;19;A01
201700025017;0;2;0;0;2;1;1;B01
201700025018;2;7;0;0;2;3;9;A01
201700025018;2;33;0;0;2;1;15;B01
201700025019;1;7;0;0;2;5;15;A01
201700025019;2;33;0;0;2;1;1;B01
201700025020;1;7;0;0;2;0;9;A01
201700025020;1;1;0;0;2;7;1;B01
201700025021;2;7;0;0;2;1;1;A01
201700025021;2;7;0;0;2;4;1;B01
201700025022;2;7;0;0;2;1;1;A01
201700025022;2;7;0;0;2;4;1;B01
201700025023;0;1;0;0;2;1;5;A01
201700025023;0;7;0;0;2;8;16;B01
201700025024;1;33;0;0;2;1;17;A01
201700025024;1;7;0;0;2;6;2;B01
201700025025;1;31;0;10;0;1;1;A01
201700025026;2;33;0;0;2;1;1;B01
201700025026;1;10;0;0;2;1;15;A01
201700025027;1;7;0;12;0;1;1;A01
201700025028;2;7;0;0;2;1;2;A01
201700025028;2;7;0;0;2;4;2;B01
201700025028;2;7;0;0;2;4;2;C01
201700025028;2;7;0;0;2;4;2;D01
201700025029;1;7;0;0;2;2;15;A01
201700025029;2;7;0;0;2;1;1;B01
201700025030;2;2;0;0;2;1;1;B01
201700025030;1;7;0;0;2;1;15;A01
201700025031;0;7;0;0;2;1;1;B01
201700025031;0;7;0;0;2;3;16;A01
201700025032;1;34;0;0;1;1;7;A01
201700025033;2;7;0;0;2;1;1;A01
201700025033;2;7;0;0;2;4;1;B01
201700025034;0;7;0;0;1;0;0;Z01
201700025035;1;33;0;0;2;1;17;B01
201700025035;1;7;0;0;2;8;15;A01
201700025036;1;7;0;0;2;1;1;A01
201700025036;1;7;0;0;2;9;1;B01
201700025036;1;7;0;0;2;4;1;C01
201700025037;1;10;0;0;2;3;15;A01
201700025037;2;1;0;0;2;1;1;B01
201700025038;1;7;0;0;1;1;1;A01
201700025039;2;31;0;0;2;1;8;B01
201700025039;1;7;0;0;2;2;15;A01
201700025040;1;7;0;0;2;3;9;A01
201700025040;2;7;0;0;2;1;1;B01
201700025041;1;7;0;0;2;5;1;A01
201700025041;0;10;0;0;2;0;0;Z01
201700025042;1;31;0;0;1;1;1;A01
201700025043;1;31;0;0;2;4;23;B01
201700025043;1;32;0;0;2;1;2;A01
201700025044;0;7;0;0;2;2;1;A01
201700025044;1;7;0;0;2;3;9;B01
201700025045;0;10;0;0;1;1;1;A01
201700025046;1;7;0;0;1;1;9;A01
201700025047;0;33;0;0;2;1;1;A01
201700025047;0;7;0;0;2;4;1;B01
201700025048;1;7;0;0;2;1;1;A01
201700025048;1;7;0;0;2;4;2;B01
201700025048;1;7;0;0;2;4;2;C01
201700025048;1;7;0;0;2;4;2;D01
201700025048;1;7;0;0;2;4;2;E01
201700025049;0;10;0;0;2;1;1;A01
201700025049;0;7;0;0;2;4;1;B01
201700025050;1;7;0;0;2;2;15;A01
201700025050;2;2;0;0;2;1;1;B01
201700025051;2;2;0;0;2;1;15;A01
201700025051;0;7;0;0;2;3;1;B01
201700025052;1;31;0;0;2;3;15;A01
201700025052;1;7;0;0;2;2;1;B01
201700025053;1;7;0;0;2;1;9;B01
201700025053;1;7;0;0;2;2;9;A01
201700025054;1;7;0;0;2;8;15;B01
201700025054;1;7;0;0;2;1;17;A01
201700025055;1;2;0;0;2;1;14;A01
201700025055;2;7;0;0;2;8;9;B01
201700025056;2;10;0;0;2;1;1;A01
201700025056;2;7;0;0;2;4;2;B01
201700025056;2;7;0;0;2;4;2;C01
201700025056;2;7;0;0;2;4;2;D01
201700025056;2;7;0;0;2;4;1;E01
201700025056;2;7;0;0;2;4;2;F02
201700025057;0;7;0;8;0;1;1;A01
201700025058;0;7;0;0;0;9;1;A01
201700025059;1;31;0;0;2;1;17;A01
201700025059;1;7;0;0;2;3;15;B01
201700025060;0;31;0;0;2;1;17;A01
201700025060;0;7;0;0;2;4;1;B01
201700025061;0;7;0;0;2;0;0;Z01
201700025061;0;33;0;0;2;1;1;A01
201700025062;1;7;0;0;2;1;1;A01
201700025062;1;7;0;0;2;1;1;B01
201700025062;1;7;0;0;2;6;10;Z01
201700025063;1;7;0;0;2;1;18;A01
201700025063;2;7;0;0;2;7;9;B01
201700025064;2;7;0;0;2;8;1;B01
201700025064;1;33;0;0;1;1;1;A01
201700025065;1;14;0;0;2;1;1;A01
201700025065;1;7;0;0;2;9;1;B01
201700025066;0;1;0;0;2;8;1;B01
201700025066;0;7;0;0;2;1;15;A01
201700025067;1;7;0;0;2;2;15;A01
201700025067;2;33;0;0;2;1;1;B01
201700025068;1;7;0;0;2;1;1;C01
201700025068;1;7;0;0;2;9;1;B01
201700025068;1;7;0;0;2;1;1;Z01
201700025069;1;33;0;0;2;1;1;A01
201700025069;1;7;0;0;2;4;1;B01
201700025070;1;33;0;0;2;1;1;A01
201700025070;1;7;0;0;2;4;1;B01
201700025071;1;7;0;0;2;3;14;A01
201700025071;1;31;0;0;2;1;7;B01
201700025072;0;7;0;0;1;1;7;A01
201700025073;1;7;0;8;0;1;14;A01
201700025074;2;2;0;0;2;1;9;B01
201700025074;2;7;0;0;2;0;0;Z01
201700025075;1;7;0;0;2;1;9;A01
201700025075;1;7;0;0;2;1;1;B01
201700025076;1;7;0;0;2;0;16;B01
201700025076;1;7;0;0;2;1;16;A01
201700025077;1;7;0;0;2;1;15;A01
201700025077;2;31;0;0;2;1;1;B01
201700025078;1;10;0;0;1;3;15;A01
201700025079;1;7;0;0;1;1;15;A01
201700025080;1;7;0;0;0;9;16;A01
201700025081;1;33;0;0;2;1;1;B01
201700025081;1;7;0;0;2;8;10;A01
201700025082;1;33;0;0;1;1;17;A01
201700025083;1;7;0;0;1;2;16;A01
201700025084;1;7;0;0;1;1;1;A01
201700025085;2;7;0;0;2;1;2;A01
201700025085;2;7;0;0;2;4;2;B01
201700025085;2;7;0;0;2;6;2;C01
201700025085;2;10;0;0;2;3;1;D01
201700025086;1;7;0;0;2;6;1;B01
201700025086;1;7;0;0;2;9;12;A01
201700025087;1;1;0;0;2;3;9;A01
201700025087;1;10;0;0;2;1;1;B01
201700025088;2;7;0;0;2;7;15;B01
201700025088;1;7;0;0;2;1;19;A01
201700025088;2;7;0;0;2;7;1;C01
201700025089;1;33;0;0;0;0;1;B01
201700025089;1;1;0;0;0;0;9;A01
201700025090;1;7;0;0;1;1;1;A01
201700025091;2;7;0;0;0;9;16;A01
201700025092;1;7;0;0;1;3;15;A01
201700025093;1;7;0;0;2;2;15;A01
201700025093;2;33;0;0;2;1;1;B01
201700025094;1;7;0;0;2;4;1;C01
201700025094;1;7;0;0;2;1;1;A01
201700025094;1;7;0;0;2;9;1;B01
201700025095;2;7;0;0;2;3;1;B01
201700025095;1;7;0;0;2;3;13;A01
201700025096;1;31;0;0;2;1;1;Z01
201700025096;1;7;0;0;2;5;19;B01
201700025097;1;7;0;0;2;3;5;A01
201700025097;2;31;0;0;2;3;16;B01
201700025098;1;37;1;0;1;7;1;A01
201700025099;1;2;0;0;2;1;9;A01
201700025099;1;7;0;0;2;2;1;B01
201700025100;1;7;0;0;2;2;9;A01
201700025100;2;31;0;0;2;0;9;B01
201700025101;1;7;0;14;0;1;1;A01
201700025102;2;7;0;0;2;3;1;B01
201700025102;1;7;0;0;2;6;1;A01
201700025103;1;7;0;0;2;3;15;A01
201700025103;1;33;0;0;2;7;17;B01
201700025104;1;7;0;0;1;1;1;A01
201700025105;0;7;0;0;1;2;1;Z01
201700025106;1;7;0;0;2;2;9;B01
201700025106;1;7;0;0;2;3;1;A01
201700025106;2;7;0;0;2;8;1;C01
201700025107;1;7;0;0;2;6;11;B01
201700025107;1;33;0;0;2;1;3;A01
201700025108;1;31;0;0;2;1;18;A01
201700025108;1;7;0;0;2;7;23;B01
201700025109;2;7;0;0;2;4;2;B01
201700025109;2;7;0;0;2;1;2;A01
201700025109;2;7;0;0;2;4;2;C01
201700025110;1;7;0;0;2;6;1;B01
201700025110;1;7;0;0;2;2;13;A01
201700025111;2;7;0;0;2;3;1;B01
201700025111;2;2;0;0;2;1;13;A01
201700025112;1;7;0;0;1;1;1;A01
201700025113;2;7;0;0;2;4;2;B01
201700025113;2;7;0;0;2;1;2;A01
201700025114;1;33;0;0;2;1;1;A01
201700025114;1;7;0;0;2;4;11;B01
201700025115;1;7;0;0;1;1;15;A01
201700025116;2;31;0;0;2;1;1;B01
201700025116;1;7;0;0;2;3;15;A01
201700025117;1;7;0;0;1;1;9;A01
201700025118;1;7;0;0;0;9;0;A01
201700025119;2;7;0;0;2;2;15;B01
201700025119;1;1;0;0;2;1;1;A01
201700025120;2;7;0;0;9;9;1;A01
201700025121;1;7;0;0;2;1;1;A01
201700025121;2;2;0;0;2;1;5;B01
201700025122;1;7;0;0;0;1;15;A01
201700025123;1;7;0;0;2;2;1;D01
201700025123;1;7;0;0;2;7;15;A01
201700025123;1;7;0;0;2;1;1;C01
201700025123;2;7;0;0;2;1;1;B01
201700025124;2;7;0;0;1;2;1;A01
201700025125;0;7;0;6;0;2;2;A01
201700025126;0;7;0;0;2;3;1;B01
201700025126;0;30;0;0;2;1;1;A01
201700025127;2;33;0;0;0;0;1;A01
201700025128;2;7;0;0;0;3;1;B01
201700025128;1;33;0;0;2;1;11;A01
201700025129;2;7;0;0;0;0;0;A01
201700025130;1;7;0;16;0;0;17;A01
201700025131;1;7;0;0;2;3;13;A01
201700025131;2;7;0;0;2;1;1;B01
201700025132;1;7;0;0;2;1;1;B01
201700025132;2;10;0;0;2;1;17;A01
201700025133;1;7;0;13;0;9;14;A01
201700025134;2;2;0;12;0;7;0;A01
201700025135;0;7;0;0;1;5;4;A01
201700025136;1;1;0;0;0;0;1;A01
201700025137;2;7;0;13;0;1;0;A01
201700025138;1;10;0;0;2;1;2;A01
201700025138;1;14;0;0;2;4;2;B01
201700025139;0;7;0;0;2;1;15;A01
201700025139;0;7;0;0;2;2;1;B01