num_acc;senc;catv;occutc;obs;obsm;choc;manv;num_veh
201700025140;1;7;0;2;0;1;1;A01
201700025141;1;33;0;0;0;8;1;A01
201700025142;2;7;0;0;0;2;19;A01
201700025142;1;7;0;7;2;1;1;B01
201700025143;2;7;0;0;0;9;1;A01
201700025144;1;7;0;0;2;1;13;A01
201700025144;2;7;0;0;2;1;1;B01
201700025145;1;7;0;13;0;0;1;A01
201700025146;1;7;0;0;2;1;1;A01
201700025146;2;7;0;0;2;1;1;B01
201700025147;2;7;0;13;2;1;5;A01
201700025147;1;15;0;0;2;7;21;B01
201700025148;2;2;0;12;0;0;1;A01
201700025149;1;10;0;6;2;1;17;A01
201700025149;1;7;0;0;2;3;15;B01
201700025150;1;7;0;2;0;7;13;A01
201700025151;0;2;0;12;0;3;20;A01
201700025152;2;33;0;0;2;1;17;A01
201700025152;2;7;0;0;2;8;15;B01
201700025153;0;7;0;8;0;5;0;A01
201700025153;0;7;0;2;2;1;18;B01
201700025154;0;7;0;8;0;1;1;A01
201700025155;2;7;0;0;0;9;1;A01
201700025156;1;7;0;2;0;1;1;A01
201700025157;2;2;0;0;0;8;1;B01
201700025157;;7;0;0;2;3;15;A01
201700025158;1;33;0;0;0;2;1;A01
201700025159;1;7;0;0;9;3;9;A01
201700025159;1;1;0;0;2;3;1;B01
201700025160;1;2;0;0;2;1;1;A01
201700025160;1;7;0;0;0;6;23;B01
201700025161;0;7;0;0;1;7;21;A01
201700025162;2;7;0;16;0;0;13;A01
201700025163;2;7;0;0;0;9;1;A01
201700025164;1;7;0;13;0;8;1;A01
201700025165;0;7;0;2;0;3;1;A01
201700025166;2;7;0;2;0;3;0;A01
201700025167;2;7;0;2;0;9;1;A01
201700025168;0;10;0;0;0;9;21;A01
201700025169;0;7;0;16;0;9;21;A01
201700025170;1;7;0;0;0;9;1;A01
201700025171;1;7;0;0;0;1;1;A01
201700025171;1;7;0;0;2;4;1;B01
201700025171;1;7;0;0;0;4;1;C01
201700025172;1;7;0;2;0;8;1;A01
201700025173;1;7;0;0;2;2;15;A01
201700025173;1;1;0;0;2;1;21;B01
201700025174;1;10;0;0;2;1;2;A01
201700025174;1;7;0;0;2;4;2;B01
201700025174;2;7;0;0;2;4;2;C01
201700025174;2;7;0;0;0;4;2;D01
201700025175;2;15;0;0;0;4;23;A01
201700025175;2;1;0;0;2;1;2;B01
201700025176;1;7;0;0;0;9;1;A01
201700025177;2;7;0;0;2;1;2;A01
201700025177;2;7;0;0;2;4;23;B01
201700025177;2;7;0;0;2;4;23;C01
201700025177;2;7;0;0;0;4;23;D01
201700025178;2;7;0;0;0;5;23;A01
201700025178;2;30;0;0;2;1;2;B01
201700025179;1;7;0;0;2;3;15;A01
201700025179;1;33;0;0;2;7;17;B01
201700025180;1;1;0;0;2;1;15;B01
201700025180;1;7;0;0;2;3;19;A01
201700025181;2;7;0;2;0;1;1;A01
201700025182;1;7;0;0;2;1;1;A01
201700025182;0;10;0;6;2;5;4;B01
201700025183;2;7;0;0;0;4;2;A01
201700025183;2;7;0;0;2;4;2;B02
201700025183;2;7;0;0;2;1;2;C03
201700025184;2;7;0;0;2;1;1;A01
201700025184;2;33;0;0;0;4;2;B01
201700025185;1;7;0;0;2;3;1;A01
201700025185;2;7;0;0;0;3;15;B01
201700025186;0;7;0;0;2;1;9;A01
201700025186;0;7;0;0;0;3;1;B01
201700025187;2;30;0;0;2;1;1;A01
201700025187;2;7;0;0;0;4;15;B01
201700025188;2;7;0;0;1;2;1;A01
201700025189;0;10;0;6;0;1;1;A01
201700025190;2;7;0;6;0;9;17;A01
201700025191;2;7;0;9;0;1;13;A01
201700025192;1;7;0;13;0;3;13;A01
201700025193;2;7;0;0;2;2;1;A01
201700025193;0;7;0;0;2;3;15;B01
201700025194;1;1;0;0;2;8;1;A01
201700025194;1;17;0;0;2;7;17;B01
201700025195;0;33;0;0;2;1;13;A01
201700025195;0;33;0;0;2;1;1;B01
201700025196;1;7;0;0;2;3;15;A01
201700025196;2;1;0;0;2;1;1;B01
201700025197;0;1;0;0;2;8;2;A01
201700025197;0;7;0;0;2;7;2;B01
201700025197;0;1;0;0;2;8;2;C01
201700025198;2;7;0;15;0;2;1;A01
201700025199;2;7;0;13;0;1;17;A01
201700025200;1;1;0;0;2;1;2;B01
201700025200;1;7;0;0;2;8;1;A01
201700025201;2;7;0;1;0;1;21;A01
201700025202;0;7;0;0;1;6;4;A01
201700025203;2;10;0;0;2;1;9;A01
201700025203;1;7;0;0;0;5;1;B01
201700025204;1;33;0;0;0;7;16;A01
201700025205;1;30;0;0;0;9;1;A01
201700025206;1;7;0;15;0;1;1;A01
201700025207;1;7;0;2;0;1;1;A01
201700025208;1;30;0;5;0;7;1;A01
201700025209;2;7;0;0;2;3;13;A01
201700025209;2;33;0;0;0;7;17;B01
201700025210;1;33;0;5;0;7;1;A01
201700025211;2;33;0;15;0;2;16;A01
201700025212;0;10;0;14;0;1;1;A01
201700025213;1;7;0;2;0;1;1;A01
201700025214;2;7;0;2;0;1;1;A01
201700025214;1;7;0;2;0;1;1;B01
201700025215;1;17;0;0;2;2;2;A01
201700025215;1;7;0;0;2;1;21;C01
201700025215;1;7;0;0;0;6;1;D01
201700025216;1;17;0;0;2;1;2;B01
201700025216;1;17;0;0;0;4;2;A01
201700025217;1;7;0;4;2;3;17;A01
201700025217;1;17;0;0;0;6;1;B01
201700025218;2;7;0;0;2;1;2;A01
201700025218;1;7;0;0;0;4;2;B01
201700025219;1;7;0;4;0;1;0;A01
201700025220;2;7;0;4;2;7;17;A01
201700025220;2;7;0;0;2;8;1;B01
201700025221;2;7;0;0;2;8;1;B01
201700025221;2;7;0;0;2;2;14;A01
201700025222;2;7;0;4;0;9;11;A01
201700025223;1;15;0;14;0;3;2;C01
201700025223;1;17;0;0;2;2;2;A01
201700025223;1;13;0;0;0;6;2;B01
201700025224;1;7;0;0;2;2;12;A01
201700025224;1;17;0;0;0;5;1;B01
201700025225;2;7;0;0;2;2;14;A01
201700025225;2;17;0;0;0;6;1;B01
201700025226;1;7;0;0;2;3;5;A01
201700025226;1;7;0;0;2;3;1;B01
201700025227;1;7;0;0;2;6;1;B01
201700025227;1;10;0;0;2;3;1;C01
201700025227;2;17;0;3;2;1;6;A01
201700025228;1;7;0;0;2;1;2;A01
201700025228;1;14;0;0;0;4;2;B01
201700025229;2;7;0;13;0;1;17;A01
201700025230;2;38;49;0;2;2;2;A01
201700025230;2;17;0;0;2;6;2;B01
201700025231;2;33;0;0;0;0;1;A01
201700025232;2;7;0;0;2;1;2;A01
201700025232;1;14;0;0;0;4;2;B01
201700025233;1;3;0;0;2;1;2;B01
201700025233;1;7;0;0;0;1;2;A01
201700025233;1;7;0;0;0;4;2;C01
201700025234;1;7;0;0;2;1;1;A01
201700025234;1;7;0;0;0;4;1;B01
201700025235;1;10;0;0;2;8;1;C01
201700025235;1;7;0;0;9;1;1;B01
201700025235;1;7;0;0;2;4;1;D01
201700025235;1;10;0;4;2;3;13;A01
201700025236;2;7;0;0;0;6;1;A01
201700025236;2;7;0;0;2;2;12;B01
201700025237;2;7;0;0;0;0;5;A01
201700025237;1;7;0;4;0;3;21;B01
201700025238;2;33;0;4;0;6;13;A01
201700025239;1;17;0;0;0;0;1;B01
201700025239;1;7;0;0;2;2;1;A01
201700025240;1;33;0;0;2;1;2;B01
201700025240;1;7;0;0;0;6;11;A01
201700025241;1;33;0;4;0;4;1;A01
201700025242;2;15;0;0;0;4;2;B01
201700025242;2;15;0;0;2;1;2;A01
201700025243;2;7;0;0;2;1;21;B01
201700025243;2;7;0;4;0;8;11;A01
201700025243;2;7;0;0;0;6;23;C01
201700025244;1;7;0;13;0;2;14;A01
201700025245;2;7;0;4;0;3;2;A01
201700025246;2;7;0;0;0;2;1;A01
201700025247;1;7;0;3;0;1;11;A01
201700025248;2;10;0;4;0;3;0;A01
201700025249;1;7;0;13;0;2;1;A01
201700025250;2;7;0;0;0;4;1;B01
201700025250;2;33;0;0;2;1;1;A01
201700025251;1;14;0;0;0;4;0;B01
201700025251;1;7;0;0;0;1;0;A01
201700025252;1;15;0;0;2;4;2;B01
201700025252;1;7;0;0;2;1;2;A01
201700025253;2;7;0;15;0;2;1;A01
201700025254;2;7;0;0;2;1;2;A01
201700025254;2;7;0;4;0;6;2;B01
201700025255;1;7;0;13;0;9;14;A01
201700025256;2;7;0;6;0;1;0;A01
201700025256;0;99;0;;;;;A02
201700025257;2;7;0;0;2;2;1;B01
201700025257;2;7;0;0;9;6;9;A01
201700025258;2;7;0;2;0;2;14;A01
201700025259;2;7;0;4;0;3;0;A01
201700025260;2;7;0;13;0;2;1;A01
201700025261;1;7;0;4;0;8;1;A01
201700025262;2;7;0;0;2;6;1;B01
201700025262;2;7;0;0;2;1;1;A01
201700025263;2;7;0;2;0;2;1;A01
201700025264;1;7;0;0;2;2;1;A01
201700025264;1;17;0;0;0;6;1;B01
201700025265;2;7;0;4;9;2;1;B01
201700025265;2;15;0;0;0;0;1;A01
201700025266;2;7;0;3;0;2;2;A01
201700025267;2;7;0;14;2;1;2;B01
201700025267;2;7;0;3;0;2;1;A01
201700025267;2;7;0;0;0;4;24;C01
201700025268;1;7;0;4;0;3;1;A01
201700025269;2;7;0;0;2;3;13;A01
201700025269;1;15;0;0;2;3;1;B01
201700025270;2;17;0;6;0;3;1;A01
201700025271;1;7;0;0;2;1;1;C01
201700025271;2;7;0;0;2;8;13;A01
201700025271;1;17;0;0;2;8;1;B01
201700025272;2;7;0;0;2;1;1;B01
201700025272;2;17;0;0;2;5;19;A01
201700025273;1;14;0;0;2;3;1;B01
201700025273;2;7;0;0;2;3;1;C01
201700025273;2;7;0;0;2;3;17;A01
201700025273;1;7;0;0;2;3;1;D01
201700025274;0;2;0;1;1;1;14;A01
201700025275;2;17;0;0;2;3;1;B01
201700025275;1;7;0;0;2;1;13;A01
201700025276;2;7;0;0;2;1;5;A01
201700025276;1;14;0;0;2;2;1;B01
201700025277;0;7;0;0;1;6;4;A01
201700025278;1;7;0;0;2;1;13;A01
201700025278;2;17;0;0;2;1;1;B01
201700025279;0;7;0;0;0;0;1;A01
201700025280;2;7;0;0;2;3;15;A01
201700025280;1;33;0;0;2;1;1;B01
201700025281;1;7;0;14;2;1;2;A01
201700025281;1;7;0;0;0;4;2;B01
201700025282;1;7;0;4;0;4;0;A01
201700025283;2;7;0;0;2;3;13;A01
201700025283;1;14;0;0;2;3;1;B01
201700025284;2;7;0;0;2;1;2;A01
201700025284;2;7;0;0;0;4;2;B01
201700025285;1;7;0;0;9;0;2;A01
201700025286;2;7;0;0;2;1;5;A01
201700025286;1;7;0;0;2;1;1;B01
201700025287;1;7;0;3;0;3;1;C01
201700025287;1;7;0;0;2;1;1;B01
201700025287;2;17;0;3;2;1;6;A01
201700025288;2;1;0;0;2;1;1;B01
201700025288;2;7;0;0;9;7;19;A01
201700025289;0;7;0;1;1;1;1;A01
201700025290;1;7;0;13;0;9;1;A01
201700025291;0;7;0;0;2;3;15;A01
201700025291;0;31;0;0;2;3;1;B01
201700025292;1;33;0;0;6;1;1;A01
201700025293;0;7;0;0;0;3;23;C01
201700025293;0;7;0;0;2;1;23;D01
201700025293;0;7;0;0;2;1;1;B01
201700025293;1;7;0;0;2;2;15;A01
201700025294;1;33;0;6;0;1;0;A01
201700025295;1;7;0;0;2;1;19;A01
201700025295;2;7;0;0;2;3;2;B01
201700025296;1;7;0;0;2;1;17;B01
201700025296;2;7;0;0;2;7;1;A01
201700025296;1;7;0;0;2;1;1;C01
201700025297;1;7;0;0;1;1;1;A01
201700025298;2;7;0;0;0;9;21;A01
201700025299;2;7;0;0;2;3;1;B01
201700025299;1;7;0;0;2;1;13;A01
201700025300;0;34;0;13;0;7;17;A01
201700025301;0;7;0;8;0;1;1;A01
201700025302;2;7;0;0;2;3;1;A01
201700025302;1;33;0;0;2;3;1;B01
201700025303;0;7;0;2;0;2;1;A01
201700025304;2;7;0;14;1;1;1;A01
201700025305;2;7;0;0;1;1;1;A01
201700025306;0;7;0;0;2;7;19;A01
201700025306;1;33;0;0;2;1;1;B01
201700025307;0;7;0;0;2;2;15;A01
201700025307;1;7;0;0;2;1;2;B01
201700025307;2;7;0;0;2;1;2;C01
201700025308;1;7;0;0;2;1;5;B01
201700025308;2;7;0;0;2;1;1;A01
201700025309;2;33;0;0;2;1;1;B01
201700025309;1;7;0;0;2;2;13;A01
201700025310;0;31;0;0;0;8;1;A01
201700025311;1;7;0;0;2;3;15;A01
201700025311;2;33;0;0;2;1;1;B01
201700025312;2;33;0;13;0;1;1;A01
201700025313;2;7;0;0;2;1;13;A01
201700025313;1;7;0;0;2;1;1;B01
201700025314;2;33;0;0;0;8;1;A01
201700025315;2;7;0;0;2;8;0;A01
201700025315;1;7;0;0;2;8;0;B01
201700025316;1;7;0;8;0;7;0;A01
201700025317;1;10;0;0;2;3;1;B01
201700025317;1;7;0;0;2;1;16;A01
201700025318;2;30;0;0;2;1;2;A01
201700025318;2;7;0;0;2;5;1;B01
201700025319;1;7;0;0;1;7;1;A01
201700025320;1;7;0;0;2;6;15;B01
201700025320;1;2;0;0;2;1;17;A01
201700025321;1;7;0;0;1;2;1;A01
201700025322;2;7;0;0;2;7;1;A01
201700025322;2;32;0;0;2;8;9;B01
201700025323;1;7;0;0;2;5;15;A01
201700025323;2;1;0;0;2;1;1;B01
201700025324;1;30;0;0;2;4;1;A01
201700025324;1;7;0;0;0;0;0;B01
201700025325;2;10;0;2;0;9;14;A01
201700025326;1;7;0;0;2;3;9;A01
201700025326;1;30;0;0;2;1;1;B01
201700025327;1;7;0;0;1;1;1;A01
201700025328;1;7;0;0;1;2;1;A01
201700025329;1;7;0;0;2;3;19;A01
201700025329;1;33;0;0;2;4;17;B01
201700025330;2;7;0;16;0;9;13;A01
201700025331;1;7;0;0;2;3;1;B01
201700025331;1;1;0;0;2;7;15;A01
201700025332;2;30;0;0;2;7;17;B01
201700025332;2;7;0;0;2;8;15;A01
201700025333;1;7;0;15;0;3;14;A01
201700025334;1;7;0;16;0;1;14;A01
201700025335;1;7;0;0;2;1;2;A01
201700025335;1;7;0;0;2;4;2;B01
201700025335;1;7;0;0;2;4;2;C01
201700025336;1;10;0;0;0;1;14;A01
201700025337;2;7;0;0;1;1;1;A01
201700025338;1;30;0;0;2;1;17;A01
201700025338;1;7;0;0;2;3;11;B01
201700025339;1;10;0;0;2;4;1;C01
201700025339;1;7;0;0;2;4;2;B01
201700025339;1;7;0;0;2;1;1;A01
201700025340;1;7;0;0;2;3;13;A01
201700025340;2;14;0;0;2;3;1;B01
201700025341;1;10;0;0;2;3;15;A01
201700025341;1;10;0;0;2;2;1;B01
201700025342;1;1;0;0;2;1;1;B01
201700025342;1;7;0;0;2;4;1;A01
201700025343;1;7;0;0;2;3;1;B01
201700025343;1;2;0;0;2;1;1;A01
201700025344;1;7;0;0;1;1;1;A01
201700025345;1;7;0;13;0;1;14;A01
201700025346;1;7;0;16;0;9;13;A01
201700025347;2;7;0;0;2;4;1;B01
201700025347;2;7;0;0;2;1;2;A01
201700025348;1;7;0;0;2;3;16;A01
201700025348;2;2;0;0;2;1;1;B01
201700025349;1;10;0;0;2;1;1;A01
201700025349;1;7;0;0;2;4;23;C01
201700025349;1;7;0;0;2;4;2;B01
201700025350;1;1;0;0;2;7;1;B01
201700025350;2;7;0;0;9;1;1;A01
201700025351;2;7;0;0;1;1;1;B01
201700025351;2;7;0;0;1;1;2;A01
201700025352;1;7;0;0;1;8;15;A01
201700025353;2;10;0;0;1;1;1;A01
201700025354;2;7;0;0;2;8;13;A01
201700025354;1;7;0;0;2;8;1;B01
201700025355;2;15;0;0;2;4;2;B01
201700025355;2;13;0;0;2;1;1;A01
201700025356;2;7;0;0;2;8;1;B01
201700025356;2;7;0;0;2;1;19;A01
201700025357;1;7;0;0;2;1;1;B01
201700025357;2;7;0;0;2;1;1;A01
201700025357;2;31;0;1;0;1;21;D01
201700025358;2;7;0;0;1;2;1;A01
201700025359;1;7;0;0;1;6;4;A01
201700025360;2;33;0;0;2;4;23;B01
201700025360;2;7;0;0;2;1;1;A01
201700025361;2;7;0;0;2;1;17;A01
201700025361;1;7;0;0;2;1;1;B01
201700025362;1;7;0;0;2;0;17;A01
201700025362;1;7;0;0;2;3;15;B01
201700025363;2;1;0;1;0;1;1;A01
201700025364;1;7;0;0;1;3;16;A01
201700025365;1;7;0;0;2;1;9;A01
201700025365;1;7;0;0;2;1;9;B01
201700025366;1;7;0;0;2;2;1;A01
201700025366;1;7;0;0;2;1;1;B01
201700025367;1;10;0;0;0;1;1;A01
201700025368;1;1;0;0;2;7;19;B01
201700025368;1;7;0;0;2;1;1;A01
201700025369;1;7;0;0;2;1;14;A01
201700025369;1;7;0;0;2;1;1;B01
201700025370;1;7;0;0;2;1;1;A01
201700025370;1;31;0;0;2;7;1;B01
201700025371;1;7;0;0;1;2;1;A01
201700025372;1;7;0;0;2;4;23;C01
201700025372;1;7;0;0;2;4;1;B01
201700025372;1;7;0;0;2;1;1;A01
201700025373;2;7;0;0;2;4;1;B01
201700025373;2;7;0;0;2;1;2;A01
201700025374;1;7;0;0;2;1;2;A01
201700025374;1;2;0;0;2;4;2;B01
201700025375;2;7;0;0;2;3;9;A01
201700025375;1;33;0;0;2;1;1;B01
201700025376;1;7;0;0;1;2;1;A01
201700025377;2;7;0;0;2;4;2;B01
201700025377;2;7;0;0;2;4;2;C01
201700025377;2;7;0;0;2;1;2;A01
201700025378;1;7;0;0;9;1;1;A01
201700025378;1;1;0;0;2;1;19;B01
201700025379;1;7;0;13;0;0;1;A01
201700025380;1;7;0;0;0;9;1;A01
201700025381;1;7;0;0;0;2;1;A01
201700025381;0;7;0;0;2;1;16;B01
201700025382;1;7;0;16;0;3;1;A01
201700025383;2;7;0;13;0;1;1;A01
201700025384;1;7;0;13;0;3;0;A01
201700025385;2;33;0;16;0;7;16;A01
201700025386;2;7;0;0;1;2;1;A01
201700025387;1;7;0;2;0;1;1;A01
201700025388;0;7;0;0;2;2;13;A01
201700025388;0;7;0;0;2;2;1;B01
201700025389;0;16;0;0;1;6;1;A01
201700025390;2;32;0;0;0;7;20;A01
201700025391;2;7;0;0;2;1;2;A01
201700025391;2;7;0;0;0;4;2;B01
201700025392;1;31;0;0;2;3;15;B01
201700025392;0;7;0;0;2;3;15;A01
201700025393;1;1;0;15;0;1;1;A01
201700025394;1;7;0;2;0;1;1;A01
201700025395;0;1;0;14;0;0;1;A01
201700025396;1;7;0;0;0;1;1;A01
201700025397;0;33;0;7;0;1;2;A01
201700025398;1;7;0;1;0;7;17;A01
201700025398;1;99;0;0;0;3;24;B01
201700025398;2;7;0;0;2;8;1;C01
201700025398;2;33;0;0;2;1;1;D01
201700025399;2;7;0;0;2;1;2;B01
201700025399;2;7;0;0;0;4;2;A01
201700025400;1;7;0;0;2;1;0;B01
201700025400;2;7;0;0;2;1;5;A01
201700025401;2;7;0;0;2;1;1;B01
201700025401;2;15;0;0;2;7;9;A01
201700025402;2;7;0;0;2;8;13;A01
201700025402;1;7;0;0;2;3;5;B01
201700025403;2;7;0;0;0;4;23;A01
201700025403;2;7;0;1;1;1;2;B01
201700025404;2;31;0;0;2;2;1;A01
201700025404;2;7;0;0;2;3;11;B01
201700025405;1;7;0;0;2;1;1;B01
201700025405;2;30;0;0;2;1;5;A01
201700025406;1;7;0;0;0;9;0;A01
201700025407;2;7;0;2;0;1;2;A01
201700025408;2;7;0;2;0;2;1;A01
201700025409;1;7;0;0;2;1;1;A01
201700025409;2;7;0;0;2;1;1;B01
201700025410;1;14;0;3;0;2;1;A01
201700025410;1;14;0;1;2;1;2;B01
201700025410;1;14;0;1;2;2;21;C01
201700025411;1;7;0;0;2;1;2;A01
201700025411;1;7;0;0;0;4;2;B01
201700025411;1;10;0;0;2;1;21;C01
201700025412;1;7;0;0;0;4;23;B01
201700025412;1;7;0;3;2;1;1;A01
201700025413;2;17;0;0;0;0;2;B01
201700025413;2;7;0;0;2;1;2;A01
201700025414;2;10;0;3;0;1;1;A01
201700025415;1;7;0;6;0;2;14;A01
201700025416;1;33;0;3;0;3;17;A01
201700025417;1;7;0;0;0;4;2;B01
201700025417;1;10;0;0;2;1;2;A01
201700025418;1;7;0;0;9;1;1;C01
201700025418;2;7;0;0;2;1;5;A01
201700025418;1;7;0;0;2;1;1;B01
201700025419;1;7;0;3;0;2;14;A01
201700025420;1;7;0;0;2;3;13;A01
201700025420;2;7;0;0;2;3;1;B01
201700025421;1;7;0;0;2;8;23;C01
201700025421;2;7;0;0;2;1;15;A01
201700025421;1;33;0;14;2;8;1;B01
201700025422;1;7;0;10;0;1;1;A01
201700025423;1;7;0;0;0;5;15;A01
201700025423;2;33;0;0;2;1;1;B01
201700025424;1;32;0;0;2;3;16;A01
201700025424;2;7;0;0;2;3;1;B01
201700025425;0;33;0;8;0;1;1;A01
201700025426;1;7;0;0;2;1;2;A01
201700025426;1;7;0;0;0;4;15;B01
201700025427;1;1;0;0;0;4;2;A01
201700025427;1;7;0;0;0;1;2;B01
201700025428;2;7;0;0;2;2;1;B01
201700025428;0;7;0;0;2;7;15;A01
201700025429;2;2;0;0;2;3;1;A01
201700025429;1;7;0;0;2;2;15;B01
201700025430;1;33;0;13;0;1;1;A01
201700025431;0;37;20;0;2;1;2;A01
201700025431;0;7;0;0;2;8;15;B01
201700025432;1;33;0;0;0;7;1;A01
201700025433;1;7;0;0;9;2;1;A01
201700025433;1;1;0;0;0;4;1;B01
201700025433;1;1;0;0;0;4;1;C01
201700025433;;7;0;;;;;A02
201700025434;0;2;0;0;2;2;2;A01
201700025434;0;7;0;0;0;6;23;B01
201700025435;1;7;0;0;2;1;1;A01
201700025435;2;7;0;0;2;3;9;B01
201700025436;1;7;0;13;0;1;13;A01
201700025436;1;7;0;0;0;4;1;B01
201700025437;0;7;0;0;2;2;3;A01
201700025437;0;33;0;0;2;3;3;B01
201700025438;1;31;0;0;9;7;1;A01
201700025438;2;1;0;0;2;4;5;B01
201700025439;1;7;0;12;0;2;1;A01
201700025440;0;7;0;0;1;3;1;A01
201700025441;1;7;0;0;2;1;5;A01
201700025441;2;7;0;0;2;1;1;B01
201700025442;2;7;0;0;0;6;15;A01
201700025442;2;33;0;0;2;1;2;B01
201700025443;2;7;0;0;2;7;15;A01
201700025443;1;7;0;0;2;1;1;B01
201700025444;2;7;0;2;0;2;1;A01
201700025445;2;7;0;2;0;3;1;A01
201700025446;1;14;0;0;2;6;0;A01
201700025446;2;7;0;0;2;3;1;B01
201700025447;2;7;0;13;0;9;1;A01
201700025448;2;7;0;0;2;3;1;B01
201700025448;0;7;0;0;2;8;15;A01
201700025449;2;7;0;0;2;3;13;A01
201700025449;1;7;0;0;2;3;1;B01
201700025450;2;7;0;13;0;3;1;A01
201700025451;1;33;0;7;0;0;17;A01
201700025452;1;2;0;0;2;1;1;B01
201700025452;0;7;0;0;2;3;19;A01
201700025453;0;7;0;0;2;2;16;B01
201700025453;0;1;0;0;2;1;18;A01
201700025454;2;7;0;0;2;2;15;A01
201700025454;1;7;0;0;2;1;1;B01
201700025455;0;7;0;2;0;1;1;A01
201700025456;1;7;0;0;2;1;1;B01
201700025456;2;7;0;0;2;7;13;A01
201700025457;1;7;0;6;0;1;1;A01
201700025458;1;7;0;0;2;1;1;A01
201700025458;1;7;0;0;2;8;1;B01
201700025459;1;7;0;0;2;8;15;A01
201700025459;2;7;0;0;2;1;1;B01
201700025460;1;7;0;8;0;1;1;A01
201700025461;1;7;0;16;0;1;1;A01
201700025462;2;7;0;6;0;1;1;A01
201700025463;0;3;0;6;0;1;1;A01
201700025464;2;7;0;13;0;2;14;A01
201700025465;1;7;0;0;2;1;1;C01
201700025465;1;7;0;0;2;9;1;B01
201700025465;1;7;0;0;2;3;19;A01
201700025466;1;7;0;0;2;3;1;B01
201700025466;1;7;0;0;2;1;19;A01
201700025467;1;31;0;0;9;1;2;A01
201700025467;1;1;0;0;2;3;2;B01
201700025468;2;7;0;0;2;1;1;A01
201700025468;2;7;0;0;0;4;1;B01
201700025469;0;7;0;0;2;1;2;A01
201700025469;0;7;0;1;0;4;23;B01
201700025469;0;99;0;0;0;4;23;C01
201700025470;0;7;0;0;2;1;17;A01
201700025470;0;10;0;0;2;8;15;B01
201700025471;2;7;0;2;0;5;1;A01
201700025472;1;33;0;0;2;3;1;A01
201700025472;2;1;0;0;2;3;1;B01
201700025473;2;31;0;0;0;1;1;A01
201700025474;2;7;0;2;0;2;1;A01
201700025475;1;7;0;0;9;3;1;B01
201700025475;2;1;0;0;2;1;1;A01
201700025476;0;7;0;13;2;9;0;A01
201700025476;0;7;0;13;2;9;1;B01
201700025477;0;2;0;0;2;3;1;B01
201700025477;0;7;0;0;2;5;1;A01
201700025478;2;7;0;0;2;1;1;B01
201700025478;1;7;0;0;2;1;1;A01
201700025479;2;7;0;7;0;9;0;A01
201700025480;0;7;0;9;0;1;1;A01
201700025481;1;7;0;0;2;6;16;A01
201700025481;1;1;0;0;2;1;1;B01
201700025482;1;7;0;0;2;1;5;A01
201700025482;2;7;0;0;2;1;1;B01
201700025483;1;7;0;0;0;1;1;A01
201700025483;2;7;0;0;0;3;1;B01
201700025484;0;2;0;0;2;1;1;A01
201700025484;0;99;0;0;2;3;15;B01
201700025485;1;33;0;12;0;7;1;A01
201700025486;2;7;0;0;2;3;1;A01
201700025486;1;33;0;0;2;1;13;B01
201700025487;2;7;0;0;1;8;4;A01
201700025488;1;33;0;0;2;1;17;A01
201700025488;2;7;0;0;0;8;1;B01
201700025489;0;7;0;0;2;7;10;A01
201700025489;0;33;0;1;2;1;1;B01
201700025490;2;7;0;0;2;2;1;B01
201700025490;1;10;0;0;2;3;13;A01
201700025491;0;2;0;0;2;1;1;B01
201700025491;0;7;0;0;2;6;9;A01
201700025492;1;33;0;0;2;5;1;A01
201700025492;1;7;0;0;2;2;9;B01
201700025493;2;7;0;0;2;5;15;A01
201700025493;2;33;0;0;2;2;1;B01
201700025494;1;7;0;0;2;3;15;A01
201700025494;2;32;0;0;2;8;1;B01
201700025494;0;7;0;0;2;1;23;C01
201700025495;2;7;0;15;0;1;1;A01
201700025496;2;7;0;0;2;1;15;A01
201700025496;1;33;0;0;2;3;1;B01
201700025497;1;33;0;0;2;1;17;A01
201700025497;2;33;0;0;2;1;1;B01
201700025497;1;10;0;0;2;8;1;C01
201700025498;0;7;0;0;1;1;15;A01
201700025499;0;7;0;0;2;8;10;A01
201700025499;0;33;0;0;2;2;17;B01
201700025500;0;2;0;0;2;7;17;B01
201700025500;0;7;0;0;2;8;15;A01
201700025501;0;7;0;0;2;3;1;B01
201700025501;0;7;0;0;2;3;19;A01
201700025502;2;34;0;0;2;2;1;B01
201700025502;1;7;0;0;2;2;15;A01
201700025503;1;7;0;16;0;9;1;A01
201700025504;1;7;0;13;0;9;1;A01
201700025505;2;7;0;0;2;2;15;A01
201700025505;1;2;0;0;2;1;1;B01
201700025506;2;7;0;8;9;2;1;A01
201700025507;2;7;0;0;2;3;1;A01
201700025507;1;7;0;0;2;3;1;B01
201700025508;2;7;0;0;0;9;1;A01
201700025509;2;7;0;0;2;3;1;B01
201700025509;1;33;0;0;2;1;1;A01
201700025510;1;31;0;0;0;8;1;A01
201700025511;1;7;0;0;2;7;1;A01
201700025511;2;7;0;0;2;1;5;B01
201700025512;2;7;0;2;0;1;1;A01
201700025513;1;7;0;0;9;3;15;A01
201700025513;2;1;0;0;0;0;1;B01
201700025514;1;17;0;0;2;1;1;B01
201700025514;1;7;0;0;2;8;1;A01
201700025515;1;7;0;0;2;1;15;A01
201700025515;2;7;0;0;0;2;1;B01