num_acc;senc;catv;occutc;obs;obsm;choc;manv;num_veh
201700025897;2;7;0;0;1;1;1;A01
201700025898;1;7;0;0;2;1;1;A01
201700025898;2;2;0;0;0;9;1;B01
201700025899;2;1;0;1;0;1;1;A01
201700025900;1;33;0;4;0;1;1;A01
201700025901;1;7;0;0;1;3;15;A01
201700025902;2;7;0;0;1;1;1;A01
201700025903;1;40;50;0;1;1;1;A01
201700025904;1;33;0;8;0;1;1;A01
201700025905;1;33;0;0;2;6;1;A01
201700025905;1;7;0;0;2;0;0;Z01
201700025906;1;34;0;0;2;1;1;B01
201700025906;2;7;0;0;2;3;15;A01
201700025907;1;7;0;0;1;1;1;A01
201700025908;2;7;0;1;2;1;1;A01
201700025908;2;10;0;1;2;1;23;B01
201700025908;2;7;0;0;0;4;1;C01
201700025909;2;31;0;0;1;1;1;A01
201700025910;2;7;0;0;2;3;13;A01
201700025910;1;2;0;0;0;1;1;B01
201700025911;2;40;30;0;1;8;1;A01
201700025912;1;7;0;0;2;1;1;B01
201700025912;1;7;0;0;2;1;5;A01
201700025913;1;34;0;0;2;1;1;B01
201700025913;1;7;0;0;0;2;15;A01
201700025914;1;7;0;0;2;1;17;Z01
201700025914;1;30;0;0;2;8;1;A01
201700025915;2;7;0;0;1;0;1;A01
201700025916;2;7;0;0;1;1;7;A01
201700025917;1;1;0;8;2;3;1;A01
201700025917;1;13;0;0;2;2;1;B01
201700025918;2;31;0;0;2;1;17;A01
201700025918;2;7;0;0;2;8;10;B01
201700025919;2;7;0;0;2;3;1;Z01
201700025919;2;7;0;0;2;1;1;B01
201700025920;1;7;0;0;2;1;15;A01
201700025920;1;1;0;0;0;1;15;B01
201700025921;2;37;30;0;0;0;1;A01
201700025921;1;2;0;0;9;1;1;B01
201700025922;2;7;0;8;0;1;1;A01
201700025923;2;2;0;0;2;4;1;B01
201700025923;2;33;0;0;2;1;1;A01
201700025924;2;7;0;0;2;1;15;A01
201700025924;1;33;0;0;0;1;1;B01
201700025925;2;37;20;0;0;2;7;B01
201700025925;2;7;0;0;2;3;15;A01
201700025926;2;2;0;0;2;0;17;Z01
201700025926;2;30;0;0;2;0;1;A01
201700025927;2;7;0;0;1;1;1;A01
201700025928;2;15;0;0;2;1;1;A01
201700025928;1;30;0;0;0;8;18;B01
201700025929;2;30;0;0;2;1;1;B01
201700025929;2;7;0;0;2;3;15;A01
201700025930;2;7;0;0;2;1;10;A01
201700025930;2;33;0;0;0;7;3;B01
201700025931;2;7;0;0;1;3;15;A01
201700025932;2;7;0;0;2;8;1;B01
201700025932;1;32;0;0;2;1;19;A01
201700025933;2;34;0;0;2;4;1;A01
201700025933;2;7;0;0;2;4;1;B01
201700025934;2;7;0;0;2;1;1;A01
201700025934;1;7;0;0;0;4;1;B01
201700025935;0;7;0;0;1;4;1;A01
201700025936;2;7;0;0;1;2;1;A01
201700025937;2;10;0;0;2;1;1;B01
201700025937;2;7;0;0;2;1;1;A01
201700025938;1;33;0;0;2;1;1;A01
201700025938;1;1;0;0;0;8;19;B01
201700025939;1;7;0;0;1;2;1;A01
201700025940;2;7;0;0;1;2;1;A01
201700025941;1;2;0;0;1;1;1;A01
201700025941;1;7;0;0;0;0;24;B01
201700025942;1;2;0;0;2;8;14;A01
201700025942;1;7;0;0;2;0;0;Z01
201700025943;1;7;0;0;2;1;1;Z01
201700025943;1;2;0;0;2;1;1;B01
201700025944;1;7;0;0;1;1;1;A01
201700025945;1;31;0;0;2;1;1;B01
201700025945;1;10;0;0;2;8;1;A01
201700025946;1;7;0;0;2;1;1;B01
201700025946;2;7;0;0;2;1;1;A01
201700025947;2;2;0;0;1;3;5;A01
201700025948;1;7;0;0;2;1;16;A01
201700025948;1;1;0;0;2;1;1;B01
201700025949;2;7;0;0;1;1;15;A01
201700025950;2;1;0;0;2;1;1;A01
201700025950;2;10;0;0;2;2;15;B01
201700025951;1;7;0;0;2;1;1;A01
201700025951;1;7;0;0;2;4;1;B01
201700025952;2;2;0;0;2;8;1;B01
201700025952;2;7;0;0;0;3;15;A01
201700025953;2;7;0;0;2;4;1;C01
201700025953;2;7;0;0;2;1;1;A01
201700025953;2;7;0;0;2;4;1;B01
201700025954;1;7;0;4;0;1;1;A01
201700025955;1;40;150;0;1;1;1;A01
201700025956;2;7;0;0;2;3;15;A01
201700025956;2;1;0;0;2;9;1;B01
201700025957;1;7;0;0;1;3;16;A01
201700025958;1;1;0;0;2;9;19;A01
201700025958;1;7;0;0;2;2;1;B01
201700025959;1;7;0;0;2;1;16;A01
201700025959;1;7;0;0;2;2;1;B01
201700025960;2;7;0;0;2;0;18;Z01
201700025960;1;1;0;0;0;1;16;B01
201700025961;1;33;0;0;0;4;1;B01
201700025961;1;7;0;0;2;1;1;A01
201700025962;1;10;0;0;2;1;15;A01
201700025962;1;34;0;0;2;1;1;B01
201700025963;1;10;0;0;1;1;1;A01
201700025964;1;7;0;0;1;0;4;A01
201700025965;1;7;0;0;0;2;1;B01
201700025965;1;7;0;0;2;1;1;A01
201700025966;1;33;0;0;0;7;15;A01
201700025966;1;7;0;0;0;0;1;B01
201700025967;1;7;0;7;0;3;1;A01
201700025968;2;2;0;0;2;1;1;B01
201700025968;1;7;0;0;2;1;15;A01
201700025969;1;40;0;0;1;1;1;A01
201700025970;2;7;0;13;0;3;1;A01
201700025971;0;7;0;0;1;1;1;A01
201700025972;2;1;0;0;2;8;1;B01
201700025972;0;7;0;0;2;1;19;A01
201700025973;0;7;0;2;0;1;14;A01
201700025974;0;7;0;0;2;1;19;A01
201700025974;0;7;0;0;2;8;1;B01
201700025975;2;7;0;0;2;2;1;A01
201700025975;2;7;0;0;2;4;15;B01
201700025976;0;7;0;0;2;1;13;A01
201700025976;0;7;0;0;2;1;1;B01
201700025977;;1;0;0;2;7;0;B01
201700025977;0;7;0;0;9;8;13;A01
201700025978;0;7;0;0;0;2;14;A01
201700025979;0;7;0;6;0;3;16;A01
201700025980;0;2;0;0;2;8;1;A01
201700025980;0;7;0;0;2;3;1;B01
201700025981;1;10;0;0;9;2;1;A01
201700025981;1;1;0;0;2;4;1;B01
201700025982;0;7;0;0;2;8;13;A01
201700025982;0;30;0;0;2;8;1;B01
201700025983;0;7;0;0;2;3;1;B01
201700025983;0;7;0;0;2;3;13;A01
201700025984;0;7;0;6;0;1;1;A01
201700025985;0;33;0;12;0;1;1;A01
201700025986;0;2;0;13;0;1;1;A01
201700025987;2;1;0;0;2;1;1;B01
201700025987;1;7;0;0;9;7;15;A01
201700025988;0;33;0;0;0;1;16;A01
201700025989;1;7;0;0;2;1;1;B01
201700025989;2;7;0;0;2;3;13;A01
201700025990;1;7;0;2;0;1;1;A01
201700025991;1;7;0;13;0;1;1;A01
201700025992;2;1;0;0;0;4;1;B01
201700025992;2;7;0;0;2;2;2;A01
201700025993;2;7;0;0;2;3;1;A01
201700025993;1;7;0;0;2;1;1;B01
201700025994;1;33;0;13;0;1;1;A01
201700025995;2;7;0;6;1;1;21;A01
201700025996;2;2;0;0;2;1;2;A01
201700025996;1;10;0;0;2;2;0;B01
201700025997;0;10;0;0;2;3;1;A01
201700025997;0;33;0;0;2;7;12;B01
201700025998;2;33;0;0;2;1;17;A01
201700025998;2;10;0;0;0;4;9;B01
201700025999;0;33;0;0;2;8;18;A01
201700025999;0;7;0;0;2;2;1;B01
201700026000;0;10;0;0;1;4;15;A01
201700026001;0;10;0;0;1;4;4;A01
201700026002;0;7;0;0;0;7;15;A01
201700026002;0;1;0;0;2;1;1;B01
201700026003;0;32;0;0;2;7;1;A01
201700026003;0;7;0;0;2;3;15;B01
201700026003;0;7;0;0;2;3;1;C01
201700026004;0;2;0;0;2;1;18;A01
201700026004;0;7;0;0;2;2;15;B01
201700026005;0;33;0;0;2;1;0;A01
201700026005;0;7;0;0;2;5;15;B01
201700026006;1;10;0;0;0;6;23;A01
201700026006;1;2;0;0;2;1;2;B01
201700026007;0;7;0;12;2;3;15;A01
201700026007;0;34;0;1;0;9;1;B01
201700026008;0;33;0;0;0;1;1;A01
201700026009;0;34;0;14;0;8;17;A01
201700026010;0;33;0;8;2;3;18;A01
201700026010;0;7;0;0;2;0;15;B01
201700026011;0;7;0;0;0;7;1;B01
201700026011;0;1;0;0;2;1;19;A01
201700026012;0;2;0;0;0;8;1;A01
201700026013;0;32;0;0;1;1;17;A01
201700026014;0;33;0;0;2;1;1;B01
201700026014;0;7;0;0;2;2;10;A01
201700026015;1;7;0;0;0;4;2;A01
201700026015;1;2;0;0;2;1;2;B01
201700026016;0;7;0;0;2;3;9;A01
201700026016;0;2;0;0;2;7;5;B01
201700026017;0;7;0;0;0;8;15;A01
201700026017;0;2;0;0;2;2;17;B01
201700026018;0;1;0;1;0;1;0;A01
201700026019;0;7;0;0;0;2;15;A01
201700026019;0;2;0;0;2;1;1;B01
201700026020;0;7;0;0;2;3;1;A01
201700026020;0;33;0;0;2;8;15;B01
201700026021;0;7;0;0;2;3;2;A01
201700026021;0;17;0;0;2;5;12;B01
201700026022;0;7;0;0;2;3;2;A01
201700026022;0;33;0;12;2;1;3;B01
201700026023;0;33;0;12;0;1;3;A01
201700026024;0;33;0;0;2;1;2;A01
201700026024;0;7;0;0;2;3;10;B01
201700026025;0;7;0;0;2;1;15;A01
201700026025;0;33;0;0;0;8;18;B01
201700026026;0;34;0;0;2;2;16;B01
201700026026;0;34;0;1;2;1;18;A01
201700026027;0;2;0;0;2;1;1;A01
201700026027;0;1;0;0;2;7;19;B01
201700026028;0;7;0;0;2;3;15;A01
201700026028;0;2;0;0;2;1;17;B01
201700026029;0;7;0;0;0;4;15;A01
201700026029;0;34;0;0;2;1;1;B01
201700026030;0;7;0;0;2;1;6;A01
201700026030;0;7;0;0;0;8;15;B01
201700026031;0;2;0;0;2;1;1;A01
201700026031;0;7;0;0;2;2;11;B01
201700026032;2;33;0;0;2;2;17;A01
201700026032;2;7;0;0;0;8;10;B01
201700026033;0;33;0;0;2;1;18;A01
201700026033;0;7;0;0;2;2;15;B01
201700026034;0;1;0;0;0;4;1;A01
201700026034;0;7;0;0;9;1;14;B01
201700026035;2;33;0;0;2;1;1;A01
201700026035;1;7;0;0;0;2;15;B01
201700026036;1;7;0;0;2;1;13;A01
201700026036;2;7;0;0;2;1;1;B01
201700026036;1;7;0;0;2;1;2;C01
201700026036;2;7;0;0;2;1;2;D01
201700026036;2;7;0;0;2;8;1;E01
201700026037;1;7;0;0;1;3;16;A01
201700026038;1;7;0;0;2;7;1;A01
201700026038;1;1;0;0;2;1;1;B01
201700026039;1;7;0;0;1;2;1;A01
201700026040;2;2;0;6;0;1;1;A01
201700026041;2;1;0;0;1;1;1;A01
201700026042;0;30;0;1;0;2;1;B01
201700026042;0;7;0;0;2;8;22;A01
201700026043;0;7;0;0;2;3;1;B01
201700026043;0;30;0;0;2;5;1;A01
201700026044;1;7;0;0;2;1;15;A01
201700026044;2;30;0;0;2;1;1;B01
201700026045;0;7;0;0;2;7;9;A01
201700026045;0;31;0;0;2;1;1;B01
201700026046;2;7;0;0;2;5;1;C01
201700026046;1;33;0;0;2;6;17;A01
201700026046;1;10;0;0;2;6;1;B01
201700026047;2;7;0;0;2;3;13;A01
201700026047;1;7;0;3;2;3;1;B01
201700026048;1;31;0;0;2;1;13;A01
201700026048;2;7;0;0;2;6;1;B01
201700026049;0;7;0;0;2;1;1;A01
201700026049;0;1;0;0;2;7;19;B01
201700026050;0;7;0;0;2;1;13;A01
201700026050;0;7;0;0;2;1;1;B01
201700026051;1;7;0;0;2;5;1;B01
201700026051;1;36;0;0;2;1;2;A01
201700026052;1;30;0;0;2;1;1;A01
201700026052;1;7;0;0;2;6;1;B01
201700026053;0;7;0;0;2;8;12;A01
201700026053;0;1;0;0;2;7;12;B01
201700026054;1;34;0;0;2;5;18;A01
201700026054;1;1;0;0;2;5;16;B01
201700026055;1;34;0;0;2;6;1;B01
201700026055;2;33;0;0;2;1;17;A01
201700026056;1;33;0;0;2;1;1;A01
201700026056;1;10;0;0;2;6;23;B01
201700026057;2;7;0;0;1;1;16;A01
201700026058;2;3;0;0;2;1;1;A01
201700026058;2;7;0;0;2;5;1;B01
201700026059;1;7;0;0;2;1;1;B01
201700026059;2;7;0;0;2;2;19;A01
201700026060;1;7;0;6;0;1;16;A01
201700026061;2;7;0;0;1;1;1;A01
201700026062;2;7;0;0;2;0;0;A01
201700026062;2;7;0;0;2;3;1;C01
201700026062;1;7;0;0;2;1;0;B01
201700026063;1;7;0;0;2;3;19;A01
201700026063;1;30;0;0;2;1;0;B01
201700026064;2;7;0;0;2;8;10;A01
201700026064;2;33;0;0;2;0;0;B01
201700026065;1;7;0;0;1;1;16;A01
201700026066;2;34;0;0;2;1;17;A01
201700026066;2;7;0;0;2;3;1;B01
201700026067;1;1;0;0;1;0;0;Z01
201700026068;2;7;0;0;2;1;1;B01
201700026068;1;7;0;0;2;3;13;A01
201700026069;2;30;0;0;2;7;1;B01
201700026069;2;7;0;0;2;3;15;A01
201700026070;1;7;0;0;9;1;15;A01
201700026070;2;33;0;0;2;8;1;B01
201700026071;1;7;0;0;1;1;1;A01
201700026072;1;7;0;0;2;8;9;A01
201700026072;1;14;0;0;2;1;1;B01
201700026073;1;31;0;0;2;1;1;B01
201700026073;2;7;0;0;2;7;19;A01
201700026074;1;33;0;0;2;1;1;B01
201700026074;1;7;0;0;2;8;19;A01
201700026075;1;7;0;0;2;8;20;B01
201700026075;2;34;0;0;2;1;13;A01
201700026076;1;7;0;0;2;1;1;C01
201700026076;2;7;0;0;2;1;1;B01
201700026076;1;7;0;0;2;5;15;A01
201700026077;1;33;0;11;0;1;1;A01
201700026078;2;30;0;2;0;1;1;A01
201700026079;2;7;0;0;1;1;1;A01
201700026080;1;7;0;0;2;2;9;Z01
201700026080;1;31;0;0;2;5;1;B01
201700026081;1;99;0;0;2;8;1;B01
201700026081;1;2;0;0;2;7;9;A01
201700026082;1;7;0;8;0;1;14;A01
201700026083;2;7;0;0;1;7;1;A01
201700026084;1;7;0;0;2;1;6;A01
201700026084;2;7;0;0;2;1;1;B01
201700026085;2;7;0;0;2;2;1;B01
201700026085;1;99;0;0;2;1;1;A01
201700026086;2;7;0;0;2;2;16;A01
201700026086;2;2;0;0;2;1;14;B01
201700026087;2;10;0;0;1;4;4;A01
201700026088;0;2;0;0;2;1;9;A01
201700026088;1;7;0;0;2;7;1;Z01
201700026089;2;7;0;1;1;2;1;A01
201700026090;1;7;0;0;2;1;5;A01
201700026090;2;7;0;0;2;1;1;B01
201700026091;1;7;0;0;1;5;1;B01
201700026092;2;7;0;0;2;1;21;A01
201700026093;2;7;0;0;1;1;1;A01
201700026094;2;1;0;0;2;7;15;A01
201700026094;2;7;0;0;2;1;1;B01
201700026095;2;17;0;0;2;3;15;B01
201700026095;1;32;0;0;2;1;1;A01
201700026096;2;7;0;0;1;1;1;A01
201700026097;0;7;0;0;2;7;15;A01
201700026097;0;33;0;0;2;1;1;B01
201700026098;2;7;0;0;1;1;10;A01
201700026099;1;7;0;0;1;1;1;A01
201700026100;0;32;0;0;0;4;23;B01
201700026100;1;7;0;0;2;0;0;A01
201700026101;2;7;0;0;1;3;1;A01
201700026102;1;33;0;0;2;1;0;B01
201700026102;1;33;0;0;2;1;1;A01
201700026103;2;31;0;0;2;1;11;A01
201700026103;2;7;0;0;0;6;23;B01
201700026104;1;33;0;0;1;1;0;B01
201700026105;2;7;0;0;2;1;13;A01
201700026105;1;7;0;0;2;1;1;B01
201700026106;1;7;0;0;1;2;1;A01
201700026107;2;7;0;0;2;2;1;A01
201700026107;2;1;0;0;2;4;1;B01
201700026108;2;31;0;0;1;3;1;A01
201700026109;2;7;0;0;2;1;1;B01
201700026109;0;7;0;0;2;1;6;A01
201700026110;2;30;0;0;2;1;1;B01
201700026110;1;7;0;0;2;2;0;A01
201700026111;1;10;0;0;2;1;13;A01
201700026111;2;7;0;0;2;1;1;B01
201700026112;2;7;0;15;2;2;1;A01
201700026112;1;7;0;0;2;3;1;B01
201700026113;2;10;0;0;0;6;24;B01
201700026113;2;7;0;1;0;8;15;A01
201700026114;1;7;0;0;1;2;1;B01
201700026115;1;7;0;13;0;9;1;A01
201700026116;2;33;0;0;1;0;0;B01
201700026117;1;7;0;0;2;1;1;A01
201700026117;1;7;0;0;2;2;15;B01
201700026118;1;7;0;0;1;1;1;A01
201700026119;2;7;0;2;0;1;5;A01
201700026120;2;7;0;0;2;3;1;B01
201700026120;1;7;0;0;2;4;4;A01
201700026121;1;7;0;0;2;1;15;A01
201700026121;1;7;0;0;2;8;1;B01
201700026122;0;7;0;2;0;0;0;A01
201700026123;1;7;0;8;0;2;14;A01
201700026124;1;7;0;0;2;4;23;B01
201700026124;1;7;0;0;2;4;23;C01
201700026124;1;7;0;0;2;1;1;A01
201700026125;1;7;0;0;1;1;1;B01
201700026126;2;10;0;0;1;3;15;A01
201700026127;2;7;0;0;2;2;15;A01
201700026127;1;33;0;0;2;1;1;B01
201700026128;1;30;0;0;2;3;1;B01
201700026128;2;7;0;0;2;8;15;A01
201700026129;2;7;0;0;2;2;15;A01
201700026129;1;7;0;0;2;1;1;B01
201700026130;1;7;0;0;1;2;1;A01
201700026131;2;33;0;0;2;2;14;B01
201700026131;2;7;0;0;2;8;9;A01
201700026132;1;7;0;0;2;2;21;B01
201700026132;2;7;0;0;2;3;19;A01
201700026133;1;7;0;12;0;2;14;A01
201700026134;2;7;0;0;2;2;15;A01
201700026134;2;30;0;0;2;1;1;B01
201700026135;2;32;0;12;0;0;0;A01
201700026136;1;32;0;0;2;1;15;A01
201700026136;2;32;0;0;2;1;1;B01
201700026137;2;7;0;0;2;1;1;A01
201700026137;1;7;0;0;0;0;0;B01
201700026138;1;7;0;0;2;1;16;A01
201700026138;2;7;0;0;2;8;0;B01
201700026139;2;7;0;0;2;1;1;A01
201700026139;2;7;0;0;2;7;4;B01
201700026140;1;7;0;15;0;1;1;A01
201700026141;1;7;0;0;2;1;0;A01
201700026141;1;7;0;0;2;4;1;B01
201700026142;2;7;0;0;2;3;1;A01
201700026142;2;32;0;0;1;4;23;B01
201700026143;1;7;0;0;2;3;11;A01
201700026143;1;32;0;0;2;7;17;B01
201700026144;1;7;0;0;2;1;1;A01
201700026144;0;1;0;0;2;8;1;B01
201700026145;1;33;0;0;2;1;1;A01
201700026145;0;7;0;0;2;7;1;B01
201700026146;1;7;0;0;2;1;1;A01
201700026146;1;7;0;0;2;4;1;B01
201700026147;2;7;0;0;2;3;1;B01
201700026147;2;32;0;0;2;2;12;A01
201700026148;1;33;0;0;2;1;1;B01
201700026148;2;7;0;0;2;3;15;A01
201700026149;1;7;0;0;2;3;16;A01
201700026149;1;10;0;0;2;3;1;B01
201700026150;1;7;0;0;2;5;1;A01
201700026150;1;1;0;0;2;0;19;B01
201700026151;1;7;0;0;1;3;9;A01
201700026152;1;32;0;0;1;3;1;A01
201700026153;1;32;0;0;0;8;1;A01
201700026154;1;7;0;0;1;3;1;A01
201700026155;1;7;0;0;2;0;0;A01
201700026155;1;32;0;0;2;0;1;B01
201700026156;2;32;0;11;0;0;1;A01
201700026157;1;10;0;0;2;4;23;B01
201700026157;1;2;0;0;2;1;2;A01
201700026158;1;7;0;0;0;0;0;B01
201700026158;1;7;0;0;2;1;1;A01
201700026159;1;33;0;6;1;1;21;A01
201700026160;0;32;0;0;2;2;17;A01
201700026160;0;7;0;0;2;1;17;B01
201700026161;1;7;0;0;2;1;15;A01
201700026161;2;33;0;0;2;1;1;B01
201700026162;1;7;0;0;2;7;15;A01
201700026162;1;7;0;0;2;1;1;B01
201700026163;2;33;0;0;2;1;1;B01
201700026163;1;7;0;0;2;5;15;A01
201700026164;2;7;0;0;2;1;1;B01
201700026164;2;1;0;0;2;8;1;A01
201700026165;1;7;0;0;2;2;1;B01
201700026165;2;33;0;0;2;1;5;A01
201700026166;1;1;0;0;2;1;5;A01
201700026166;1;7;0;0;2;7;23;B01
201700026167;2;7;0;0;2;1;2;A01
201700026167;2;7;0;0;2;4;23;B01
201700026168;1;7;0;8;0;2;14;A01
201700026169;2;7;0;12;0;3;13;A01
201700026170;1;7;0;0;2;8;24;A01
201700026170;2;10;0;1;0;7;1;B01
201700026171;2;31;0;0;2;1;1;B01
201700026171;1;7;0;0;2;1;15;A01
201700026172;1;30;0;0;2;8;1;B01
201700026172;2;7;0;0;2;2;15;A01
201700026173;1;33;0;6;0;1;0;A01
201700026174;1;7;0;0;1;2;1;Z01
201700026175;1;7;0;0;0;0;0;B01
201700026175;1;7;0;0;2;1;2;A01
201700026176;2;34;0;0;2;1;2;A01
201700026176;2;7;0;0;2;5;1;B01
201700026177;1;32;0;0;2;1;1;B01
201700026177;1;7;0;0;2;6;10;A01
201700026178;1;33;0;0;2;8;1;B01
201700026178;2;7;0;0;2;2;15;A01
201700026179;1;40;0;0;2;2;0;B01
201700026179;1;7;0;0;4;8;0;A01
201700026180;1;33;0;13;0;1;0;A01
201700026181;1;3;0;1;1;3;1;A01
201700026182;1;7;0;0;2;1;2;A01
201700026182;1;7;0;0;2;4;2;B01
201700026182;1;7;0;0;2;4;2;C01
201700026183;1;7;0;0;1;1;1;A01
201700026184;1;7;0;0;2;1;2;A01
201700026184;1;7;0;0;2;4;1;B01
201700026185;1;30;0;0;1;1;5;Z01
201700026186;1;7;0;1;0;2;14;A01
201700026187;1;32;0;0;2;3;1;B01
201700026187;1;7;0;0;2;7;12;A01
201700026188;1;1;0;0;0;1;0;A01
201700026189;1;32;0;0;1;0;0;A01
201700026190;2;1;0;0;2;1;1;A01
201700026190;1;7;0;0;2;1;1;B01
201700026191;1;7;0;0;2;1;0;A01
201700026191;2;1;0;0;2;1;0;B01
201700026192;1;7;0;0;2;4;0;B01
201700026192;1;7;0;0;2;1;0;A01
201700026193;2;7;0;0;1;1;1;A01
201700026194;1;14;0;0;0;0;0;B01
201700026194;1;30;0;0;0;0;0;A01
201700026195;1;2;0;0;0;0;1;A01
201700026196;2;32;0;0;2;3;0;A01
201700026196;2;7;0;0;2;3;1;B01
201700026197;0;10;0;0;1;1;1;A01
201700026198;0;7;0;0;9;1;15;A01
201700026198;0;99;0;0;2;1;1;B01
201700026199;1;7;0;0;2;5;16;A01
201700026199;1;37;0;0;2;3;1;B01
201700026200;2;33;0;0;2;2;2;B01
201700026200;2;7;0;0;2;8;10;Z01
201700026201;1;7;0;0;1;7;21;A01
201700026201;1;7;0;0;1;1;0;Z01
201700026202;0;7;0;0;0;4;1;D01
201700026202;1;7;0;0;2;1;1;A01
201700026202;2;10;0;0;0;4;1;C01
201700026202;2;7;0;0;2;4;1;B01
201700026203;1;34;0;0;2;2;17;A01
201700026203;1;7;0;0;2;3;15;B01
201700026204;2;33;0;0;2;1;0;B01
201700026204;1;7;0;0;2;2;0;A01
201700026205;1;7;0;0;0;0;0;A01
201700026206;1;7;0;0;1;5;0;A01
201700026207;1;7;0;0;2;5;15;A01
201700026207;2;33;0;0;2;1;1;B01
201700026208;1;33;0;0;2;0;1;B01
201700026208;1;7;0;0;2;1;15;A01
201700026209;1;7;0;0;2;1;1;B01
201700026209;1;7;0;0;2;8;1;A01
201700026210;1;7;0;0;1;6;15;A01
201700026211;2;10;0;0;2;4;1;B01
201700026211;2;10;0;0;2;1;1;A01
201700026211;2;7;0;0;2;4;1;C01
201700026211;2;7;0;0;2;4;23;D01
201700026212;2;7;0;0;2;1;1;A01
201700026212;2;1;0;0;2;8;0;B01
201700026213;1;7;0;11;0;3;13;A01
201700026214;2;31;0;0;2;1;1;A01
201700026214;1;7;0;0;2;8;15;B01
201700026215;1;7;0;0;2;1;5;A01
201700026215;2;31;0;0;2;2;1;B01
201700026216;1;10;0;0;2;1;10;A01
201700026216;2;10;0;0;2;1;1;B01
201700026217;1;7;0;0;2;2;15;A01
201700026217;2;34;0;0;2;1;1;B01
201700026218;1;10;0;0;2;3;10;A01
201700026218;1;33;0;0;2;2;1;B01
201700026219;2;7;0;0;2;4;23;A01
201700026219;2;7;0;0;2;2;1;B01
201700026220;1;7;0;0;2;5;1;B01
201700026220;1;31;0;0;2;9;21;A01
201700026221;1;7;0;0;2;1;2;A01
201700026221;1;7;0;0;2;4;2;B01
201700026222;1;7;0;0;9;4;2;B01
201700026222;1;7;0;0;2;1;2;A01
201700026223;1;14;0;0;1;3;19;A01
201700026224;1;33;0;0;2;1;17;A01
201700026224;1;7;0;0;2;6;15;B01
201700026225;1;31;0;0;1;0;21;A01
201700026226;1;38;0;0;2;1;1;A01
201700026226;2;7;0;0;2;4;1;B01
201700026226;2;7;0;0;2;4;1;C01
201700026227;1;33;0;0;2;8;1;B01
201700026228;1;7;0;0;2;4;1;B01
201700026228;1;7;0;0;2;1;1;Z01
201700026229;1;7;0;0;2;2;15;A01
201700026229;1;33;0;0;2;1;1;B01
201700026230;2;32;0;0;2;1;19;A01
201700026230;1;7;0;0;2;3;1;B01
201700026231;0;7;0;0;2;1;1;Z01
201700026231;0;7;0;0;2;8;1;B01
201700026232;1;33;0;0;2;5;2;A01
201700026232;1;33;0;0;2;7;21;B01
201700026233;1;7;0;0;1;2;17;A01
201700026234;2;7;0;0;2;8;1;B01
201700026234;1;7;0;0;2;3;13;A01
201700026235;1;7;0;0;1;1;0;A01
201700026236;1;7;0;1;2;9;1;A01
201700026236;1;1;0;0;2;0;0;B01
201700026236;1;7;0;0;2;5;1;C01
201700026236;1;7;0;1;2;2;0;D01
201700026236;1;7;0;1;0;6;0;E01
201700026236;1;7;0;1;0;5;0;F02
201700026237;1;1;0;0;2;7;1;A01
201700026237;2;7;0;0;2;1;16;B01
201700026238;1;7;0;0;2;7;15;A01
201700026238;2;33;0;0;2;1;1;B01
201700026239;1;7;0;0;0;0;21;A01
201700026240;1;32;0;0;2;1;1;A01
201700026240;1;7;0;0;2;5;23;B01
201700026241;1;7;0;0;2;4;23;B01
201700026241;1;10;0;0;2;1;2;Z01
201700026242;1;31;0;0;2;1;21;A01
201700026242;1;7;0;0;2;6;1;B01
201700026243;1;10;0;0;2;1;1;C01
201700026243;1;7;0;0;2;3;1;B01
201700026243;2;7;0;0;2;3;13;A01
201700026244;2;7;0;0;2;1;1;C01
201700026244;1;33;0;0;2;2;17;A01
201700026244;1;7;0;0;2;3;2;B01
201700026245;1;33;0;11;0;9;6;A01
201700026246;0;7;0;0;2;1;13;A01
201700026246;0;10;0;0;2;1;1;B01
201700026247;1;33;0;0;2;1;1;A01
201700026247;2;7;0;0;2;2;15;B01
201700026248;0;7;0;0;2;1;15;A01
201700026248;0;7;0;0;2;3;1;B01
201700026249;2;34;0;0;2;1;1;A01
201700026249;1;7;0;0;2;1;1;B01
201700026250;2;30;0;14;0;1;14;A01
201700026251;0;33;0;0;2;7;17;A01
201700026251;0;7;0;0;2;1;15;B01
201700026252;2;7;0;11;2;3;10;A01
201700026252;2;7;0;0;2;2;21;B01
201700026253;1;7;0;0;2;4;1;B01
201700026253;1;7;0;0;2;1;2;A01
201700026254;1;7;0;0;2;3;1;A01
201700026254;2;33;0;0;2;1;1;B01
201700026255;1;1;0;0;2;7;1;A01
201700026255;1;7;0;0;2;1;1;B01
201700026256;1;7;0;0;2;1;1;A01
201700026256;2;7;0;0;2;8;15;B01
201700026257;2;7;0;0;2;3;13;A01
201700026257;1;14;0;0;2;3;1;B01
201700026258;1;7;0;0;2;1;1;B01
201700026258;2;7;0;0;2;1;1;A01
201700026259;1;7;0;0;2;5;1;B01
201700026259;1;7;0;0;2;3;2;A01
201700026260;1;31;0;0;2;1;1;A01
201700026260;1;10;0;0;2;4;1;B01
201700026261;1;31;0;0;2;7;17;A01
201700026261;1;7;0;0;2;8;15;Z01