num_acc;senc;catv;occutc;obs;obsm;choc;manv;num_veh
201700026262;1;7;0;1;1;2;1;A01
201700026263;1;10;0;0;1;4;4;A01
201700026264;1;33;0;0;2;1;0;A01
201700026264;1;7;0;0;2;0;0;Z01
201700026265;1;7;0;0;2;0;10;Z01
201700026265;1;30;0;0;2;1;15;A01
201700026266;1;7;0;0;2;1;12;A01
201700026266;2;7;0;0;2;3;15;B01
201700026267;1;7;0;0;2;7;15;A01
201700026267;2;7;0;0;2;1;1;B01
201700026268;0;7;0;0;1;8;21;B01
201700026269;1;30;0;0;0;7;1;A01
201700026270;0;7;0;0;2;1;2;A01
201700026270;0;7;0;0;2;4;2;B01
201700026271;1;32;0;0;0;7;1;A01
201700026272;0;33;0;0;2;4;13;A01
201700026272;0;7;0;0;2;3;1;B01
201700026273;1;7;0;0;2;3;15;A01
201700026273;1;32;0;0;2;7;1;B01
201700026274;2;30;0;0;0;8;1;A01
201700026275;1;33;0;0;2;1;1;B01
201700026275;1;7;0;0;2;3;15;A01
201700026276;2;7;0;0;2;3;19;A01
201700026276;1;30;0;0;2;7;1;B01
201700026277;1;7;0;0;2;3;10;A01
201700026277;1;7;0;0;2;1;1;B01
201700026278;1;7;0;0;1;4;4;A01
201700026279;2;34;0;0;2;1;1;B01
201700026279;2;7;0;0;2;8;15;A01
201700026280;2;7;0;0;2;5;1;B01
201700026280;2;30;0;0;2;8;1;A01
201700026281;1;7;0;6;0;9;0;A01
201700026282;1;1;0;0;0;0;0;A01
201700026283;1;7;0;0;1;4;4;A01
201700026284;1;7;0;0;1;2;17;A01
201700026285;1;7;0;0;1;7;1;B01
201700026286;2;7;0;0;2;1;15;A01
201700026286;2;31;0;0;2;1;1;B01
201700026287;2;7;0;0;2;8;10;A01
201700026287;2;34;0;0;2;1;1;B01
201700026288;1;7;0;0;2;3;9;A01
201700026288;1;34;0;0;9;7;21;B01
201700026289;1;7;0;0;2;1;1;B01
201700026289;2;7;0;0;2;1;17;A01
201700026290;2;7;0;0;1;0;16;A01
201700026291;2;7;0;0;1;3;1;B01
201700026292;2;33;0;0;2;1;1;B01
201700026292;1;10;0;0;2;0;0;Z01
201700026293;1;32;0;0;1;1;1;A01
201700026294;1;7;0;0;1;1;1;A01
201700026295;2;7;0;0;2;3;11;A01
201700026295;2;7;0;0;2;0;1;B01
201700026296;2;7;0;0;2;1;1;A01
201700026296;2;7;0;0;2;4;1;B01
201700026297;2;7;0;0;2;3;15;A01
201700026297;1;31;0;0;2;8;1;B01
201700026298;1;7;0;0;2;2;15;A01
201700026298;2;31;0;0;2;1;1;B01
201700026299;1;13;0;0;2;8;10;A01
201700026299;1;33;0;0;2;1;1;B01
201700026300;2;33;0;0;2;3;1;A01
201700026300;1;7;0;0;2;7;15;B01
201700026301;2;7;0;0;1;8;1;A01
201700026302;1;7;0;0;2;1;1;A01
201700026302;1;7;0;0;2;4;1;B01
201700026303;1;7;0;0;2;1;15;A01
201700026303;2;33;0;0;2;1;1;B01
201700026304;1;7;0;0;2;3;15;B01
201700026304;1;34;0;0;2;1;9;A01
201700026305;1;7;0;0;2;8;1;A01
201700026305;2;7;0;0;2;2;1;B01
201700026306;2;7;0;0;2;7;1;A01
201700026306;2;7;0;0;2;1;1;B01
201700026307;1;7;0;0;9;4;1;B01
201700026307;1;33;0;0;2;1;1;A01
201700026308;1;10;0;0;2;7;15;A01
201700026308;2;33;0;0;2;1;1;B01
201700026309;1;7;0;0;1;1;1;A01
201700026310;2;7;0;0;2;2;1;B01
201700026310;2;14;0;0;2;3;11;A01
201700026311;1;33;0;12;0;1;14;A01
201700026312;1;7;0;0;2;1;1;B01
201700026312;1;1;0;0;2;1;1;A01
201700026313;2;7;0;0;2;8;15;A01
201700026313;2;32;0;0;2;1;17;B01
201700026314;1;1;0;0;1;1;1;A01
201700026315;2;7;0;0;2;4;1;C01
201700026315;2;7;0;0;2;5;1;B01
201700026315;2;33;0;0;2;1;1;A01
201700026316;1;7;0;1;0;4;0;B01
201700026316;1;7;0;4;0;1;1;A01
201700026317;2;7;0;0;2;2;15;A01
201700026317;1;33;0;0;2;1;1;B01
201700026318;2;7;0;0;2;8;10;A01
201700026318;2;30;0;0;2;1;1;B01
201700026319;1;31;0;0;2;1;1;B01
201700026319;2;7;0;0;2;4;15;A01
201700026320;1;7;0;0;2;1;13;A01
201700026320;2;7;0;1;2;3;23;B01
201700026321;2;7;0;0;2;4;23;B01
201700026321;2;7;0;0;2;4;23;C01
201700026321;2;7;0;0;2;1;1;A01
201700026322;1;10;0;0;0;1;1;A01
201700026323;2;33;0;0;0;7;0;A01
201700026324;2;10;0;0;2;1;9;A01
201700026324;2;1;0;0;2;7;1;B01
201700026325;1;31;0;0;1;5;1;A01
201700026326;1;33;0;4;0;1;1;A01
201700026327;1;33;0;0;2;1;1;B01
201700026327;2;7;0;0;2;8;15;A01
201700026328;1;10;0;0;1;3;1;B01
201700026329;1;7;0;0;1;8;21;A01
201700026330;1;7;0;0;1;1;1;A01
201700026331;1;1;0;0;2;1;1;A01
201700026331;1;7;0;0;2;5;16;B01
201700026332;2;7;0;0;1;3;1;A01
201700026333;1;7;0;0;2;3;15;A01
201700026333;2;31;0;0;2;1;2;B01
201700026334;2;7;0;0;1;1;1;A01
201700026335;2;7;0;0;2;1;2;A01
201700026335;1;7;0;0;2;4;2;C01
201700026335;2;7;0;0;2;4;23;B01
201700026336;2;33;0;0;2;1;1;B01
201700026336;1;7;0;0;2;3;15;A01
201700026337;2;31;0;12;0;1;15;A01
201700026338;2;31;0;0;2;1;1;B01
201700026338;1;7;0;0;2;5;15;A01
201700026339;1;30;0;0;2;7;5;Z01
201700026339;2;7;0;0;2;3;1;A01
201700026340;1;7;0;0;2;1;1;A01
201700026340;1;33;0;0;2;3;1;B01
201700026341;1;33;0;1;0;1;1;A01
201700026342;1;7;0;4;0;2;16;A01
201700026343;1;7;0;0;2;1;21;A01
201700026343;1;7;0;0;2;5;1;B01
201700026344;1;34;0;0;1;1;1;Z01
201700026345;2;7;0;0;1;1;1;A01
201700026346;1;30;0;0;9;7;1;A01
201700026347;1;30;0;0;2;2;1;A01
201700026347;1;7;0;0;2;0;0;B01
201700026348;1;13;0;0;1;1;1;A01
201700026349;1;32;0;0;2;1;1;A01
201700026349;1;10;0;0;2;7;15;B01
201700026350;1;2;0;0;2;1;1;B01
201700026350;1;7;0;0;2;1;15;A01
201700026351;1;7;0;8;0;3;14;A01
201700026352;1;7;0;0;0;1;0;A01
201700026352;0;7;0;0;0;1;13;B01
201700026353;2;7;0;0;2;1;1;B01
201700026353;1;7;0;0;2;1;13;A01
201700026354;2;7;0;0;2;1;1;B01
201700026354;1;7;0;0;2;1;5;A01
201700026355;1;7;0;0;2;1;0;C01
201700026355;1;7;0;0;2;1;13;A01
201700026355;1;7;0;0;2;1;1;B01
201700026356;2;7;0;0;2;1;1;B01
201700026356;1;7;0;0;2;1;13;A01
201700026357;1;33;0;0;1;1;1;A01
201700026358;1;7;0;0;2;2;15;A01
201700026358;2;30;0;0;2;1;1;C01
201700026358;2;30;0;0;2;1;1;B01
201700026359;1;7;0;0;2;6;10;A01
201700026359;1;32;0;0;2;1;1;B01
201700026360;1;7;0;0;2;1;1;B01
201700026360;1;7;0;0;2;4;15;A01
201700026361;1;7;0;0;2;3;15;B01
201700026361;2;34;0;0;2;1;1;A01
201700026362;1;7;0;0;2;6;10;A01
201700026362;1;33;0;0;2;1;1;B01
201700026363;1;7;0;0;2;1;1;A01
201700026363;1;7;0;0;2;4;23;B01
201700026364;1;7;0;0;2;1;1;C01
201700026364;2;17;0;0;2;3;1;B01
201700026364;1;7;0;0;2;1;13;A01
201700026365;1;7;0;0;2;1;13;A01
201700026365;2;7;0;0;2;1;1;B01
201700026366;1;7;0;0;2;3;15;A01
201700026366;1;30;0;0;2;7;17;B01
201700026367;1;7;0;15;0;1;0;A01
201700026368;1;33;0;0;2;1;1;A01
201700026369;1;7;0;0;1;1;1;A01
201700026370;0;33;0;0;1;1;1;A01
201700026371;1;31;0;0;2;2;15;A01
201700026371;1;33;0;0;2;1;1;B01
201700026372;1;7;0;0;2;3;23;B01
201700026372;1;33;0;0;2;1;0;A01
201700026373;2;38;0;0;2;1;1;B01
201700026373;1;7;0;0;2;1;13;A01
201700026374;1;7;0;0;1;2;2;A01
201700026375;0;7;0;0;1;1;1;A01
201700026376;1;7;0;1;0;1;19;A01
201700026377;1;7;0;0;2;1;1;B01
201700026377;2;1;0;0;2;1;13;A01
201700026378;1;7;0;0;1;1;1;A01
201700026379;2;33;0;0;0;0;0;A01
201700026380;1;2;0;0;2;4;9;B01
201700026380;1;7;0;0;2;2;21;A01
201700026381;2;31;0;0;2;1;1;B01
201700026381;1;7;0;0;2;2;15;A01
201700026382;1;7;0;0;2;4;23;B01
201700026382;1;10;0;0;2;1;2;A01
201700026383;1;7;0;0;0;9;13;A01
201700026384;1;10;0;8;0;1;14;A01
201700026385;1;33;0;1;0;1;15;A01
201700026385;1;15;0;1;0;1;15;B01
201700026386;1;7;0;0;1;2;21;A01
201700026387;2;7;0;0;1;3;1;A01
201700026388;2;7;0;0;1;1;15;A01
201700026389;1;7;0;0;2;1;20;A01
201700026389;2;1;0;0;2;8;21;B01
201700026390;2;10;0;16;2;1;14;A01
201700026390;2;31;0;0;2;0;1;B01
201700026391;2;7;0;0;2;3;13;A01
201700026391;2;7;0;0;2;3;1;B01
201700026392;1;7;0;0;1;4;23;B01
201700026392;1;7;0;0;2;1;1;A01
201700026393;1;7;0;0;1;2;2;A01
201700026394;1;7;0;0;1;1;1;A01
201700026395;1;7;0;0;1;1;16;A01
201700026396;0;1;0;0;2;0;1;A01
201700026396;0;7;0;0;2;1;1;B01
201700026397;0;7;0;0;1;1;1;A01
201700026398;0;7;0;0;2;1;15;A01
201700026398;2;2;0;0;2;4;1;B01
201700026399;0;7;0;0;2;1;1;A01
201700026399;0;1;0;0;2;7;1;B01
201700026400;2;7;0;0;2;4;2;C01
201700026400;2;7;0;0;2;1;2;A01
201700026400;2;7;0;0;2;4;2;D01
201700026400;2;7;0;0;2;4;2;B01
201700026401;0;7;0;0;2;1;1;B01
201700026401;0;7;0;0;2;7;15;A01
201700026402;2;7;0;0;2;9;1;B01
201700026402;2;7;0;0;2;7;12;A01
201700026403;0;7;0;0;2;1;2;B01
201700026403;0;7;0;0;2;4;1;A01
201700026404;2;10;0;0;2;7;14;A01
201700026404;2;7;0;0;2;8;1;B01
201700026405;1;30;0;0;2;8;1;B01
201700026405;2;7;0;0;2;1;15;A01
201700026406;0;1;0;0;2;1;1;B01
201700026406;0;7;0;0;2;8;22;A01
201700026407;2;1;0;0;2;8;1;B01
201700026407;2;37;1;0;2;7;17;A01
201700026408;0;2;0;0;2;1;17;A01
201700026408;0;7;0;0;2;8;15;B01
201700026409;1;7;0;0;2;4;1;B01
201700026409;1;7;0;0;2;1;2;A01
201700026410;0;7;0;0;1;1;1;A01
201700026411;1;15;0;0;2;4;23;B01
201700026411;1;33;0;0;2;2;0;A01
201700026412;1;7;0;0;2;5;12;A01
201700026412;1;33;0;0;2;1;3;B01
201700026413;0;7;0;0;1;1;1;A01
201700026414;1;7;0;0;2;1;2;A01
201700026414;1;7;0;0;2;4;1;B01
201700026415;0;7;0;0;1;1;1;A01
201700026416;1;7;0;3;0;1;1;A01
201700026417;2;7;0;0;2;4;1;B01
201700026417;2;7;0;0;2;1;2;A01
201700026418;2;7;0;0;2;4;2;C01
201700026418;2;7;0;0;2;4;2;B01
201700026418;2;7;0;0;2;1;2;A01
201700026419;2;30;0;0;2;1;2;A01
201700026419;2;7;0;0;2;4;1;B01
201700026420;0;7;0;0;2;0;1;A01
201700026420;0;7;0;0;2;1;1;B01
201700026421;0;7;0;0;2;5;1;B01
201700026421;0;7;0;0;2;1;2;A01
201700026422;0;7;0;0;2;0;15;A01
201700026422;0;2;0;0;2;0;1;B01
201700026423;0;37;1;0;1;2;1;A01
201700026424;0;2;0;0;0;0;21;A01
201700026425;0;7;0;0;1;1;21;A01
201700026426;0;7;0;0;1;3;1;A01
201700026427;1;7;0;3;0;0;9;A01
201700026428;0;2;0;11;0;1;1;A01
201700026429;1;2;0;0;0;0;0;A01
201700026430;2;10;0;0;2;1;1;A01
201700026430;2;7;0;0;2;4;1;C01
201700026430;2;7;0;0;2;8;1;B01
201700026431;0;7;0;0;2;8;1;B01
201700026431;0;2;0;0;2;1;1;A01
201700026432;1;7;0;0;2;1;2;A01
201700026432;1;7;0;0;2;4;2;B01
201700026432;1;7;0;0;2;4;2;C01
201700026433;1;7;0;0;2;3;16;A01
201700026433;1;7;0;0;2;4;2;B01
201700026434;0;2;0;0;2;1;1;B01
201700026434;0;7;0;0;2;7;15;A01
201700026435;0;7;0;0;0;0;0;A01
201700026436;1;7;0;0;2;8;21;A01
201700026436;1;33;0;0;2;7;17;B01
201700026436;1;7;0;0;2;3;0;C01
201700026437;1;33;0;0;2;1;1;B01
201700026437;1;7;0;0;2;2;14;A01
201700026438;1;7;0;13;0;0;1;A01
201700026439;0;2;0;0;2;7;0;A01
201700026439;0;7;0;0;2;3;1;B01
201700026440;0;7;0;0;1;1;1;A01
201700026441;0;1;0;0;2;0;1;A01
201700026441;0;10;0;0;2;1;1;B01
201700026442;0;7;0;0;2;2;1;A01
201700026442;0;7;0;0;2;3;15;B01
201700026443;0;7;0;1;0;9;0;A01
201700026444;0;7;0;0;2;7;15;A01
201700026444;0;7;0;0;2;1;1;B01
201700026444;0;7;0;0;2;5;23;C01
201700026445;2;7;0;0;2;3;13;A01
201700026445;2;7;0;0;2;3;1;B01
201700026446;2;7;0;0;2;1;0;B01
201700026446;2;7;0;0;2;1;1;C01
201700026446;2;7;0;0;2;4;23;A01
201700026447;1;7;0;1;2;1;1;A01
201700026447;1;1;0;0;2;1;1;C01
201700026448;1;7;0;0;2;0;0;B01
201700026448;1;7;0;0;2;0;0;A01
201700026449;2;7;0;0;2;1;1;B01
201700026449;1;10;0;0;2;2;15;A01
201700026450;0;1;0;0;2;0;0;B01
201700026450;0;7;0;0;2;6;16;A01
201700026451;2;7;0;0;2;4;1;C01
201700026451;2;7;0;0;2;4;1;B01
201700026451;2;7;0;0;2;1;1;A01
201700026452;0;7;0;0;2;1;15;A01
201700026452;1;2;0;0;2;8;16;B01
201700026453;0;1;0;0;2;7;0;B01
201700026453;0;10;0;0;2;1;0;A01
201700026454;0;7;0;0;2;1;1;A01
201700026454;0;7;0;0;2;4;1;B01
201700026454;0;7;0;0;2;4;1;C01
201700026455;0;7;0;0;2;8;0;B01
201700026455;0;7;0;0;2;1;1;A01
201700026456;0;1;0;0;2;0;1;B01
201700026456;0;7;0;0;2;1;1;A01
201700026457;0;7;0;14;0;1;1;A01
201700026458;2;15;0;0;2;0;1;A01
201700026458;2;31;0;0;2;1;9;B01
201700026459;0;7;0;1;0;1;0;A01
201700026460;0;7;0;0;2;1;9;A01
201700026460;2;1;0;0;2;1;1;B01
201700026461;1;7;0;0;0;0;1;A01
201700026462;0;7;0;0;2;4;0;B01
201700026462;0;7;0;0;2;1;1;A01
201700026463;0;7;0;0;2;1;15;A01
201700026463;0;7;0;0;2;1;1;B01
201700026464;2;7;0;0;2;6;1;B01
201700026464;2;7;0;0;2;5;23;C01
201700026464;2;7;0;0;2;1;0;A01
201700026465;2;10;0;0;2;1;2;A01
201700026465;2;7;0;0;2;4;2;B01
201700026466;2;10;0;0;2;7;12;A01
201700026466;0;1;0;0;2;1;1;B01
201700026467;0;2;0;0;1;1;1;A01
201700026468;1;7;0;0;2;2;12;A01
201700026468;1;7;0;0;2;8;9;B01
201700026469;0;7;0;0;2;1;2;A01
201700026469;0;7;0;0;2;4;23;B01
201700026470;1;7;0;0;2;6;23;B01
201700026470;1;34;0;0;2;1;1;A01
201700026471;0;7;0;0;2;8;15;A01
201700026471;0;10;0;0;2;2;1;B01
201700026472;1;14;0;0;2;1;13;A01
201700026472;1;15;0;0;2;6;1;B01
201700026473;0;33;0;12;0;1;0;A01
201700026474;2;7;0;0;2;1;9;A01
201700026474;2;7;0;0;2;4;1;B01
201700026475;2;7;0;0;2;4;1;B01
201700026475;2;7;0;0;2;1;1;A01
201700026476;0;1;0;0;2;2;9;B01
201700026476;0;10;0;0;2;8;9;A01
201700026477;0;7;0;0;2;7;23;A01
201700026477;0;2;0;0;2;1;18;B01
201700026478;0;7;0;0;2;3;1;B01
201700026478;0;10;0;0;2;1;1;A01
201700026479;0;2;0;0;1;0;0;A01
201700026480;0;7;0;0;2;6;16;B01
201700026480;0;30;0;0;2;1;1;A01
201700026481;0;33;0;0;2;1;1;B01
201700026481;0;7;0;0;2;8;9;A01
201700026482;0;7;0;0;2;5;23;B01
201700026482;0;7;0;0;2;1;1;A01
201700026483;0;7;0;0;1;2;9;A01
201700026484;0;14;0;0;2;7;16;A01
201700026484;0;1;0;0;2;3;16;B01
201700026485;0;7;0;0;2;3;15;A01
201700026485;0;1;0;0;2;1;1;B01
201700026486;1;7;0;0;1;2;0;A01
201700026487;1;7;0;0;2;1;1;A01
201700026487;1;7;0;0;2;4;1;B01
201700026488;0;7;0;0;1;1;1;A01
201700026489;1;7;0;0;2;1;1;A01
201700026489;1;7;0;0;2;4;1;B01
201700026490;0;1;0;0;2;1;1;A01
201700026490;0;7;0;0;2;6;15;B01
201700026491;0;7;0;6;0;1;1;A01
201700026492;2;7;0;0;2;4;4;A01
201700026492;2;14;0;0;2;1;1;B01
201700026493;2;7;0;0;2;1;1;A01
201700026493;2;7;0;0;2;3;1;C01
201700026493;2;7;0;0;2;4;1;B01
201700026494;0;7;0;0;2;1;5;A01
201700026494;0;7;0;0;2;1;1;B01
201700026495;0;31;0;11;0;0;0;A01
201700026496;1;7;0;0;2;1;9;A01
201700026496;1;33;0;0;2;6;1;B01
201700026497;0;7;0;0;1;1;1;A01
201700026498;0;7;0;0;2;2;0;B01
201700026498;0;1;0;0;2;0;0;A01
201700026499;0;7;0;0;2;2;15;A01
201700026499;0;1;0;0;2;1;0;B01
201700026500;0;7;0;0;2;1;1;B01
201700026500;0;7;0;0;2;1;1;A01
201700026501;0;30;0;0;2;1;1;B01
201700026501;0;7;0;0;2;1;15;A01
201700026502;0;7;0;0;2;1;0;B01
201700026502;0;7;0;0;2;5;0;A01
201700026503;1;7;0;5;0;0;0;A01
201700026504;0;7;0;0;2;1;1;B01
201700026504;0;7;0;0;2;6;19;A01
201700026505;2;7;0;3;0;9;0;A01
201700026506;1;15;0;3;0;9;0;A01
201700026507;0;30;0;0;2;7;0;B01
201700026507;0;7;0;0;2;8;0;A01
201700026508;0;7;0;0;2;2;0;A01
201700026508;0;10;0;0;2;3;1;B01
201700026509;0;7;0;0;2;1;0;C01
201700026509;0;14;0;0;2;3;1;B01
201700026509;0;7;0;0;2;3;13;A01
201700026510;0;7;0;0;2;3;1;B01
201700026510;0;7;0;0;2;1;9;A01
201700026511;0;7;0;0;2;2;1;B01
201700026511;0;7;0;0;2;6;20;A01
201700026512;0;7;0;0;0;0;0;A01
201700026512;0;7;0;0;2;4;2;B01
201700026513;0;7;0;0;2;3;0;B01
201700026513;0;33;0;0;2;3;0;A01
201700026514;0;7;0;6;0;1;0;A01
201700026515;0;1;0;12;0;0;1;A01
201700026516;0;7;0;0;1;2;1;A01
201700026517;0;1;0;0;0;0;1;A01
201700026518;0;31;0;0;2;1;1;B01
201700026518;0;7;0;0;2;7;15;A01
201700026519;2;1;0;0;2;0;0;B01
201700026519;2;10;0;0;2;5;0;A01
201700026520;0;7;0;0;2;0;1;A01
201700026520;0;7;0;0;2;1;15;B01
201700026521;1;10;0;0;2;1;2;C01
201700026521;1;7;0;0;2;1;2;A01
201700026521;1;7;0;0;2;4;2;B01
201700026522;2;14;0;0;2;1;1;A01
201700026522;2;7;0;0;2;4;0;B01
201700026523;2;7;0;3;2;8;13;A01
201700026523;2;15;0;0;2;3;1;B01
201700026524;0;7;0;0;2;7;20;A01
201700026524;0;37;1;0;2;2;0;B01
201700026525;1;7;0;9;0;1;1;A01
201700026526;0;7;0;0;2;1;2;A01
201700026526;0;7;0;0;2;4;2;B01
201700026527;1;10;0;13;0;0;0;A01
201700026528;1;7;0;0;2;5;15;A01
201700026528;1;33;0;0;2;1;1;B01
201700026529;1;7;0;0;2;8;1;B01
201700026529;1;7;0;0;2;2;0;A01
201700026530;0;2;0;0;2;1;1;B01
201700026530;0;7;0;0;2;1;15;A01
201700026531;0;7;0;0;2;3;15;B01
201700026531;0;1;0;0;2;1;1;A01
201700026532;0;1;0;0;1;1;0;A01
201700026533;0;7;0;0;2;1;1;A01
201700026533;0;37;3;0;2;0;1;B01
201700026534;0;7;0;10;0;1;1;A01
201700026535;2;7;0;0;2;1;2;A01
201700026535;2;10;0;0;2;4;1;B01
201700026535;2;7;0;0;2;4;2;C01
201700026536;0;7;0;0;2;3;1;B01
201700026536;0;7;0;0;2;0;15;A01
201700026537;0;7;0;0;2;7;1;B01
201700026537;0;33;0;0;2;3;18;A01
201700026538;0;7;0;0;2;7;1;B01
201700026538;0;1;0;0;2;3;1;A01
201700026539;0;10;0;0;2;4;4;A01
201700026539;0;1;0;0;2;1;0;B01
201700026540;1;7;0;0;2;4;2;B01
201700026540;1;7;0;0;2;1;1;A01
201700026541;2;7;0;13;0;0;18;A01
201700026542;0;33;0;13;0;0;1;A01
201700026543;0;7;0;0;2;3;2;B01
201700026543;0;33;0;0;2;2;12;A01
201700026544;0;2;0;0;0;0;1;A01
201700026545;0;7;0;0;2;0;0;A01
201700026545;0;1;0;0;2;1;0;B01
201700026546;0;7;0;0;2;1;2;A01
201700026546;0;7;0;0;2;4;1;B01
201700026547;0;1;0;0;5;1;1;A01
201700026548;0;1;0;0;2;1;1;A01
201700026548;0;7;0;0;2;3;1;B01
201700026549;0;7;0;0;2;1;9;A01
201700026549;0;2;0;0;2;7;1;B01
201700026550;1;7;0;9;0;1;1;A01
201700026551;0;7;0;0;2;3;9;B01
201700026551;0;1;0;0;2;1;14;A01
201700026552;0;7;0;0;2;0;17;A01
201700026552;0;7;0;0;2;3;15;B01
201700026553;0;7;0;7;0;1;13;A01
201700026554;0;33;0;0;0;0;21;A01
201700026555;1;7;0;0;2;8;9;A01
201700026555;1;15;0;0;2;5;1;B01
201700026556;2;15;0;3;0;9;1;A01
201700026557;0;7;0;0;2;2;15;A01
201700026557;0;7;0;0;2;1;1;B01
201700026558;0;1;0;1;0;1;1;B01
201700026558;0;7;0;0;2;8;22;A01
201700026559;0;10;0;0;2;4;16;A01
201700026559;0;1;0;0;2;1;1;B01
201700026560;2;7;0;0;2;1;2;A01
201700026560;2;7;0;0;2;4;2;B01
201700026561;0;2;0;0;0;0;1;A01
201700026562;2;7;0;0;2;1;1;B01
201700026562;1;7;0;0;2;1;5;A01
201700026562;2;7;0;0;2;9;1;C01
201700026563;1;7;0;0;2;1;2;A01
201700026563;1;7;0;0;2;4;1;B01
201700026563;1;7;0;0;2;4;1;C01
201700026564;1;10;0;0;2;2;17;A01
201700026564;1;7;0;0;2;6;1;B01
201700026565;0;7;0;0;1;1;9;A01
201700026566;1;7;0;6;2;9;9;A01
201700026566;1;7;0;0;2;1;1;B01
201700026567;0;10;0;0;2;5;15;B01
201700026567;0;33;0;0;2;1;1;A01
201700026568;0;7;0;8;0;0;1;A01
201700026569;0;7;0;0;2;3;15;A01
201700026569;0;33;0;0;2;1;1;B01
201700026570;1;7;0;13;0;1;21;A01
201700026571;0;7;0;10;0;1;0;A01
201700026572;1;7;0;0;2;1;2;B01
201700026572;1;7;0;0;2;4;0;C01
201700026572;1;7;0;0;2;4;2;D01
201700026572;1;7;0;0;2;4;0;E01
201700026572;1;7;0;0;2;4;1;A01
201700026573;1;7;0;0;1;1;9;A01
201700026574;0;7;0;0;0;0;0;Z01
201700026574;0;1;0;0;2;0;1;B01
201700026575;0;7;0;0;1;1;1;A01
201700026576;2;7;0;0;2;4;1;B01
201700026576;2;7;0;0;2;1;1;A01
201700026577;0;31;0;0;1;1;17;A01
201700026578;0;7;0;0;2;2;15;A01
201700026578;0;2;0;0;2;1;1;B01
201700026579;0;1;0;0;2;1;1;B01
201700026579;0;7;0;0;2;1;1;A01
201700026580;0;7;0;0;2;8;1;B01
201700026580;0;2;0;0;2;7;12;A01
201700026581;0;7;0;0;1;0;0;Z01
201700026582;0;31;0;0;2;7;1;B01
201700026582;0;7;0;0;2;1;9;A01
201700026583;0;2;0;0;2;1;1;A01
201700026583;0;7;0;0;2;5;15;B01
201700026584;0;7;0;0;2;1;15;A01
201700026584;0;1;0;0;2;1;1;B01
201700026585;0;1;0;0;1;1;0;A01
201700026586;2;7;0;3;0;9;0;A01
201700026587;0;7;0;0;2;1;0;B01
201700026587;0;7;0;0;2;1;0;A01
201700026588;1;7;0;0;0;9;0;A01
201700026589;0;2;0;0;2;1;1;A01
201700026589;0;7;0;0;2;7;1;B01
201700026590;0;7;0;0;1;1;1;A01
201700026591;0;7;0;0;0;8;15;A01
201700026591;0;1;0;0;2;0;1;B01
201700026592;0;7;0;2;0;0;0;A01
201700026593;2;7;0;0;2;4;2;B01
201700026593;2;7;0;0;2;4;2;C01
201700026593;2;7;0;0;2;1;2;A01
201700026594;0;1;0;12;0;0;1;A01
201700026595;2;7;0;13;0;1;14;A01
201700026596;0;7;0;7;0;1;1;A01
201700026597;0;33;0;0;2;1;1;B01
201700026597;0;7;0;0;2;2;15;A01
201700026598;0;10;0;13;0;9;1;A01
201700026599;1;15;0;0;2;5;9;A01
201700026599;1;7;0;0;2;5;9;B01
201700026599;1;7;0;0;2;7;0;C01
201700026600;0;1;0;0;2;7;1;A01
201700026600;0;7;0;0;2;3;18;B01
201700026601;1;10;0;0;2;1;2;A01
201700026601;1;7;0;0;2;4;23;B01
201700026602;2;10;0;0;2;0;1;B01
201700026602;2;7;0;0;2;0;9;A01
201700026603;1;7;0;0;2;5;1;B01
201700026603;0;2;0;0;2;3;9;A01
201700026604;2;7;0;0;2;1;1;B01
201700026604;1;2;0;0;2;1;13;A01
201700026605;2;7;0;0;2;1;2;A01
201700026605;2;7;0;0;2;4;2;B01
201700026606;2;10;0;0;2;4;2;C01
201700026606;2;7;0;0;2;1;2;E01
201700026606;2;7;0;0;2;1;2;B01
201700026606;2;7;0;0;2;0;2;D01
201700026606;2;7;0;0;2;4;2;A01
201700026607;0;1;0;0;2;8;1;B01
201700026607;0;7;0;0;2;1;16;A01
201700026608;1;33;0;0;2;1;1;B01
201700026608;1;7;0;0;2;2;16;A01
201700026609;1;7;0;0;2;4;2;B01
201700026609;1;7;0;0;2;1;2;A01
201700026610;0;1;0;0;2;3;18;A01
201700026610;0;7;0;0;2;7;23;B01
201700026611;0;7;0;0;2;2;1;B01
201700026611;0;7;0;0;2;3;0;A01
201700026612;0;33;0;12;0;0;1;A01
201700026613;0;1;0;0;2;4;2;B01
201700026613;0;7;0;0;2;1;2;A01
201700026614;0;7;0;0;2;1;2;A01
201700026614;0;7;0;0;2;1;2;B01
201700026615;0;7;0;0;1;1;1;A01
201700026616;0;7;0;0;2;4;1;B01
201700026616;0;7;0;0;2;1;2;A01
201700026617;0;7;0;0;2;4;1;B01
201700026617;0;7;0;0;2;1;2;A01
201700026618;1;7;0;0;2;1;2;A01
201700026618;1;7;0;0;2;4;23;B01
201700026619;0;7;0;0;1;1;1;A01
201700026620;0;37;2;0;1;7;1;A01
201700026621;0;7;0;0;2;1;2;C01
201700026621;0;7;0;0;2;1;2;A01
201700026621;0;7;0;0;2;4;1;B01
201700026622;0;1;0;0;2;9;2;B01
201700026622;0;14;0;0;2;7;2;A01
201700026623;0;7;0;0;2;0;0;B01
201700026623;0;7;0;0;2;6;1;A01
201700026624;2;7;0;0;1;0;0;A01
201700026625;0;37;1;0;2;2;1;B01