num_acc;senc;catv;occutc;obs;obsm;choc;manv;num_veh
201700026625;0;10;0;0;2;8;15;A01
201700026626;0;30;0;0;2;1;1;A01
201700026626;0;7;0;0;2;4;23;B01
201700026627;0;7;0;0;;4;23;B01
201700026627;0;31;0;0;2;1;1;A01
201700026628;0;7;0;0;2;4;23;B01
201700026628;0;7;0;0;2;1;2;C01
201700026628;0;7;0;0;2;4;23;A01
201700026629;0;7;0;0;1;7;16;A01
201700026630;1;7;0;0;2;4;1;B01
201700026630;1;7;0;0;2;1;2;A01
201700026631;0;7;0;0;2;3;19;A01
201700026631;0;7;0;0;2;1;2;B01
201700026632;2;7;0;0;2;7;12;B01
201700026632;2;33;0;0;2;1;18;A01
201700026633;0;1;0;0;2;1;1;B01
201700026633;0;7;0;0;2;1;15;A01
201700026634;0;1;0;0;2;0;0;B01
201700026634;0;7;0;0;2;1;9;A01
201700026635;0;7;0;0;1;1;1;A01
201700026636;0;2;0;0;2;1;1;B01
201700026636;0;10;0;0;2;2;20;A01
201700026637;0;37;1;0;2;5;1;B01
201700026637;0;1;0;0;2;1;9;A01
201700026638;0;33;0;3;0;1;1;A01
201700026639;0;31;0;14;0;1;1;A01
201700026640;1;10;0;3;0;1;1;A01
201700026641;0;1;0;1;0;1;14;A01
201700026642;1;7;0;3;0;0;1;A01
201700026643;0;7;0;0;2;8;1;B01
201700026643;0;14;0;0;2;1;15;A01
201700026644;0;7;0;0;0;0;0;A01
201700026644;0;1;0;0;2;0;2;B01
201700026645;2;7;0;0;2;1;2;A01
201700026645;2;10;0;0;2;1;2;C01
201700026645;2;10;0;0;2;4;1;B01
201700026646;0;7;0;0;2;4;1;B01
201700026646;0;7;0;0;2;1;2;A01
201700026647;0;2;0;0;2;1;1;A01
201700026647;0;7;0;0;2;2;16;B01
201700026648;1;10;0;0;2;1;2;A01
201700026648;1;7;0;3;2;4;1;B01
201700026649;0;1;0;0;2;8;1;B01
201700026649;0;7;0;0;2;1;15;A01
201700026650;0;33;0;0;2;0;1;B01
201700026650;0;7;0;0;2;1;0;A01
201700026651;1;7;0;0;2;4;2;C01
201700026651;1;7;0;0;2;4;2;B01
201700026651;1;14;0;0;2;1;2;A01
201700026652;0;33;0;0;0;0;1;A01
201700026653;0;7;0;0;2;1;1;A01
201700026653;0;7;0;0;2;2;15;B01
201700026654;0;7;0;9;1;1;1;A01
201700026655;0;1;0;0;2;1;19;A01
201700026655;0;33;0;0;2;2;1;B01
201700026656;0;7;0;0;1;1;1;Z01
201700026657;2;7;0;0;2;1;2;A01
201700026657;2;7;0;0;2;4;1;B01
201700026658;0;7;0;0;2;1;2;A01
201700026658;0;7;0;0;2;4;1;C01
201700026658;0;7;0;0;2;4;1;B01
201700026659;1;33;0;0;0;0;1;A01
201700026660;0;7;0;0;2;1;9;B01
201700026660;0;1;0;0;2;1;1;A01
201700026661;0;31;0;0;1;1;17;A01
201700026662;0;2;0;0;0;0;1;A01
201700026663;0;7;0;0;1;1;1;A01
201700026664;1;7;0;0;2;2;14;A01
201700026664;1;7;0;0;2;6;1;B01
201700026665;0;7;0;0;1;1;1;Z01
201700026666;0;7;0;2;0;1;0;A01
201700026667;0;7;0;0;2;1;1;B01
201700026667;0;7;0;0;2;1;15;A01
201700026668;0;1;0;0;2;1;1;B01
201700026668;0;7;0;0;2;7;22;A01
201700026669;0;7;0;0;1;1;1;A01
201700026670;0;2;0;0;2;1;1;A01
201700026670;0;7;0;0;2;6;1;B01
201700026671;2;7;0;0;2;4;1;B01
201700026671;2;7;0;0;2;1;2;A01
201700026672;0;1;0;0;2;1;1;B01
201700026672;0;7;0;0;2;1;15;A01
201700026673;0;7;0;0;1;1;1;A01
201700026674;0;1;0;0;2;1;1;B01
201700026674;0;7;0;0;2;2;15;A01
201700026675;0;7;0;0;2;3;13;B01
201700026675;0;31;0;0;2;1;17;A01
201700026676;1;7;0;0;2;4;1;B01
201700026676;1;7;0;0;2;1;2;A01
201700026677;0;2;0;0;2;0;1;B01
201700026677;0;7;0;0;2;1;9;A01
201700026678;1;7;0;0;2;2;16;A01
201700026678;1;1;0;0;2;1;1;B01
201700026679;1;7;0;0;2;4;1;B01
201700026679;1;7;0;0;2;1;2;A01
201700026680;2;7;0;0;0;9;1;A01
201700026681;0;1;0;0;2;0;1;B01
201700026681;0;7;0;0;2;1;9;A01
201700026682;0;7;0;0;2;1;16;B01
201700026682;0;7;0;0;2;3;1;A01
201700026683;2;7;0;0;2;1;2;A01
201700026683;2;7;0;0;2;4;1;B01
201700026684;0;7;0;0;1;1;1;A01
201700026685;0;10;0;0;1;1;1;A01
201700026686;0;7;0;0;1;1;1;A01
201700026687;0;37;1;0;1;0;1;A01
201700026688;0;1;0;0;0;0;1;A01
201700026689;0;7;0;0;2;4;2;B01
201700026689;0;1;0;0;2;1;2;A01
201700026690;0;7;0;0;1;7;1;A01
201700026691;0;7;0;0;2;1;1;B01
201700026691;0;33;0;0;2;1;13;A01
201700026692;0;7;0;3;0;0;1;A01
201700026693;2;7;0;7;0;1;1;A01
201700026694;0;2;0;0;0;0;21;A01
201700026695;0;7;0;2;0;1;1;A01
201700026696;0;33;0;1;0;1;21;B01
201700026696;0;7;0;0;0;0;9;A01
201700026697;0;7;0;0;2;9;1;A01
201700026697;0;7;0;0;2;9;1;B01
201700026697;0;7;0;0;2;9;9;C01
201700026698;0;7;0;6;0;1;1;A01
201700026699;0;10;0;0;2;1;1;A01
201700026699;0;7;0;0;2;8;1;B01
201700026700;1;10;0;0;2;1;2;A01
201700026700;1;7;0;0;2;4;2;C01
201700026700;1;7;0;0;2;4;2;B01
201700026701;2;37;0;0;1;0;1;A01
201700026702;0;2;0;0;2;1;10;A01
201700026702;0;7;0;0;2;8;1;B01
201700026703;0;33;0;0;2;1;1;B01
201700026703;0;7;0;0;2;5;15;A01
201700026704;1;7;0;7;0;9;14;A01
201700026705;1;32;0;0;2;7;1;A01
201700026705;1;3;0;0;2;3;1;B01
201700026706;1;1;0;0;2;1;1;B01
201700026706;1;7;0;0;2;5;16;A01
201700026707;0;7;0;0;2;1;2;A01
201700026707;2;7;0;0;2;4;1;B01
201700026708;0;7;0;0;2;0;1;A01
201700026708;0;1;0;0;2;4;1;B01
201700026709;0;7;0;7;2;0;1;A01
201700026709;0;7;0;0;2;7;1;B01
201700026710;0;7;0;0;0;0;0;A01
201700026711;0;7;0;0;2;1;2;A01
201700026711;0;7;0;0;2;4;2;B01
201700026711;0;7;0;0;2;4;2;C01
201700026711;0;7;0;0;2;4;2;D01
201700026712;0;2;0;0;0;0;0;A01
201700026713;2;7;0;0;2;8;15;A01
201700026713;1;7;0;1;2;1;1;B01
201700026714;0;1;0;0;2;0;1;B01
201700026714;0;7;0;0;2;1;0;A01
201700026715;0;7;0;0;2;0;9;A01
201700026715;0;1;0;0;2;1;1;B01
201700026716;2;7;0;0;2;1;2;A01
201700026716;2;7;0;0;2;4;1;B01
201700026717;2;7;0;0;0;9;1;A01
201700026718;1;7;0;0;2;4;1;B01
201700026718;1;7;0;0;2;1;2;A01
201700026719;1;33;0;0;0;1;1;A01
201700026720;1;7;0;13;0;1;14;A01
201700026721;2;7;0;0;2;4;1;B01
201700026721;2;7;0;0;2;1;2;A01
201700026722;0;7;0;0;2;1;1;A01
201700026722;0;7;0;0;2;3;15;B01
201700026723;0;7;0;2;0;1;1;A01
201700026724;0;7;0;0;1;1;1;A01
201700026725;0;7;0;9;0;1;14;A01
201700026726;0;7;0;1;2;1;18;A01
201700026726;0;7;0;0;2;1;1;B01
201700026727;0;7;0;0;2;3;1;B01
201700026727;0;7;0;0;2;1;15;A01
201700026728;0;7;0;0;2;2;16;A01
201700026728;0;1;0;0;2;8;1;B01
201700026729;2;7;0;0;1;0;9;A01
201700026730;0;7;0;9;0;1;14;A01
201700026731;2;7;0;13;0;1;16;A01
201700026732;0;1;0;0;1;1;1;A01
201700026733;0;7;0;0;2;1;19;A01
201700026733;0;7;0;0;2;7;1;B01
201700026734;0;7;0;0;1;7;0;A01
201700026735;1;7;0;15;0;2;14;A01
201700026736;0;7;0;0;2;1;1;A01
201700026736;0;10;0;0;2;2;15;B01
201700026737;1;33;0;0;0;7;1;A01
201700026738;0;7;0;7;0;1;1;A01
201700026739;0;10;0;0;2;2;9;A01
201700026739;0;31;0;0;2;0;1;B01
201700026740;0;10;0;11;2;2;1;A01
201700026740;0;7;0;0;2;3;1;B01
201700026741;0;7;0;0;2;3;15;A01
201700026741;0;1;0;0;2;1;1;B01
201700026742;2;7;0;0;2;1;15;A01
201700026742;1;7;0;0;2;3;1;B01
201700026743;1;7;0;0;2;3;13;A01
201700026743;2;7;0;0;2;6;1;B01
201700026744;1;33;0;0;2;1;1;B01
201700026744;2;7;0;0;2;7;15;A01
201700026745;0;10;0;0;2;4;23;B01
201700026745;0;2;0;0;2;1;1;A01
201700026746;0;7;0;0;2;1;1;B01
201700026746;0;7;0;0;2;5;1;A01
201700026747;0;7;0;0;2;4;1;B01
201700026747;0;7;0;0;2;1;2;A01
201700026748;0;1;0;1;0;1;1;B01
201700026748;0;7;0;0;2;8;22;A01
201700026749;0;7;0;0;2;2;1;B01
201700026749;0;1;0;0;2;1;1;A01
201700026750;0;7;0;1;0;2;1;A01
201700026751;0;10;0;0;1;1;0;A01
201700026752;0;7;0;0;2;0;1;C01
201700026752;0;7;0;0;2;0;1;B01
201700026752;0;7;0;0;2;0;0;A01
201700026752;0;38;1;0;2;0;0;E01
201700026752;0;7;0;0;2;0;1;D01
201700026753;0;7;0;6;0;1;1;A01
201700026754;2;7;0;0;2;4;1;B01
201700026754;2;7;0;0;2;1;2;A01
201700026755;0;7;0;1;0;9;1;Z01
201700026756;0;7;0;0;2;1;2;A01
201700026756;0;7;0;0;2;4;1;B01
201700026757;0;7;0;0;2;0;1;B01
201700026757;0;7;0;0;2;1;9;A01
201700026758;0;7;0;0;2;3;11;A01
201700026758;0;2;0;0;2;2;1;B01
201700026759;0;7;0;0;2;1;2;A01
201700026759;0;7;0;0;2;4;2;B01
201700026760;2;7;0;0;2;4;2;B01
201700026760;2;7;0;0;2;1;2;A01
201700026761;0;1;0;0;0;0;0;A01
201700026762;1;7;0;14;0;1;18;A01
201700026763;0;7;0;0;2;4;2;B01
201700026763;0;7;0;0;2;1;2;A01
201700026763;0;10;0;0;2;4;2;C01
201700026764;0;7;0;0;1;2;1;A01
201700026765;0;7;0;0;1;2;1;A01
201700026766;0;7;0;7;0;1;1;A01
201700026767;0;33;0;0;2;0;1;B01
201700026767;0;7;0;0;2;3;1;A01
201700026768;0;7;0;0;2;1;1;B01
201700026768;0;1;0;0;2;1;15;A01
201700026769;0;7;0;0;0;0;9;A01
201700026769;0;2;0;0;0;0;1;B01
201700026770;2;7;0;0;2;4;2;B01
201700026770;2;7;0;0;2;4;1;C01
201700026770;2;7;0;0;2;1;2;A01
201700026771;0;31;0;0;2;4;23;B01
201700026771;0;7;0;0;2;2;1;A01
201700026772;0;7;0;0;2;3;1;B01
201700026772;0;7;0;0;2;1;1;A01
201700026773;0;7;0;0;2;1;15;A01
201700026773;0;1;0;0;2;0;1;B01
201700026774;0;7;0;0;2;3;15;A01
201700026774;0;38;2;0;2;2;1;B01
201700026775;2;7;0;0;2;4;23;D01
201700026775;2;7;0;0;2;1;2;A01
201700026775;2;7;0;0;2;4;1;B01
201700026775;2;7;0;0;2;4;1;C01
201700026776;0;7;0;0;2;2;0;A01
201700026776;0;1;0;0;2;1;0;B01
201700026777;0;7;0;0;1;1;1;A01
201700026778;0;7;0;0;1;4;4;A01
201700026779;1;7;0;0;2;3;1;B01
201700026779;2;14;0;0;2;1;15;A01
201700026780;0;7;0;9;0;1;1;A01
201700026781;0;7;0;0;2;1;16;B01
201700026781;0;33;0;0;2;8;7;A01
201700026782;2;33;0;0;0;0;21;B01
201700026782;2;33;0;0;0;0;12;A01
201700026783;2;7;0;3;0;1;0;A01
201700026784;0;2;0;0;2;1;18;A01
201700026784;0;7;0;0;2;2;16;B01
201700026785;1;7;0;0;2;2;9;A01
201700026785;1;1;0;0;2;7;1;B01
201700026786;0;7;0;0;1;8;1;A01
201700026787;0;1;0;0;1;1;1;A01
201700026788;1;7;0;0;2;1;2;A01
201700026788;1;7;0;0;2;4;1;B01
201700026788;1;7;0;0;2;4;1;C01
201700026789;1;2;0;0;1;1;17;A01
201700026790;0;2;0;0;2;1;13;A01
201700026790;0;7;0;0;2;3;23;B01
201700026791;0;7;0;3;0;1;14;A01
201700026792;0;7;0;0;2;1;2;A01
201700026792;0;10;0;0;2;4;23;B01
201700026793;0;7;0;0;2;8;1;B01
201700026793;0;31;0;0;2;7;1;A01
201700026794;0;7;0;0;1;1;1;A01
201700026795;0;7;0;0;2;0;1;A01
201700026795;0;7;0;0;2;1;1;B01
201700026796;0;7;0;8;0;3;13;A01
201700026797;0;7;0;0;2;1;2;A01
201700026797;0;7;0;0;2;4;23;C01
201700026797;0;7;0;0;2;4;2;B01
201700026798;2;14;0;0;1;4;4;A01
201700026799;0;1;0;0;2;1;1;A01
201700026799;0;7;0;0;2;7;1;B01
201700026800;0;1;0;0;1;1;21;A01
201700026801;2;7;0;0;1;1;1;A01
201700026802;0;7;0;0;2;1;9;A01
201700026802;0;2;0;0;2;8;1;B01
201700026803;1;7;0;0;2;4;1;C01
201700026803;1;7;0;0;2;4;1;B01
201700026803;1;10;0;0;2;1;2;A01
201700026803;1;7;0;0;2;4;1;D01
201700026804;0;10;0;0;2;4;1;B01
201700026804;0;7;0;0;2;1;2;A01
201700026805;2;7;0;2;0;8;14;A01
201700026806;0;2;0;0;2;1;2;A01
201700026806;0;7;0;0;2;4;1;B01
201700026807;0;7;0;0;2;1;2;A01
201700026807;0;7;0;0;2;4;23;B01
201700026808;0;7;0;0;2;1;1;Z01
201700026808;0;31;0;0;2;7;1;B01
201700026809;1;7;0;7;0;1;1;A01
201700026810;0;7;0;0;0;0;0;A01
201700026810;0;1;0;0;0;0;21;B01
201700026811;0;33;0;0;1;1;1;A01
201700026812;0;7;0;0;2;1;2;A01
201700026812;0;7;0;0;2;4;2;B01
201700026813;0;7;0;0;2;5;15;A01
201700026813;0;1;0;0;2;1;1;B01
201700026814;0;1;0;0;2;1;1;B01
201700026814;0;7;0;0;2;3;16;A01
201700026815;0;7;0;0;2;4;1;B01
201700026815;0;7;0;0;2;1;2;A01
201700026816;1;2;0;0;2;4;23;B01
201700026816;0;7;0;0;2;1;2;A01
201700026817;0;1;0;0;2;1;1;A01
201700026817;0;10;0;0;2;4;1;B01
201700026818;2;10;0;0;2;4;1;C01
201700026818;2;10;0;0;2;1;1;A01
201700026818;2;7;0;0;2;4;1;B01
201700026819;1;7;0;0;1;1;16;A01
201700026820;0;33;0;0;1;1;1;A01
201700026821;0;38;0;0;2;1;2;A01
201700026821;0;7;0;0;2;4;23;B01
201700026822;0;7;0;0;2;3;9;A01
201700026822;0;1;0;0;2;1;1;B01
201700026823;0;7;0;0;1;0;1;A01
201700026824;0;1;0;0;2;1;1;B01
201700026824;0;7;0;0;2;7;16;A01
201700026825;1;7;0;0;2;1;1;A01
201700026825;1;7;0;0;2;2;1;B01
201700026826;0;7;0;0;0;4;23;B01
201700026826;0;33;0;0;2;1;2;A01
201700026827;2;1;0;0;2;7;1;B01
201700026827;0;7;0;1;0;1;9;A01
201700026828;2;7;0;0;1;2;16;A01
201700026829;1;1;0;0;2;1;1;B01
201700026829;1;7;0;0;9;3;15;A01
201700026830;0;7;0;0;0;4;23;B01
201700026830;0;7;0;0;2;1;2;A01
201700026831;0;2;0;0;2;1;1;A01
201700026831;0;1;0;0;2;4;1;B01
201700026832;2;7;0;0;2;1;2;A01
201700026832;2;7;0;0;2;1;2;C01
201700026832;2;7;0;0;0;4;1;B01
201700026833;2;7;0;0;2;1;19;A01
201700026833;2;37;1;0;2;7;1;B01
201700026834;1;7;0;0;0;9;14;A01
201700026835;1;7;0;0;2;4;1;C01
201700026835;1;7;0;0;2;4;1;B01
201700026835;1;7;0;0;2;1;1;A01
201700026836;0;7;0;0;2;7;15;B01
201700026836;0;7;0;0;2;1;1;A01
201700026837;0;7;0;0;1;1;1;A01
201700026838;0;7;0;0;2;3;20;B01
201700026838;1;1;0;0;2;2;1;A01
201700026839;1;33;0;0;2;1;1;A01
201700026839;1;7;0;0;0;4;12;B01
201700026840;2;7;0;0;2;3;16;B01
201700026840;2;7;0;0;2;2;16;A01
201700026841;0;7;0;3;0;1;21;A01
201700026842;0;7;0;0;1;3;1;A01
201700026843;0;1;0;0;1;0;1;A01
201700026844;1;7;0;1;0;0;16;A01
201700026845;1;33;0;0;2;0;1;A01
201700026845;1;7;0;0;0;0;14;B01
201700026846;1;1;0;0;2;1;1;B01
201700026846;2;7;0;0;2;7;15;A01
201700026847;0;30;0;0;2;1;5;B01
201700026847;0;7;0;0;2;3;15;A01
201700026848;1;7;0;0;2;1;15;A01
201700026848;2;1;0;0;2;8;16;B01
201700026849;1;7;0;3;0;0;1;A01
201700026850;1;7;0;0;1;1;16;A01
201700026851;2;7;0;0;2;1;2;A01
201700026851;2;7;0;0;0;4;1;B01
201700026852;0;1;0;0;0;4;1;B01
201700026852;0;7;0;0;2;1;2;A01
201700026853;0;7;0;0;2;2;15;A01
201700026853;0;31;0;0;2;1;0;B01
201700026854;0;7;0;0;2;2;1;B01
201700026854;0;30;0;0;2;3;9;A01
201700026855;0;7;0;0;1;7;1;Z01
201700026856;0;33;0;0;2;8;1;B01
201700026856;0;7;0;0;2;2;15;A01
201700026857;1;7;0;0;2;4;2;A01
201700026857;1;7;0;0;2;1;2;C01
201700026857;1;7;0;0;2;1;2;B01
201700026858;1;7;0;0;2;1;2;A01
201700026858;1;10;0;0;0;4;1;B01
201700026859;1;7;0;0;2;1;15;B01
201700026859;2;30;0;0;2;8;1;A01
201700026860;1;7;0;0;2;1;1;B01
201700026860;2;7;0;0;2;1;15;A01
201700026861;1;33;0;0;0;0;0;A01
201700026862;0;1;0;0;2;3;1;B01
201700026862;0;7;0;0;2;2;16;A01
201700026863;1;7;0;0;0;3;1;A01
201700026864;2;15;0;0;0;0;1;A01
201700026865;0;7;0;3;0;2;1;A01
201700026866;1;37;1;0;1;1;1;A01
201700026867;2;7;0;0;1;1;1;A01
201700026868;2;7;0;0;2;4;1;B01
201700026868;2;7;0;0;2;1;2;A01
201700026869;2;1;0;0;2;4;1;B01
201700026869;2;14;0;0;2;1;2;A01
201700026870;2;7;0;0;2;1;15;A01
201700026870;1;30;0;0;2;1;1;B01
201700026871;0;7;0;0;2;0;22;A01
201700026871;1;1;0;0;2;1;1;B01
201700026872;0;7;0;8;0;0;1;A01
201700026873;1;7;0;0;2;4;1;C01
201700026873;1;10;0;0;2;1;12;A01
201700026873;1;7;0;0;2;4;1;B01
201700026873;1;7;0;0;2;4;1;E01
201700026873;1;7;0;0;2;4;1;D01
201700026874;1;10;0;0;2;1;16;A01
201700026874;2;1;0;0;2;1;1;B01
201700026875;0;33;0;0;0;0;21;A01
201700026876;0;10;0;0;1;4;4;A01
201700026877;0;7;0;0;2;1;0;A01
201700026877;2;1;0;0;2;0;1;B01
201700026878;0;10;0;0;1;1;1;A01
201700026879;0;10;0;0;1;1;1;A01
201700026880;0;1;0;0;2;1;1;A01
201700026880;0;7;0;0;2;1;15;B01
201700026881;2;7;0;0;1;1;15;A01
201700026882;1;7;0;0;2;6;15;A01
201700026882;1;1;0;0;2;1;1;B01
201700026883;1;10;0;0;2;1;1;A01
201700026883;2;7;0;1;2;3;1;B01
201700026884;1;7;0;0;2;4;1;B01
201700026884;1;7;0;0;2;2;1;A01
201700026884;1;7;0;0;2;4;1;C01
201700026885;0;1;0;0;2;7;2;B01
201700026885;0;7;0;0;2;3;2;A01
201700026886;0;7;0;2;0;2;1;A01
201700026887;0;7;0;0;2;7;22;A01
201700026887;0;1;0;0;2;1;18;B01
201700026888;1;7;0;0;2;4;1;B01
201700026888;1;7;0;0;2;1;2;A01
201700026889;0;7;0;0;1;1;1;A01
201700026890;1;7;0;0;2;3;9;A01
201700026890;1;1;0;0;2;7;1;B01
201700026891;0;1;0;0;2;1;1;B01
201700026891;0;7;0;0;2;3;9;A01
201700026892;2;7;0;0;1;1;15;A01
201700026893;0;7;0;0;1;1;15;A01
201700026894;2;7;0;0;2;4;1;D01
201700026894;2;7;0;0;2;4;1;C01
201700026894;2;7;0;0;2;4;1;B01
201700026894;2;7;0;0;2;1;2;A01
201700026895;0;7;0;0;2;8;9;A01
201700026895;0;7;0;0;2;2;1;B01
201700026896;0;7;0;2;0;1;14;A01
201700026897;0;7;0;15;0;1;14;A01
201700026898;1;7;0;0;1;1;0;A01
201700026899;1;37;4;0;2;2;1;A01
201700026899;;7;0;0;2;6;15;B01
201700026900;0;7;0;0;2;1;2;A01
201700026900;0;10;0;0;2;4;1;B01
201700026901;2;7;0;0;1;1;1;A01
201700026902;0;7;0;0;2;1;2;A01
201700026902;0;7;0;0;2;4;1;B01
201700026903;1;7;0;13;0;9;1;A01
201700026904;2;7;0;0;2;1;2;A01
201700026904;2;7;0;0;2;4;1;B01
201700026904;2;7;0;0;2;1;2;C01
201700026905;0;7;0;0;2;2;1;B01
201700026905;0;7;0;0;2;2;9;A01
201700026906;;7;0;;;;;A02
201700026906;0;31;0;0;0;0;0;A01
201700026907;0;7;0;0;2;4;1;B01
201700026907;0;10;0;0;2;1;2;A01
201700026908;0;7;0;0;2;5;10;A01
201700026908;0;33;0;0;2;1;1;B01
201700026909;2;7;0;0;2;1;2;A01
201700026909;2;7;0;0;2;4;1;B01
201700026910;0;7;0;0;1;1;16;A01
201700026911;2;10;0;0;2;1;2;A01
201700026911;2;15;0;0;2;4;1;C01
201700026911;2;7;0;0;2;1;2;B01
201700026912;0;7;0;1;0;1;1;A01
201700026913;1;7;0;0;2;3;10;A01
201700026913;2;7;0;0;2;7;1;B01
201700026914;0;7;0;0;1;1;1;A01
201700026915;0;7;0;0;1;3;1;A01
201700026916;2;1;0;0;2;1;1;B01
201700026916;1;7;0;0;2;7;15;A01
201700026917;0;1;0;0;2;1;1;B01
201700026917;0;10;0;0;2;7;16;A01
201700026918;1;7;0;0;2;1;15;A01
201700026918;2;7;0;0;2;1;1;B01
201700026919;0;7;0;0;2;1;9;A01
201700026919;0;30;0;0;2;7;1;B01
201700026920;0;7;0;0;1;2;1;A01
201700026921;2;14;0;0;9;2;9;A01
201700026921;2;1;0;0;2;4;1;B01
201700026922;2;7;0;0;2;3;15;B01
201700026922;1;33;0;0;2;1;7;A01
201700026923;1;34;0;0;1;1;1;A01
201700026924;1;2;0;0;2;3;1;B01
201700026924;1;7;0;0;2;3;15;A01
201700026925;2;99;0;0;1;1;1;A01
201700026926;1;7;0;0;2;1;5;A01
201700026926;2;7;0;0;2;1;1;B01
201700026927;1;7;0;0;1;1;1;A01
201700026928;1;33;0;0;2;1;1;B01
201700026928;1;7;0;0;2;2;15;A01
201700026929;1;31;0;0;2;4;1;B01
201700026929;1;7;0;0;2;1;9;A01
201700026930;1;7;0;0;2;4;1;C01
201700026930;0;7;0;0;2;1;1;A01
201700026930;0;7;0;0;2;9;1;B01
201700026931;1;2;0;12;0;7;1;A01
201700026932;0;33;0;0;2;7;17;A01
201700026932;0;7;0;0;2;8;15;B01
201700026933;0;13;0;13;0;7;1;A01
201700026934;0;7;0;0;1;1;1;A01
201700026935;1;7;0;10;0;1;0;A01
201700026936;0;30;0;1;0;1;1;A01
201700026937;0;7;0;1;0;2;14;A01
201700026938;1;7;0;0;2;3;1;A01
201700026938;2;7;0;0;2;8;1;B01
201700026939;1;7;0;7;0;9;1;A01
201700026940;0;10;0;0;2;8;16;A01
201700026940;0;30;0;0;2;1;1;B01
201700026941;1;7;0;1;0;2;14;A01
201700026941;1;7;0;0;0;0;24;B01
201700026942;0;7;0;0;2;8;1;B01
201700026942;0;30;0;0;2;1;1;A01
201700026943;0;7;0;0;2;4;2;B01
201700026943;0;10;0;0;2;1;1;A01
201700026944;0;7;0;0;1;2;1;A01
201700026945;0;7;0;0;2;5;2;B01
201700026945;0;7;0;0;2;3;9;A01
201700026946;0;7;0;0;2;1;1;B01
201700026946;1;7;0;0;2;7;9;A01
201700026947;0;37;0;0;1;0;0;A01
201700026948;1;30;0;0;0;0;0;A01
201700026949;0;7;0;8;0;0;0;A01
201700026950;1;7;0;0;0;0;0;C01
201700026950;1;7;0;0;0;0;0;A01
201700026950;1;7;0;0;0;0;0;B01
201700026951;1;7;0;13;0;0;0;A01
201700026952;1;17;0;0;2;3;0;B01
201700026952;1;7;0;0;2;0;0;A01
201700026953;2;7;0;0;2;3;1;B01
201700026953;1;7;0;0;2;3;13;A01
201700026954;0;32;0;0;1;2;18;A01
201700026955;0;7;0;0;2;4;0;A01
201700026955;0;31;0;0;2;4;0;B01
201700026956;0;7;0;0;2;1;1;A01
201700026956;0;7;0;0;2;7;0;B01
201700026957;1;7;0;6;0;1;0;A01
201700026958;1;7;0;0;2;1;0;A01
201700026958;1;7;0;0;2;1;16;B01
201700026959;1;7;0;0;1;1;0;A01
201700026960;0;7;0;1;0;1;1;A01
201700026960;1;7;0;0;0;5;24;C01
201700026960;1;7;0;0;0;2;24;B01
201700026961;1;30;0;0;0;1;1;A01
201700026962;1;7;0;0;2;6;1;B01
201700026962;1;7;0;0;2;2;17;A01
201700026963;1;7;0;0;2;8;1;B01
201700026963;0;7;0;1;0;8;24;C01
201700026963;1;7;0;0;2;3;15;A01
201700026964;1;7;0;0;2;8;1;B01
201700026964;1;7;0;0;2;1;15;A01
201700026965;0;7;0;0;2;7;1;B01
201700026965;0;7;0;0;2;1;19;A01
201700026966;1;7;0;16;0;2;0;A01
201700026967;1;7;0;0;2;1;1;A01
201700026967;1;7;0;0;2;7;1;B01
201700026968;1;7;0;8;0;1;14;A01
201700026969;0;7;0;6;0;1;1;A01
201700026970;2;7;0;0;1;1;1;A01
201700026971;1;33;0;0;2;4;2;B01
201700026971;0;7;0;0;2;3;2;A01
201700026972;0;30;0;12;0;2;1;A01
201700026973;0;7;0;0;2;1;1;A01
201700026973;0;7;0;0;2;4;1;B01
201700026974;0;7;0;16;0;9;0;A01
201700026975;1;7;0;13;0;1;1;A01
201700026976;0;1;0;0;2;1;5;A01
201700026976;0;7;0;0;2;4;4;B01
201700026977;0;14;0;0;1;4;4;A01
201700026978;0;1;0;0;2;1;1;A01
201700026978;0;7;0;0;0;0;0;B01
201700026979;0;2;0;0;1;1;14;A01
201700026980;0;1;0;1;0;2;21;B01
201700026980;2;7;0;0;9;8;22;A01
201700026981;2;7;0;0;2;2;15;B01
201700026981;1;7;0;0;2;1;1;A01
201700026982;1;7;0;13;0;9;1;A01
201700026983;1;7;0;0;2;4;2;B01
201700026983;1;7;0;0;2;1;2;A01
201700026984;1;7;0;0;1;1;1;A01
201700026985;1;7;0;0;1;3;14;A01
201700026986;1;7;0;0;2;6;2;B01
201700026986;1;7;0;0;2;1;2;A01
201700026987;0;30;0;13;0;7;1;A01
201700026988;1;7;0;6;0;1;1;A01
201700026989;0;7;0;0;2;3;21;A01
201700026989;0;1;0;0;2;3;9;B01
201700026990;0;2;0;14;0;0;1;A01
201700026991;2;7;0;0;2;3;15;A01
201700026991;1;7;0;0;2;2;9;B01
201700026992;2;7;0;0;2;2;9;B01
201700026992;1;7;0;0;2;3;9;A01
201700026993;0;7;0;12;0;8;16;A01
201700026994;0;7;0;0;1;1;1;A01
201700026995;1;7;0;15;0;0;1;A01
201700026996;1;7;0;0;2;1;1;B01
201700026996;1;7;0;0;2;1;19;A01
201700026997;1;1;0;14;0;1;0;A01
201700026998;1;31;0;0;0;0;23;A01
201700026999;2;7;0;0;2;8;14;A01
201700026999;2;7;0;0;2;7;11;B01
201700027000;0;37;0;0;1;5;9;A01
201700027001;2;7;0;1;1;3;1;A01
201700027002;1;30;0;14;0;7;1;A01