num_acc;senc;catv;occutc;obs;obsm;choc;manv;num_veh
201700027384;1;10;0;0;2;3;15;B01
201700027385;1;32;0;0;0;1;1;A01
201700027386;2;7;0;0;2;4;2;C01
201700027386;2;7;0;0;2;1;2;A01
201700027386;2;7;0;0;2;4;2;B01
201700027387;1;10;0;1;1;4;20;A01
201700027388;2;7;0;0;1;1;2;A01
201700027389;2;7;0;0;2;1;1;B01
201700027389;1;7;0;0;2;2;1;A01
201700027390;2;7;0;0;2;4;2;B01
201700027390;2;7;0;0;2;1;2;A01
201700027390;2;7;0;0;2;6;2;C01
201700027391;1;7;0;0;2;2;19;B01
201700027391;1;33;0;0;2;7;13;A01
201700027392;2;1;0;0;2;1;2;A01
201700027392;2;7;0;0;2;4;2;B01
201700027393;1;7;0;0;2;4;2;B01
201700027393;1;7;0;0;2;1;2;A01
201700027394;2;31;0;0;2;2;21;A01
201700027394;1;7;0;0;2;3;20;B01
201700027395;1;32;0;0;2;1;13;A01
201700027395;1;7;0;0;2;4;23;B01
201700027396;2;7;0;0;2;2;15;B01
201700027396;1;32;0;0;2;1;1;A01
201700027397;1;7;0;0;2;4;2;D01
201700027397;1;7;0;0;2;1;2;A01
201700027397;1;7;0;0;2;4;2;B01
201700027397;1;7;0;0;2;4;2;C01
201700027398;1;1;0;0;2;3;19;B01
201700027398;1;7;0;0;2;2;1;A01
201700027399;2;7;0;0;2;8;22;A01
201700027399;2;1;0;1;0;1;2;B01
201700027400;1;7;0;0;1;0;16;A01
201700027401;2;7;0;0;2;4;2;B01
201700027401;2;1;0;0;2;4;2;A01
201700027402;1;7;0;0;2;1;2;B01
201700027402;1;7;0;0;2;4;11;A01
201700027403;2;7;0;0;2;4;2;B01
201700027403;2;10;0;0;2;1;2;A01
201700027404;1;37;24;0;1;2;1;A01
201700027405;1;7;0;0;1;1;16;A01
201700027406;0;7;0;0;2;7;1;B01
201700027406;0;1;0;0;2;8;0;A01
201700027407;1;31;0;0;0;3;13;A01
201700027408;1;1;0;0;0;0;0;A01
201700027409;2;1;0;16;0;1;1;A01
201700027410;1;1;0;1;0;1;14;A01
201700027411;1;30;0;16;0;7;1;A01
201700027412;1;7;0;15;0;1;21;A01
201700027413;1;40;25;1;0;2;1;B01
201700027413;1;14;0;0;4;6;23;A01
201700027414;1;7;0;12;0;2;14;A01
201700027415;1;30;0;0;2;1;2;A01
201700027415;1;7;0;0;2;4;2;B01
201700027416;1;2;0;16;0;8;9;A01
201700027417;1;7;0;6;0;2;14;A01
201700027418;1;31;0;16;0;8;1;A01
201700027419;1;7;0;0;2;2;15;A01
201700027419;2;7;0;0;2;1;1;B01
201700027420;1;7;0;2;0;1;13;A01
201700027421;1;7;0;2;0;3;1;A01
201700027422;1;7;0;0;2;1;9;A01
201700027422;2;1;0;0;2;1;1;B01
201700027423;1;31;0;0;0;6;2;A01
201700027424;1;7;0;0;1;1;1;A01
201700027425;2;7;0;0;1;2;1;A01
201700027426;2;10;0;0;1;4;4;A01
201700027427;1;1;0;0;2;1;2;A01
201700027427;2;7;0;0;2;4;2;Z01
201700027428;1;31;0;0;2;1;1;B01
201700027428;1;7;0;0;2;3;15;A01
201700027429;1;7;0;0;1;1;16;A01
201700027430;1;7;0;13;0;5;15;A01
201700027431;1;33;0;0;1;1;1;A01
201700027432;1;7;0;0;2;4;2;B01
201700027432;1;7;0;0;2;1;2;A01
201700027433;1;7;0;0;2;1;1;B01
201700027433;2;7;0;0;2;1;15;A01
201700027434;1;7;0;6;0;7;1;A01
201700027435;1;2;0;16;0;3;1;A01
201700027436;1;1;0;0;2;7;1;A01
201700027436;2;7;0;0;2;1;9;B01
201700027437;1;7;0;0;2;4;2;E01
201700027437;1;7;0;0;2;4;2;D01
201700027437;1;10;0;0;2;6;2;B01
201700027437;1;7;0;0;2;4;2;F02
201700027437;1;7;0;0;2;5;2;C01
201700027437;1;10;0;0;2;2;2;A01
201700027438;2;33;0;0;1;8;21;A01
201700027439;1;7;0;0;1;3;1;A01
201700027440;1;30;0;16;0;2;1;A01
201700027441;1;1;0;16;0;2;1;A01
201700027442;2;30;0;16;0;8;1;A01
201700027443;2;7;0;0;1;3;17;A01
201700027444;2;1;0;0;2;8;19;A01
201700027444;1;7;0;0;2;1;1;B01
201700027445;1;7;0;0;2;8;1;B01
201700027445;2;7;0;0;2;1;15;A01
201700027446;2;30;0;16;0;8;9;A01
201700027447;1;7;0;0;2;6;17;A01
201700027447;1;7;0;0;2;3;1;B01
201700027448;1;7;0;0;1;1;15;A01
201700027449;1;7;0;0;2;1;2;A01
201700027449;1;7;0;0;2;4;23;B01
201700027450;1;7;0;0;1;7;1;A01
201700027451;1;7;0;6;0;1;1;A01
201700027452;2;1;0;0;2;1;15;B01
201700027452;1;7;0;0;2;3;9;A01
201700027453;1;10;0;0;1;7;1;A01
201700027454;2;7;0;0;2;3;1;B01
201700027454;2;7;0;0;2;1;1;A01
201700027455;1;32;0;0;2;3;1;B01
201700027455;1;1;0;0;2;1;1;A01
201700027456;2;7;0;0;1;2;16;A01
201700027457;2;30;0;0;2;1;1;B01
201700027457;1;7;0;0;2;2;15;A01
201700027458;1;7;0;0;1;5;1;A01
201700027459;1;1;0;0;2;1;19;B01
201700027459;1;7;0;0;2;7;1;A01
201700027460;2;7;0;0;2;5;5;A01
201700027460;1;7;0;0;2;1;1;B01
201700027461;1;7;0;0;2;7;17;C01
201700027461;1;7;0;0;2;1;2;A01
201700027461;1;7;0;0;2;6;2;B01
201700027462;1;7;0;16;0;1;1;A01
201700027463;1;30;0;16;0;8;1;A01
201700027464;1;7;0;0;2;4;2;B01
201700027464;1;7;0;0;2;1;2;A01
201700027465;1;7;0;0;2;6;1;B01
201700027465;1;33;0;0;2;1;17;A01
201700027466;1;33;0;0;2;8;16;B01
201700027466;1;7;0;0;2;2;16;A01
201700027467;1;7;0;0;2;3;2;A01
201700027467;1;7;0;0;2;6;2;B01
201700027468;1;2;0;0;2;1;16;A01
201700027468;1;7;0;0;2;7;1;B01
201700027469;1;7;0;0;2;7;1;A01
201700027469;1;10;0;0;2;3;1;B01
201700027470;1;33;0;0;2;1;9;A01
201700027470;2;7;0;0;2;7;15;B01
201700027471;1;10;0;0;1;2;1;A01
201700027472;1;7;0;0;2;1;9;A01
201700027472;1;1;0;0;2;7;1;B01
201700027473;1;7;0;0;1;2;16;A01
201700027474;1;31;0;16;0;3;15;A01
201700027475;1;1;0;0;2;3;13;B01
201700027475;1;7;0;0;2;2;17;A01
201700027476;2;7;0;0;2;7;15;A01
201700027476;1;30;0;0;2;1;1;B01
201700027477;1;31;0;16;0;7;16;A01
201700027478;1;7;0;0;2;1;2;A01
201700027478;1;7;0;0;2;4;2;B01
201700027479;2;30;0;0;2;1;5;A01
201700027479;1;7;0;0;2;1;1;B01
201700027480;1;7;0;0;2;8;9;A01
201700027480;2;7;0;0;2;1;1;B01
201700027481;1;7;0;0;2;3;16;A01
201700027481;1;33;0;0;2;1;1;B01
201700027482;1;30;0;0;2;1;2;A01
201700027482;1;7;0;0;2;5;2;B01
201700027483;1;7;0;13;0;1;1;A01
201700027484;1;7;0;1;2;3;1;B01
201700027484;1;7;0;0;2;2;9;A01
201700027485;2;7;0;0;2;1;19;A01
201700027485;1;1;0;0;2;1;1;B01
201700027486;1;7;0;0;2;5;16;A01
201700027486;1;30;0;0;2;3;1;B01
201700027487;1;7;0;0;2;1;2;A01
201700027487;1;7;0;0;2;4;2;B01
201700027488;2;1;0;0;2;5;19;B01
201700027488;2;7;0;0;2;1;1;A01
201700027489;1;7;0;0;1;2;1;A01
201700027490;1;7;0;0;2;3;16;A01
201700027490;2;7;0;0;2;3;23;B01
201700027491;1;7;0;0;2;6;2;B01
201700027491;1;33;0;0;2;1;2;A01
201700027492;1;7;0;0;2;4;2;B01
201700027492;1;7;0;0;2;1;2;A01
201700027493;1;7;0;4;0;1;1;A01
201700027494;1;7;0;0;2;1;9;Z01
201700027494;1;1;0;0;2;7;15;A01
201700027495;1;7;0;0;2;1;2;A01
201700027495;1;7;0;0;2;4;2;B01
201700027496;2;30;0;16;0;8;21;A01
201700027497;1;10;0;0;1;2;15;A01
201700027498;1;14;0;0;2;2;1;B01
201700027498;1;7;0;4;2;6;17;A01
201700027499;1;33;0;16;0;6;15;A01
201700027500;1;7;0;0;2;3;9;A01
201700027500;1;1;0;0;2;1;1;B01
201700027501;1;7;0;0;2;6;9;A01
201700027501;1;2;0;0;2;1;1;B01
201700027502;1;7;0;9;0;2;14;A01
201700027503;1;7;0;0;1;1;1;A01
201700027504;1;7;0;0;2;6;1;C01
201700027504;1;7;0;0;2;3;13;A01
201700027504;1;10;0;0;2;2;17;B01
201700027505;1;10;0;0;2;1;2;A01
201700027505;1;7;0;0;2;4;2;B01
201700027506;1;7;0;0;2;4;2;B01
201700027506;1;7;0;0;2;1;2;A01
201700027506;1;7;0;0;2;4;2;C01
201700027507;2;1;0;0;2;1;1;A01
201700027507;1;1;0;0;2;1;1;B01
201700027508;1;7;0;12;0;3;13;A01
201700027509;1;2;0;1;0;7;13;A01
201700027510;1;30;0;16;0;7;1;A01
201700027511;1;31;0;16;0;7;1;A01
201700027512;1;33;0;0;2;1;2;A01
201700027512;1;7;0;0;2;6;2;B01
201700027513;1;30;0;16;0;8;16;A01
201700027514;2;7;0;0;2;1;1;B01
201700027514;2;7;0;0;2;7;1;A01
201700027515;1;7;0;0;1;2;1;Z01
201700027516;2;7;0;16;0;1;17;A01
201700027517;1;7;0;0;2;2;1;A01
201700027517;1;7;0;0;2;1;1;B01
201700027518;1;33;0;0;2;8;1;B01
201700027518;2;7;0;0;2;1;15;A01
201700027519;1;7;0;0;2;1;2;A01
201700027519;1;7;0;0;2;4;2;B01
201700027520;1;3;0;6;0;4;4;A01
201700027521;1;7;0;0;2;6;2;A01
201700027521;1;7;0;0;2;4;2;B01
201700027521;1;7;0;0;2;1;2;C01
201700027522;2;1;0;0;2;1;1;B01
201700027522;1;1;0;0;2;1;1;A01
201700027523;1;7;0;0;2;1;2;A01
201700027523;2;7;0;0;2;4;2;B01
201700027524;2;7;0;0;2;1;2;A01
201700027524;2;7;0;0;2;4;2;B01
201700027525;1;14;0;0;2;4;4;A01
201700027525;2;30;0;0;2;1;2;B01
201700027526;1;7;0;0;2;1;2;A01
201700027526;1;7;0;0;2;4;2;B01
201700027526;1;7;0;0;2;4;2;C01
201700027527;1;30;0;16;0;8;1;A01
201700027528;1;7;0;0;1;1;16;A01
201700027529;2;38;0;0;1;5;12;A01
201700027530;1;30;0;0;1;1;1;A01
201700027531;1;2;0;16;0;7;1;A01
201700027532;1;7;0;3;0;1;1;A01
201700027533;2;7;0;3;0;1;1;A01
201700027534;2;7;0;0;1;1;1;A01
201700027535;1;10;0;4;0;3;17;A01
201700027536;1;7;0;0;1;2;1;Z01
201700027537;1;7;0;0;2;3;9;A01
201700027537;1;30;0;0;2;1;1;B01
201700027538;1;7;0;0;2;5;16;B01
201700027538;1;30;0;0;2;3;19;A01
201700027539;1;7;0;0;2;1;1;B01
201700027539;1;7;0;0;2;3;9;A01
201700027540;2;7;0;0;2;2;15;B01
201700027540;1;30;0;0;2;1;1;A01
201700027541;2;33;0;0;2;7;1;A01
201700027541;1;7;0;0;2;8;20;Z01
201700027542;2;7;0;0;2;1;1;B01
201700027542;1;1;0;0;2;7;15;A01
201700027543;1;7;0;0;1;2;1;A01
201700027544;1;7;0;0;2;1;2;A01
201700027544;1;7;0;0;2;4;2;B01
201700027545;1;31;0;16;0;2;1;A01
201700027546;1;30;0;16;0;8;1;A01
201700027547;2;7;0;0;1;1;1;A01
201700027548;2;38;7;6;0;1;1;A01
201700027549;1;7;0;0;2;2;15;A01
201700027549;2;7;0;0;2;1;23;B01
201700027549;1;7;0;0;2;3;16;C01
201700027550;1;2;0;0;1;2;1;Z01
201700027551;1;7;0;0;2;7;17;Z01
201700027551;1;2;0;0;2;8;1;A01
201700027552;2;7;0;0;2;4;2;B01
201700027552;2;7;0;0;2;1;2;A01
201700027552;2;7;0;0;2;4;2;C01
201700027553;1;1;0;0;2;7;1;B01
201700027553;1;7;0;0;2;1;9;A01
201700027554;2;7;0;4;0;6;1;A01
201700027555;1;2;0;0;2;7;1;B01
201700027555;1;7;0;0;2;2;9;A01
201700027556;1;7;0;0;1;1;1;A01
201700027557;2;7;0;16;0;0;13;A01
201700027558;1;7;0;0;2;2;1;B01
201700027558;1;7;0;0;2;3;9;A01
201700027559;1;38;20;0;2;2;1;B01
201700027559;2;1;0;0;2;7;19;A01
201700027560;2;7;0;0;1;1;15;A01
201700027561;1;7;0;0;2;6;1;B01
201700027561;1;7;0;0;2;2;13;A01
201700027562;2;7;0;0;2;2;1;A01
201700027562;1;7;0;0;2;3;15;B01
201700027563;2;7;0;0;1;1;15;A01
201700027564;2;7;0;9;2;3;13;A01
201700027564;1;1;0;0;2;1;1;B01
201700027565;1;33;0;16;0;1;1;A01
201700027566;1;7;0;0;1;4;16;B01
201700027566;1;37;0;0;2;2;9;A01
201700027567;2;7;0;0;2;7;22;B01
201700027567;2;33;0;0;2;8;3;A01
201700027568;2;7;0;0;2;1;2;A01
201700027568;2;7;0;0;2;4;2;B01
201700027569;2;2;0;16;0;3;1;A01
201700027570;1;7;0;0;1;1;15;A01
201700027571;2;7;0;10;0;3;13;A01
201700027572;1;7;0;0;1;1;1;A01
201700027573;1;30;0;0;0;0;0;A01
201700027574;1;7;0;0;2;3;15;A01
201700027574;2;30;0;0;2;0;0;B01
201700027575;1;7;0;0;1;1;0;A01
201700027576;1;10;0;0;1;3;0;A01
201700027577;1;99;0;0;2;2;2;A01
201700027577;1;32;0;0;0;4;0;B01
201700027578;1;7;0;0;2;1;13;A01
201700027578;2;7;0;0;2;1;1;B01
201700027579;1;7;0;0;0;5;14;A01
201700027580;1;7;0;0;1;0;9;A01
201700027581;1;7;0;0;2;3;1;A01
201700027581;1;31;0;0;2;2;17;B01
201700027582;2;31;0;0;2;7;9;B01
201700027582;2;7;0;0;2;3;9;A01
201700027583;2;7;0;2;0;1;13;A01
201700027584;1;7;0;0;2;7;15;A01
201700027584;2;33;0;0;2;0;21;B01
201700027585;2;38;3;0;2;7;15;A01
201700027585;2;7;0;0;9;1;21;B01
201700027586;1;7;0;0;1;0;0;A01
201700027587;1;7;0;0;1;0;0;A01
201700027588;1;7;0;0;2;2;9;A01
201700027588;1;1;0;0;2;3;1;B01
201700027589;1;7;0;0;2;3;1;B01
201700027590;1;7;0;0;1;2;2;A01
201700027591;1;40;0;0;1;2;1;A01
201700027592;1;7;0;0;2;3;15;A01
201700027592;2;32;0;0;2;3;1;B01
201700027593;2;7;0;0;1;2;5;A01
201700027594;1;7;0;0;1;6;4;A01
201700027595;1;7;0;0;1;8;0;A01
201700027596;0;7;0;0;0;0;0;A01
201700027596;0;7;0;0;0;0;0;B01
201700027597;0;7;0;0;1;0;0;A01
201700027598;1;7;0;0;2;3;1;B01
201700027598;1;1;0;0;2;1;19;A01
201700027599;1;7;0;0;2;1;2;A01
201700027599;1;7;0;0;2;4;2;B01
201700027599;1;7;0;0;2;4;2;C01
201700027600;1;7;0;0;2;2;10;A01
201700027600;2;33;0;0;2;1;1;B01
201700027601;1;30;0;0;2;1;1;B01
201700027601;2;7;0;0;2;7;15;A01
201700027602;1;1;0;0;2;1;9;B01
201700027602;1;7;0;0;2;8;9;A01
201700027603;1;7;0;0;2;2;17;A01
201700027603;1;7;0;0;2;8;1;B01
201700027604;1;7;0;0;1;1;1;A01
201700027605;1;10;0;0;1;2;2;A01
201700027606;0;7;0;0;0;0;0;A01
201700027607;2;2;0;0;2;3;1;B01
201700027607;1;7;0;0;2;1;15;A01
201700027608;2;7;0;0;2;1;5;A01
201700027608;1;7;0;0;2;1;1;B01
201700027609;1;37;1;0;1;7;16;A01
201700027610;1;7;0;0;1;7;9;A01
201700027611;1;7;0;0;1;1;1;A01
201700027612;0;1;0;0;2;8;19;A01
201700027612;1;7;0;0;2;1;1;B01
201700027613;1;7;0;0;2;3;9;Z01
201700027613;1;1;0;0;2;2;1;A01
201700027614;1;7;0;0;1;1;0;A01
201700027615;0;7;0;0;0;0;0;A01
201700027615;0;7;0;0;0;0;0;B01
201700027616;0;7;0;0;0;0;0;A01
201700027616;0;7;0;0;0;0;0;Z01
201700027617;2;7;0;0;1;7;1;A01
201700027618;2;15;0;0;2;6;23;A01
201700027618;2;7;0;0;2;2;1;B01
201700027619;1;31;0;0;2;3;2;B01
201700027619;1;7;0;0;2;8;1;A01
201700027620;1;31;0;0;2;7;0;A01
201700027620;1;7;0;0;2;7;15;B01
201700027621;1;7;0;0;2;4;2;B01
201700027621;1;33;0;0;2;7;2;A01
201700027622;1;7;0;0;2;4;2;B01
201700027622;1;7;0;0;2;1;2;A01
201700027622;1;31;0;0;2;4;2;D01
201700027622;1;7;0;0;2;7;2;C01
201700027623;2;7;0;0;2;1;2;A01
201700027623;2;33;0;0;2;4;23;B01
201700027624;2;7;0;0;2;6;16;B01
201700027624;2;31;0;0;2;1;21;A01
201700027625;0;7;0;0;0;0;0;B01
201700027625;1;7;0;0;0;0;0;A01
201700027626;1;34;0;0;0;0;0;Z01
201700027627;1;7;0;0;2;0;1;A01
201700027627;1;7;0;0;2;0;1;B01
201700027628;1;7;0;0;2;3;16;B01
201700027628;1;7;0;0;2;1;1;A01
201700027629;1;7;0;0;2;2;15;A01
201700027629;2;1;0;0;2;5;2;B01
201700027630;1;7;0;0;1;1;2;A01
201700027631;1;2;0;1;2;1;0;A01
201700027631;1;7;0;0;0;3;15;B01
201700027632;1;7;0;0;1;1;15;A01
201700027633;2;7;0;0;1;1;0;A01
201700027634;2;7;0;0;2;7;1;B01
201700027634;2;7;0;0;2;1;9;A01
201700027635;1;1;0;0;2;3;13;B01
201700027635;1;7;0;0;2;2;17;A01
201700027636;1;7;0;0;1;1;2;A01
201700027637;1;7;0;0;1;2;16;A01
201700027638;1;7;0;0;2;7;2;Z01
201700027638;1;1;0;0;2;8;1;B01
201700027639;1;30;0;0;1;0;0;Z01
201700027640;1;7;0;0;1;1;16;Z01
201700027641;1;10;0;0;2;3;13;A01
201700027641;2;7;0;0;2;3;1;B01
201700027642;1;7;0;0;2;5;15;A01
201700027642;2;34;0;0;2;1;21;B01
201700027643;2;20;0;0;1;1;15;A01
201700027644;1;1;0;0;2;4;2;B01
201700027644;1;7;0;0;2;1;2;Z01
201700027645;0;37;0;0;2;3;19;B01
201700027645;2;1;0;0;2;1;1;A01
201700027646;1;7;0;0;2;7;15;A01
201700027646;1;7;0;0;2;1;1;B01
201700027647;1;7;0;0;1;1;15;A01
201700027648;2;7;0;0;2;1;2;A01
201700027648;1;7;0;0;2;6;2;B01
201700027649;2;34;0;0;2;1;13;A01
201700027649;1;7;0;0;2;1;2;B01
201700027650;1;7;0;0;1;3;15;A01
201700027651;1;7;0;0;1;3;15;A01
201700027652;1;7;0;0;2;4;7;B01
201700027652;1;7;0;4;2;1;14;A01
201700027653;1;7;0;0;2;1;1;A01
201700027653;2;30;0;0;1;1;15;B01
201700027654;1;7;0;0;1;0;0;A01
201700027655;1;7;0;0;0;0;0;A01
201700027655;1;7;0;0;0;0;0;B01
201700027655;1;7;0;0;0;0;0;C01
201700027656;1;30;0;14;0;1;0;A01
201700027657;1;7;0;0;2;3;9;A01
201700027657;1;7;0;0;2;1;1;B01
201700027658;1;7;0;12;1;1;16;A01
201700027659;2;33;0;0;2;1;5;B01
201700027659;1;7;0;0;2;2;11;A01
201700027660;1;7;0;0;2;1;2;A01
201700027660;2;7;0;7;2;8;19;B01
201700027661;1;7;0;0;2;3;5;A01
201700027661;2;7;0;0;2;3;17;B01
201700027662;1;7;0;0;2;1;2;A01
201700027662;1;7;0;0;2;4;2;B01
201700027663;1;7;0;0;2;3;5;A01
201700027663;2;33;0;0;2;1;5;B01
201700027664;2;33;0;8;0;1;1;A01
201700027664;1;7;0;0;9;3;23;B01
201700027665;1;7;0;0;2;1;2;A01
201700027665;1;7;0;0;2;4;1;B01
201700027666;1;7;0;0;2;1;15;A01
201700027666;2;33;0;0;2;2;1;B01
201700027667;2;33;0;0;2;1;2;B01
201700027667;1;7;0;0;2;1;5;A01
201700027668;1;7;0;0;2;2;15;A01
201700027668;2;34;0;0;2;1;1;B01
201700027669;1;7;0;0;1;4;4;A01
201700027670;2;7;0;0;2;1;15;Z01
201700027670;2;31;0;0;2;6;5;A01
201700027671;1;34;0;0;2;8;3;A01
201700027671;1;7;0;0;2;7;12;B01
201700027672;2;13;0;2;2;7;1;B01
201700027672;1;7;0;6;2;1;19;A01
201700027673;2;7;0;0;2;7;1;B01
201700027673;1;7;0;0;2;1;1;A01
201700027674;2;7;0;0;2;5;15;A01
201700027674;1;7;0;0;2;2;1;B01
201700027675;1;1;0;0;1;1;17;A01
201700027676;1;7;0;7;2;1;0;A01
201700027676;1;7;0;0;2;3;2;B01
201700027677;1;7;0;0;1;2;2;A01
201700027678;1;7;0;0;0;0;2;E01
201700027678;1;7;0;0;0;0;2;C01
201700027678;1;7;0;0;0;0;2;B01
201700027678;1;7;0;0;0;0;2;A01
201700027678;1;7;0;0;0;0;2;D01
201700027678;1;7;0;0;0;0;2;F02
201700027679;1;7;0;0;0;0;0;B01
201700027679;1;7;0;0;0;0;0;A01
201700027680;1;7;0;0;1;4;4;A01
201700027681;1;7;0;0;1;1;1;A01
201700027682;1;7;0;0;2;4;2;A01
201700027682;1;7;0;0;2;4;2;B01
201700027683;1;1;0;0;2;0;13;B01
201700027683;1;7;0;0;2;5;2;A01
201700027684;1;40;0;0;1;1;1;A01
201700027685;1;13;0;0;2;5;23;B01
201700027685;1;17;0;0;2;1;1;A01
201700027686;1;1;0;0;1;1;1;A01
201700027687;1;7;0;0;1;2;1;A01
201700027688;1;7;0;0;1;2;1;A01
201700027689;1;7;0;0;2;2;15;A01
201700027689;2;7;0;0;2;3;1;B01
201700027690;2;7;0;0;2;5;20;A01
201700027690;1;33;0;0;2;1;1;Z01
201700027691;2;10;0;0;2;1;13;B01
201700027691;2;10;0;0;2;1;2;C01
201700027691;1;7;0;0;2;3;1;A01
201700027692;0;7;0;0;2;8;15;A01
201700027692;0;7;0;0;2;3;1;B01
201700027693;0;7;0;0;1;2;0;A01
201700027694;1;7;0;0;2;0;0;C01
201700027694;1;7;0;0;9;4;0;D01
201700027694;1;10;0;0;2;1;2;A01
201700027694;1;7;0;0;2;4;0;B01
201700027695;1;7;0;0;0;3;1;B01
201700027695;2;15;0;0;0;0;0;Z01
201700027696;1;7;0;0;0;0;0;A01
201700027697;0;7;0;0;1;2;1;A01
201700027698;1;15;0;13;0;7;1;A01
201700027699;0;7;0;0;1;1;0;A01
201700027700;2;7;0;0;1;0;0;A01
201700027701;2;7;0;0;1;3;19;A01
201700027702;2;7;0;0;2;3;1;A01
201700027702;0;7;0;0;2;2;15;B01
201700027703;1;7;0;0;0;0;13;A01
201700027703;2;7;0;0;0;8;21;B01
201700027704;1;7;0;0;0;5;18;A01
201700027704;1;1;0;0;2;1;15;B01
201700027705;2;10;0;0;2;1;1;A01
201700027705;2;7;0;0;2;8;1;B01
201700027705;2;30;0;0;2;1;1;C01
201700027706;2;10;0;0;2;4;23;A01
201700027706;2;10;0;0;2;4;23;B01
201700027706;2;7;0;14;0;1;2;C01
201700027707;2;7;0;0;1;3;0;A01
201700027708;2;7;0;0;2;4;16;A01
201700027708;1;30;0;0;2;1;2;B01
201700027709;0;7;0;0;1;1;15;A01
201700027710;1;7;0;0;2;8;14;A01
201700027710;2;14;0;0;2;6;5;B01
201700027711;1;7;0;1;1;1;1;A01
201700027712;2;14;0;0;2;1;19;A01
201700027712;1;10;0;0;2;3;19;B01
201700027713;1;7;0;0;1;2;1;A01
201700027714;1;33;0;14;0;1;1;A01
201700027715;1;7;0;0;2;1;2;A01
201700027715;1;10;0;0;2;4;1;B01
201700027715;1;7;0;0;2;4;1;C01
201700027716;2;7;0;0;2;4;2;B01
201700027716;2;31;0;0;2;1;2;A01
201700027717;1;36;0;0;1;1;1;A01
201700027718;1;7;0;0;2;2;13;A01
201700027718;2;7;0;0;2;8;0;B01
201700027719;1;30;0;0;1;0;1;Z01
201700027720;0;7;0;0;2;2;0;A01
201700027720;0;7;0;0;2;7;15;B01
201700027721;1;7;0;0;1;3;1;A01
201700027722;2;7;0;0;2;1;1;B01
201700027722;1;7;0;0;2;3;15;A01
201700027723;1;7;0;0;1;1;1;A01
201700027724;2;7;0;1;0;4;2;C01
201700027724;2;7;0;1;0;4;2;B01
201700027724;2;7;0;1;0;1;2;A01
201700027725;1;7;0;6;0;3;13;A01
201700027726;1;7;0;2;0;1;14;A01
201700027727;1;30;0;0;2;0;0;A01
201700027727;1;7;0;0;2;0;0;Z01
201700027728;1;7;0;0;2;1;1;B01
201700027728;1;7;0;0;2;3;19;A01
201700027729;1;7;0;0;2;4;2;C01
201700027729;1;7;0;0;2;4;2;B01
201700027729;1;99;0;0;2;1;2;A01
201700027730;2;33;0;1;0;5;2;B01
201700027730;2;7;0;0;2;3;0;A01
201700027731;1;7;0;15;1;1;17;A01
201700027731;1;7;0;0;2;4;20;B01
201700027732;1;7;0;0;2;2;15;A01
201700027732;2;1;0;0;2;0;0;B01
201700027733;1;7;0;0;1;3;13;A01
201700027733;2;99;0;0;2;5;23;B01
201700027734;2;7;0;0;2;8;1;B01
201700027734;1;7;0;0;2;3;13;A01
201700027735;1;7;0;0;1;3;1;A01
201700027736;1;7;0;0;2;4;23;B01
201700027736;1;7;0;0;2;1;2;A01
201700027737;1;7;0;6;0;1;1;A01
201700027738;1;7;0;0;1;3;9;A01
201700027739;1;7;0;0;2;1;15;A01
201700027739;2;30;0;0;2;8;1;B01
201700027740;1;7;0;0;2;3;10;A01
201700027740;1;33;0;0;2;1;17;B01
201700027741;1;7;0;0;2;1;11;A01
201700027741;1;7;0;0;2;1;1;C01
201700027741;2;10;0;0;2;8;1;B01
201700027742;1;33;0;0;2;1;13;A01
201700027742;2;7;0;0;2;6;1;B01
201700027743;0;7;0;0;1;4;20;A01
201700027744;1;7;0;0;1;2;1;A01
201700027745;1;7;0;0;1;0;1;A01
201700027746;1;7;0;2;0;9;14;A01
201700027747;2;7;0;12;2;1;14;A01
201700027747;1;7;0;0;2;1;1;B01
201700027748;2;7;0;0;2;1;13;A01
201700027748;1;7;0;0;2;1;1;B01
201700027749;2;7;0;0;2;1;1;A01
201700027749;2;7;0;0;2;4;2;B01
201700027749;2;10;0;0;2;4;2;C01
201700027749;2;7;0;0;2;4;2;D01
201700027750;1;7;0;0;1;3;1;A01
201700027751;2;2;0;0;2;1;15;A01
201700027751;1;7;0;0;2;3;1;B01
201700027752;1;35;0;0;2;1;13;A01
201700027752;2;7;0;0;2;3;15;B01
201700027753;2;7;0;0;2;1;15;A01
201700027753;2;3;0;0;2;1;1;B01
201700027754;1;7;0;0;1;2;1;A01
201700027755;2;7;0;0;1;2;0;A01
201700027756;2;7;0;0;1;3;1;A01
201700027757;1;7;0;0;0;9;1;A01
201700027758;1;33;0;0;2;1;1;B01
201700027758;2;7;0;0;2;7;15;A01
201700027759;2;7;0;0;2;1;1;B01
201700027759;1;7;0;0;2;7;13;A01
201700027760;1;7;0;0;1;1;1;A01
201700027761;1;7;0;0;2;1;13;A01
201700027761;2;7;0;0;2;1;1;C01
201700027761;2;7;0;0;2;1;1;B01
201700027762;1;7;0;0;1;3;9;A01
201700027763;1;1;0;0;2;4;1;B01
201700027763;1;7;0;0;2;1;1;A01
201700027764;2;7;0;0;2;8;23;C01
201700027764;1;2;0;0;2;1;1;B01
201700027764;2;7;0;0;2;7;19;A01
201700027765;2;7;0;0;2;3;13;A01
201700027765;1;14;0;0;2;3;1;B01