num_acc;senc;catv;occutc;obs;obsm;choc;manv;num_veh
201700027765;2;7;0;0;2;3;2;C01
201700027766;1;7;0;0;2;7;15;A01
201700027766;2;33;0;0;2;1;1;B01
201700027767;2;7;0;0;2;2;1;A01
201700027767;2;2;0;0;2;3;16;B01
201700027768;1;7;0;0;2;2;15;A01
201700027768;2;33;0;0;2;1;1;B01
201700027769;1;7;0;0;2;3;10;A01
201700027769;1;33;0;0;2;1;1;B01
201700027770;2;2;0;0;2;1;1;A01
201700027770;2;7;0;0;2;3;15;B01
201700027771;1;7;0;0;2;1;21;A01
201700027771;2;7;0;0;2;1;1;B01
201700027772;2;7;0;0;1;3;1;A01
201700027773;1;7;0;0;1;2;15;A01
201700027774;1;33;0;0;2;1;1;B01
201700027774;1;7;0;0;2;3;15;A01
201700027775;1;2;0;0;2;1;1;A01
201700027775;2;37;0;0;2;6;15;B01
201700027776;2;7;0;0;1;1;1;A01
201700027777;1;7;0;0;2;1;15;A01
201700027777;2;7;0;0;2;1;1;B01
201700027778;2;33;0;0;2;1;1;B01
201700027778;0;10;0;0;2;3;19;A01
201700027779;1;7;0;15;0;1;0;A01
201700027780;1;7;0;0;2;7;13;A01
201700027780;2;7;0;0;2;2;1;B01
201700027781;1;2;0;8;0;9;17;A01
201700027782;1;10;0;0;2;8;14;A01
201700027782;1;1;0;0;2;0;1;B01
201700027783;1;1;0;0;2;1;5;A01
201700027783;1;7;0;0;2;7;1;B01
201700027784;2;31;0;6;0;1;21;A01
201700027785;1;7;0;0;2;7;13;A01
201700027785;2;7;0;0;2;1;1;B01
201700027786;1;7;0;6;0;1;21;A01
201700027787;1;37;1;0;2;7;14;A01
201700027787;1;7;0;0;2;8;1;B01
201700027788;1;7;0;0;2;3;10;A01
201700027788;2;31;0;0;2;6;1;B01
201700027789;1;7;0;0;1;2;16;A01
201700027790;1;7;0;0;2;1;13;A01
201700027790;2;7;0;0;2;1;1;B01
201700027791;1;7;0;0;2;2;15;A01
201700027791;2;34;0;0;2;1;1;B01
201700027792;1;7;0;0;2;8;9;A01
201700027792;1;7;0;0;2;2;1;B01
201700027793;2;7;0;0;1;1;1;A01
201700027794;0;7;0;0;2;2;1;A01
201700027794;0;1;0;0;2;3;19;B01
201700027795;1;2;0;0;2;1;2;A01
201700027795;1;7;0;0;2;4;2;B01
201700027796;0;7;0;0;1;1;1;A01
201700027797;0;2;0;0;2;7;21;A01
201700027798;1;7;0;0;2;1;2;A01
201700027798;1;7;0;0;2;4;2;B01
201700027799;0;2;0;5;0;1;0;A01
201700027800;0;7;0;0;2;1;9;A01
201700027800;0;33;0;0;2;7;1;B01
201700027801;0;1;0;0;9;5;2;A01
201700027801;0;7;0;0;0;0;0;B01
201700027802;2;7;0;0;2;9;1;B01
201700027802;1;7;0;0;2;1;1;A01
201700027803;0;7;0;0;2;2;0;A01
201700027803;0;7;0;0;2;7;0;B01
201700027804;2;1;0;0;2;1;5;A01
201700027804;1;7;0;0;2;1;1;B01
201700027805;0;33;0;0;0;0;0;A01
201700027806;1;7;0;0;2;9;1;A01
201700027806;1;7;0;0;2;1;0;B01
201700027807;2;7;0;0;2;1;1;A01
201700027807;1;7;0;0;2;7;15;B01
201700027808;1;7;0;0;2;0;1;A01
201700027808;1;1;0;0;2;1;16;B01
201700027809;0;31;0;1;0;9;1;A01
201700027810;1;7;0;0;1;2;1;A01
201700027811;1;31;0;0;2;1;2;A01
201700027811;1;7;0;0;0;0;0;B01
201700027812;1;7;0;0;2;8;15;A01
201700027812;1;15;0;0;2;1;1;B01
201700027813;0;7;0;0;1;1;15;A01
201700027814;1;7;0;3;0;3;1;A01
201700027815;2;7;0;0;2;7;15;A01
201700027815;1;7;0;0;2;2;1;B01
201700027816;2;7;0;0;2;3;1;A01
201700027816;1;1;0;0;0;0;0;B01
201700027817;1;7;0;1;2;3;1;B01
201700027817;1;33;0;0;2;1;1;A01
201700027818;1;7;0;0;2;3;0;A01
201700027818;1;7;0;0;2;1;0;B01
201700027819;2;7;0;0;2;5;2;A01
201700027819;2;7;0;0;2;2;2;B01
201700027820;0;7;0;0;2;1;15;B01
201700027820;0;1;0;0;2;8;19;A01
201700027821;1;2;0;0;2;8;17;A01
201700027821;1;7;0;0;0;0;0;B01
201700027822;0;7;0;0;2;4;4;A01
201700027822;0;7;0;0;2;1;1;B01
201700027823;2;34;0;0;2;1;1;B01
201700027823;1;10;0;1;2;3;15;A01
201700027824;1;30;0;0;0;9;1;A01
201700027825;1;33;0;0;2;1;2;A01
201700027825;1;10;0;0;0;4;1;B01
201700027826;1;7;0;0;2;2;1;B01
201700027826;1;1;0;0;2;1;1;A01
201700027827;0;2;0;0;0;0;1;A01
201700027828;1;16;0;0;2;1;1;A01
201700027828;1;7;0;0;2;4;1;B01
201700027829;1;37;1;0;2;2;1;A01
201700027829;1;7;0;0;2;5;14;B01
201700027830;0;7;0;0;2;1;0;A01
201700027830;0;1;0;0;2;0;0;B01
201700027831;1;31;0;14;0;1;1;A01
201700027832;0;7;0;0;2;8;10;A01
201700027832;0;33;0;0;2;1;0;B01
201700027833;2;31;0;0;0;0;0;A01
201700027834;0;7;0;0;2;1;15;A01
201700027834;0;7;0;0;2;6;0;B01
201700027835;1;31;0;0;0;0;1;A01
201700027836;1;10;0;0;0;8;12;A01
201700027837;0;33;0;0;1;0;21;A01
201700027838;2;7;0;0;2;4;2;A01
201700027838;2;7;0;0;2;1;2;B01
201700027839;0;7;0;2;0;2;1;A01
201700027840;1;10;0;0;9;5;1;A01
201700027840;1;1;0;0;2;1;9;B01
201700027841;1;1;0;10;0;1;14;A01
201700027842;2;7;0;0;2;3;2;A01
201700027842;2;7;0;0;2;5;2;B01
201700027843;1;7;0;0;2;1;2;A01
201700027843;1;7;0;0;2;4;2;B01
201700027843;1;7;0;0;2;4;2;C01
201700027844;0;7;0;0;2;1;2;A01
201700027844;0;7;0;0;2;4;2;B01
201700027845;2;7;0;0;2;1;5;A01
201700027845;1;7;0;0;2;1;16;B01
201700027846;1;7;0;0;2;1;1;A01
201700027846;1;7;0;0;2;1;1;B01
201700027846;1;7;0;0;2;1;1;C01
201700027846;1;7;0;0;2;1;1;D01
201700027846;1;7;0;0;2;4;23;E01
201700027847;1;1;0;0;0;0;1;A01
201700027848;1;7;0;4;0;3;1;A01
201700027849;2;1;0;0;2;7;1;A01
201700027849;2;7;0;0;2;1;1;B01
201700027850;1;7;0;0;0;1;0;A01
201700027851;0;7;0;0;2;4;4;A01
201700027851;0;33;0;0;2;1;0;B01
201700027852;1;7;0;0;2;3;1;A01
201700027852;1;31;0;0;2;1;1;B01
201700027853;1;1;0;0;2;1;1;B01
201700027853;1;7;0;0;2;3;1;A01
201700027854;0;7;0;0;2;3;15;A01
201700027854;0;7;0;0;2;3;0;B01
201700027855;0;7;0;6;0;1;13;A01
201700027856;0;31;0;0;2;1;0;A01
201700027856;0;7;0;0;2;3;0;B01
201700027857;0;7;0;0;2;1;13;A01
201700027857;0;7;0;0;2;1;1;B01
201700027858;1;7;0;0;2;8;15;B01
201700027858;1;7;0;0;2;2;1;A01
201700027859;0;1;0;0;2;1;19;A01
201700027859;0;7;0;0;2;2;1;B01
201700027860;2;7;0;0;1;2;1;A01
201700027861;0;7;0;0;2;1;5;A01
201700027861;0;7;0;0;2;1;1;B01
201700027862;2;2;0;0;0;8;1;A01
201700027863;1;7;0;0;2;2;15;A01
201700027863;1;7;0;0;2;3;1;B01
201700027864;1;7;0;1;0;1;1;A01
201700027865;1;7;0;0;2;1;2;A01
201700027865;1;7;0;0;2;4;23;B01
201700027865;1;7;0;0;2;4;23;C01
201700027866;0;7;0;0;1;1;0;A01
201700027867;2;7;0;0;2;2;0;A01
201700027867;2;31;0;0;2;8;0;B01
201700027868;0;7;0;0;2;1;2;A01
201700027868;0;7;0;0;2;4;2;B01
201700027868;0;7;0;0;2;4;23;C01
201700027869;2;7;0;0;2;3;1;A01
201700027869;2;1;0;0;2;7;0;B01
201700027870;2;7;0;1;0;7;0;A01
201700027871;0;7;0;0;2;2;0;A01
201700027871;0;7;0;0;2;2;0;B01
201700027872;1;7;0;0;2;3;15;A01
201700027872;2;31;0;0;2;7;1;B01
201700027873;1;33;0;0;0;8;1;A01
201700027874;0;7;0;0;2;6;0;A01
201700027874;0;31;0;0;2;3;0;B01
201700027875;0;7;0;0;2;7;1;A01
201700027875;0;7;0;0;2;1;1;B01
201700027876;1;7;0;0;2;1;9;A01
201700027876;1;7;0;0;2;7;1;B01
201700027877;2;32;0;0;0;1;1;A01
201700027878;2;7;0;0;2;3;13;A01
201700027878;1;7;0;0;2;3;1;B01
201700027879;1;7;0;0;1;1;1;A01
201700027880;1;7;0;0;2;1;1;A01
201700027880;2;7;0;0;2;1;1;B01
201700027881;1;1;0;12;0;1;1;A01
201700027882;1;7;0;0;9;1;1;A01
201700027883;1;2;0;0;0;1;1;A01
201700027884;1;7;0;8;0;0;1;A01
201700027885;1;14;0;13;0;9;1;A01
201700027886;1;7;0;0;0;0;0;A01
201700027887;1;7;0;2;6;1;0;A01
201700027888;1;7;0;0;2;1;0;A01
201700027888;1;7;0;0;2;3;0;B01
201700027889;1;2;0;0;2;2;0;A01
201700027889;1;7;0;0;2;0;0;B01
201700027890;1;2;0;0;2;1;0;A01
201700027890;2;7;0;0;2;1;0;B01
201700027891;1;2;0;1;0;1;1;A01
201700027892;2;2;0;0;2;1;2;A01
201700027892;2;31;0;0;2;4;2;B01
201700027892;1;13;0;0;2;1;1;C01
201700027893;1;30;0;0;2;3;16;A01
201700027893;1;7;0;0;2;2;1;B01
201700027894;1;7;0;2;0;3;1;A01
201700027895;1;7;0;0;2;1;1;A01
201700027895;2;7;0;0;2;3;5;B01
201700027896;1;7;0;0;2;1;6;B01
201700027896;1;7;0;0;2;8;1;A01
201700027897;1;15;0;13;0;9;1;B01
201700027898;1;7;0;0;2;3;1;A01
201700027898;1;2;0;0;2;1;1;M01
201700027899;1;7;0;0;2;3;1;A01
201700027899;1;2;0;0;2;1;1;B01
201700027900;2;7;0;0;1;1;1;A01
201700027901;1;7;0;0;1;1;1;G01
201700027902;2;7;0;0;1;1;9;A01
201700027903;1;7;0;13;0;1;1;A01
201700027904;1;7;0;0;1;2;0;A01
201700027905;0;7;0;0;2;1;0;A01
201700027905;0;1;0;0;2;7;0;B01
201700027906;0;7;0;0;1;0;0;A01
201700027907;2;7;0;0;2;6;0;B01
201700027907;2;7;0;0;2;2;0;A01
201700027908;0;7;0;0;2;1;13;A01
201700027908;0;7;0;0;2;1;0;B01
201700027909;1;7;0;0;2;3;0;B01
201700027909;2;33;0;0;2;7;0;A01
201700027910;0;7;0;0;0;0;0;A01
201700027910;0;33;0;0;2;4;2;B01
201700027911;2;7;0;0;1;2;0;A01
201700027912;0;30;0;0;0;0;0;A01
201700027913;1;2;0;0;2;1;0;B01
201700027913;1;7;0;0;2;8;0;A01
201700027914;2;7;0;0;2;1;15;A01
201700027914;1;1;0;0;2;3;1;B01
201700027915;0;7;0;0;2;8;1;B01
201700027915;0;7;0;0;2;3;13;A01
201700027916;1;7;0;0;1;1;0;A01
201700027917;1;7;0;2;0;9;17;A01
201700027918;1;34;0;0;2;2;17;A01
201700027918;1;7;0;0;2;8;15;B01
201700027919;1;34;0;0;2;1;17;A01
201700027919;1;7;0;0;2;8;15;B01
201700027920;0;1;0;0;2;8;19;A01
201700027920;1;7;0;0;2;1;0;B01
201700027921;2;33;0;0;2;1;1;B01
201700027921;1;7;0;0;2;2;15;A01
201700027922;1;33;0;0;2;6;2;A01
201700027922;1;7;0;0;2;4;2;C01
201700027922;1;7;0;0;2;6;2;B01
201700027923;1;7;0;0;1;1;16;A01
201700027924;2;7;0;0;2;1;15;A01
201700027924;1;7;0;0;2;1;2;B01
201700027925;1;7;0;0;1;1;9;A01
201700027926;2;7;0;1;2;3;1;B01
201700027926;1;7;0;0;2;1;1;A01
201700027927;1;7;0;0;2;1;2;A01
201700027927;1;7;0;0;2;4;2;B01
201700027928;0;7;0;0;2;1;2;B01
201700027928;0;7;0;0;2;7;15;A01
201700027929;0;10;0;0;2;4;2;B01
201700027929;0;10;0;0;2;1;2;A01
201700027930;0;7;0;0;2;1;1;A01
201700027930;0;1;0;0;2;8;0;B01
201700027931;2;7;0;0;6;9;1;A01
201700027932;1;10;0;0;2;1;1;A01
201700027932;1;7;0;0;2;4;15;B01
201700027933;0;1;0;0;2;7;2;B01
201700027933;0;7;0;0;2;8;22;A01
201700027934;0;1;0;0;2;7;16;B01
201700027934;0;7;0;0;2;3;15;A01
201700027935;0;31;0;0;2;7;17;A01
201700027935;0;7;0;0;2;8;15;B01
201700027936;0;31;0;0;2;1;2;B01
201700027936;0;7;0;0;2;7;19;A01
201700027937;0;7;0;0;2;0;1;B01
201700027937;0;7;0;0;2;0;15;A01
201700027938;0;7;0;0;0;1;0;A01
201700027939;0;7;0;0;1;1;1;A01
201700027940;0;7;0;0;1;1;1;A01
201700027941;0;30;0;0;2;1;1;B01
201700027941;0;7;0;0;2;3;9;A01
201700027942;0;7;0;0;2;1;1;A01
201700027942;0;7;0;0;2;3;1;B01
201700027943;1;31;0;0;0;4;1;B01
201700027943;1;7;0;0;2;1;1;A01
201700027944;0;10;0;13;0;7;14;A01
201700027945;1;7;0;0;2;1;2;C01
201700027945;1;7;0;0;2;1;2;D01
201700027945;1;7;0;0;9;4;23;A01
201700027945;1;7;0;0;2;8;2;B01
201700027946;0;7;0;0;2;8;1;B01
201700027946;0;7;0;0;2;2;16;A01
201700027947;0;7;0;15;2;8;1;A01
201700027947;0;7;0;0;2;1;1;B01
201700027948;0;7;0;0;2;4;2;B01
201700027948;0;7;0;0;2;1;2;A01
201700027949;0;1;0;0;2;1;0;A01
201700027949;0;7;0;0;2;5;0;B01
201700027950;0;1;0;0;2;7;0;B01
201700027950;0;10;0;0;2;1;9;A01
201700027951;0;7;0;0;2;1;9;A01
201700027951;0;30;0;0;2;1;1;B01
201700027952;0;7;0;2;0;3;14;A01
201700027953;0;7;0;0;2;3;19;A01
201700027953;0;7;0;0;2;8;1;B01
201700027954;0;1;0;0;2;8;1;B01
201700027954;0;7;0;0;2;0;16;A01
201700027955;1;31;0;0;1;1;1;A01
201700027956;1;7;0;6;0;1;16;A01
201700027957;1;7;0;0;1;1;0;A01
201700027958;0;10;0;0;2;4;2;B01
201700027958;0;7;0;0;2;1;2;A01
201700027959;0;2;0;0;9;8;13;A01
201700027960;0;7;0;0;0;9;0;A01
201700027961;0;7;0;0;2;8;1;B01
201700027961;0;7;0;0;2;7;0;A01
201700027962;0;7;0;0;2;8;1;B01
201700027962;0;7;0;0;2;1;16;A01
201700027963;0;7;0;0;2;0;0;A01
201700027963;0;1;0;0;2;8;0;B01
201700027964;1;7;0;0;0;4;2;B01
201700027964;1;7;0;0;2;4;11;A01
201700027965;0;7;0;0;1;4;4;A01
201700027966;1;1;0;0;0;0;0;A01
201700027967;1;7;0;0;1;1;6;A01
201700027968;1;7;0;0;0;0;0;A01
201700027969;0;2;0;0;0;0;0;B01
201700027969;1;7;0;0;0;7;0;A01
201700027970;1;7;0;0;0;8;0;B01
201700027970;1;7;0;0;0;1;0;A01
201700027971;1;2;0;0;0;0;0;A01
201700027972;1;7;0;0;0;0;0;A01
201700027973;0;7;0;6;0;0;13;A01
201700027974;0;7;0;8;1;1;1;A01
201700027975;0;7;0;0;1;1;1;A01
201700027976;0;7;0;0;2;3;0;A01
201700027976;0;13;0;0;9;6;1;B01
201700027977;1;7;0;10;0;4;1;C01
201700027977;1;7;0;0;2;1;1;B01
201700027977;1;7;0;0;2;1;1;A01
201700027978;0;7;0;0;9;4;23;B01
201700027978;0;7;0;0;2;1;0;A01
201700027979;0;30;0;1;0;1;0;B01
201700027979;0;7;0;0;0;8;1;A01
201700027980;0;7;0;0;2;4;23;B01
201700027980;0;38;1;0;2;1;9;A01
201700027981;0;7;0;0;0;0;1;A01
201700027982;1;7;0;0;2;1;16;A01
201700027982;2;7;0;0;2;9;1;B01
201700027983;0;7;0;0;2;0;1;A01
201700027983;0;7;0;1;2;8;0;B01
201700027983;0;7;0;0;2;1;1;D01
201700027984;0;7;0;0;2;0;1;A01
201700027984;0;7;0;9;0;0;1;B01
201700027985;0;7;0;0;2;1;1;A01
201700027985;0;7;0;0;2;8;15;B01
201700027986;0;7;0;0;1;1;15;A01
201700027987;1;7;0;0;2;1;1;A01
201700027987;0;7;0;0;2;8;1;B01
201700027988;0;7;0;0;2;2;1;B01
201700027988;0;7;0;0;2;7;1;A01
201700027989;0;3;0;1;0;1;1;A01
201700027990;0;7;0;0;2;9;17;A01
201700027991;0;7;0;0;0;0;18;Z01
201700027991;0;1;0;0;2;3;1;B01
201700027992;0;2;0;16;0;1;0;A01
201700027993;0;1;0;0;2;4;0;B01
201700027993;0;7;0;0;2;1;1;A01
201700027994;1;7;0;0;2;1;1;A01
201700027994;2;7;0;0;2;4;1;B01
201700027995;0;7;0;0;2;1;1;A01
201700027995;0;7;0;0;2;4;1;B01
201700027996;0;7;0;0;2;8;1;B01
201700027996;0;7;0;0;2;8;15;A01
201700027997;1;7;0;1;0;9;0;A01
201700027998;1;7;0;0;1;2;15;A01
201700027999;1;7;0;0;0;0;1;A01
201700028000;1;7;0;0;1;0;16;A01
201700028001;1;7;0;0;2;2;14;A01
201700028001;1;1;0;0;2;1;16;B01
201700028002;1;7;0;0;0;4;16;A01
201700028002;1;31;0;0;2;1;0;B01
201700028003;0;7;0;0;2;1;2;B01
201700028003;0;7;0;0;0;4;23;A01
201700028004;0;7;0;0;2;1;15;A01
201700028004;0;7;0;0;0;8;14;B01
201700028005;1;7;0;0;2;8;9;A01
201700028005;1;99;0;0;2;2;9;B01
201700028006;0;31;0;0;0;1;0;A01
201700028007;1;31;0;0;2;9;1;B01
201700028007;1;7;0;0;2;7;15;A01
201700028008;0;7;0;5;0;1;1;A01
201700028009;0;7;0;0;2;1;15;A01
201700028009;0;31;0;0;2;6;15;B01
201700028010;0;7;0;0;2;0;0;Z01
201700028010;0;7;0;0;2;4;1;B01
201700028010;0;7;0;0;2;1;1;A01
201700028011;0;37;1;0;1;7;1;A01
201700028012;0;7;0;9;0;0;0;A01
201700028013;0;10;0;0;1;4;4;A01
201700028014;0;30;0;0;2;3;15;A01
201700028014;0;7;0;0;2;8;0;B01
201700028015;0;7;0;0;1;0;1;A01
201700028016;0;7;0;0;2;5;4;A01
201700028016;0;31;0;1;2;7;1;B01
201700028017;0;10;0;0;1;4;4;A01
201700028018;0;7;0;0;1;1;1;A01
201700028019;0;7;0;1;0;8;13;A01
201700028020;0;31;0;0;2;1;2;A01
201700028020;0;7;0;0;0;4;2;B01
201700028021;0;33;0;0;2;7;17;A01
201700028021;0;7;0;0;2;8;15;B01
201700028022;0;7;0;0;2;8;1;A01
201700028022;0;7;0;0;2;4;4;B01
201700028023;0;10;0;0;1;1;15;A01
201700028024;0;7;0;0;2;7;1;A01
201700028024;0;30;0;0;2;1;1;B01
201700028025;0;30;0;0;2;0;2;B01
201700028025;0;7;0;0;2;3;1;A01
201700028026;0;7;0;11;2;1;6;A01
201700028026;0;7;0;0;2;1;1;B01
201700028027;0;7;0;0;2;7;17;A01
201700028027;0;1;0;0;2;8;15;B01
201700028028;0;7;0;6;0;1;0;A01
201700028029;1;7;0;13;0;8;0;A01
201700028030;0;7;0;0;2;3;15;A01
201700028030;0;34;0;0;2;8;1;B01
201700028031;0;37;1;0;1;2;0;A01
201700028032;0;7;0;0;2;1;1;B01
201700028032;0;7;0;1;2;9;0;A01
201700028033;0;31;0;11;0;1;15;A01
201700028034;0;7;0;13;0;7;0;A01
201700028035;0;7;0;1;0;2;1;A01
201700028036;0;7;0;0;2;8;15;B01
201700028036;0;7;0;0;2;2;17;A01
201700028037;2;33;0;0;0;0;1;A01
201700028038;0;7;0;0;1;2;15;A01
201700028039;0;30;0;0;2;2;1;B01
201700028039;0;7;0;0;2;2;16;A01
201700028040;0;7;0;0;2;8;5;A01
201700028040;0;33;0;0;2;2;1;B01
201700028041;0;7;0;16;0;6;0;A01
201700028042;0;7;0;0;1;1;1;A01
201700028043;0;10;0;0;2;1;2;A01
201700028043;0;7;0;0;2;4;2;B01
201700028044;1;30;0;0;2;1;1;B01
201700028044;2;7;0;0;2;3;15;A01
201700028045;2;7;0;0;0;1;6;A01
201700028046;0;2;0;0;2;1;17;A01
201700028046;0;7;0;0;2;8;15;B01
201700028047;0;7;0;0;2;1;1;B01
201700028047;0;1;0;0;2;0;0;A01
201700028048;1;7;0;0;2;1;1;B01
201700028048;0;7;0;0;2;8;16;A01
201700028049;0;7;0;0;2;1;16;A01
201700028049;0;7;0;0;2;1;1;B01
201700028050;0;7;0;0;1;7;1;A01
201700028051;1;17;0;0;2;1;2;A01
201700028051;1;10;0;0;2;4;21;B01
201700028051;1;7;0;0;2;0;9;C01
201700028052;1;7;0;8;0;7;1;A01
201700028053;2;7;0;0;1;2;1;A01
201700028054;2;1;0;0;2;0;1;B01
201700028054;2;7;0;0;2;0;0;Z01
201700028055;1;7;0;0;1;1;15;A01
201700028056;2;7;0;0;2;7;1;B01
201700028056;1;7;0;0;2;1;0;Z01
201700028057;2;7;0;0;1;0;0;A01
201700028058;1;30;0;14;0;1;1;A01
201700028059;2;30;0;0;2;1;1;B01
201700028059;1;7;0;0;2;3;15;A01
201700028060;1;7;0;15;2;8;1;B01
201700028060;1;7;0;0;2;7;1;A01
201700028061;1;7;0;0;1;5;1;A01
201700028062;1;7;0;0;1;5;4;A01
201700028063;1;7;0;0;1;1;1;A01
201700028064;1;7;0;0;2;3;11;A01
201700028064;1;7;0;0;2;5;1;B01
201700028065;2;7;0;0;1;1;1;A01
201700028066;1;7;0;0;1;1;15;A01
201700028067;1;7;0;0;1;3;15;A01
201700028068;2;7;0;0;1;1;15;A01
201700028069;2;10;0;0;1;0;0;Z01
201700028070;1;7;0;0;1;1;1;A01
201700028071;2;7;0;12;2;1;1;A01
201700028071;1;7;0;8;2;7;1;B01
201700028072;1;7;0;0;1;3;15;A01
201700028073;1;31;0;0;2;1;21;A01
201700028073;2;7;0;0;2;3;1;B01
201700028074;1;7;0;0;1;4;4;A01
201700028075;2;7;0;0;2;3;13;A01
201700028075;1;7;0;0;2;3;1;B01
201700028076;1;7;0;0;1;3;1;A01
201700028077;1;7;0;0;1;2;1;A01
201700028078;1;7;0;0;1;3;1;A01
201700028079;2;7;0;0;2;2;17;A01
201700028079;2;10;0;0;2;3;15;B01
201700028080;2;7;0;0;2;3;9;A01
201700028080;2;33;0;0;2;7;1;B01
201700028081;2;7;0;0;2;3;1;A01
201700028081;2;1;0;0;2;7;1;B01
201700028082;1;7;0;0;1;3;15;A01
201700028083;1;7;0;0;1;2;1;A01
201700028084;1;7;0;0;1;4;4;A01
201700028085;2;7;0;0;1;3;15;A01
201700028086;0;7;0;0;2;1;2;A01
201700028086;0;31;0;0;0;4;0;B01
201700028087;0;7;0;0;1;1;0;A01
201700028088;1;7;0;2;0;3;1;A01
201700028089;0;37;0;0;1;7;0;A01
201700028090;2;7;0;0;2;3;15;A01
201700028090;1;33;0;0;2;8;1;B01
201700028091;1;10;0;0;1;0;0;A01
201700028092;2;7;0;0;2;1;9;A01
201700028092;1;7;0;0;2;7;9;B01
201700028092;1;7;0;0;2;7;0;C01
201700028093;2;10;0;0;2;1;18;A01
201700028093;2;13;0;0;2;7;16;B01
201700028094;1;7;0;0;2;3;9;B01
201700028094;2;7;0;0;2;1;9;A01
201700028095;0;7;0;0;2;1;5;A01
201700028095;1;7;0;0;2;0;0;B01
201700028096;1;33;0;0;2;8;13;A01
201700028096;1;7;0;0;2;3;9;B01
201700028097;1;7;0;0;1;0;0;A01
201700028098;2;31;0;0;2;1;1;B01
201700028098;1;7;0;0;2;2;15;A01
201700028099;1;7;0;0;1;0;0;A01
201700028100;1;7;0;0;0;0;0;A01
201700028101;1;7;0;0;2;7;9;B01
201700028101;1;7;0;0;2;1;9;A01
201700028102;1;1;0;0;2;1;1;B01
201700028102;2;7;0;0;2;7;15;A01
201700028103;2;7;0;0;1;0;0;Z01
201700028104;1;7;0;0;1;0;1;Z01
201700028105;1;7;0;0;1;3;1;A01
201700028106;1;7;0;0;2;7;15;A01
201700028106;2;7;0;0;2;1;1;B01
201700028107;1;7;0;0;1;3;9;A01
201700028108;2;7;0;0;2;3;1;B01
201700028108;1;7;0;0;2;2;16;A01
201700028109;1;7;0;0;2;6;9;A01
201700028109;2;99;0;0;2;1;9;B01
201700028110;2;40;1;0;1;7;1;A01
201700028111;2;31;0;8;0;1;1;A01
201700028112;2;7;0;13;0;1;13;A01
201700028113;1;7;0;0;2;7;1;B01
201700028113;1;7;0;0;2;2;1;A01
201700028114;1;7;0;0;1;2;15;A01
201700028115;2;7;0;12;0;2;9;A01
201700028116;1;7;0;0;2;0;1;A01
201700028116;1;7;0;0;0;0;23;B01
201700028117;2;7;0;2;0;1;1;A01
201700028118;1;7;0;0;2;1;1;A01
201700028118;2;7;0;0;2;1;1;B01
201700028119;2;7;0;0;2;7;1;B01
201700028119;1;10;0;0;2;1;9;A01
201700028120;2;1;0;0;2;4;1;B01
201700028120;2;7;0;0;2;2;17;A01
201700028121;2;7;0;2;0;2;1;A01
201700028122;1;7;0;0;2;8;10;A01
201700028122;1;7;0;0;2;1;2;B01
201700028123;1;7;0;0;2;4;2;B01
201700028123;1;33;0;0;2;1;9;A01
201700028124;1;7;0;0;2;1;19;A01
201700028124;1;7;0;0;2;7;19;B01
201700028125;2;7;0;0;1;1;15;A01
201700028126;1;7;0;0;1;3;15;A01
201700028127;1;7;0;0;2;4;2;B01
201700028127;1;7;0;0;2;1;2;A01
201700028128;2;7;0;0;2;3;1;C01
201700028128;1;7;0;0;2;1;1;A01
201700028128;1;7;0;0;2;4;15;B01
201700028129;2;7;0;0;1;2;9;A01
201700028130;1;10;0;0;1;2;2;A01
201700028131;1;7;0;0;1;1;15;A01
201700028132;1;7;0;0;1;1;2;A01
201700028133;2;10;0;0;1;4;4;A01
201700028134;1;7;0;0;1;2;2;A01
201700028135;2;7;0;0;1;1;9;A01
201700028136;2;7;0;0;2;1;15;B01
201700028136;1;7;0;0;2;7;9;A01
201700028137;2;33;0;0;1;1;1;Z01
201700028138;1;7;0;0;2;1;5;A01
201700028138;2;7;0;0;2;1;1;B01
201700028139;2;31;0;0;2;3;1;B01
201700028139;1;7;0;0;2;1;19;A01
201700028140;1;34;0;0;2;1;13;A01
201700028140;2;7;0;0;2;1;1;B01
201700028141;1;7;0;0;1;4;20;A01
201700028142;1;7;0;0;1;2;16;Z01
201700028143;2;7;0;0;1;4;4;A01
201700028144;2;10;0;0;1;5;4;A01
201700028145;2;7;0;0;1;3;9;A01
201700028146;1;7;0;0;2;3;13;A01
201700028146;2;7;0;0;2;8;1;B01
201700028146;2;7;0;0;2;3;1;C01
201700028147;1;37;5;0;2;1;1;B01
201700028147;2;14;0;0;2;8;9;A01
201700028148;1;7;0;0;1;0;2;A01
201700028149;1;7;0;0;1;4;4;Z01
201700028150;2;7;0;0;2;2;15;A01
201700028150;1;7;0;0;2;3;1;B01
201700028151;1;30;0;0;0;0;1;A01
201700028152;1;7;0;0;1;1;15;A01
201700028153;2;7;0;0;1;2;10;A01
201700028154;1;7;0;0;2;4;1;B01
201700028154;1;7;0;0;2;1;1;A01
201700028155;2;7;0;0;1;7;1;A01
201700028156;2;7;0;0;2;3;1;A01
201700028156;1;7;0;0;2;8;15;B01
201700028157;1;7;0;0;1;1;1;A01
201700028158;1;7;0;0;2;2;15;A01
201700028158;1;2;0;0;2;1;1;B01
201700028159;1;7;0;0;1;3;0;A01
201700028160;0;7;0;0;1;2;1;A01
201700028161;2;7;0;0;9;1;16;A01
201700028161;2;1;0;0;2;4;1;B01
201700028162;2;10;0;0;2;3;1;B01