num_acc;senc;catv;occutc;obs;obsm;choc;manv;num_veh
201700028162;1;7;0;0;2;3;13;A01
201700028163;2;7;0;0;1;2;0;A01
201700028164;1;31;0;0;2;1;1;B01
201700028164;2;7;0;0;2;1;15;A01
201700028165;1;7;0;0;9;2;15;A01
201700028165;1;1;0;0;2;1;1;B01
201700028166;1;7;0;1;0;0;0;B01
201700028166;1;7;0;0;0;3;1;A01
201700028167;1;7;0;0;1;3;0;A01
201700028168;1;13;0;0;2;3;1;C01
201700028168;2;7;0;0;2;4;1;A01
201700028168;2;7;0;0;2;1;1;B01
201700028169;1;7;0;0;1;3;1;A01
201700028170;1;7;0;0;2;6;9;B01
201700028170;1;7;0;0;2;5;0;A01
201700028171;2;33;0;0;2;1;1;A01
201700028171;2;10;0;0;2;8;9;B01
201700028172;2;2;0;0;0;0;1;A01
201700028173;2;7;0;0;1;2;1;A01
201700028174;1;7;0;0;1;4;4;A01
201700028175;1;7;0;0;1;2;19;A01
201700028176;1;7;0;0;1;1;0;A01
201700028177;1;7;0;0;1;1;1;A01
201700028178;2;7;0;6;0;7;13;A01
201700028179;2;7;0;0;1;1;0;A01
201700028180;1;2;0;0;2;1;1;B01
201700028180;2;7;0;0;2;2;15;A01
201700028181;1;7;0;0;1;1;2;A01
201700028182;1;31;0;0;2;1;19;B01
201700028182;1;7;0;0;2;5;19;A01
201700028183;0;31;0;0;2;5;1;B01
201700028183;0;10;0;0;2;1;15;A01
201700028184;1;36;0;0;0;0;15;A01
201700028185;2;7;0;0;1;8;1;A01
201700028186;0;10;0;0;1;1;0;A01
201700028187;2;7;0;0;1;2;1;A01
201700028188;2;7;0;9;2;3;17;A01
201700028188;2;7;0;0;2;3;15;B01
201700028189;2;7;0;0;2;8;1;B01
201700028189;1;7;0;0;2;1;1;A01
201700028190;1;7;0;0;1;3;1;A01
201700028191;2;7;0;0;1;1;1;A01
201700028192;1;33;0;0;2;1;1;B01
201700028192;1;7;0;0;2;3;20;A01
201700028193;1;13;0;0;1;1;1;A01
201700028194;1;7;0;0;1;1;1;A01
201700028195;2;7;0;0;1;1;1;A01
201700028196;2;1;0;0;1;1;1;A01
201700028197;2;7;0;0;1;7;1;A01
201700028198;2;3;0;0;2;1;2;A01
201700028198;2;7;0;0;0;4;23;B01
201700028199;1;7;0;0;1;4;4;A01
201700028200;1;1;0;0;1;7;1;A01
201700028201;2;30;0;0;2;5;19;A01
201700028201;1;7;0;0;2;2;15;B01
201700028202;2;7;0;0;1;2;1;A01
201700028203;1;30;0;0;2;1;17;B01
201700028203;1;7;0;0;2;3;10;A01
201700028204;1;7;0;0;1;2;1;A01
201700028205;1;7;0;0;2;3;2;C01
201700028205;1;7;0;0;2;3;1;B01
201700028205;2;7;0;0;2;1;1;A01
201700028206;1;7;0;0;1;2;1;A01
201700028207;1;7;0;0;1;2;1;A01
201700028208;0;1;0;0;2;7;0;B01
201700028208;0;7;0;0;2;1;0;A01
201700028209;0;1;0;0;2;1;1;B01
201700028209;0;7;0;0;9;2;15;A01
201700028210;0;7;0;0;2;0;0;A01
201700028210;0;7;0;0;2;0;0;B01
201700028211;0;7;0;2;1;5;4;A01
201700028212;0;7;0;15;2;8;1;A01
201700028212;0;31;0;0;2;0;15;B01
201700028213;0;7;0;0;2;1;14;A01
201700028213;0;7;0;0;2;1;1;B01
201700028214;0;7;0;0;1;2;1;A01
201700028215;0;7;0;0;2;2;19;A01
201700028215;0;33;0;0;2;1;1;B01
201700028216;0;7;0;0;1;7;1;A01
201700028217;1;7;0;0;9;2;2;B01
201700028217;1;1;0;0;2;8;11;A01
201700028218;1;7;0;0;2;4;23;B01
201700028218;1;7;0;1;0;1;21;A01
201700028219;0;7;0;0;2;2;1;A01
201700028219;0;1;0;0;2;8;1;B01
201700028220;1;30;0;8;0;3;1;A01
201700028221;2;7;0;3;0;1;19;A01
201700028222;0;7;0;0;1;2;1;A01
201700028223;0;99;0;0;1;1;1;A01
201700028224;0;7;0;0;9;0;0;Z01
201700028224;0;1;0;0;2;4;2;A01
201700028225;0;34;0;14;0;2;5;A01
201700028225;0;7;0;0;2;2;23;F01
201700028226;0;7;0;0;2;1;2;A01
201700028226;0;7;0;0;2;4;2;B01
201700028227;0;1;0;0;2;1;2;A01
201700028227;0;1;0;0;2;4;2;B01
201700028228;0;7;0;0;1;3;1;Z01
201700028229;2;7;0;0;9;5;1;Z01
201700028229;2;1;0;0;2;3;1;A01
201700028230;1;7;0;0;2;1;2;A01
201700028230;1;7;0;3;0;4;2;B01
201700028231;0;33;0;0;2;1;18;B01
201700028231;0;7;0;0;2;2;10;A01
201700028232;0;7;0;0;2;1;9;A01
201700028232;0;1;0;0;2;7;1;B01
201700028233;0;1;0;0;2;1;1;A01
201700028233;2;7;0;0;2;3;15;B01
201700028234;0;7;0;0;2;3;1;B01
201700028234;0;7;0;0;2;3;13;A01
201700028235;0;14;0;6;2;1;2;A01
201700028235;0;10;0;0;2;1;2;B01
201700028236;0;1;0;0;2;0;1;B01
201700028236;0;7;0;0;2;0;1;A01
201700028237;0;7;0;0;1;0;0;Z01
201700028238;0;14;0;0;1;0;0;A01
201700028239;0;7;0;0;1;0;0;Z01
201700028240;0;40;20;0;2;1;1;B01
201700028240;0;1;0;0;4;1;1;A01
201700028241;0;7;0;0;2;1;1;B01
201700028241;0;7;0;0;2;1;15;A01
201700028242;1;7;0;0;2;0;0;A01
201700028242;1;34;0;0;2;3;2;B01
201700028243;0;7;0;0;2;0;0;Z01
201700028243;0;7;0;0;2;0;0;B01
201700028244;1;7;0;0;1;7;1;A01
201700028245;0;7;0;0;1;8;1;A01
201700028245;0;37;4;0;1;0;0;B01
201700028246;0;7;0;0;1;1;0;A01
201700028247;0;7;0;0;2;1;2;A01
201700028247;0;7;0;0;2;4;1;B01
201700028248;0;7;0;0;2;0;1;E01
201700028248;0;13;0;0;2;1;2;A01
201700028248;0;7;0;0;2;0;1;C01
201700028248;0;7;0;0;2;0;1;D01
201700028248;0;7;0;0;2;0;0;B01
201700028249;0;7;0;0;1;0;4;A01
201700028250;1;7;0;0;2;4;1;B01
201700028250;1;10;0;0;2;1;1;A01
201700028251;1;1;0;0;2;7;1;B01
201700028251;1;7;0;0;2;3;1;A01
201700028252;1;7;0;0;2;1;1;A01
201700028252;1;7;0;0;2;4;1;B01
201700028253;0;7;0;0;2;3;1;A01
201700028253;0;31;0;0;2;3;15;B01
201700028254;0;33;0;0;2;4;2;B01
201700028254;0;7;0;0;2;1;2;A01
201700028255;0;7;0;0;2;1;1;A01
201700028255;0;7;0;0;2;4;1;B01
201700028256;1;7;0;0;1;7;16;A01
201700028257;0;7;0;0;1;8;15;A01
201700028258;0;7;0;0;2;3;15;A01
201700028258;0;34;0;0;2;3;1;B01
201700028259;0;37;3;0;1;2;24;A01
201700028260;1;7;0;0;2;0;1;A01
201700028260;1;7;0;0;2;9;1;B01
201700028261;0;30;0;1;0;1;1;A01
201700028261;0;7;0;1;2;4;23;B01
201700028262;1;7;0;0;2;7;1;B01
201700028262;0;7;0;0;2;0;13;A01
201700028263;1;7;0;0;1;7;1;A01
201700028264;0;7;0;0;1;1;16;A01
201700028265;0;1;0;0;2;1;1;A01
201700028265;1;7;0;0;2;4;1;B01
201700028266;0;15;0;0;2;0;0;A01
201700028266;0;1;0;0;2;0;0;B01
201700028267;0;7;0;0;2;1;1;A01
201700028267;0;2;0;0;2;7;15;B01
201700028268;2;7;0;0;1;1;1;A01
201700028269;0;7;0;0;2;2;1;B01
201700028269;0;7;0;0;2;0;5;A01
201700028270;0;7;0;0;0;0;0;B01
201700028270;0;7;0;11;2;0;0;A01
201700028271;0;7;0;0;1;0;0;A01
201700028272;0;7;0;0;1;0;0;A01
201700028273;0;7;0;0;2;3;0;A01
201700028273;0;7;0;0;2;2;0;B01
201700028274;0;7;0;0;1;0;0;A01
201700028275;0;7;0;0;1;0;0;A01
201700028276;1;31;0;0;2;0;0;B01
201700028276;1;7;0;0;2;0;0;Z01
201700028277;0;7;0;0;2;0;0;Z01
201700028277;0;7;0;0;2;0;0;B01
201700028278;0;1;0;0;2;0;0;B01
201700028278;0;7;0;0;2;0;0;A01
201700028279;0;7;0;0;1;0;0;A01
201700028280;0;7;0;0;2;0;0;Z01
201700028280;0;7;0;0;0;0;0;B01
201700028281;0;37;10;0;1;0;0;A01
201700028282;0;7;0;0;2;0;0;A01
201700028282;0;31;0;0;2;0;0;B01
201700028283;0;7;0;0;2;0;0;B01
201700028283;0;30;0;0;2;0;0;A01
201700028284;0;7;0;0;2;0;0;A01
201700028284;0;2;0;0;2;0;0;B01
201700028285;0;7;0;1;0;0;0;A01
201700028286;0;7;0;0;1;0;0;A01
201700028287;0;7;0;0;1;0;0;A01
201700028288;0;31;0;0;1;0;0;Z01
201700028289;0;7;0;0;1;0;0;A01
201700028290;0;7;0;0;1;1;0;A01
201700028291;0;7;0;0;1;7;0;A01
201700028292;0;7;0;0;1;0;0;Z01
201700028293;0;1;0;0;1;0;0;Z01
201700028294;0;7;0;0;1;0;0;A01
201700028295;0;40;20;0;2;0;1;B01
201700028295;0;1;0;0;4;0;1;A01
201700028296;0;40;10;0;1;0;0;A01
201700028297;0;2;0;0;2;0;0;B01
201700028297;0;7;0;0;2;0;0;A01
201700028298;1;1;0;0;2;8;0;B01
201700028298;1;7;0;0;2;7;0;A01
201700028299;0;30;0;0;1;0;0;A01
201700028300;0;7;0;6;0;0;0;A01
201700028301;0;30;0;0;2;0;1;B01
201700028301;0;7;0;0;2;0;1;A01
201700028302;0;1;0;0;1;0;0;Z01
201700028303;2;7;0;0;2;0;0;B01
201700028303;2;32;0;0;2;0;0;A01
201700028304;0;7;0;0;1;0;1;A01
201700028305;0;7;0;2;0;0;0;A01
201700028306;0;7;0;13;0;0;0;A01
201700028307;0;31;0;1;2;0;0;B01
201700028307;0;7;0;1;0;0;0;C01
201700028307;0;7;0;0;2;0;0;A01
201700028308;0;40;15;0;1;0;0;A01
201700028309;0;33;0;0;2;0;0;B01
201700028309;0;7;0;0;2;0;0;A01
201700028310;1;32;0;0;2;1;1;A01
201700028310;1;1;0;0;0;4;1;B01
201700028311;0;30;0;0;2;0;0;B01
201700028311;0;7;0;0;2;0;0;Z01
201700028312;0;32;0;0;2;0;1;B01
201700028312;0;7;0;0;2;0;16;A01
201700028313;0;20;0;6;0;0;0;A01
201700028314;0;7;0;1;0;0;1;A01
201700028315;0;33;0;0;2;0;1;A01
201700028315;0;7;0;0;0;0;1;B01
201700028316;0;7;0;0;1;1;0;A01
201700028317;0;30;0;0;2;0;0;B01
201700028317;0;7;0;0;2;0;0;C01
201700028317;0;7;0;0;2;0;0;A01
201700028318;0;10;0;9;1;3;13;A01
201700028319;0;7;0;0;1;2;20;A01
201700028320;0;7;0;0;2;0;0;A01
201700028320;0;2;0;0;2;5;0;B01
201700028321;0;1;0;0;1;1;0;A01
201700028322;1;7;0;0;1;0;0;A01
201700028323;0;10;0;0;1;4;0;A01
201700028324;0;7;0;1;0;0;1;A01
201700028325;0;7;0;0;2;3;15;A01
201700028325;0;7;0;0;2;3;0;B01
201700028326;0;7;0;0;1;1;1;A01
201700028327;0;7;0;0;1;0;0;A01
201700028328;0;7;0;0;1;1;1;A01
201700028329;0;1;0;0;2;0;0;A01
201700028329;0;7;0;0;2;0;0;B01
201700028330;1;30;0;0;1;0;0;A01
201700028331;1;7;0;0;2;0;0;A01
201700028331;1;13;0;0;2;0;0;Z01
201700028332;1;7;0;0;2;4;2;B01
201700028332;1;7;0;0;2;1;2;A01
201700028333;0;7;0;0;1;0;0;A01
201700028334;0;7;0;9;0;1;1;A01
201700028335;0;37;0;0;1;0;0;Z01
201700028336;0;1;0;0;1;0;0;Z01
201700028337;0;7;0;0;2;3;1;A01
201700028337;0;32;0;0;2;3;1;B01
201700028338;0;40;50;0;1;0;0;A01
201700028339;0;7;0;13;0;0;1;A01
201700028340;0;7;0;0;1;1;1;A01
201700028341;0;7;0;0;2;1;15;A01
201700028341;0;1;0;0;2;1;1;B01
201700028342;0;10;0;0;2;3;1;B01
201700028342;0;33;0;0;2;0;1;A01
201700028343;0;7;0;0;1;0;0;A01
201700028344;0;7;0;0;1;8;0;A01
201700028345;0;2;0;0;2;0;1;A01
201700028345;0;7;0;0;2;8;1;B01
201700028346;0;7;0;0;1;0;1;B01
201700028346;0;7;0;0;2;2;1;A01
201700028347;0;40;30;0;1;0;0;A01
201700028348;0;7;0;0;2;0;1;B01
201700028348;0;31;0;0;2;0;1;A01
201700028349;1;7;0;0;1;1;1;A01
201700028350;0;7;0;0;2;1;1;A01
201700028350;0;1;0;0;2;1;1;B01
201700028351;0;1;0;1;0;0;1;B01
201700028351;0;7;0;0;0;0;15;A01
201700028352;0;7;0;0;2;0;1;A01
201700028352;0;1;0;0;2;0;1;B01
201700028353;0;7;0;0;2;2;2;A01
201700028353;0;13;0;0;2;4;23;B01
201700028354;0;10;0;0;0;0;0;Z01
201700028354;0;7;0;0;2;0;0;A01
201700028355;0;37;10;0;2;0;1;A01
201700028355;0;7;0;0;2;0;0;Z01
201700028356;0;7;0;0;2;0;0;A01
201700028356;0;30;0;0;2;0;0;B01
201700028357;0;32;0;0;0;0;1;Z01
201700028357;0;1;0;0;0;0;1;A01
201700028358;0;30;0;0;1;0;0;Z01
201700028359;1;33;0;0;2;0;1;A01
201700028359;1;7;0;0;2;0;1;B01
201700028360;0;7;0;15;0;9;1;A01
201700028361;1;7;0;0;2;0;1;B01
201700028361;1;7;0;0;0;0;1;C01
201700028361;1;7;0;0;2;0;1;A01
201700028362;0;7;0;0;2;0;1;A01
201700028362;0;1;0;0;2;0;1;B01
201700028363;0;7;0;0;2;2;15;A01
201700028363;0;1;0;0;0;0;1;B01
201700028364;0;7;0;0;0;1;15;A01
201700028364;0;1;0;0;2;1;1;B01
201700028365;0;7;0;8;2;0;0;B01
201700028365;0;7;0;0;2;0;0;A01
201700028366;0;10;0;0;1;2;0;A01
201700028367;1;7;0;0;2;4;2;C01
201700028367;1;33;0;0;2;8;2;B01
201700028367;1;7;0;0;2;1;2;A01
201700028368;0;7;0;0;2;1;1;B01
201700028368;0;7;0;3;2;1;13;A01
201700028369;0;7;0;0;2;3;1;A01
201700028369;0;7;0;0;2;5;1;C01
201700028369;0;31;0;0;2;2;1;B01
201700028370;1;7;0;0;0;0;0;A01
201700028371;0;40;20;0;1;0;0;A01
201700028372;0;7;0;0;1;0;1;A01
201700028373;0;7;0;0;2;0;0;Z01
201700028373;0;1;0;0;2;0;1;B01
201700028374;0;7;0;0;2;0;0;B01
201700028374;0;7;0;8;2;0;0;A01
201700028375;1;34;0;0;2;0;9;A01
201700028375;0;7;0;0;2;0;0;B01
201700028376;0;34;0;0;1;7;0;A01
201700028377;0;31;0;0;2;0;1;B01
201700028377;0;7;0;0;2;0;9;A01
201700028378;0;1;0;0;2;0;1;B01
201700028378;0;7;0;0;2;0;0;A01
201700028379;0;7;0;0;2;0;15;A01
201700028379;0;31;0;0;2;0;1;B01
201700028380;0;7;0;0;2;0;1;A01
201700028380;0;2;0;0;2;0;1;B01
201700028381;0;7;0;0;2;0;0;Z01
201700028381;0;31;0;0;2;0;1;B01
201700028382;1;13;0;0;2;0;1;B01
201700028382;1;7;0;0;2;0;1;A01
201700028383;1;7;0;0;2;4;0;A01
201700028383;1;7;0;0;2;1;0;C01
201700028383;1;7;0;0;2;4;0;B01
201700028384;0;7;0;0;1;0;1;A01
201700028385;0;34;0;14;0;0;1;A01
201700028386;0;7;0;0;2;4;1;D01
201700028386;0;7;0;0;2;4;1;C01
201700028386;0;7;0;0;2;1;1;A01
201700028386;0;7;0;0;2;4;1;B01
201700028387;0;7;0;0;2;0;1;A01
201700028387;0;7;0;0;2;0;1;B01
201700028388;0;7;0;0;1;1;1;A01
201700028389;0;7;0;0;2;0;0;Z01
201700028389;0;1;0;0;2;0;1;B01
201700028390;0;7;0;0;1;2;1;A01
201700028391;0;7;0;0;1;0;0;A01
201700028392;0;34;0;0;2;0;1;B01
201700028392;0;7;0;0;2;5;1;A01
201700028393;0;34;0;0;2;0;1;B01
201700028393;0;7;0;0;2;0;0;Z01
201700028394;0;7;0;0;2;0;1;B01
201700028394;0;31;0;0;2;0;1;A01
201700028395;0;34;0;0;2;0;0;B01
201700028395;0;7;0;0;2;0;0;A01
201700028396;0;7;0;0;1;0;0;A01
201700028397;0;7;0;0;1;7;1;A01
201700028398;0;7;0;0;2;1;13;A01
201700028398;0;7;0;0;2;1;1;B01
201700028399;0;30;0;0;2;7;9;A01
201700028399;0;7;0;0;2;8;9;B01
201700028400;0;33;0;0;1;0;18;A01
201700028401;1;7;0;0;9;2;1;A01
201700028401;1;1;0;1;2;8;2;B01
201700028402;0;7;0;0;1;3;1;A01
201700028403;0;7;0;0;2;3;2;A01
201700028403;0;31;0;0;2;2;16;B01
201700028404;0;7;0;0;2;0;1;A01
201700028404;1;1;0;0;2;0;1;B01
201700028405;0;7;0;0;2;6;1;A01
201700028405;0;31;0;0;2;1;1;B01
201700028406;0;31;0;0;1;3;1;A01
201700028407;0;7;0;0;1;0;0;A01
201700028408;0;7;0;0;1;2;1;A01
201700028409;0;1;0;0;1;0;1;A01
201700028410;0;7;0;0;1;8;1;A01
201700028411;0;1;0;0;2;4;15;B01
201700028411;0;7;0;0;2;1;1;A01
201700028412;0;1;0;0;2;8;1;A01
201700028412;0;7;0;0;2;1;1;B01
201700028413;0;33;0;0;2;1;1;A01
201700028413;0;7;0;0;2;3;15;B01
201700028414;1;7;0;0;2;3;19;A01
201700028414;0;1;0;0;2;1;1;B01
201700028415;1;7;0;0;2;0;0;A01
201700028415;1;7;0;0;2;8;1;B01
201700028415;1;33;0;0;2;4;1;C01
201700028416;0;7;0;0;2;3;15;A01
201700028416;0;31;0;0;2;1;1;B01
201700028417;0;1;0;0;2;1;1;A01
201700028417;0;7;0;0;2;4;1;B01
201700028418;0;7;0;0;2;4;23;B01
201700028418;0;7;0;0;2;1;1;A01
201700028419;0;99;0;0;1;0;1;A01
201700028420;0;7;0;0;1;1;20;A01
201700028421;0;33;0;0;2;5;1;A01
201700028421;0;33;0;0;2;5;1;B01
201700028422;0;7;0;0;1;2;1;A01
201700028423;0;34;0;0;2;4;1;B01
201700028423;0;7;0;0;2;1;1;A01
201700028424;0;7;0;0;1;2;1;A01
201700028425;0;1;0;0;0;2;16;A01
201700028426;0;7;0;0;2;2;16;A01
201700028426;0;31;0;0;2;6;1;B01
201700028427;0;7;0;0;1;0;1;Z01
201700028428;1;10;0;1;0;3;1;A01
201700028429;0;7;0;1;1;0;1;A01
201700028429;0;7;0;1;2;0;1;B01
201700028430;0;1;0;0;2;1;16;B01
201700028430;0;7;0;0;2;3;1;A01
201700028431;0;31;0;0;2;0;1;A01
201700028431;0;7;0;0;2;0;1;B01
201700028432;0;10;0;0;2;1;15;A01
201700028432;0;7;0;0;2;2;1;B01
201700028433;0;7;0;12;0;0;1;A01
201700028434;0;7;0;0;2;0;0;Z01
201700028434;0;1;0;0;2;0;1;A01
201700028435;0;32;0;0;0;0;1;A01
201700028436;0;7;0;0;2;0;1;A01
201700028436;0;1;0;0;2;0;1;B01
201700028437;0;7;0;0;2;0;1;A01
201700028437;0;7;0;0;2;0;10;B01
201700028438;0;7;0;0;1;0;0;A01
201700028439;2;7;0;0;2;4;23;C01
201700028439;2;13;0;0;2;4;2;A01
201700028439;2;7;0;0;2;4;2;B01
201700028440;0;7;0;0;1;4;1;B01
201700028440;0;7;0;0;2;1;1;A01
201700028441;0;7;0;0;1;0;1;B01
201700028442;0;33;0;0;2;1;1;B01
201700028442;0;7;0;0;2;6;10;A01
201700028443;0;7;0;0;2;4;0;B01
201700028443;0;30;0;0;2;1;0;A01
201700028444;0;1;0;0;2;0;5;A01
201700028444;0;7;0;0;2;1;1;B01
201700028445;0;1;0;0;2;0;0;B01
201700028445;0;37;20;0;2;0;1;A01
201700028446;0;7;0;6;0;0;0;B01
201700028446;0;7;0;6;2;0;0;A01
201700028447;1;7;0;0;2;1;0;A01
201700028447;1;7;0;0;0;4;0;B01
201700028448;0;33;0;1;0;7;1;A01
201700028449;0;31;0;0;2;1;17;B01
201700028449;0;10;0;0;2;3;20;A01
201700028450;0;7;0;0;1;3;0;A01
201700028451;0;7;0;0;1;0;0;Z01
201700028452;0;2;0;0;2;1;1;A01
201700028452;0;7;0;0;2;6;1;B01
201700028453;0;30;0;0;0;0;1;A01
201700028454;0;40;3;0;1;0;0;A01
201700028455;0;7;0;0;2;1;1;A01
201700028455;0;1;0;0;0;0;1;B01
201700028456;0;1;0;0;0;0;1;B01
201700028456;0;37;2;0;2;0;1;A01
201700028457;0;7;0;0;2;0;0;A01
201700028457;0;34;0;0;2;0;0;B01
201700028458;0;7;0;9;0;0;1;A01
201700028459;0;7;0;0;1;0;0;A01
201700028460;0;33;0;1;2;0;1;A01
201700028460;0;7;0;0;2;0;1;B01
201700028461;0;7;0;0;2;0;1;B01
201700028461;0;32;0;0;2;0;0;A01
201700028462;1;31;0;0;2;1;1;A01
201700028462;2;7;0;0;2;1;15;B01
201700028463;0;10;0;0;2;0;1;A01
201700028463;0;7;0;6;2;0;1;B01
201700028464;0;2;0;0;2;0;1;B01
201700028464;0;7;0;0;2;0;1;A01
201700028465;0;31;0;0;1;2;1;A01
201700028466;1;10;0;0;2;2;9;C01
201700028466;1;7;0;0;2;6;1;B01
201700028466;1;7;0;0;2;4;1;A01
201700028466;1;7;0;0;2;1;1;D01
201700028467;0;7;0;0;1;1;1;A01
201700028468;0;1;0;0;2;0;1;B01
201700028468;0;7;0;0;2;0;1;A01
201700028469;0;7;0;0;2;2;15;A01
201700028469;0;33;0;0;2;1;9;B01
201700028470;0;7;0;0;2;7;16;A01
201700028470;1;1;0;0;2;8;1;B01
201700028471;0;1;0;0;2;0;1;B01
201700028471;0;7;0;0;2;0;1;A01
201700028472;0;7;0;0;1;0;0;Z01
201700028473;0;33;0;14;0;1;1;A01
201700028474;0;33;0;0;2;0;1;B01
201700028474;0;7;0;0;2;0;0;Z01
201700028475;0;7;0;0;2;6;15;B01
201700028475;0;7;0;0;2;3;1;Z01
201700028476;0;7;0;0;1;4;4;A01
201700028477;0;7;0;6;0;0;0;A01
201700028478;0;7;0;0;1;0;1;A01
201700028479;0;7;0;0;2;1;1;B01
201700028479;0;1;0;0;2;3;1;A01
201700028480;0;7;0;0;2;1;1;A01
201700028480;0;7;0;0;2;4;1;B01
201700028481;0;7;0;0;1;2;1;A01
201700028482;0;1;0;0;2;8;1;A01
201700028482;0;37;1;0;2;7;1;B01
201700028483;0;7;0;0;1;2;0;A01
201700028484;0;31;0;0;2;2;1;B01
201700028484;0;7;0;0;2;0;1;A01
201700028485;0;7;0;0;2;0;1;B01
201700028485;0;7;0;0;2;1;1;A01
201700028486;1;33;0;0;0;8;1;A01
201700028487;0;7;0;0;1;8;1;A01
201700028488;0;7;0;0;2;2;1;B01
201700028488;0;1;0;0;2;7;15;A01
201700028489;0;37;2;0;1;7;24;A01
201700028490;0;7;0;0;2;2;1;A01
201700028490;0;7;0;0;2;3;1;B01
201700028491;0;7;0;0;1;7;1;A01
201700028492;0;7;0;0;1;0;0;Z01
201700028493;0;7;0;0;1;3;1;A01
201700028494;0;40;10;0;1;0;0;A01
201700028495;0;13;0;0;1;4;4;A01
201700028496;0;7;0;0;1;0;1;A01
201700028497;0;7;0;0;1;1;15;A01
201700028498;0;32;0;0;2;1;1;B01
201700028498;0;7;0;0;2;8;16;A01
201700028499;2;7;0;0;2;0;0;B01
201700028499;2;7;0;0;2;0;0;A01
201700028500;0;7;0;8;0;0;1;A01
201700028501;0;7;0;0;1;3;1;A01
201700028502;0;7;0;1;2;3;1;B01
201700028502;0;7;0;0;2;1;1;A01
201700028503;0;7;0;0;2;4;1;B01
201700028503;0;30;0;0;2;1;1;A01
201700028504;0;7;0;0;1;8;1;A01
201700028505;0;1;0;1;0;1;1;B01
201700028505;0;7;0;0;2;8;1;A01
201700028506;0;7;0;0;1;1;1;A01
201700028507;0;7;0;0;2;1;1;B01
201700028507;0;7;0;0;2;5;15;A01
201700028508;0;7;0;0;2;6;9;A01
201700028508;1;33;0;0;2;1;1;B01
201700028509;0;30;0;0;2;1;15;A01
201700028509;0;7;0;0;2;1;1;B01
201700028510;0;7;0;0;1;1;0;A01
201700028511;0;7;0;0;1;1;1;A01
201700028512;0;7;0;0;0;0;0;Z01
201700028512;0;7;0;0;2;0;0;B01
201700028513;0;37;3;0;1;0;0;A01
201700028514;0;1;0;0;2;1;5;A01
201700028514;0;2;0;0;2;1;1;B01
201700028515;0;7;0;0;1;0;0;A01
201700028516;0;7;0;0;2;0;0;Z01
201700028516;0;31;0;0;0;0;1;B01
201700028517;0;7;0;0;1;3;1;A01
201700028518;1;7;0;0;0;0;0;A01
201700028519;0;7;0;0;2;6;9;A01
201700028519;0;33;0;0;2;1;9;B01
201700028520;0;2;0;0;2;7;17;B01
201700028520;0;7;0;0;2;8;13;A01
201700028521;0;7;0;0;1;1;1;A01
201700028522;0;7;0;0;2;1;0;A01
201700028522;0;7;0;0;2;8;0;B01
201700028523;0;7;0;0;2;1;0;B01
201700028523;0;7;0;0;2;1;0;A01
201700028524;0;7;0;0;2;3;16;B01
201700028524;0;1;0;0;2;1;1;A01
201700028525;0;33;0;0;2;1;1;B01
201700028525;0;7;0;0;2;1;1;A01
201700028526;1;7;0;0;1;2;1;A01
201700028527;1;7;0;3;0;2;14;A01
201700028528;0;32;0;0;2;4;16;B01
201700028528;0;7;0;0;2;1;1;A01
201700028529;0;7;0;0;2;4;23;B01
201700028529;0;7;0;0;2;1;1;A01
201700028530;2;33;0;0;1;1;1;A01
201700028531;2;1;0;0;2;0;2;A01
201700028531;0;7;0;0;0;0;0;Z01
201700028532;0;7;0;0;2;1;0;B01
201700028532;0;7;0;0;2;2;1;A01
201700028533;2;33;0;0;2;4;2;A01
201700028533;2;10;0;0;2;1;2;B01
201700028534;0;7;0;0;0;0;0;B01
201700028534;0;33;0;0;0;0;0;A01
201700028535;0;7;0;8;0;1;1;A01
201700028536;0;7;0;0;1;7;16;A01
201700028537;1;7;0;0;2;1;1;D01
201700028537;1;7;0;0;2;4;1;A01
201700028537;1;7;0;0;2;4;1;C01
201700028537;1;7;0;0;2;1;1;E01
201700028537;1;7;0;0;2;4;1;B01
201700028538;1;7;0;0;2;2;1;A01
201700028538;1;7;0;0;2;6;16;B01
201700028539;1;7;0;0;2;2;15;A01
201700028539;2;7;0;0;2;1;1;B01
201700028540;1;7;0;0;2;2;1;B01
201700028540;2;7;0;0;2;5;15;A01
201700028541;0;7;0;0;1;1;1;A01
201700028542;0;7;0;0;2;3;1;B01
201700028542;0;7;0;0;2;3;13;A01
201700028543;0;1;0;0;2;1;1;B01
201700028543;0;7;0;0;2;3;15;A01
201700028544;1;7;0;0;2;1;5;B01
201700028544;1;7;0;0;2;6;19;A01
201700028545;0;7;0;0;2;2;1;A01
201700028545;0;1;0;0;2;1;1;B01
201700028546;0;7;0;0;1;1;1;A01
201700028547;0;7;0;0;1;1;1;A01
201700028548;1;7;0;0;2;4;2;C01
201700028548;1;7;0;0;2;4;1;B01
201700028548;1;7;0;0;2;1;2;A01
201700028549;0;7;0;0;1;6;0;A01
201700028550;2;7;0;0;2;1;1;B01
201700028550;0;7;0;0;2;8;15;A01
201700028551;1;7;0;0;2;4;1;B01
201700028551;1;7;0;0;2;1;1;A01
201700028552;0;7;0;0;2;1;1;B01
201700028552;0;7;0;0;2;2;1;A01
201700028553;1;7;0;0;1;1;1;A01
201700028554;2;7;0;0;2;1;2;A01
201700028554;2;7;0;0;2;4;2;B01
201700028555;0;1;0;0;2;1;1;B01
201700028555;0;7;0;0;2;3;9;A01
201700028556;0;7;0;0;2;2;1;A01
201700028556;0;2;0;0;2;1;9;B01
201700028557;1;7;0;0;2;1;2;A01
201700028557;1;7;0;0;2;4;2;B01
201700028557;1;7;0;0;2;4;2;C01