num_acc;senc;catv;occutc;obs;obsm;choc;manv;num_veh
201700028558;0;7;0;0;1;4;20;A01
201700028559;0;31;0;15;0;1;15;A01
201700028560;0;7;0;0;2;8;9;A01
201700028560;0;1;0;0;2;1;1;B01
201700028561;0;7;0;0;2;3;1;B01
201700028561;2;7;0;0;2;2;10;A01
201700028562;0;7;0;0;2;1;1;B01
201700028562;0;7;0;0;2;7;17;A01
201700028563;0;1;0;0;2;1;1;B01
201700028563;0;7;0;0;2;3;15;A01
201700028564;0;10;0;0;2;2;20;A01
201700028564;0;31;0;0;2;1;2;B01
201700028565;0;30;0;0;2;7;1;A01
201700028565;0;7;0;0;2;7;1;B01
201700028566;0;7;0;0;2;3;13;A01
201700028566;0;7;0;0;2;3;1;B01
201700028567;1;7;0;0;2;6;1;B01
201700028567;1;7;0;0;2;2;1;A01
201700028568;1;7;0;0;2;5;15;A01
201700028568;0;33;0;0;2;1;1;B01
201700028569;0;30;0;0;2;0;1;B01
201700028569;1;7;0;0;2;0;15;Z01
201700028570;0;1;0;0;2;8;1;B01
201700028570;0;7;0;0;2;1;1;A01
201700028571;1;7;0;0;2;2;14;A01
201700028571;1;1;0;0;2;8;1;B01
201700028572;0;1;0;0;2;0;1;B01
201700028572;0;10;0;0;2;0;16;A01
201700028573;0;30;0;0;2;1;1;A01
201700028573;1;7;0;0;2;4;2;B01
201700028574;0;7;0;0;2;8;1;A01
201700028574;0;7;0;0;2;1;1;B01
201700028575;0;3;0;0;2;7;16;A01
201700028575;0;7;0;0;2;2;13;Z01
201700028576;1;15;0;0;2;5;23;B01
201700028576;1;7;0;0;2;8;1;A01
201700028577;0;2;0;0;1;1;17;A01
201700028578;0;7;0;0;1;1;1;A01
201700028579;0;7;0;0;2;2;1;A01
201700028579;0;7;0;0;2;5;15;B01
201700028580;0;7;0;0;2;1;1;Z01
201700028580;0;7;0;0;2;6;1;A01
201700028581;0;7;0;0;2;2;1;B01
201700028581;0;7;0;0;2;3;15;A01
201700028582;;7;0;0;2;2;15;Z01
201700028582;0;2;0;0;2;3;1;B01
201700028583;0;7;0;0;2;3;1;B01
201700028583;0;7;0;0;2;1;1;A01
201700028584;0;7;0;0;1;1;1;A01
201700028585;0;7;0;0;2;2;15;A01
201700028585;0;2;0;0;2;1;1;B01
201700028586;0;7;0;0;2;1;13;A01
201700028586;0;7;0;0;2;1;1;B01
201700028587;0;7;0;6;2;1;13;A01
201700028588;0;7;0;0;1;1;1;A01
201700028589;1;7;0;1;1;1;1;A01
201700028590;0;7;0;0;1;1;16;A01
201700028591;0;7;0;0;2;1;9;A01
201700028591;0;7;0;0;2;7;1;B01
201700028592;;30;0;0;2;1;1;B01
201700028592;0;7;0;0;2;1;15;A01
201700028593;0;7;0;0;2;3;1;A01
201700028593;0;2;0;0;2;2;1;B01
201700028594;0;7;0;0;1;1;1;A01
201700028595;2;7;0;0;2;1;1;A01
201700028595;1;1;0;0;2;8;19;B01
201700028596;1;7;0;15;2;3;13;A01
201700028596;2;7;0;0;2;8;1;B01
201700028597;1;7;0;4;0;0;0;A01
201700028598;1;7;0;0;0;0;0;A01
201700028598;1;7;0;0;0;0;0;B01
201700028599;1;7;0;0;1;1;0;A01
201700028600;0;7;0;8;2;3;13;A01
201700028600;0;33;0;0;2;3;1;B01
201700028601;2;7;0;0;2;3;1;C01
201700028601;2;14;0;0;2;8;1;B01
201700028601;2;7;0;0;0;0;1;D01
201700028601;1;7;0;0;2;3;1;A01
201700028602;1;1;0;0;0;0;1;A01
201700028603;0;7;0;0;2;1;15;A01
201700028603;1;30;0;0;2;7;1;B01
201700028604;0;7;0;8;0;3;13;A01
201700028605;1;2;0;3;0;0;0;A01
201700028606;1;7;0;0;1;5;0;A01
201700028607;1;7;0;0;2;1;0;A01
201700028607;1;7;0;0;0;0;0;B01
201700028608;0;7;0;6;0;1;1;A01
201700028609;1;7;0;0;2;3;15;A01
201700028609;2;2;0;0;2;8;1;B01
201700028610;0;7;0;0;2;1;1;A01
201700028610;0;7;0;0;2;2;9;B01
201700028611;2;7;0;14;0;1;1;A01
201700028612;0;7;0;0;1;3;1;A01
201700028613;0;7;0;0;0;0;0;B01
201700028613;0;2;0;0;2;1;0;A01
201700028614;1;7;0;8;0;7;19;A01
201700028615;2;7;0;15;0;1;1;A01
201700028616;0;33;0;12;1;7;2;A01
201700028617;0;7;0;0;1;0;0;A01
201700028618;2;7;0;0;2;7;13;A01
201700028618;1;7;0;0;2;1;0;B01
201700028619;0;7;0;0;2;3;15;A01
201700028619;0;2;0;0;2;7;17;B01
201700028620;0;35;0;0;0;0;0;A01
201700028621;0;7;0;0;1;1;1;A01
201700028622;1;7;0;13;0;8;19;A01
201700028623;0;7;0;0;1;2;0;A01
201700028624;1;7;0;0;2;6;1;A01
201700028625;2;7;0;1;0;3;1;A01
201700028626;2;2;0;8;0;1;1;A01
201700028627;1;7;0;0;2;5;15;A01
201700028627;1;7;0;0;2;1;1;B01
201700028627;1;7;0;0;2;3;23;C01
201700028628;1;2;0;12;0;0;0;A01
201700028629;2;7;0;0;1;1;1;A01
201700028630;0;7;0;0;1;1;1;B01
201700028631;0;7;0;0;0;0;0;A01
201700028631;0;1;0;0;0;0;0;B01
201700028632;0;7;0;0;0;0;0;A01
201700028633;0;7;0;0;2;1;20;A01
201700028633;0;2;0;0;2;1;20;B01
201700028634;1;7;0;0;2;1;11;A01
201700028634;2;30;0;0;2;8;1;B01
201700028635;0;2;0;0;0;0;0;A01
201700028636;1;7;0;0;2;1;1;B01
201700028636;2;7;0;0;2;7;0;A01
201700028637;0;2;0;0;2;1;1;B01
201700028637;0;7;0;0;2;3;11;A01
201700028638;2;7;0;0;2;1;2;A01
201700028638;2;7;0;0;2;3;2;B01
201700028639;0;1;0;0;0;0;0;A01
201700028640;0;7;0;0;2;1;9;A01
201700028640;0;1;0;0;0;4;2;B01
201700028641;0;7;0;0;2;3;1;B01
201700028641;1;30;0;0;2;2;9;A01
201700028642;1;7;0;1;2;2;17;A01
201700028642;1;7;0;0;2;5;24;C01
201700028642;1;7;0;0;9;4;24;D01
201700028642;2;7;0;0;2;3;15;B01
201700028643;2;7;0;0;1;1;20;A01
201700028644;1;7;0;0;1;4;20;A01
201700028645;1;7;0;6;0;9;1;A01
201700028646;1;7;0;0;2;3;15;A01
201700028646;2;31;0;0;2;3;17;B01
201700028647;0;7;0;0;2;1;2;A01
201700028647;0;7;0;0;2;4;23;B01
201700028647;1;7;0;0;2;4;23;C01
201700028647;1;7;0;0;2;4;23;D01
201700028648;1;31;0;16;0;1;1;A01
201700028649;2;7;0;0;1;7;2;A01
201700028650;1;30;0;0;2;1;2;A01
201700028650;1;7;0;0;2;4;2;B01
201700028651;2;7;0;0;2;7;9;A01
201700028651;1;1;0;0;2;1;5;B01
201700028652;1;10;0;0;1;2;19;A01
201700028653;1;7;0;0;1;4;20;A01
201700028654;2;7;0;1;0;1;1;A01
201700028655;1;10;0;0;2;1;15;A01
201700028655;1;7;0;0;2;2;19;B01
201700028656;1;7;0;0;1;2;1;A01
201700028657;1;7;0;0;2;1;15;A01
201700028657;2;31;0;0;2;3;21;B01
201700028658;1;7;0;0;2;1;1;A01
201700028658;2;7;0;0;2;7;15;B01
201700028659;2;37;1;0;2;4;23;A01
201700028659;2;7;0;0;0;1;9;B01
201700028660;1;7;0;1;0;2;1;A01
201700028661;1;7;0;0;2;7;0;A01
201700028661;2;7;0;0;2;1;1;B01
201700028662;2;7;0;0;2;4;23;A01
201700028662;2;7;0;0;2;1;7;B01
201700028663;1;7;0;0;2;3;11;A01
201700028663;2;31;0;0;2;3;1;B01
201700028664;1;7;0;8;0;2;14;A01
201700028665;0;31;0;0;6;0;2;A01
201700028666;1;34;0;0;0;7;1;A01
201700028667;2;7;0;9;0;4;13;A01
201700028668;1;7;0;0;2;4;21;B01
201700028668;1;7;0;0;2;4;21;A01
201700028668;1;7;0;0;2;1;21;C01
201700028669;2;33;0;15;0;1;13;A01
201700028670;2;7;0;3;0;9;14;A01
201700028671;2;31;0;0;2;2;17;A01
201700028671;1;7;0;0;2;3;1;B01
201700028672;2;99;0;0;2;1;9;B01
201700028672;2;34;0;0;2;7;19;A01
201700028673;1;15;0;0;1;3;1;A01
201700028674;1;37;10;0;1;7;7;A01
201700028675;0;7;0;2;0;1;16;A01
201700028676;0;7;0;0;9;3;19;A01
201700028677;2;7;0;0;2;1;2;A01
201700028677;2;33;0;0;2;4;2;B01
201700028677;1;7;0;0;2;5;0;C01
201700028678;1;7;0;0;0;1;19;A01
201700028679;1;7;0;0;2;1;23;A01
201700028679;1;7;0;0;2;4;23;B01
201700028679;1;7;0;0;2;4;23;C01
201700028680;1;7;0;0;2;1;1;A01
201700028680;1;7;0;0;2;4;1;B01
201700028681;2;7;0;9;0;0;16;A01
201700028682;2;7;0;4;0;3;9;A01
201700028683;1;7;0;0;2;3;9;A01
201700028683;1;7;0;0;2;2;21;B01
201700028684;1;99;0;0;2;1;0;B01
201700028684;1;7;0;0;2;3;9;A01
201700028685;2;7;0;0;1;1;1;A01
201700028686;1;7;0;0;2;5;15;A01
201700028686;2;31;0;0;2;1;1;B01
201700028687;0;7;0;0;1;2;16;A01
201700028688;2;7;0;0;1;2;0;A01
201700028689;1;7;0;0;2;1;15;A01
201700028689;2;7;0;0;2;8;1;B01
201700028690;2;7;0;0;2;8;13;A01
201700028690;1;7;0;0;2;6;1;B01
201700028691;1;10;0;2;0;1;1;A01
201700028692;1;7;0;0;2;3;1;B01
201700028692;1;7;0;14;0;3;6;A01
201700028693;1;7;0;1;0;1;1;B01
201700028694;1;7;0;0;1;2;1;A01
201700028695;1;7;0;0;1;1;0;A01
201700028696;0;7;0;0;2;0;1;B01
201700028696;1;7;0;0;2;0;1;A01
201700028697;2;7;0;0;2;1;1;B01
201700028697;1;7;0;0;2;1;13;A01
201700028698;2;7;0;0;1;1;17;A01
201700028699;2;7;0;0;2;1;16;A01
201700028699;1;1;0;0;2;2;1;B01
201700028700;1;30;0;0;2;1;1;B01
201700028700;1;7;0;0;2;3;16;A01
201700028701;2;30;0;0;1;1;15;A01
201700028702;1;1;0;0;2;1;1;B01
201700028702;0;7;0;0;2;3;16;A01
201700028703;1;30;0;0;0;0;16;A01
201700028704;1;7;0;0;2;3;16;B01
201700028704;1;7;0;0;2;1;1;A01
201700028705;1;7;0;0;1;1;1;A01
201700028706;1;7;0;8;0;1;0;A01
201700028707;1;2;0;0;0;0;0;A01
201700028708;1;7;0;0;1;1;1;A01
201700028709;1;7;0;0;2;2;15;A01
201700028709;1;2;0;0;2;8;1;B01
201700028710;1;7;0;0;2;2;1;B01
201700028710;1;36;0;0;2;1;15;Z01
201700028711;1;33;0;0;2;1;17;A01
201700028711;1;7;0;0;2;8;10;B01
201700028712;1;2;0;0;2;1;1;A01
201700028712;1;7;0;0;2;7;6;B01
201700028713;1;7;0;0;1;2;2;A01
201700028714;1;33;0;14;0;1;1;A01
201700028715;1;7;0;0;2;1;0;A01
201700028715;1;1;0;0;2;7;19;B01
201700028716;1;7;0;0;2;1;15;A01
201700028716;2;33;0;0;2;8;1;B01
201700028717;1;7;0;0;1;2;1;A01
201700028718;1;7;0;0;2;2;1;B01
201700028718;1;7;0;0;2;3;9;A01
201700028719;2;2;0;0;0;0;1;A01
201700028720;0;7;0;0;0;3;15;A01
201700028720;0;33;0;1;0;1;0;B01
201700028721;2;7;0;0;2;1;1;B01
201700028721;2;7;0;0;2;3;11;A01
201700028722;1;37;55;0;1;2;7;A01
201700028723;1;30;0;0;2;2;17;A01
201700028723;1;7;0;0;2;3;15;B01
201700028724;2;30;0;0;2;1;2;A01
201700028724;2;7;0;0;2;4;2;B01
201700028725;2;7;0;0;1;2;15;A01
201700028726;2;7;0;0;2;8;10;A01
201700028726;1;10;0;0;2;3;13;B01
201700028727;1;7;0;0;1;1;1;A01
201700028728;2;7;0;0;2;3;1;B01
201700028728;1;7;0;0;2;2;15;A01
201700028729;0;10;0;6;0;0;2;A01
201700028730;2;7;0;0;2;2;2;A01
201700028730;2;7;0;0;0;6;2;B01
201700028731;1;7;0;0;2;8;1;B01
201700028731;1;7;0;0;2;2;15;A01
201700028732;2;33;0;0;9;1;17;A01
201700028732;0;1;0;0;0;3;19;B01
201700028733;1;30;0;0;2;4;1;B01
201700028733;1;7;0;0;2;1;2;A01
201700028734;2;7;0;0;2;1;1;B01
201700028734;2;31;0;15;2;8;1;A01
201700028735;0;7;0;0;0;0;0;B01
201700028735;0;7;0;0;0;0;0;A01
201700028736;2;7;0;0;2;7;19;A01
201700028736;1;7;0;0;2;1;1;B01
201700028737;0;7;0;0;1;2;20;A01
201700028738;1;7;0;0;2;1;2;A01
201700028738;1;7;0;0;2;4;2;B01
201700028738;1;7;0;0;2;4;2;C01
201700028738;1;7;0;0;2;4;2;D01
201700028739;2;7;0;0;2;0;11;A01
201700028739;1;2;0;0;0;7;1;B01
201700028740;1;31;0;0;0;0;0;A01
201700028741;1;34;0;0;2;1;0;A01
201700028741;1;7;0;0;2;0;1;B01
201700028742;0;7;0;0;2;1;2;A01
201700028742;0;7;0;0;2;4;2;B01
201700028742;0;10;0;0;2;0;2;C01
201700028743;1;33;0;0;2;3;17;A01
201700028743;0;7;0;0;2;6;15;B01
201700028744;1;7;0;3;0;0;1;A01
201700028745;2;7;0;0;2;1;15;A01
201700028745;1;7;0;0;2;3;1;B01
201700028746;2;7;0;0;2;1;2;A01
201700028746;2;7;0;0;2;4;1;B01
201700028747;2;10;0;15;0;7;2;A01
201700028748;1;7;0;6;0;1;1;A01
201700028749;1;30;0;0;2;7;17;A01
201700028749;2;7;0;0;2;8;15;B01
201700028750;2;7;0;0;2;1;15;A01
201700028750;1;1;0;0;0;0;0;Z01
201700028751;1;33;0;0;2;0;17;A01
201700028751;2;7;0;0;2;3;1;B01
201700028752;1;7;0;0;2;4;2;A01
201700028752;1;7;0;0;2;4;2;B01
201700028752;1;7;0;0;2;1;2;Z01
201700028753;2;7;0;4;2;3;17;A01
201700028753;1;7;0;12;2;3;1;B01
201700028754;2;7;0;0;1;3;15;A01
201700028755;1;7;0;0;0;7;19;A01
201700028755;1;2;0;0;2;1;1;B01
201700028756;1;7;0;0;2;3;15;A01
201700028756;1;7;0;0;2;3;1;B01
201700028757;0;2;0;15;0;3;0;A01
201700028758;1;7;0;0;2;3;1;A01
201700028758;2;30;0;0;2;8;15;B01
201700028759;2;7;0;0;1;3;15;A01
201700028760;1;7;0;0;1;1;15;A01
201700028761;2;7;0;14;0;3;13;A01
201700028762;1;2;0;1;0;4;1;A01
201700028763;1;7;0;0;2;4;1;A01
201700028763;1;7;0;0;2;1;1;B01
201700028763;1;7;0;0;0;0;0;C01
201700028764;1;2;0;0;2;2;2;A01
201700028764;1;7;0;0;9;6;2;B01
201700028765;1;33;0;0;0;8;1;A01
201700028766;2;7;0;0;1;6;1;A01
201700028767;0;7;0;0;2;1;1;A01
201700028767;0;1;0;0;2;0;1;B01
201700028768;0;7;0;0;2;0;0;A01
201700028768;0;1;0;0;0;0;0;B01
201700028769;0;7;0;1;0;0;0;A01
201700028769;0;7;0;0;0;0;0;B01
201700028769;0;7;0;0;0;0;0;C01
201700028770;1;7;0;0;2;1;1;A01
201700028770;1;7;0;0;2;4;23;B01
201700028771;1;7;0;0;2;0;0;A01
201700028771;1;7;0;0;2;0;0;B01
201700028772;0;1;0;0;0;0;0;A01
201700028772;0;40;50;0;4;1;1;B01
201700028773;0;7;0;0;1;0;4;A01
201700028774;0;7;0;0;2;0;0;A01
201700028774;0;7;0;0;0;0;0;B01
201700028775;0;7;0;0;2;4;2;A01
201700028775;0;7;0;0;0;0;0;B01
201700028775;0;7;0;0;2;4;23;C01
201700028776;0;10;0;0;2;0;0;A01
201700028776;0;1;0;0;0;0;0;B01
201700028777;0;7;0;0;2;1;13;A01
201700028778;0;7;0;0;1;0;0;A01
201700028779;0;7;0;0;0;0;0;A01
201700028779;0;33;0;0;0;0;0;B01
201700028780;1;7;0;0;2;1;1;A01
201700028780;1;7;0;0;2;7;2;B01
201700028781;0;10;0;0;0;0;0;A01
201700028781;0;7;0;0;0;0;0;B01
201700028782;0;7;0;0;0;1;1;A01
201700028783;1;7;0;0;2;1;2;A01
201700028783;1;7;0;0;2;4;2;B01
201700028783;1;7;0;0;2;4;2;C01
201700028784;0;7;0;0;2;4;23;A01
201700028784;0;15;0;0;0;0;0;B01
201700028785;0;7;0;0;0;0;0;A01
201700028786;0;7;0;0;0;0;0;A01
201700028786;0;1;0;0;2;1;2;B01
201700028787;0;7;0;0;0;0;0;A01
201700028787;0;7;0;0;0;0;0;B01
201700028788;1;1;0;0;0;0;0;B01
201700028788;1;7;0;0;2;1;21;A01
201700028789;0;7;0;0;1;1;1;A01
201700028790;0;33;0;3;0;8;1;A01
201700028791;0;7;0;0;0;0;0;A01
201700028791;0;7;0;0;0;0;0;B01
201700028792;0;7;0;0;2;8;1;B01
201700028792;0;7;0;0;2;8;21;A01
201700028793;0;10;0;0;2;1;1;B01
201700028793;0;7;0;0;2;1;1;C01
201700028793;0;7;0;0;2;1;1;A01
201700028794;1;7;0;0;0;0;0;A01
201700028794;1;7;0;0;0;0;0;B01
201700028795;0;7;0;0;2;1;13;A01
201700028795;0;7;0;0;2;1;1;B01
201700028796;0;7;0;0;0;0;0;A01
201700028796;0;1;0;0;0;0;0;B01
201700028797;0;2;0;0;2;4;2;A01
201700028797;0;7;0;0;0;0;0;B01
201700028798;0;7;0;0;2;7;15;A01
201700028798;1;33;0;0;2;8;1;B01
201700028799;0;7;0;0;2;3;1;B01
201700028799;0;33;0;0;2;1;0;A01
201700028800;0;7;0;0;2;4;4;A01
201700028801;0;33;0;0;0;0;0;A01
201700028802;0;7;0;0;1;0;0;A01
201700028803;1;7;0;0;0;0;0;A01
201700028804;0;7;0;0;2;4;2;A01
201700028804;0;7;0;0;2;2;2;B01
201700028805;0;7;0;0;2;3;15;A01
201700028805;2;1;0;0;2;1;1;B01
201700028806;0;1;0;0;1;0;1;A01
201700028807;0;7;0;0;0;0;0;B01
201700028807;0;10;0;0;0;0;0;A01
201700028808;0;7;0;0;2;1;2;A01
201700028808;0;2;0;0;2;1;15;B01
201700028809;0;7;0;0;0;0;0;A01
201700028810;0;7;0;0;2;1;20;A01
201700028810;0;7;0;0;2;1;1;B01
201700028811;0;7;0;0;1;0;0;A01
201700028812;0;7;0;0;2;5;10;A01
201700028812;0;2;0;0;2;1;1;B01
201700028813;0;7;0;0;0;0;0;A01
201700028813;0;7;0;0;0;0;0;B01
201700028814;0;7;0;0;2;1;15;A01
201700028814;0;1;0;0;2;1;5;B01
201700028815;0;7;0;0;1;1;1;A01
201700028816;0;1;0;0;0;0;0;A01
201700028817;0;7;0;0;1;1;1;A01
201700028818;0;7;0;0;2;4;0;A01
201700028818;0;7;0;0;2;3;23;B01
201700028819;0;2;0;0;2;4;23;B01
201700028819;0;7;0;0;2;4;23;A01
201700028820;0;7;0;0;2;7;11;A01
201700028820;0;7;0;0;2;8;1;B01
201700028821;0;7;0;0;0;0;0;A01
201700028822;0;7;0;0;1;1;1;A01
201700028823;0;7;0;0;1;0;0;A01
201700028824;1;7;0;0;2;3;5;A01
201700028824;2;7;0;0;2;8;1;B01
201700028825;2;7;0;0;0;1;2;A01
201700028825;2;7;0;0;0;4;2;B01
201700028826;2;33;0;0;2;1;5;A01
201700028826;1;7;0;0;2;2;23;B01
201700028827;0;33;0;0;0;0;1;A01
201700028828;0;33;0;0;2;4;4;B01
201700028828;0;7;0;0;2;8;1;A01
201700028829;0;37;0;0;2;1;1;B01
201700028829;0;7;0;0;2;1;13;A01
201700028830;0;7;0;0;2;1;2;C01
201700028830;0;7;0;0;2;1;2;A01
201700028830;0;7;0;0;2;4;2;B01
201700028831;0;7;0;0;0;6;14;A01
201700028832;0;1;0;0;0;0;0;A01
201700028833;2;7;0;0;2;1;15;Z01
201700028833;2;2;0;0;2;1;16;B01
201700028834;0;2;0;0;0;0;0;A01
201700028835;0;7;0;0;2;3;15;B01
201700028835;0;7;0;0;2;1;1;Z01
201700028836;0;7;0;0;1;1;1;A01
201700028837;0;33;0;0;2;1;1;A01
201700028837;0;7;0;0;2;3;16;B01
201700028838;0;7;0;0;2;4;23;B01
201700028838;0;7;0;0;2;1;2;A01
201700028838;0;7;0;0;2;8;23;C01
201700028839;1;1;0;0;9;7;17;A01
201700028839;1;1;0;0;9;8;13;B01
201700028840;0;7;0;8;0;1;1;A01
201700028841;0;7;0;8;0;1;1;A01
201700028842;0;7;0;0;2;4;23;B01
201700028842;0;7;0;0;2;1;2;A01
201700028843;0;7;0;0;2;7;14;B01
201700028843;0;7;0;0;2;1;1;A01
201700028844;0;7;0;1;0;3;13;A01
201700028845;0;7;0;0;2;0;0;Z01
201700028845;0;7;0;0;2;4;23;A01
201700028846;2;33;0;4;0;8;1;A01
201700028847;1;7;0;0;9;3;15;A01
201700028847;1;1;0;0;2;8;1;B01
201700028848;1;7;0;0;2;2;11;A01
201700028848;1;7;0;0;2;4;2;B01
201700028848;1;30;0;0;0;4;0;C01
201700028849;1;7;0;0;1;3;1;A01
201700028850;1;7;0;0;2;1;1;A01
201700028850;1;7;0;0;2;4;0;B01
201700028850;1;7;0;0;2;4;1;C01
201700028851;1;7;0;0;2;1;2;A01
201700028851;1;7;0;0;0;4;0;B01
201700028852;2;7;0;0;1;2;2;A01
201700028853;1;33;0;0;2;1;0;A01
201700028853;2;7;0;0;2;6;15;B01
201700028854;1;1;0;0;2;8;15;A01
201700028854;1;7;0;0;0;0;0;B01
201700028855;2;17;0;0;2;4;2;A01
201700028855;2;7;0;0;2;1;2;B01
201700028856;0;7;0;0;2;2;0;A01
201700028856;0;33;0;0;0;0;0;B01
201700028857;1;7;0;0;2;1;2;A01
201700028857;1;7;0;0;2;4;2;B01
201700028858;1;7;0;0;2;1;2;A01
201700028858;1;7;0;0;0;4;15;B01
201700028859;1;7;0;0;2;5;16;A01
201700028859;1;33;0;0;2;1;1;B01
201700028860;2;30;0;14;2;1;17;A01
201700028860;0;7;0;0;2;3;15;B01
201700028861;2;1;0;0;0;4;2;B01
201700028861;2;7;0;0;2;1;2;A01
201700028862;1;7;0;0;2;1;1;A01
201700028862;0;1;0;0;2;8;19;B01
201700028863;0;7;0;0;2;1;2;A01
201700028863;0;7;0;0;2;4;2;B01
201700028863;0;7;0;0;2;4;2;C01
201700028864;2;1;0;0;0;0;15;A01
201700028865;1;7;0;0;2;7;15;A01
201700028865;2;7;0;0;2;2;1;B01
201700028866;1;10;0;0;2;2;2;A01
201700028866;1;1;0;0;2;3;15;B01
201700028867;1;33;0;0;9;1;17;A01
201700028867;1;1;0;0;0;8;13;B01
201700028868;2;7;0;0;1;7;1;A01
201700028869;1;7;0;1;0;1;2;A01
201700028869;1;7;0;0;2;4;2;B01
201700028869;1;7;0;0;2;4;2;C01
201700028870;1;7;0;1;0;8;21;A01
201700028871;1;14;0;3;2;1;2;A01
201700028871;1;7;0;0;2;1;2;B01
201700028871;1;7;0;0;2;4;2;C01
201700028872;2;7;0;0;2;6;9;A01
201700028872;2;33;0;0;2;1;1;B01
201700028873;1;7;0;0;1;4;20;A01
201700028874;1;31;0;12;0;7;2;A01
201700028875;1;7;0;0;1;0;1;A01
201700028876;2;1;0;0;2;3;1;B01
201700028876;1;7;0;0;2;8;17;A01
201700028877;1;7;0;0;2;1;2;C01
201700028877;2;7;0;0;2;3;13;A01
201700028877;1;7;0;0;2;3;1;B01
201700028878;1;7;0;0;1;2;16;A01
201700028879;0;7;0;0;2;3;1;B01
201700028879;0;7;0;0;2;1;15;A01
201700028880;1;7;0;0;2;0;23;A01
201700028880;1;7;0;0;2;1;23;B01
201700028881;1;7;0;0;2;3;15;A01
201700028881;2;1;0;0;2;3;1;B01
201700028882;2;7;0;0;2;1;0;A01
201700028882;2;30;0;0;2;9;15;M01
201700028883;2;20;0;0;1;4;4;A01
201700028884;2;7;0;1;0;5;1;A01
201700028884;2;40;10;0;2;1;1;B01
201700028885;2;7;0;14;0;1;1;A01
201700028885;2;7;0;0;0;4;1;B01
201700028886;1;7;0;12;2;8;1;B01
201700028886;1;7;0;0;2;1;1;A01
201700028887;2;33;0;8;0;1;2;A01
201700028888;1;7;0;0;1;3;2;A01
201700028889;1;7;0;0;2;2;21;A01
201700028889;1;7;0;0;2;1;21;B01
201700028889;1;7;0;0;2;1;21;C01
201700028890;1;33;0;0;0;7;14;A01
201700028891;1;7;0;0;2;6;15;A01
201700028891;1;7;0;0;2;3;21;B01
201700028892;1;7;0;6;0;1;1;A01
201700028893;0;7;0;0;2;0;2;A01
201700028893;0;7;0;0;2;0;16;B01
201700028894;2;33;0;0;2;3;17;A01
201700028894;2;7;0;0;2;6;15;B01
201700028895;1;7;0;0;2;8;22;A01
201700028895;1;99;0;1;0;1;1;B01
201700028896;0;7;0;0;2;2;0;A01
201700028896;0;7;0;0;2;4;0;B01
201700028896;0;13;0;0;2;5;0;C01
201700028897;2;31;0;0;0;7;16;A01
201700028898;1;14;0;0;2;7;16;A01
201700028898;1;1;0;0;2;1;1;B01
201700028899;1;7;0;0;1;1;1;A01
201700028900;1;33;0;0;0;8;21;A01
201700028900;1;7;0;0;0;0;13;B01
201700028901;1;7;0;0;2;3;2;A01
201700028901;1;7;0;0;2;5;23;B01
201700028902;2;1;0;0;2;3;1;D01
201700028902;2;7;0;0;2;7;16;T01
201700028903;1;10;0;0;2;6;17;A01
201700028903;1;33;0;0;2;1;2;B01
201700028904;1;7;0;0;1;2;16;A01
201700028905;1;7;0;0;2;1;15;A01
201700028905;1;33;0;0;2;2;1;B01
201700028906;1;7;0;0;2;1;2;A01
201700028906;1;7;0;0;2;4;23;B01
201700028907;2;7;0;0;2;8;19;B01
201700028907;1;7;0;0;2;1;1;A01
201700028908;1;17;0;6;1;1;13;A01
201700028909;1;1;0;0;2;7;16;B01
201700028909;1;7;0;0;2;3;1;A01
201700028910;2;7;0;0;2;2;16;B01
201700028910;2;7;0;0;2;3;9;A01
201700028911;2;7;0;0;2;4;23;E01
201700028911;2;7;0;0;2;6;23;B01
201700028911;2;10;0;0;2;2;21;A01
201700028911;2;7;0;0;2;5;23;C01
201700028911;2;7;0;0;2;4;23;D01
201700028912;2;10;0;0;9;2;16;A01
201700028912;1;1;0;0;2;1;0;B01
201700028913;1;7;0;0;2;6;16;A01
201700028913;1;17;0;0;2;5;1;B01
201700028914;1;7;0;0;2;1;15;A01
201700028914;2;7;0;0;2;3;1;B01
201700028915;1;7;0;4;0;1;1;A01
201700028916;0;10;0;0;2;3;13;A01
201700028916;0;13;0;8;2;3;21;B01
201700028916;0;10;0;0;2;1;21;C01
201700028917;2;31;0;0;0;0;16;A01
201700028918;0;7;0;8;2;2;17;A01
201700028918;0;7;0;6;2;6;15;B01
201700028919;2;7;0;12;0;3;15;A01
201700028920;1;7;0;0;2;4;1;A01
201700028920;1;7;0;0;2;2;1;B01
201700028921;2;7;0;0;2;2;21;A01
201700028921;2;7;0;0;2;6;23;B01
201700028922;1;7;0;0;2;3;15;A01
201700028922;2;31;0;0;2;1;21;B01
201700028923;1;7;0;0;2;8;15;A01
201700028923;1;7;0;0;2;3;1;B01
201700028924;2;7;0;0;2;3;15;A01
201700028924;2;30;0;0;2;1;17;B01
201700028925;2;1;0;0;4;0;15;A01
201700028925;1;40;40;0;9;2;0;B01
201700028926;1;7;0;0;1;2;16;A01
201700028927;2;1;0;14;0;4;2;A01
201700028927;2;7;0;14;2;4;23;B01
201700028928;1;7;0;2;0;2;14;A01
201700028929;2;7;0;0;9;5;16;A01
201700028929;2;1;0;0;2;1;19;B01
201700028930;1;7;0;0;1;1;15;A01