num_acc;senc;catv;occutc;obs;obsm;choc;manv;num_veh
201700028931;1;7;0;0;1;1;16;A01
201700028932;1;33;0;0;2;4;2;B01
201700028932;1;7;0;0;2;1;2;A01
201700028933;2;1;0;0;2;1;9;A01
201700028933;2;7;0;0;2;2;1;B01
201700028934;1;39;1;;1;6;;A01
201700028935;1;7;0;0;2;8;10;A01
201700028935;2;30;0;0;2;7;1;B01
201700028936;1;1;0;0;2;3;21;A01
201700028936;1;7;0;0;2;1;9;B01
201700028937;1;7;0;0;1;1;1;A01
201700028938;1;31;0;0;2;4;2;B01
201700028938;1;7;0;0;2;2;2;A01
201700028939;2;7;0;0;2;4;2;B01
201700028939;2;7;0;0;2;1;2;A01
201700028940;1;7;0;0;2;6;2;B01
201700028940;1;34;0;0;2;1;2;A01
201700028941;1;33;0;1;0;1;20;A01
201700028941;2;7;0;1;2;7;20;C01
201700028941;1;7;0;1;2;5;20;B01
201700028942;1;34;0;0;2;4;2;B01
201700028942;1;7;0;0;2;1;2;A01
201700028943;2;7;0;2;0;1;1;A01
201700028944;2;7;0;0;4;3;15;A01
201700028944;1;40;1;0;2;1;1;B01
201700028945;2;33;0;0;1;2;1;A01
201700028946;1;31;0;0;0;8;21;A01
201700028947;2;33;0;0;2;8;15;B01
201700028947;1;7;0;0;2;1;13;A01
201700028948;2;7;0;0;2;9;1;B01
201700028948;2;7;0;0;2;1;1;C01
201700028948;1;7;0;0;2;1;1;A01
201700028949;2;33;0;4;0;8;13;A01
201700028950;2;7;0;0;2;1;1;A01
201700028950;2;7;0;0;2;4;23;B01
201700028950;2;7;0;0;2;4;23;C01
201700028951;2;7;0;0;1;2;1;A01
201700028952;1;7;0;0;2;1;1;A01
201700028952;1;7;0;3;2;4;1;B01
201700028953;0;7;0;1;0;1;5;A01
201700028954;1;7;0;0;2;7;16;A01
201700028954;1;7;0;0;2;3;1;B01
201700028955;2;1;0;0;4;7;19;A01
201700028955;1;40;20;0;2;1;1;B01
201700028956;1;7;0;12;1;1;19;A01
201700028957;1;2;0;0;2;3;13;A01
201700028957;1;7;0;0;2;2;1;B01
201700028958;1;1;0;14;0;1;2;A01
201700028958;1;7;0;0;9;4;23;B01
201700028959;1;7;0;0;2;1;1;A01
201700028959;1;7;0;0;2;8;1;C01
201700028959;1;7;0;0;2;2;1;B01
201700028960;1;7;0;0;2;7;15;A01
201700028960;2;7;0;0;2;2;1;B01
201700028961;2;7;0;0;2;1;2;A01
201700028961;2;7;0;0;2;4;2;B01
201700028962;1;7;0;0;2;1;2;A01
201700028962;1;7;0;0;2;4;1;B01
201700028963;1;7;0;0;1;1;2;A01
201700028964;1;7;0;0;2;3;16;A01
201700028964;2;1;0;0;2;8;1;B01
201700028965;1;7;0;0;1;2;16;A01
201700028966;1;1;0;0;2;2;19;B01
201700028966;1;7;0;1;9;1;19;A01
201700028967;1;7;0;0;2;1;16;A01
201700028967;1;7;0;0;2;3;21;B01
201700028968;2;31;0;12;0;1;1;A01
201700028969;1;7;0;0;2;1;1;A01
201700028969;1;7;0;0;2;4;2;B01
201700028970;0;2;0;0;0;0;0;A01
201700028971;1;7;0;0;9;5;16;A01
201700028971;1;1;0;0;2;3;2;B01
201700028972;1;7;0;8;2;8;13;A01
201700028972;2;7;0;0;2;8;21;B01
201700028973;1;7;0;0;2;3;2;A01
201700028973;1;10;0;16;0;6;15;B01
201700028974;2;7;0;0;9;3;16;A01
201700028974;1;1;0;0;9;3;16;B01
201700028975;1;7;0;0;2;1;9;A01
201700028975;1;7;0;0;2;1;17;B01
201700028976;0;1;0;0;2;0;0;B01
201700028976;0;7;0;0;2;0;0;A01
201700028977;2;10;0;0;2;4;9;A01
201700028977;2;7;0;0;2;4;9;B01
201700028978;2;31;0;0;2;4;9;B01
201700028978;2;10;0;0;2;1;9;A01
201700028979;1;37;55;0;9;1;15;A01
201700028979;1;1;0;0;2;8;19;B01
201700028980;2;7;0;0;1;5;15;A01
201700028981;2;31;0;0;2;7;1;B01
201700028981;2;7;0;0;2;8;9;A01
201700028982;2;7;0;0;2;2;9;A01
201700028982;1;34;0;0;2;1;1;B01
201700028983;1;7;0;0;2;3;15;B01
201700028983;1;31;0;0;2;1;19;A01
201700028984;2;7;0;0;1;2;17;A01
201700028985;1;34;0;0;2;1;0;A01
201700028985;1;7;0;0;2;4;0;B01
201700028986;2;34;0;0;2;7;1;B01
201700028986;2;7;0;0;2;3;9;A01
201700028987;1;7;0;0;2;3;1;B01
201700028987;2;7;0;0;2;3;1;A01
201700028988;1;7;0;0;9;2;9;A01
201700028988;1;1;0;0;2;3;2;B01
201700028989;1;31;0;0;2;8;1;B01
201700028989;1;7;0;0;2;3;15;A01
201700028990;1;7;0;0;2;1;5;A01
201700028990;2;7;0;0;2;1;1;B01
201700028991;2;7;0;0;1;8;0;A01
201700028992;1;10;0;0;2;3;15;A01
201700028992;1;33;0;0;2;1;1;B01
201700028993;1;7;0;0;2;5;23;B01
201700028993;1;31;0;0;2;1;21;A01
201700028994;1;7;0;0;2;4;23;B01
201700028994;1;7;0;0;2;1;2;A01
201700028995;2;33;0;0;2;1;1;B01
201700028995;1;7;0;0;2;5;15;A01
201700028996;1;14;0;0;9;5;16;A01
201700028996;1;1;0;0;2;3;19;B01
201700028997;1;7;0;0;1;4;4;A01
201700028998;1;7;0;0;1;2;15;A01
201700028999;2;7;0;0;1;1;1;A01
201700029000;1;7;0;0;1;1;1;A01
201700029001;2;33;0;0;2;1;1;B01
201700029001;1;7;0;0;2;3;15;A01
201700029002;1;7;0;0;1;2;0;A01
201700029003;2;32;0;14;0;1;0;A01
201700029004;1;7;0;0;2;1;2;A01
201700029004;1;7;0;0;2;4;2;B01
201700029005;1;7;0;0;9;1;2;A01
201700029005;2;1;0;0;0;4;2;B01
201700029006;1;7;0;0;2;3;13;A01
201700029006;2;7;0;0;2;3;1;B01
201700029006;1;7;0;0;9;1;2;C01
201700029007;1;7;0;0;1;2;1;A01
201700029008;1;7;0;4;0;1;1;A01
201700029009;1;7;0;0;1;1;1;A01
201700029010;0;7;0;15;0;9;1;A01
201700029011;1;7;0;0;2;2;1;A01
201700029011;1;7;0;0;2;1;1;B01
201700029012;2;33;0;0;2;1;1;B01
201700029012;1;7;0;0;2;1;15;A01
201700029013;1;7;0;0;2;3;13;A01
201700029013;2;7;0;0;2;3;11;B01
201700029014;1;7;0;0;1;3;1;A01
201700029015;1;10;0;0;1;2;1;A01
201700029016;1;7;0;0;2;1;1;A01
201700029016;2;7;0;15;2;3;1;B01
201700029017;1;7;0;6;0;1;1;A01
201700029018;1;7;0;1;0;1;14;A01
201700029019;1;7;0;0;2;4;2;B01
201700029019;1;2;0;0;2;1;2;A01
201700029020;2;10;0;0;2;4;1;C01
201700029020;2;7;0;4;2;3;13;A01
201700029020;2;7;0;0;2;6;1;B01
201700029021;1;7;0;0;2;1;15;A01
201700029021;2;10;0;0;2;3;2;B01
201700029022;1;7;0;0;1;3;1;A01
201700029023;1;7;0;3;0;1;1;A01
201700029024;1;7;0;12;0;0;13;A01
201700029025;1;7;0;0;2;1;9;A01
201700029025;1;1;0;0;2;7;1;B01
201700029026;1;99;0;0;4;6;14;A01
201700029026;1;40;0;0;9;2;0;B01
201700029027;1;2;0;0;0;8;15;A01
201700029028;1;7;0;0;1;3;15;A01
201700029029;1;7;0;2;0;1;13;A01
201700029030;1;7;0;4;0;3;13;A01
201700029031;2;7;0;0;2;9;2;B01
201700029031;1;7;0;0;2;4;2;C01
201700029031;1;7;0;0;2;1;2;A01
201700029032;0;7;0;0;2;6;1;B01
201700029032;0;2;0;0;2;1;1;A01
201700029033;1;7;0;0;2;2;1;A01
201700029033;1;32;0;0;2;7;0;B01
201700029034;2;10;0;0;2;1;15;A01
201700029034;1;7;0;0;2;1;1;B01
201700029035;1;7;0;0;1;1;15;A01
201700029036;1;7;0;0;1;1;21;A01
201700029037;1;2;0;0;2;2;18;A01
201700029037;1;7;0;0;9;2;18;B01
201700029038;1;7;0;0;2;4;2;C01
201700029038;1;7;0;0;2;4;2;B01
201700029038;1;7;0;0;2;1;2;A01
201700029039;2;7;0;0;2;8;15;A01
201700029039;1;33;0;0;2;7;21;B01
201700029040;1;7;0;0;9;0;15;C01
201700029040;2;7;0;0;2;1;1;B01
201700029040;1;7;0;0;2;1;21;A01
201700029041;1;7;0;0;1;4;4;A01
201700029042;2;7;0;0;2;1;13;A01
201700029042;2;7;0;0;2;1;1;B01
201700029043;1;33;0;0;2;4;2;B01
201700029043;1;7;0;0;2;1;2;A01
201700029043;1;7;0;0;2;4;2;C01
201700029044;2;10;0;0;1;4;4;A01
201700029045;2;7;0;0;2;1;17;A01
201700029045;1;7;0;0;2;1;1;B01
201700029046;2;7;0;13;0;9;2;A01
201700029047;2;7;0;6;0;7;13;A01
201700029048;1;7;0;0;2;1;13;A01
201700029048;2;7;0;0;2;1;1;B01
201700029049;1;7;0;6;2;9;1;A01
201700029049;2;7;0;0;2;0;0;C01
201700029049;1;7;0;0;2;2;1;B01
201700029050;1;34;0;0;6;1;1;A01
201700029051;1;7;0;0;9;0;17;A01
201700029051;1;1;0;0;2;6;0;B01
201700029052;2;7;0;0;2;7;17;Z01
201700029052;2;2;0;0;2;8;2;A01
201700029053;1;7;0;13;2;3;1;A01
201700029053;2;14;0;0;2;8;1;B01
201700029054;2;7;0;1;1;7;0;A01
201700029055;1;14;0;0;2;3;13;A01
201700029055;1;7;0;0;2;8;15;B01
201700029056;2;36;0;12;0;6;14;B01
201700029056;2;7;0;0;2;3;1;C01
201700029056;1;10;0;0;2;3;13;A01
201700029057;1;7;0;0;1;3;16;A01
201700029058;1;7;0;0;9;4;16;C01
201700029058;1;7;0;0;2;5;13;B01
201700029058;1;7;0;0;2;3;18;A01
201700029059;1;7;0;0;0;0;13;A01
201700029059;2;14;0;13;0;7;14;B01
201700029060;1;7;0;0;1;4;20;A01
201700029061;1;31;0;0;1;1;1;A01
201700029062;2;31;0;0;2;7;19;A01
201700029062;1;7;0;0;2;3;19;B01
201700029063;1;7;0;0;1;2;23;A01
201700029064;1;7;0;0;1;3;15;A01
201700029065;2;7;0;13;0;3;19;A01
201700029066;1;7;0;0;1;0;0;A01
201700029067;1;10;0;0;2;1;1;B01
201700029067;2;7;0;0;2;7;13;A01
201700029068;1;1;0;0;2;0;15;B01
201700029068;1;7;0;0;2;0;1;A01
201700029069;1;7;0;0;1;4;1;B01
201700029069;1;7;0;0;2;1;1;A01
201700029070;1;7;0;8;0;1;1;A01
201700029071;0;7;0;0;2;3;15;A01
201700029071;0;30;0;0;2;2;1;B01
201700029072;0;7;0;0;2;3;15;B01
201700029072;0;30;0;0;2;1;1;A01
201700029073;0;2;0;0;2;1;5;A01
201700029073;0;7;0;0;2;3;16;B01
201700029074;1;7;0;0;1;1;1;A01
201700029075;1;7;0;0;2;1;1;B01
201700029075;1;1;0;0;2;1;19;A01
201700029076;0;7;0;2;0;1;13;A01
201700029077;0;7;0;0;2;8;15;B01
201700029077;0;31;0;0;2;1;17;A01
201700029078;0;7;0;0;2;1;13;A01
201700029078;0;7;0;0;2;1;1;B01
201700029079;1;7;0;0;1;1;1;A01
201700029080;0;7;0;0;1;8;1;A01
201700029081;0;7;0;0;2;1;15;A01
201700029081;0;30;0;0;2;1;1;B01
201700029082;0;33;0;0;2;1;1;B01
201700029082;0;7;0;0;2;5;15;A01
201700029083;2;7;0;0;2;1;1;B01
201700029083;1;7;0;0;2;1;13;A01
201700029084;0;7;0;0;2;3;1;B01
201700029084;0;1;0;0;2;1;13;A01
201700029085;1;7;0;0;1;1;15;A01
201700029086;0;7;0;0;1;1;15;A01
201700029087;1;31;0;0;2;7;1;B01
201700029087;0;7;0;0;2;2;12;A01
201700029088;0;2;0;6;0;1;13;A01
201700029089;1;33;0;16;0;1;1;A01
201700029090;0;7;0;0;2;1;9;A01
201700029090;0;33;0;0;2;7;1;B01
201700029091;1;7;0;0;2;6;1;B01
201700029091;1;33;0;0;2;1;1;A01
201700029092;0;7;0;0;2;3;15;A01
201700029092;0;7;0;0;2;5;17;B01
201700029093;1;33;0;0;2;1;1;B01
201700029093;1;7;0;0;2;7;15;A01
201700029094;1;99;0;0;2;1;1;A01
201700029094;0;7;0;0;2;3;1;B01
201700029095;1;14;0;0;2;2;1;A01
201700029095;1;7;0;0;2;4;9;B01
201700029096;1;1;0;1;2;4;1;B01
201700029096;1;7;0;0;2;1;1;A01
201700029097;2;7;0;0;2;1;1;C01
201700029097;1;7;0;0;2;1;15;A01
201700029097;2;7;0;0;2;3;1;B01
201700029098;1;7;0;0;2;1;1;C01
201700029098;1;33;0;0;2;7;17;A01
201700029098;1;15;0;0;2;3;15;B01
201700029099;1;30;0;0;2;1;17;A01
201700029099;1;7;0;0;2;3;15;B01
201700029100;1;7;0;0;2;1;1;C01
201700029100;1;31;0;0;2;8;1;A01
201700029100;1;7;0;0;2;4;1;B01
201700029101;2;2;0;3;0;1;1;A01
201700029102;0;2;0;0;2;1;1;B01
201700029102;0;7;0;0;2;3;16;A01
201700029103;2;7;0;0;2;1;1;C01
201700029103;2;7;0;6;2;3;1;B01
201700029103;1;7;0;0;2;8;19;A01
201700029104;1;34;0;0;1;1;1;A01
201700029105;1;31;0;0;2;8;1;B01
201700029105;2;7;0;0;2;3;15;A01
201700029106;0;7;0;0;1;1;1;A01
201700029107;0;10;0;0;2;1;21;B01
201700029107;0;7;0;0;2;1;13;A01
201700029108;1;34;0;13;0;1;1;A01
201700029109;0;7;0;0;1;2;1;A01
201700029110;1;31;0;0;2;7;13;A01
201700029110;1;36;0;0;2;6;9;B01
201700029111;0;33;0;0;1;1;1;A01
201700029112;2;33;0;0;2;1;13;A01
201700029112;2;7;0;0;2;3;21;B01
201700029113;1;33;0;11;0;1;17;A01
201700029113;1;15;0;0;0;0;1;B01
201700029114;2;31;0;0;2;1;17;A01
201700029114;2;7;0;0;2;5;15;B01
201700029115;1;7;0;0;2;7;1;B01
201700029115;1;7;0;14;2;7;5;A01
201700029116;0;7;0;0;2;4;23;B01
201700029116;0;10;0;0;2;1;19;A01
201700029117;0;7;0;0;9;4;23;B01
201700029117;0;7;0;0;2;1;21;A01
201700029118;2;7;0;2;0;7;1;A01
201700029119;2;7;0;15;0;3;1;A01
201700029120;1;10;0;13;0;3;14;A01
201700029121;0;7;0;0;1;1;1;A01
201700029122;0;15;0;0;1;7;1;A01
201700029123;2;7;0;0;2;6;1;B01
201700029123;1;7;0;0;2;1;19;A01
201700029124;0;7;0;0;1;1;1;A01
201700029125;1;1;0;0;2;1;13;A01
201700029125;1;15;0;0;2;5;1;B01
201700029126;1;7;0;0;2;1;13;A01
201700029126;2;7;0;0;2;1;1;B01
201700029127;1;33;0;0;2;2;21;B01
201700029127;1;7;0;0;2;3;9;A01
201700029128;1;7;0;0;1;1;9;A01
201700029129;1;7;0;0;1;1;1;A01
201700029130;0;1;0;12;0;1;0;A01
201700029131;0;7;0;0;0;9;1;A01
201700029132;1;2;0;0;2;7;16;A01
201700029132;1;7;0;0;2;5;1;B01
201700029133;1;7;0;0;1;1;1;A01
201700029134;0;7;0;8;0;1;0;A01
201700029135;0;7;0;4;0;2;1;A01
201700029136;0;7;0;0;2;1;2;A01
201700029136;0;7;0;0;2;4;2;B01
201700029137;0;7;0;4;0;2;1;A01
201700029138;2;7;0;4;0;3;1;A01
201700029139;0;7;0;15;0;1;13;A01
201700029140;0;7;0;0;2;1;1;A01
201700029140;0;7;0;0;2;2;1;B01
201700029141;1;7;0;6;0;1;1;A01
201700029142;0;1;0;0;2;7;1;B01
201700029142;0;31;0;0;0;1;0;Z01
201700029143;1;7;0;0;1;2;1;A01
201700029144;1;7;0;0;1;1;2;A01
201700029145;1;7;0;8;0;1;2;A01
201700029146;1;7;0;0;1;3;2;A01
201700029147;1;7;0;0;2;1;3;A01
201700029147;1;7;0;0;2;8;2;B01
201700029148;1;7;0;8;0;1;1;A01
201700029149;0;30;0;0;0;0;0;A01
201700029150;0;7;0;0;1;1;1;A01
201700029151;2;7;0;0;2;2;1;A01
201700029151;2;30;0;0;2;1;1;B01
201700029152;0;10;0;0;2;1;1;A01
201700029152;0;7;0;0;2;1;1;B01
201700029152;0;7;0;0;2;4;1;C01
201700029153;0;7;0;0;4;8;15;A01
201700029153;0;40;1;0;2;1;1;B01
201700029154;0;7;0;0;1;4;16;A01
201700029155;0;7;0;0;2;3;15;A01
201700029155;0;1;0;0;2;0;1;B01
201700029156;0;7;0;0;9;1;1;A01
201700029156;0;1;0;0;2;8;9;B01
201700029157;0;7;0;0;2;2;12;A01
201700029157;0;7;0;0;2;3;1;B01
201700029158;0;7;0;0;1;8;1;A01
201700029159;0;1;0;8;0;0;0;A01
201700029160;0;1;0;0;0;0;0;A01
201700029161;0;7;0;0;1;1;1;A01
201700029162;0;7;0;0;1;1;1;A01
201700029163;0;7;0;0;2;1;15;A01
201700029163;0;1;0;0;2;8;1;B01
201700029164;0;7;0;0;2;2;1;A01
201700029164;0;7;0;0;2;8;1;B01
201700029165;0;30;0;0;2;3;9;A01
201700029165;0;7;0;0;2;7;1;B01
201700029166;0;7;0;0;1;1;1;A01
201700029167;1;7;0;15;0;1;1;A01
201700029168;1;30;0;0;2;1;1;A01
201700029168;1;7;0;0;2;1;1;B01
201700029169;1;7;0;16;0;1;2;A01
201700029170;1;30;0;9;0;0;2;A01
201700029171;1;7;0;13;0;1;1;A01
201700029172;1;7;0;13;0;1;1;A01
201700029173;1;7;0;13;0;1;1;A01
201700029174;0;7;0;0;0;0;1;A01
201700029175;0;7;0;0;0;0;1;A01
201700029176;0;7;0;0;9;0;1;A01
201700029177;0;7;0;0;2;1;1;A01
201700029177;0;7;0;0;2;4;1;B01
201700029178;1;7;0;2;0;1;1;A01
201700029179;0;7;0;0;2;4;20;A01
201700029179;0;1;0;0;2;7;1;B01
201700029180;0;7;0;15;1;4;4;A01
201700029181;0;7;0;0;2;1;1;A01
201700029181;0;7;0;0;2;5;1;B01
201700029182;0;7;0;0;1;1;1;A01
201700029183;0;37;0;0;2;3;15;A01
201700029183;0;7;0;0;2;1;1;B01
201700029184;0;7;0;0;2;3;15;A01
201700029184;0;33;0;0;2;1;1;B01
201700029185;0;7;0;0;2;4;1;B01
201700029185;0;7;0;0;2;1;1;A01
201700029186;0;7;0;0;2;1;1;A01
201700029186;0;7;0;0;2;4;1;B01
201700029187;0;31;0;0;2;1;1;B01
201700029187;0;7;0;0;2;3;20;A01
201700029188;0;7;0;0;2;3;1;B01
201700029188;0;7;0;0;2;1;1;A01
201700029189;0;7;0;0;2;1;1;A01
201700029189;0;7;0;0;2;4;1;B01
201700029189;0;7;0;0;2;4;1;C01
201700029190;0;7;0;6;0;1;1;A01
201700029191;0;7;0;0;1;4;1;A01
201700029192;0;7;0;0;2;1;15;A01
201700029192;0;7;0;0;2;2;1;B01
201700029193;0;7;0;0;1;1;15;Z01
201700029194;0;7;0;0;0;0;1;A01
201700029195;0;7;0;13;0;0;1;A01
201700029196;0;2;0;0;2;0;1;B01
201700029196;0;3;0;0;2;1;1;A01
201700029196;0;1;0;0;0;0;0;C01
201700029197;1;7;0;12;0;1;1;A01
201700029198;2;32;0;0;2;1;1;B01
201700029198;1;7;0;0;2;3;15;A01
201700029199;1;7;0;0;2;8;1;B01
201700029199;1;7;0;0;2;1;1;A01
201700029200;1;7;0;0;2;3;16;B01
201700029200;1;30;0;0;2;1;7;A01
201700029201;1;7;0;0;0;0;0;A01
201700029201;1;7;0;0;2;7;20;B01
201700029202;1;32;0;0;2;1;0;A01
201700029202;1;7;0;0;2;2;1;B01
201700029203;1;7;0;0;2;1;16;A01
201700029203;1;30;0;0;2;1;1;B01
201700029204;0;37;1;0;2;1;1;A01
201700029204;0;7;0;0;9;4;1;B01
201700029205;0;33;0;0;0;0;1;A01
201700029206;0;7;0;0;2;8;22;A01
201700029206;0;1;0;0;2;1;1;B01
201700029207;0;2;0;0;2;1;1;B01
201700029207;0;7;0;0;2;3;1;A01
201700029208;0;7;0;0;2;3;20;A01
201700029208;0;1;0;0;2;1;1;B01
201700029209;0;32;0;0;2;0;1;B01
201700029209;0;7;0;0;2;3;15;A01
201700029210;0;7;0;0;2;1;15;A01
201700029210;0;7;0;0;2;3;1;B01
201700029211;1;32;0;1;0;0;0;A01
201700029212;1;7;0;0;2;3;1;B01
201700029212;1;30;0;0;2;1;1;A01
201700029213;2;7;0;0;2;1;1;A01
201700029213;1;7;0;0;2;4;1;B01
201700029213;1;7;0;0;2;4;1;C01
201700029214;1;7;0;0;2;1;1;A01
201700029214;1;1;0;0;2;4;1;B01
201700029215;0;31;0;0;0;0;1;A01
201700029216;0;7;0;0;2;1;1;A01
201700029216;0;7;0;0;0;0;0;B01
201700029217;2;7;0;0;2;7;13;A01
201700029217;1;7;0;0;2;1;1;B01
201700029218;0;30;0;0;4;8;15;A01
201700029218;0;40;0;0;2;1;1;B01
201700029219;0;7;0;0;2;4;1;B01
201700029219;0;7;0;0;2;1;1;A01
201700029220;0;7;0;0;2;2;16;A01
201700029220;0;1;0;0;2;8;1;B01
201700029221;0;7;0;0;2;1;13;A01
201700029221;0;33;0;0;2;8;1;B01
201700029222;0;7;0;0;2;1;16;B01
201700029222;0;7;0;0;2;1;1;A01
201700029223;0;1;0;8;0;1;1;A01
201700029224;0;7;0;0;2;4;1;C01
201700029224;0;7;0;0;2;4;1;B01
201700029224;0;7;0;0;2;1;1;A01
201700029225;0;7;0;0;2;1;1;A01
201700029225;0;7;0;0;0;0;0;B01
201700029226;0;3;0;0;2;4;1;B01
201700029226;0;7;0;0;2;1;1;A01
201700029226;0;7;0;0;2;7;1;C01
201700029227;0;30;0;0;0;0;1;A01
201700029228;0;7;0;0;2;1;1;B01
201700029228;0;7;0;0;2;5;1;A01
201700029229;0;1;0;0;2;1;1;B01
201700029229;0;7;0;0;2;1;16;A01
201700029230;0;7;0;0;2;7;1;B01
201700029230;0;1;0;0;2;0;1;A01
201700029231;0;7;0;0;2;1;1;A01
201700029231;0;7;0;0;2;8;1;B01
201700029232;1;33;0;0;2;8;2;B01
201700029232;1;7;0;0;2;7;1;A01
201700029233;0;7;0;0;1;1;1;A01
201700029234;0;7;0;0;1;1;9;A01
201700029235;0;7;0;6;0;1;1;A01
201700029236;0;7;0;0;2;1;1;A01
201700029236;0;1;0;0;2;1;1;B01
201700029237;0;1;0;0;0;0;0;A01
201700029238;0;7;0;0;2;2;20;A01
201700029238;0;7;0;0;2;2;1;B01
201700029239;0;7;0;0;0;0;1;A01
201700029239;0;33;0;0;0;0;21;B01
201700029240;0;7;0;0;2;8;15;A01
201700029240;0;2;0;0;2;1;1;B01
201700029241;0;33;0;16;0;9;1;A01
201700029242;0;37;0;0;2;1;1;A01
201700029242;0;7;0;0;2;4;1;B01
201700029243;0;7;0;0;2;1;1;A01
201700029243;0;7;0;0;2;2;1;B01
201700029244;0;15;0;0;2;7;14;A01
201700029244;0;7;0;0;2;8;1;B01
201700029245;0;1;0;0;2;0;1;A01
201700029245;0;1;0;0;2;0;0;B01
201700029246;0;1;0;16;0;0;1;A01
201700029247;0;7;0;0;2;7;0;A01
201700029247;0;37;0;0;2;1;1;B01
201700029248;0;7;0;0;2;1;1;A01
201700029248;0;7;0;0;2;4;1;B01
201700029249;0;7;0;0;2;3;15;A01
201700029249;0;7;0;0;2;1;1;B01
201700029250;0;34;0;0;2;1;1;A01
201700029250;0;7;0;0;2;4;1;B01
201700029251;0;31;0;0;2;4;1;B01
201700029251;0;7;0;0;2;1;1;Z01
201700029252;0;7;0;0;2;2;16;A01
201700029252;0;1;0;0;2;0;0;B01
201700029253;0;7;0;1;1;3;0;A01
201700029254;0;7;0;0;2;2;1;B01
201700029254;0;7;0;0;2;3;1;A01
201700029255;0;7;0;0;2;7;15;A01
201700029255;0;1;0;0;2;1;1;B01
201700029256;0;7;0;0;2;1;10;A01
201700029256;0;7;0;0;2;2;1;B01
201700029257;0;7;0;0;2;2;1;A01
201700029257;0;3;0;0;2;1;1;B01
201700029258;0;7;0;1;0;3;13;A01
201700029259;1;32;0;14;0;5;1;A01
201700029260;0;33;0;0;2;1;1;B01
201700029260;0;7;0;0;2;8;10;A01
201700029261;0;7;0;0;1;1;1;A01
201700029262;0;7;0;0;0;0;18;A01
201700029262;0;38;1;9;0;2;21;B01
201700029263;0;7;0;0;4;2;1;A01
201700029263;0;40;0;0;2;8;1;B01
201700029264;0;33;0;0;2;1;1;A01
201700029264;0;7;0;0;2;4;11;B01
201700029265;0;7;0;0;2;7;15;A01
201700029265;0;1;0;0;2;1;1;B01
201700029266;0;7;0;0;0;0;0;B01
201700029266;0;7;0;0;2;3;15;A01
201700029267;0;7;0;0;2;6;15;B01
201700029267;0;33;0;0;2;1;1;A01
201700029268;0;2;0;0;2;1;1;A01
201700029268;0;7;0;0;2;4;1;B01
201700029269;0;7;0;12;0;1;1;A01
201700029270;0;40;0;0;2;1;1;B01
201700029270;0;7;0;0;4;8;1;A01
201700029271;1;7;0;0;2;3;15;A01
201700029271;2;2;0;0;2;1;0;B01
201700029272;0;31;0;5;0;0;1;A01
201700029273;0;1;0;0;2;1;1;A01
201700029273;0;7;0;0;2;4;15;B01
201700029274;0;7;0;0;2;1;16;A01
201700029274;0;1;0;0;2;4;1;B01
201700029275;0;7;0;0;2;1;1;A01
201700029275;0;1;0;0;2;7;1;B01
201700029276;0;1;0;0;1;1;1;A01
201700029277;0;1;0;0;2;1;15;B01
201700029277;0;7;0;0;2;1;1;A01
201700029278;0;7;0;8;0;1;1;A01
201700029279;0;7;0;0;2;1;15;A01
201700029279;0;33;0;0;2;8;1;B01
201700029280;0;1;0;12;0;0;0;A01
201700029281;0;7;0;0;1;1;1;A01
201700029282;0;7;0;0;2;1;1;B01
201700029282;0;30;0;0;2;1;5;A01
201700029283;0;1;0;0;2;1;1;B01
201700029283;0;7;0;0;2;3;15;A01
201700029284;0;7;0;8;0;1;1;A01
201700029285;0;1;0;0;2;4;1;B01
201700029285;0;7;0;0;2;1;1;A01
201700029286;0;7;0;0;2;1;1;A01
201700029286;0;30;0;0;2;1;1;B01
201700029287;0;7;0;0;2;2;2;A01
201700029287;0;7;0;0;2;4;2;B01
201700029288;0;21;0;0;2;4;23;D01
201700029288;0;7;0;0;2;4;2;C01
201700029288;0;7;0;0;2;4;2;B01
201700029288;0;7;0;0;2;1;2;A01
201700029289;0;1;0;0;0;0;1;A01
201700029290;0;7;0;0;0;0;0;B01
201700029290;0;7;0;0;2;1;1;A01
201700029291;0;7;0;0;2;1;1;A01
201700029291;0;7;0;0;2;4;1;B01
201700029292;0;37;0;0;1;2;1;A01
201700029293;0;7;0;0;2;1;16;A01
201700029293;0;7;0;0;2;7;1;B01
201700029294;0;7;0;0;2;1;1;A01
201700029294;0;7;0;0;0;0;0;B01
201700029295;0;2;0;0;2;0;1;A01
201700029295;0;7;0;0;2;0;10;Z01
201700029296;0;7;0;0;2;4;1;B01
201700029296;0;7;0;0;2;1;1;A01
201700029297;0;7;0;0;0;0;10;A01
201700029297;0;7;0;8;0;1;21;B01
201700029298;0;7;0;4;0;3;1;A01
201700029299;0;7;0;0;2;4;1;B01
201700029299;0;7;0;0;2;4;1;C01
201700029299;0;7;0;0;2;1;1;A01
201700029300;0;2;0;0;2;7;1;A01
201700029300;0;7;0;0;2;1;1;B01
201700029301;0;2;0;0;2;3;1;B01
201700029301;0;7;0;0;2;2;1;A01
201700029302;0;7;0;0;1;1;1;Z01
201700029303;0;7;0;0;2;1;1;A01
201700029303;0;1;0;0;2;4;1;B01
201700029304;0;30;0;0;2;1;1;A01
201700029304;0;7;0;0;2;4;1;B01
201700029305;0;7;0;0;2;8;1;B01
201700029305;0;7;0;0;2;3;15;A01