num_acc;senc;catv;occutc;obs;obsm;choc;manv;num_veh
201700029306;0;3;0;0;2;1;15;A01
201700029306;0;33;0;0;2;1;1;B01
201700029307;0;7;0;0;2;1;1;A01
201700029307;0;7;0;0;0;0;0;B01
201700029308;0;7;0;10;0;1;1;A01
201700029309;0;7;0;0;2;7;1;B01
201700029309;0;7;0;0;2;1;16;A01
201700029310;0;7;0;0;2;2;15;A01
201700029310;0;1;0;0;2;1;1;B01
201700029311;0;1;0;0;0;0;21;A01
201700029312;0;2;0;0;2;1;1;A01
201700029312;0;7;0;0;2;1;1;B01
201700029313;0;7;0;0;1;1;1;A01
201700029314;0;7;0;0;2;1;1;A01
201700029314;0;7;0;0;0;4;1;B01
201700029315;0;1;0;0;0;0;1;A01
201700029316;0;7;0;0;0;9;1;A01
201700029317;0;7;0;0;2;3;1;B01
201700029317;0;7;0;0;2;1;1;A01
201700029318;0;7;0;0;0;0;1;B01
201700029318;0;33;0;0;0;0;21;A01
201700029319;0;2;0;0;2;1;2;A01
201700029319;0;7;0;0;2;4;2;B01
201700029320;0;1;0;0;2;1;1;B01
201700029320;0;7;0;0;2;7;16;A01
201700029321;0;1;0;14;0;0;1;A01
201700029322;0;7;0;0;2;3;0;A01
201700029322;0;1;0;0;2;0;1;B01
201700029323;0;7;0;0;2;8;1;B01
201700029323;0;7;0;0;2;1;15;A01
201700029324;0;7;0;0;9;2;20;A01
201700029324;0;1;0;0;2;1;1;B01
201700029325;0;1;0;12;0;1;9;A01
201700029326;0;7;0;0;2;4;23;B01
201700029326;0;7;0;0;2;1;1;A01
201700029326;0;7;0;0;2;4;23;C01
201700029327;0;1;0;0;2;2;1;B01
201700029327;0;7;0;0;2;1;1;A01
201700029328;0;7;0;0;1;1;15;A01
201700029329;0;1;0;0;0;0;1;A01
201700029330;1;1;0;16;0;1;1;A01
201700029331;1;7;0;0;2;1;19;A01
201700029331;2;7;0;0;2;2;1;B01
201700029332;1;37;0;0;2;7;1;B01
201700029332;2;7;0;0;2;1;1;A01
201700029333;0;34;0;0;1;1;1;A01
201700029334;0;7;0;0;2;1;1;A01
201700029334;0;7;0;0;2;4;0;B01
201700029335;0;7;0;0;2;4;1;B01
201700029335;0;7;0;0;2;1;1;A01
201700029335;0;7;0;0;2;4;1;C01
201700029336;0;7;0;0;0;9;1;A01
201700029337;0;7;0;0;2;1;1;B01
201700029337;0;7;0;0;2;1;13;A01
201700029338;0;7;0;0;2;6;1;B01
201700029338;0;7;0;0;2;3;1;A01
201700029339;0;34;0;0;2;1;1;A01
201700029339;0;7;0;0;2;4;1;B01
201700029340;0;7;0;0;2;1;1;A01
201700029340;0;7;0;0;2;4;1;B01
201700029341;0;7;0;0;1;1;1;A01
201700029342;0;7;0;0;1;1;1;A01
201700029343;0;1;0;0;0;0;1;A01
201700029344;0;7;0;0;2;1;1;A01
201700029344;0;7;0;0;2;4;1;B01
201700029345;0;33;0;14;0;0;1;A01
201700029346;0;7;0;4;0;9;1;A01
201700029347;0;30;0;0;0;0;1;A01
201700029348;0;7;0;9;0;0;1;A01
201700029349;0;1;0;0;0;0;1;A01
201700029350;0;1;0;0;2;1;1;B01
201700029350;0;7;0;0;2;6;15;A01
201700029351;0;7;0;0;1;1;0;Z01
201700029352;0;7;0;0;2;8;1;B01
201700029352;0;7;0;0;2;1;15;A01
201700029353;0;7;0;0;2;2;1;B01
201700029353;0;7;0;0;2;1;1;A01
201700029354;0;34;0;12;0;1;1;A01
201700029355;0;7;0;0;2;1;15;B01
201700029355;0;33;0;0;2;7;16;A01
201700029356;0;1;0;14;0;0;1;A01
201700029357;1;7;0;0;2;1;1;A01
201700029357;1;7;0;0;2;1;1;B01
201700029358;0;1;0;0;0;0;1;A01
201700029359;1;7;0;0;0;0;17;A01
201700029360;2;7;0;0;2;3;19;A01
201700029360;2;30;0;0;2;1;1;B01
201700029361;0;7;0;0;1;0;1;A01
201700029362;1;1;0;14;9;1;2;A01
201700029363;1;30;0;0;2;1;13;A01
201700029363;2;7;0;0;2;1;1;B01
201700029364;1;1;0;0;0;0;0;A01
201700029365;1;7;0;0;2;4;23;B01
201700029365;1;7;0;0;0;1;2;A01
201700029366;2;31;0;0;0;0;0;A01
201700029367;0;7;0;0;2;3;10;A01
201700029367;0;3;0;0;2;1;1;B01
201700029368;0;7;0;0;2;3;1;B01
201700029368;0;7;0;0;2;1;1;A01
201700029369;2;2;0;0;2;1;2;B01
201700029369;2;7;0;0;2;4;23;A01
201700029370;0;30;0;0;2;3;14;A01
201700029370;0;1;0;0;2;1;1;B01
201700029371;0;7;0;0;2;1;1;B01
201700029371;0;7;0;0;2;2;1;A01
201700029372;0;7;0;0;2;4;1;B01
201700029372;0;7;0;0;2;1;1;A01
201700029373;0;7;0;0;2;2;15;B01
201700029373;0;2;0;0;2;1;18;A01
201700029374;0;7;0;0;2;7;1;B01
201700029374;0;2;0;0;2;1;1;A01
201700029375;0;2;0;0;1;1;1;A01
201700029376;0;7;0;0;2;2;17;A01
201700029376;0;7;0;0;2;3;15;B01
201700029377;0;7;0;0;2;1;13;A01
201700029377;0;7;0;0;2;1;1;B01
201700029378;0;2;0;0;0;0;1;A01
201700029379;0;7;0;2;0;1;1;A01
201700029380;0;7;0;9;0;1;1;A01
201700029381;0;2;0;0;2;1;5;A01
201700029381;0;7;0;0;2;1;1;B01
201700029382;0;1;0;0;1;1;1;A01
201700029383;0;1;0;0;2;1;1;B01
201700029383;0;7;0;0;2;4;14;Z01
201700029384;0;32;0;0;0;0;0;A01
201700029385;0;31;0;0;0;8;0;A01
201700029386;0;33;0;0;0;8;17;A01
201700029387;0;30;0;0;0;7;16;A01
201700029388;0;7;0;0;1;1;1;A01
201700029389;0;7;0;0;2;3;9;A01
201700029389;0;31;0;0;2;1;1;B01
201700029390;0;7;0;0;2;1;2;A01
201700029390;0;7;0;0;2;4;23;B01
201700029391;0;7;0;0;2;1;2;A01
201700029391;0;7;0;0;2;4;23;B01
201700029392;0;7;0;13;0;1;6;A01
201700029393;0;1;0;0;2;1;1;A01
201700029393;0;7;0;0;2;1;1;B01
201700029394;0;1;0;0;0;0;1;A01
201700029395;0;7;0;0;1;3;15;A01
201700029396;0;15;0;0;2;1;12;A01
201700029396;0;7;0;0;2;4;1;B01
201700029397;0;7;0;2;0;1;13;A01
201700029398;0;31;0;0;2;1;1;A01
201700029398;0;7;0;0;2;5;15;B01
201700029399;0;1;0;0;2;1;1;B01
201700029399;0;7;0;0;2;4;4;A01
201700029400;1;33;0;8;2;1;18;A01
201700029400;1;7;0;0;2;7;16;B01
201700029401;2;7;0;0;1;2;2;A01
201700029402;0;1;0;0;2;1;1;B01
201700029402;0;7;0;0;2;4;4;A01
201700029403;1;7;0;0;2;8;1;B01
201700029403;1;7;0;0;2;1;9;A01
201700029404;0;7;0;0;2;1;15;B01
201700029404;0;7;0;0;2;1;15;A01
201700029405;0;32;0;0;0;0;1;A01
201700029406;1;7;0;0;2;1;1;A01
201700029406;1;7;0;0;2;4;1;C01
201700029406;1;7;0;0;2;4;1;B01
201700029407;0;30;0;0;2;1;1;B01
201700029407;0;7;0;0;2;2;15;A01
201700029408;0;1;0;0;0;0;1;A01
201700029409;0;30;0;0;0;0;1;A01
201700029410;0;1;0;1;0;1;1;B01
201700029411;0;1;0;0;0;0;1;A01
201700029412;0;2;0;0;0;1;20;A01
201700029413;0;7;0;0;2;3;16;B01
201700029413;0;1;0;0;2;1;1;A01
201700029414;0;33;0;0;2;1;17;B01
201700029414;0;7;0;0;2;8;10;A01
201700029415;0;7;0;9;0;1;1;A01
201700029416;0;2;0;0;2;0;1;A01
201700029416;0;1;0;0;2;0;1;B01
201700029417;0;33;0;0;0;0;1;A01
201700029418;0;7;0;0;1;1;1;A01
201700029419;0;7;0;8;0;1;1;A01
201700029420;0;2;0;0;0;0;1;A01
201700029421;0;7;0;0;2;2;15;A01
201700029421;0;33;0;0;2;2;1;B01
201700029422;0;1;0;0;2;5;1;B01
201700029422;0;7;0;0;2;1;1;A01
201700029423;0;1;0;12;0;0;1;A01
201700029424;0;2;0;0;2;1;1;A01
201700029424;0;7;0;0;0;4;1;B01
201700029425;0;7;0;0;2;7;1;A01
201700029425;0;7;0;0;2;1;16;B01
201700029426;0;7;0;0;2;1;1;A01
201700029426;0;7;0;0;2;4;1;B01
201700029427;0;2;0;0;2;3;1;B01
201700029427;0;7;0;0;2;1;15;A01
201700029428;0;7;0;0;2;5;15;A01
201700029428;0;1;0;0;2;1;1;B01
201700029429;0;1;0;0;0;0;1;A01
201700029430;0;7;0;0;2;2;1;B01
201700029430;0;7;0;0;2;3;20;A01
201700029431;0;7;0;0;2;7;15;A01
201700029431;0;7;0;0;2;1;1;B01
201700029432;0;1;0;12;0;1;9;A01
201700029433;2;7;0;0;2;1;1;B01
201700029433;1;7;0;0;2;7;1;A01
201700029434;1;7;0;0;2;4;15;B01
201700029434;1;33;0;0;2;1;1;A01
201700029435;1;14;0;0;2;2;9;A01
201700029435;1;7;0;0;2;8;1;B01
201700029436;1;7;0;0;2;4;1;B01
201700029436;1;7;0;0;2;1;2;A01
201700029437;1;7;0;0;1;1;0;A01
201700029438;0;1;0;12;0;1;1;A01
201700029439;1;1;0;0;2;8;0;B01
201700029439;1;7;0;0;2;1;0;A01
201700029440;1;3;0;0;1;1;0;A01
201700029441;0;7;0;0;2;5;1;B01
201700029441;0;2;0;0;2;8;15;A01
201700029442;0;7;0;0;2;1;15;A01
201700029442;0;1;0;0;2;1;1;B01
201700029443;0;7;0;6;0;1;1;A01
201700029444;0;7;0;0;1;2;1;A01
201700029445;0;7;0;0;2;1;13;A01
201700029445;0;10;0;0;2;6;1;C01
201700029445;0;7;0;0;2;1;1;B01
201700029446;0;7;0;0;2;1;1;A01
201700029446;0;10;0;0;2;4;23;B01
201700029447;1;2;0;0;0;0;0;A01
201700029448;1;7;0;0;0;0;21;A01
201700029449;1;34;0;0;2;1;1;B01
201700029449;2;7;0;0;2;5;15;A01
201700029450;1;7;0;0;1;1;0;A01
201700029451;1;1;0;0;0;0;21;A01
201700029452;2;7;0;0;2;7;1;A01
201700029452;1;1;0;0;2;8;2;B01
201700029453;1;7;0;0;2;1;9;A01
201700029453;1;1;0;0;2;4;2;B01
201700029454;1;7;0;0;2;1;0;A01
201700029454;1;7;0;0;2;0;0;B01
201700029455;1;7;0;0;2;2;15;A01
201700029455;2;7;0;0;2;1;1;B01
201700029456;1;7;0;13;0;2;1;A01
201700029457;1;7;0;0;2;1;1;A01
201700029457;1;7;0;0;2;4;1;B01
201700029458;1;1;0;0;0;1;1;A01
201700029459;1;1;0;0;2;4;1;B01
201700029459;1;7;0;0;2;1;1;A01
201700029460;1;7;0;0;2;3;9;A01
201700029460;1;1;0;0;2;7;1;B01
201700029461;0;2;0;0;2;7;1;B01
201700029461;0;7;0;0;2;1;15;A01
201700029462;0;31;0;0;9;8;1;A01
201700029463;0;1;0;0;0;0;1;A01
201700029464;0;1;0;0;2;1;1;B01
201700029464;0;7;0;0;2;6;9;A01
201700029465;0;7;0;0;2;3;1;A01
201700029465;0;1;0;0;2;7;1;B01
201700029466;0;7;0;0;1;4;4;A01
201700029467;1;7;0;0;2;1;1;A01
201700029467;1;33;0;0;2;8;1;B01
201700029468;0;14;0;0;2;2;9;A01
201700029468;0;7;0;0;2;8;1;B01
201700029469;1;7;0;0;2;4;1;B01
201700029469;1;7;0;0;2;1;1;A01
201700029470;0;2;0;0;1;1;1;A01
201700029471;1;7;0;0;1;1;1;A01
201700029472;0;1;0;0;2;3;1;B01
201700029472;0;7;0;0;2;2;16;A01
201700029473;0;7;0;0;2;1;1;A01
201700029473;0;7;0;0;2;8;1;B01
201700029474;0;7;0;0;2;3;9;A01
201700029474;0;1;0;0;2;1;1;B01
201700029475;1;2;0;14;0;1;0;A01
201700029476;1;1;0;0;0;1;0;A01
201700029477;2;31;0;0;0;0;0;A01
201700029478;1;33;0;0;0;0;0;A01
201700029479;2;1;0;0;0;0;0;A01
201700029480;2;10;0;0;0;0;10;B01
201700029480;2;33;0;0;2;8;15;A01
201700029481;1;7;0;0;2;4;0;B01
201700029481;1;7;0;0;2;1;1;A01
201700029482;1;7;0;0;2;3;0;A01
201700029482;1;7;0;0;2;3;0;B01
201700029483;1;7;0;8;0;1;0;A01
201700029484;2;7;0;3;0;7;1;A01
201700029485;1;7;0;0;2;1;9;A01
201700029485;2;10;0;0;2;7;1;B01
201700029486;1;2;0;14;0;1;1;A01
201700029487;1;7;0;1;0;1;1;A01
201700029488;1;7;0;0;1;1;0;A01
201700029489;1;7;0;0;2;4;0;B01
201700029489;1;7;0;0;2;4;0;C01
201700029489;1;7;0;0;2;1;0;A01
201700029490;1;34;0;0;1;0;0;A01
201700029491;1;7;0;0;2;3;0;B01
201700029491;1;15;0;0;2;5;9;A01
201700029492;1;30;0;16;0;2;2;A01
201700029493;1;15;0;0;0;0;1;A01
201700029493;1;40;0;14;0;1;1;B01
201700029494;2;2;0;0;2;1;1;B01
201700029494;1;7;0;0;2;2;15;A01
201700029495;1;7;0;0;2;3;12;A01
201700029495;1;1;0;0;2;3;12;B01
201700029496;1;7;0;2;0;1;1;A01
201700029497;1;7;0;0;2;1;1;C01
201700029497;1;7;0;0;2;1;1;A01
201700029497;1;7;0;0;2;9;1;B01
201700029497;1;7;0;0;2;4;1;D01
201700029498;1;1;0;0;0;0;0;A01
201700029499;1;1;0;0;0;0;0;A01
201700029500;1;30;0;12;0;3;17;A01
201700029501;1;7;0;0;0;0;0;A01
201700029502;1;7;0;0;2;2;0;A01
201700029502;1;2;0;0;2;2;0;B01
201700029503;1;2;0;0;2;1;0;B01
201700029503;1;2;0;0;2;2;0;A01
201700029504;1;13;0;0;2;1;2;A01
201700029504;1;10;0;0;2;4;2;B01
201700029504;1;7;0;0;2;6;1;C01
201700029504;1;7;0;0;2;6;1;D01
201700029505;1;7;0;0;2;2;0;B01
201700029505;1;7;0;0;2;1;0;A01
201700029506;1;7;0;0;2;2;0;B01
201700029506;1;7;0;0;2;1;0;A01
201700029507;0;7;0;0;1;1;1;A01
201700029508;0;7;0;0;2;3;15;B01
201700029508;0;7;0;0;2;1;1;A01
201700029509;0;2;0;14;0;0;1;A01
201700029510;0;7;0;2;0;1;1;A01
201700029511;0;31;0;0;2;3;1;B01
201700029511;0;7;0;0;2;2;15;A01
201700029512;0;7;0;0;1;1;15;A01
201700029513;0;7;0;0;2;4;1;C01
201700029513;0;7;0;0;2;1;1;A01
201700029513;0;7;0;0;2;4;1;B01
201700029514;0;2;0;0;2;7;1;B01
201700029514;0;7;0;0;2;3;1;A01
201700029515;0;7;0;0;2;4;1;B01
201700029515;0;7;0;0;2;1;1;A01
201700029516;0;7;0;6;0;1;0;A01
201700029517;0;2;0;0;0;3;0;A01
201700029518;0;2;0;0;0;8;1;A01
201700029519;0;7;0;3;0;1;1;A01
201700029520;0;7;0;0;2;4;2;B01
201700029520;0;7;0;0;2;1;2;A01
201700029521;0;7;0;6;0;1;1;A01
201700029522;2;7;0;3;0;1;1;B01
201700029522;2;7;0;0;2;1;1;D01
201700029522;2;7;0;6;0;1;1;A01
201700029522;2;7;0;0;2;4;1;C01
201700029523;1;7;0;0;2;1;1;B01
201700029523;1;3;0;0;2;4;1;A01
201700029524;0;7;0;0;2;8;22;A01
201700029524;0;1;0;1;0;1;1;B01
201700029525;0;7;0;0;2;1;1;A01
201700029525;0;7;0;0;2;4;1;B01
201700029526;0;1;0;0;0;8;15;A01
201700029527;0;7;0;0;2;3;15;A01
201700029527;0;7;0;0;2;3;1;B01
201700029528;0;7;0;0;2;1;1;A01
201700029528;0;7;0;0;2;4;1;B01
201700029529;0;2;0;0;2;2;15;A01
201700029529;0;7;0;0;2;3;15;B01
201700029530;0;2;0;0;0;7;1;A01
201700029531;0;1;0;0;2;8;1;B01
201700029531;0;7;0;0;2;3;15;A01
201700029532;0;2;0;0;0;7;15;A01
201700029533;0;15;0;0;2;2;12;A01
201700029533;0;7;0;0;2;8;1;B01
201700029534;1;33;0;16;0;1;1;A01
201700029535;1;2;0;0;2;1;2;A01
201700029535;1;7;0;0;2;4;1;B01
201700029536;2;7;0;0;2;4;1;B01
201700029536;1;7;0;0;2;2;15;A01
201700029537;1;2;0;15;0;1;1;A01
201700029538;0;1;0;0;2;1;15;A01
201700029538;0;7;0;0;2;1;1;B01
201700029539;0;7;0;0;1;1;15;A01
201700029540;0;7;0;1;0;1;1;A01
201700029541;0;7;0;0;2;1;1;A01
201700029541;0;7;0;0;2;6;4;B01
201700029542;0;7;0;0;2;1;1;B01
201700029542;0;7;0;0;2;7;1;A01
201700029543;0;2;0;0;2;1;1;B01
201700029543;0;7;0;0;2;1;1;A01
201700029544;2;10;0;15;0;1;1;A01
201700029545;1;7;0;0;2;1;1;A01
201700029545;1;7;0;0;2;4;1;B01
201700029546;1;7;0;0;2;1;15;A01
201700029546;2;1;0;0;2;7;1;B01
201700029547;0;30;0;0;2;7;1;B01
201700029547;0;7;0;0;2;1;9;A01
201700029548;0;7;0;0;2;1;1;A01
201700029548;0;1;0;0;2;7;1;B01
201700029549;0;7;0;0;2;1;13;A01
201700029549;0;7;0;0;2;8;1;B01
201700029550;0;2;0;0;2;1;1;A01
201700029550;0;7;0;0;2;2;16;B01
201700029551;1;7;0;9;0;1;1;A01
201700029552;0;7;0;0;1;5;20;A01
201700029553;0;7;0;0;1;2;1;A01
201700029554;0;33;0;0;1;1;1;A01
201700029555;0;7;0;0;2;2;15;A01
201700029555;0;7;0;0;2;3;15;B01
201700029556;2;7;0;0;2;1;15;A01
201700029556;1;33;0;0;2;3;1;B01
201700029557;2;7;0;0;2;1;13;A01
201700029557;1;7;0;0;2;1;1;B01
201700029558;2;10;0;0;2;2;14;A01
201700029558;2;1;0;0;2;4;1;B01
201700029559;2;33;0;8;2;7;17;B01
201700029559;2;7;0;0;2;8;17;A01
201700029560;1;7;0;0;2;5;15;A01
201700029560;2;2;0;0;2;1;1;B01
201700029561;2;33;0;0;2;1;1;B01
201700029561;2;7;0;0;2;6;10;A01
201700029562;1;7;0;0;1;1;13;A01
201700029563;0;20;0;0;1;1;0;A01
201700029564;1;33;0;0;2;1;2;A01
201700029564;1;7;0;0;2;4;2;B01
201700029565;2;30;0;0;2;1;1;A01
201700029565;0;7;0;0;2;2;15;B01
201700029566;1;14;0;0;2;3;15;A01
201700029566;2;30;0;0;2;1;1;B01
201700029567;1;7;0;16;0;9;1;A01
201700029568;2;30;0;0;2;1;1;B01
201700029568;1;10;0;0;2;2;15;A01
201700029569;2;7;0;0;2;4;1;B01
201700029569;2;7;0;0;2;1;1;A01
201700029570;1;7;0;0;2;6;1;B01
201700029570;2;30;0;0;2;1;1;A01
201700029571;1;7;0;0;2;4;23;C01
201700029571;1;7;0;0;2;1;2;A01
201700029571;1;7;0;0;2;4;23;B01
201700029572;2;7;0;0;1;4;4;A01
201700029573;1;7;0;0;2;6;22;A01
201700029573;1;1;0;1;0;1;1;B01
201700029574;1;7;0;0;1;3;15;A01
201700029575;1;7;0;0;2;3;9;A01
201700029575;1;1;0;0;2;7;1;B01
201700029576;1;7;0;8;0;9;1;A01
201700029577;2;31;0;9;0;8;0;A01
201700029578;2;7;0;0;1;5;1;A01
201700029579;2;7;0;0;2;6;9;A01
201700029579;2;1;0;0;2;7;1;B01
201700029580;1;30;0;0;2;0;1;B01
201700029580;2;7;0;0;2;3;9;A01
201700029581;1;1;0;0;2;7;1;B01
201700029581;2;7;0;0;2;2;9;A01
201700029582;2;31;0;0;2;4;1;B01
201700029582;2;2;0;0;2;1;1;A01
201700029583;1;2;0;8;0;1;13;A01
201700029584;2;7;0;2;2;7;1;B01
201700029584;2;7;0;1;2;1;1;A01
201700029585;2;7;0;0;2;1;15;A01
201700029585;1;33;0;0;2;1;1;B01
201700029586;2;7;0;1;0;2;14;A01
201700029587;2;17;0;0;2;8;1;B01
201700029587;1;1;0;12;2;1;6;A01
201700029588;1;7;0;0;2;2;17;A01
201700029588;1;3;0;0;2;4;1;B01
201700029589;2;7;0;0;1;3;1;A01
201700029590;1;7;0;0;1;2;1;A01
201700029591;2;10;0;13;0;1;13;A01
201700029592;2;7;0;0;2;2;16;X01
201700029592;2;33;0;0;2;1;1;B01
201700029593;2;7;0;0;1;2;1;A01
201700029594;1;7;0;0;1;1;1;A01
201700029595;1;7;0;0;2;5;1;B01
201700029595;1;7;0;2;2;1;9;A01
201700029596;1;7;0;0;1;1;1;Z01
201700029597;2;7;0;0;1;1;9;A01
201700029598;2;7;0;0;2;4;1;B01
201700029598;2;10;0;0;2;1;2;A01
201700029599;1;7;0;0;2;2;15;A01
201700029599;2;30;0;0;2;1;1;B01
201700029600;1;7;0;0;2;4;1;B01
201700029600;1;15;0;0;2;1;2;A01
201700029601;1;7;0;0;2;8;1;A01
201700029601;2;30;0;0;2;1;1;B01
201700029602;2;7;0;0;1;2;1;A01
201700029603;1;7;0;0;2;1;2;A01
201700029603;1;7;0;0;2;4;23;B01
201700029603;1;7;0;0;2;4;23;C01
201700029604;2;30;0;0;2;1;1;B01
201700029604;2;7;0;0;2;3;15;A01
201700029605;1;7;0;0;2;3;9;A01
201700029605;2;2;0;0;2;7;1;B01
201700029606;1;2;0;0;2;5;0;B01
201700029606;2;7;0;0;2;3;16;A01
201700029607;1;7;0;0;1;4;20;A01
201700029608;1;7;0;0;2;3;2;A01
201700029608;1;30;0;0;2;4;1;B01
201700029609;1;7;0;0;2;1;1;A01
201700029609;1;31;0;0;2;4;1;B01
201700029610;1;7;0;0;2;3;13;A01
201700029610;2;7;0;0;2;3;1;B01
201700029611;1;7;0;0;2;1;15;A01
201700029611;2;7;0;0;2;1;1;B01
201700029612;2;7;0;0;2;7;15;A01
201700029612;0;30;0;0;2;1;1;B01
201700029613;2;33;0;0;2;8;0;A01
201700029613;2;7;0;0;2;2;0;B01
201700029614;2;30;0;0;2;1;2;A01
201700029614;2;7;0;0;2;4;1;B01
201700029615;2;7;0;13;0;2;1;A01
201700029616;2;33;0;0;2;7;0;B01
201700029616;2;7;0;0;2;1;1;A01
201700029617;2;7;0;0;2;6;1;B01
201700029617;2;7;0;0;2;1;1;A01
201700029618;1;7;0;0;2;8;1;B01
201700029618;2;7;0;0;2;3;13;A01
201700029619;1;7;0;0;1;4;4;A01
201700029620;2;10;0;0;2;2;1;A01
201700029620;1;2;0;0;2;1;1;B01
201700029621;2;33;0;0;1;1;1;A01
201700029622;2;10;0;0;1;1;15;A01
201700029623;1;7;0;0;2;2;15;A01
201700029623;2;7;0;0;2;3;1;B01
201700029624;2;7;0;0;2;2;1;A01
201700029624;1;1;0;0;2;3;15;B01
201700029625;1;1;0;0;2;1;1;B01
201700029625;2;7;0;0;2;8;9;A01
201700029626;2;7;0;0;2;3;1;B01
201700029626;1;10;0;0;2;3;13;A01
201700029627;2;7;0;0;1;8;1;A01
201700029628;1;7;0;2;2;2;1;A01
201700029629;1;7;0;0;1;1;1;A01
201700029630;1;7;0;0;2;1;1;A01
201700029630;1;7;0;0;2;4;1;B01
201700029631;1;7;0;0;1;1;1;A01
201700029632;1;7;0;0;2;1;2;A01
201700029632;1;7;0;0;2;4;2;B01
201700029632;1;7;0;0;2;4;2;D01
201700029632;1;7;0;0;2;4;2;C01
201700029633;0;7;0;0;1;3;16;Z01
201700029634;0;7;0;4;0;3;13;A01
201700029635;0;2;0;0;2;2;17;A01
201700029635;0;7;0;0;2;3;15;B01
201700029636;0;7;0;8;0;1;13;A01
201700029637;0;7;0;0;1;1;1;A01
201700029638;0;10;0;0;2;7;17;A01
201700029638;0;1;0;0;2;8;1;B01
201700029639;0;7;0;0;2;1;1;B01
201700029639;0;7;0;0;2;3;1;C01
201700029639;0;7;0;0;2;2;15;A01
201700029640;0;7;0;0;1;2;1;Z01
201700029641;0;7;0;0;2;1;1;B01
201700029641;0;7;0;0;2;8;19;A01
201700029642;0;7;0;0;2;2;1;A01
201700029642;0;7;0;0;2;3;1;B01
201700029643;1;7;0;0;2;1;2;A01
201700029643;1;7;0;0;2;4;1;C01
201700029643;1;7;0;0;2;4;2;B01
201700029644;0;7;0;14;0;1;1;A01
201700029645;0;7;0;0;1;1;1;B01
201700029646;0;7;0;0;1;1;1;A01
201700029647;0;7;0;0;2;3;0;A01
201700029647;0;7;0;0;2;3;1;B01
201700029648;0;30;0;0;2;3;15;A01
201700029648;0;7;0;0;2;1;1;B01
201700029649;0;7;0;0;2;1;2;C01
201700029649;0;7;0;0;2;4;2;B01
201700029649;0;7;0;0;2;4;2;A01
201700029650;0;7;0;0;1;1;9;A01
201700029651;0;7;0;0;2;8;11;A01
201700029651;0;7;0;0;2;2;1;B01
201700029652;0;7;0;0;1;3;1;Z01
201700029653;0;7;0;0;2;1;1;B01
201700029653;0;2;0;0;2;1;13;A01
201700029654;1;7;0;0;2;1;1;B01
201700029654;0;1;0;0;2;4;1;A01
201700029655;0;7;0;8;2;1;14;A01
201700029655;0;7;0;0;2;6;1;B01
201700029656;0;7;0;0;2;2;1;A01
201700029656;0;1;0;0;2;1;1;B01
201700029657;1;7;0;13;0;1;1;A01
201700029658;0;7;0;0;2;6;1;A01
201700029658;0;1;0;0;2;1;2;B01
201700029659;0;31;0;0;2;7;1;B01
201700029659;0;7;0;0;2;1;1;A01
201700029660;0;1;0;0;2;8;1;B01
201700029660;0;7;0;0;2;2;17;A01
201700029661;0;14;0;0;1;3;15;A01
201700029662;0;2;0;0;2;1;1;A01
201700029663;0;7;0;0;1;7;1;A01
201700029664;0;7;0;1;0;3;0;B01
201700029664;0;7;0;0;2;6;24;A01
201700029665;0;3;0;0;2;2;15;A01
201700029665;0;33;0;0;2;1;1;B01
201700029666;0;7;0;0;2;1;13;A01
201700029666;0;7;0;0;2;1;1;B01
201700029667;0;33;0;6;0;1;15;A01
201700029668;0;7;0;0;2;1;15;A01
201700029668;0;2;0;0;2;3;1;B01
201700029669;0;7;0;14;0;2;14;A01
201700029670;0;7;0;0;1;2;15;A01
201700029671;2;33;0;12;0;0;2;A01
201700029672;0;30;0;1;0;2;14;A01
201700029673;0;7;0;0;1;1;1;A01
201700029674;0;7;0;6;0;3;13;A01
201700029675;1;2;0;0;2;1;15;A01
201700029675;2;7;0;0;2;2;1;B01
201700029676;0;10;0;0;2;2;1;B01
201700029676;0;7;0;0;2;2;1;A01
201700029677;0;7;0;0;2;1;1;B01
201700029677;0;7;0;0;2;2;1;A01
201700029678;0;7;0;2;0;1;14;A01
201700029679;0;7;0;0;1;2;1;A01
201700029680;0;7;0;0;2;4;20;B01
201700029680;0;31;0;0;2;1;15;A01
201700029681;2;7;0;0;2;4;1;C01
201700029681;2;7;0;0;2;1;2;A01
201700029681;2;7;0;0;2;1;2;B01
201700029682;0;3;0;0;1;3;1;A01
201700029683;1;33;0;0;0;7;1;A01
201700029684;0;30;0;0;2;3;17;B01
201700029684;0;7;0;0;0;0;1;C01
201700029684;0;7;0;0;2;1;9;A01
201700029685;1;7;0;10;0;1;13;A01
201700029685;0;7;0;0;0;0;1;B01
201700029686;1;7;0;0;2;4;1;B01
201700029686;1;7;0;0;2;1;1;A01
201700029686;1;7;0;0;2;2;1;C01
201700029687;0;2;0;16;0;7;1;A01
201700029688;0;30;0;0;2;1;1;B01
201700029688;0;7;0;0;2;2;9;A01
201700029689;0;7;0;0;1;0;9;A01
201700029690;0;2;0;0;2;1;1;A01
201700029690;0;7;0;0;2;2;1;B01
201700029691;1;33;0;0;0;7;1;A01
201700029692;0;7;0;0;2;1;2;A01
201700029692;0;7;0;0;2;4;2;B01
201700029692;0;10;0;0;2;4;2;D01
201700029692;0;7;0;0;2;4;2;C01
201700029692;0;7;0;0;2;4;2;E01
201700029693;0;7;0;13;0;1;1;A01
201700029694;0;20;0;0;1;5;1;A01
201700029695;0;7;0;0;2;2;15;B01
201700029695;0;2;0;0;2;1;18;A01