num_acc;senc;catv;occutc;obs;obsm;choc;manv;num_veh
201700029696;0;7;0;8;0;1;1;A01
201700029697;0;7;0;0;2;4;2;B01
201700029697;0;7;0;0;2;1;2;A01
201700029698;0;30;0;1;0;1;14;A01
201700029699;0;2;0;0;0;8;2;A01
201700029700;0;7;0;0;2;4;23;C01
201700029700;0;7;0;0;2;4;23;D01
201700029700;0;7;0;0;2;4;23;B01
201700029700;0;7;0;0;2;1;1;A01
201700029701;0;7;0;0;2;4;1;B01
201700029701;0;7;0;0;2;1;1;A01
201700029702;2;7;0;6;0;1;9;A01
201700029703;0;7;0;1;1;1;16;A01
201700029704;0;7;0;0;2;1;1;A01
201700029704;0;7;0;0;2;4;23;B01
201700029705;0;1;0;0;2;1;1;B01
201700029705;0;7;0;0;2;1;0;A01
201700029706;0;7;0;0;2;4;2;C01
201700029706;0;7;0;0;2;4;2;B01
201700029706;0;7;0;0;2;1;2;A01
201700029707;0;10;0;0;1;3;15;A01
201700029708;0;7;0;9;0;2;14;A01
201700029709;0;7;0;0;1;2;1;A01
201700029710;0;1;0;0;2;2;1;A01
201700029710;0;7;0;0;2;1;1;B01
201700029711;2;7;0;0;2;4;1;A01
201700029711;2;7;0;0;2;1;2;B01
201700029712;0;7;0;0;2;1;15;A01
201700029712;0;33;0;0;2;1;1;B01
201700029713;0;7;0;0;1;3;1;A01
201700029714;0;1;0;0;0;0;1;A01
201700029715;0;7;0;6;0;1;1;A01
201700029716;0;7;0;0;2;1;1;A01
201700029716;0;7;0;0;2;7;1;B01
201700029717;0;7;0;0;2;3;15;A01
201700029717;0;1;0;0;2;1;17;B01
201700029718;0;7;0;0;2;1;5;B01
201700029718;0;7;0;0;2;3;13;A01
201700029719;0;2;0;16;0;1;1;A01
201700029720;0;30;0;16;0;7;16;A01
201700029721;0;7;0;0;2;5;1;B01
201700029721;0;7;0;15;2;1;13;A01
201700029722;0;7;0;0;2;7;17;A01
201700029722;0;1;0;0;2;8;1;B01
201700029723;0;2;0;0;2;2;17;B01
201700029723;0;7;0;0;2;3;15;A01
201700029724;2;2;0;0;2;1;1;B01
201700029724;1;7;0;0;2;7;15;A01
201700029725;0;30;0;0;2;1;1;A01
201700029725;0;7;0;0;2;4;1;B01
201700029726;0;7;0;0;2;6;9;A01
201700029726;0;2;0;0;2;1;1;B01
201700029727;0;2;0;0;2;1;2;A01
201700029727;0;7;0;0;2;4;23;B01
201700029728;0;7;0;0;2;3;13;A01
201700029728;0;7;0;0;2;8;1;B01
201700029729;0;7;0;0;2;1;2;A01
201700029729;0;2;0;0;2;1;2;B01
201700029729;0;7;0;0;2;4;2;C01
201700029730;0;31;0;0;0;7;16;A01
201700029731;0;1;0;0;1;1;1;A01
201700029732;0;7;0;0;2;4;15;B01
201700029732;0;7;0;0;2;1;2;A01
201700029733;0;33;0;0;0;7;1;A01
201700029734;0;7;0;0;2;3;0;B01
201700029734;0;30;0;0;2;1;1;A01
201700029735;0;7;0;0;1;7;1;A01
201700029736;0;7;0;0;1;7;1;A01
201700029737;0;37;0;0;1;2;1;A01
201700029738;0;7;0;0;2;3;16;A01
201700029738;0;1;0;0;2;1;15;B01
201700029739;0;7;0;0;2;8;9;A01
201700029739;0;33;0;0;2;1;1;B01
201700029740;0;7;0;0;2;1;1;A01
201700029740;0;1;0;0;2;4;1;B01
201700029741;2;7;0;0;2;1;16;A01
201700029741;2;33;0;0;2;4;23;B01
201700029742;0;30;0;6;0;1;14;A01
201700029743;0;1;0;0;2;1;1;B01
201700029743;0;7;0;0;2;2;15;A01
201700029744;0;7;0;1;0;1;14;A01
201700029745;0;1;0;0;2;1;1;A01
201700029745;0;1;0;0;2;7;1;B01
201700029746;0;7;0;0;1;2;1;A01
201700029747;0;30;0;8;0;1;14;A01
201700029748;2;7;0;0;2;2;16;Z01
201700029748;0;1;0;0;2;1;19;A01
201700029749;0;2;0;0;0;7;16;A01
201700029750;0;7;0;0;2;1;1;B01
201700029750;0;1;0;0;2;2;1;A01
201700029751;0;7;0;0;2;3;9;A01
201700029751;0;2;0;0;2;2;1;B01
201700029752;2;2;0;12;0;8;1;A01
201700029753;1;7;0;0;1;3;1;A01
201700029753;1;7;0;0;2;2;1;B01
201700029754;0;7;0;0;2;3;19;B01
201700029754;0;7;0;0;2;2;1;A01
201700029755;0;7;0;0;2;8;1;B01
201700029755;0;7;0;0;2;3;13;A01
201700029756;2;7;0;0;1;1;16;A01
201700029757;1;7;0;0;2;8;10;A01
201700029757;2;7;0;0;2;1;1;B01
201700029758;2;7;0;8;0;3;13;A01
201700029759;0;1;0;0;1;2;1;A01
201700029760;1;7;0;0;2;1;1;B01
201700029760;2;7;0;0;2;8;15;A01
201700029761;0;33;0;0;2;1;1;B01
201700029761;0;7;0;0;2;1;15;A01
201700029762;0;2;0;0;2;1;9;B01
201700029762;0;7;0;0;2;2;15;A01
201700029763;0;10;0;0;2;3;1;B01
201700029763;0;10;0;0;2;8;10;A01
201700029764;0;2;0;0;2;1;1;B01
201700029764;0;7;0;0;2;3;15;A01
201700029765;0;7;0;0;2;4;23;B01
201700029765;0;7;0;0;2;1;1;A01
201700029766;0;33;0;0;2;1;1;B01
201700029766;0;7;0;0;2;5;15;A01
201700029767;2;2;0;0;2;1;1;A01
201700029767;2;7;0;0;2;5;20;B01
201700029768;0;7;0;0;2;2;16;A01
201700029768;0;2;0;0;2;8;16;B01
201700029769;2;2;0;0;2;7;1;A01
201700029769;0;7;0;0;2;1;19;Z01
201700029770;0;7;0;0;2;3;15;B01
201700029770;0;30;0;0;2;1;1;A01
201700029771;0;7;0;8;0;3;13;A01
201700029772;0;7;0;11;0;1;1;A01
201700029773;1;7;0;13;0;7;14;A01
201700029774;0;7;0;0;0;2;14;A01
201700029775;0;7;0;0;2;4;23;B01
201700029775;0;10;0;0;2;1;1;A01
201700029776;0;14;0;0;2;1;1;B01
201700029776;0;7;0;0;2;1;13;A01
201700029776;0;7;0;0;2;1;1;C01
201700029777;0;7;0;8;0;1;1;A01
201700029778;2;2;0;0;2;2;1;B01
201700029778;2;7;0;0;2;8;11;A01
201700029779;0;2;0;0;2;1;1;B01
201700029779;0;2;0;0;2;0;9;A01
201700029780;0;7;0;0;1;4;4;A01
201700029781;1;33;0;4;0;1;13;A01
201700029782;2;1;0;0;2;3;1;B01
201700029782;1;7;0;0;2;3;15;A01
201700029783;1;7;0;0;0;4;2;C01
201700029783;1;7;0;0;2;4;2;B01
201700029783;1;7;0;0;2;1;2;A01
201700029784;;7;0;8;0;1;13;A01
201700029785;2;7;0;0;2;4;15;B01
201700029785;2;7;0;0;2;1;2;A01
201700029786;1;7;0;0;1;0;21;A01
201700029787;1;7;0;0;1;0;19;A01
201700029788;1;30;0;0;0;2;17;B01
201700029788;1;10;0;0;0;0;1;A01
201700029789;0;7;0;8;0;2;21;A01
201700029790;2;7;0;14;2;1;23;B01
201700029790;2;7;0;0;1;1;1;A01
201700029791;1;7;0;0;1;1;1;A01
201700029792;1;7;0;16;0;1;13;A01
201700029793;2;7;0;0;2;1;1;B01
201700029793;2;7;0;0;2;4;10;A01
201700029794;1;7;0;0;9;1;9;A01
201700029794;1;1;0;0;2;7;1;B01
201700029795;0;2;0;16;0;0;14;A01
201700029796;2;30;0;0;0;0;1;A01
201700029797;1;7;0;0;1;2;1;A01
201700029798;1;7;0;0;1;1;1;B01
201700029799;2;10;0;0;1;1;1;A01
201700029800;1;7;0;0;1;3;0;A01
201700029801;2;33;0;0;2;1;2;A01
201700029801;2;7;0;0;2;8;10;B01
201700029802;1;7;0;0;1;0;0;A01
201700029803;1;7;0;8;2;7;1;B01
201700029803;1;7;0;0;2;1;9;A01
201700029804;1;30;0;0;2;3;2;B01
201700029804;1;7;0;0;2;3;15;A01
201700029805;2;7;0;0;2;3;13;A01
201700029805;1;7;0;0;2;0;0;B01
201700029806;1;7;0;0;2;4;1;B01
201700029806;1;7;0;0;2;1;2;A01
201700029807;1;30;0;0;2;0;1;A01
201700029807;1;30;0;0;2;7;19;B01
201700029808;1;7;0;0;2;8;19;A01
201700029808;1;7;0;0;2;1;1;B01
201700029809;0;2;0;0;2;1;1;B01
201700029809;0;7;0;0;2;3;15;A01
201700029810;1;7;0;0;1;4;4;A01
201700029811;1;7;0;9;0;2;1;A01
201700029812;2;7;0;0;2;2;19;A01
201700029812;2;7;0;0;2;3;1;B01
201700029813;1;7;0;0;2;8;23;A01
201700029813;1;1;0;0;2;1;17;B01
201700029814;1;7;0;0;2;6;23;B01
201700029814;1;10;0;0;2;2;2;A01
201700029815;1;7;0;6;0;2;0;A01
201700029816;2;33;0;0;2;4;23;B01
201700029816;2;7;0;0;2;1;2;A01
201700029817;2;7;0;16;1;4;20;A01
201700029818;1;10;0;0;1;3;1;A01
201700029819;;7;0;0;1;7;1;A01
201700029820;1;2;0;0;0;2;1;A01
201700029821;2;7;0;9;0;1;1;A01
201700029822;1;7;0;0;2;2;15;A01
201700029822;1;31;0;0;2;5;1;B01
201700029823;2;2;0;0;2;1;1;B01
201700029823;1;7;0;0;2;3;15;A01
201700029824;1;34;0;1;0;7;21;A01
201700029825;2;7;0;6;0;8;1;A01
201700029826;1;10;0;0;2;4;2;B01
201700029826;1;10;0;0;2;1;2;A01
201700029827;2;33;0;0;2;7;17;A01
201700029827;2;7;0;0;2;8;15;B01
201700029828;2;31;0;0;2;1;0;B01
201700029828;1;7;0;0;2;2;20;A01
201700029829;2;7;0;0;1;2;0;A01
201700029830;1;7;0;8;0;1;13;A01
201700029831;0;7;0;0;0;1;15;A01
201700029831;0;7;0;0;0;7;1;B01
201700029832;2;7;0;0;2;1;13;A01
201700029832;1;7;0;0;2;1;1;C01
201700029832;1;31;0;0;2;1;1;B01
201700029833;1;31;0;0;2;4;2;B01
201700029833;1;31;0;0;2;1;2;A01
201700029834;1;30;0;0;2;1;1;B01
201700029834;1;7;0;0;2;6;10;A01
201700029835;0;1;0;1;0;2;2;B01
201700029835;0;10;0;0;2;5;23;A01
201700029836;2;31;0;0;0;8;15;A01
201700029837;1;7;0;8;0;2;13;A01
201700029838;1;7;0;0;1;1;1;A01
201700029839;1;7;0;0;1;2;0;A01
201700029840;2;7;0;3;2;1;1;B01
201700029840;0;7;0;0;2;1;23;C01
201700029840;0;7;0;0;2;1;19;A01
201700029841;1;7;0;0;1;3;1;A01
201700029842;1;3;0;0;1;1;1;A01
201700029843;;7;0;0;1;0;0;A01
201700029844;1;7;0;0;1;3;1;A01
201700029845;1;7;0;13;0;2;1;A01
201700029846;1;7;0;0;2;1;0;B01
201700029846;1;7;0;0;2;0;0;A01
201700029847;1;7;0;0;2;0;1;B01
201700029847;1;7;0;0;2;0;15;A01
201700029848;1;7;0;0;2;0;0;A01
201700029848;1;7;0;0;2;0;0;B01
201700029849;1;7;0;4;0;1;9;A01
201700029850;1;7;0;0;2;1;0;A01
201700029850;2;30;0;0;2;1;0;B01
201700029851;1;7;0;0;2;1;1;A01
201700029851;1;1;0;0;2;1;5;B01
201700029852;;7;0;0;2;1;1;A01
201700029852;;2;0;0;2;1;13;B01
201700029853;0;7;0;0;2;4;1;A01
201700029853;0;7;0;0;2;1;2;B01
201700029854;2;7;0;0;2;7;17;A01
201700029854;2;33;0;0;2;8;1;B01
201700029855;1;37;0;0;1;1;1;A01
201700029856;1;7;0;0;1;1;1;A01
201700029857;1;7;0;0;2;4;2;B01
201700029857;1;7;0;0;2;4;2;C01
201700029857;1;7;0;0;2;1;2;A01
201700029858;1;7;0;0;2;1;1;B01
201700029858;2;7;0;0;2;5;15;A01
201700029859;1;7;0;0;2;3;19;B01
201700029859;1;7;0;0;2;1;1;A01
201700029860;1;7;0;0;2;1;1;A01
201700029860;2;7;0;0;2;7;15;B01
201700029861;1;7;0;0;2;8;10;A01
201700029861;1;7;0;0;2;1;1;B01
201700029862;1;10;0;0;2;4;23;A01
201700029862;1;7;0;0;2;1;2;B01
201700029863;1;37;0;0;1;2;1;A01
201700029864;1;7;0;3;0;1;14;A01
201700029865;1;33;0;0;2;4;16;B01
201700029865;1;7;0;0;2;2;16;A01
201700029866;1;7;0;4;0;1;1;A01
201700029867;1;7;0;6;0;1;1;A01
201700029868;;7;0;0;1;3;1;A01
201700029869;1;10;0;0;1;3;21;A01
201700029870;2;7;0;0;2;3;15;B01
201700029870;1;31;0;0;2;1;21;A01
201700029871;2;30;0;0;2;1;1;B01
201700029871;1;7;0;0;2;7;15;A01
201700029872;2;2;0;0;2;2;1;B01
201700029872;1;7;0;0;2;7;19;A01
201700029873;1;7;0;0;1;2;1;A01
201700029874;2;31;0;1;0;1;14;A01
201700029875;1;7;0;0;1;0;0;A01
201700029876;1;33;0;13;0;1;13;A01
201700029877;2;7;0;0;1;1;1;A01
201700029878;2;7;0;0;2;4;1;A01
201700029878;2;14;0;0;2;2;21;B01
201700029879;1;7;0;0;2;8;20;B01
201700029879;1;7;0;0;2;2;1;A01
201700029880;2;7;0;0;1;2;1;A01
201700029881;2;7;0;9;1;1;16;A01
201700029882;0;33;0;0;2;4;19;A01
201700029882;0;7;0;0;2;1;19;Z01
201700029883;1;7;0;0;1;1;2;A01
201700029884;1;7;0;0;1;1;1;A01
201700029885;0;2;0;0;2;1;21;B01
201700029885;1;7;0;0;2;3;15;A01
201700029886;2;2;0;0;2;1;0;A01
201700029886;1;30;0;0;2;1;13;B01
201700029887;1;7;0;8;0;3;14;A01
201700029888;2;33;0;0;2;1;1;A01
201700029888;2;7;0;0;0;6;15;B01
201700029889;2;7;0;0;2;1;1;B01
201700029889;2;31;0;0;2;8;1;A01
201700029890;1;7;0;0;2;3;19;A01
201700029890;1;7;0;0;2;1;1;B01
201700029891;2;1;0;1;0;1;2;B01
201700029891;2;7;0;0;2;3;22;A01
201700029892;1;33;0;0;2;0;9;A01
201700029892;2;7;0;0;2;3;15;B01
201700029893;1;7;0;0;1;1;23;A01
201700029893;1;7;0;0;2;2;23;B01
201700029894;2;7;0;0;2;1;5;A01
201700029894;1;7;0;0;2;1;1;B01
201700029895;2;7;0;0;2;3;15;B01
201700029895;2;31;0;0;2;1;17;A01
201700029896;2;2;0;0;2;1;1;B01
201700029896;1;7;0;0;2;1;15;A01
201700029896;2;2;0;0;2;1;1;C01
201700029897;1;7;0;0;1;3;1;A01
201700029898;1;7;0;0;1;1;1;A01
201700029899;0;10;0;0;2;3;15;B01
201700029899;2;7;0;0;2;2;1;A01
201700029900;2;10;0;8;0;2;2;A01
201700029901;0;7;0;0;2;2;1;A01
201700029901;0;1;0;0;2;1;1;B01
201700029902;2;7;0;0;1;2;0;A01
201700029903;0;7;0;0;2;1;2;A01
201700029903;0;7;0;0;2;4;2;B01
201700029904;1;7;0;0;2;1;2;A01
201700029904;1;7;0;0;2;4;2;B01
201700029904;1;7;0;0;0;4;2;C01
201700029905;1;7;0;0;1;1;15;A01
201700029906;0;7;0;0;4;2;1;A01
201700029906;0;40;1;0;2;2;1;B01
201700029907;2;2;0;0;2;1;1;A01
201700029907;1;7;0;0;2;0;17;Z01
201700029908;1;7;0;0;2;4;2;A01
201700029908;1;7;0;0;0;0;0;Z01
201700029908;1;7;0;0;2;8;1;B01
201700029909;1;17;0;0;2;2;12;A01
201700029909;1;7;0;0;2;6;1;B01
201700029910;0;7;0;0;2;7;0;B01
201700029910;2;7;0;1;0;2;2;A01
201700029911;0;7;0;0;1;3;1;A01
201700029912;1;7;0;0;1;0;0;A01
201700029913;1;7;0;0;2;7;0;B01
201700029913;1;1;0;0;2;1;0;A01
201700029914;1;7;0;0;2;1;1;A01
201700029914;1;7;0;0;2;1;1;B01
201700029915;1;2;0;0;2;1;1;A01
201700029915;1;7;0;0;2;1;1;B01
201700029916;0;1;0;0;2;0;0;B01
201700029916;0;7;0;0;0;3;0;A01
201700029917;0;7;0;0;2;0;0;B01
201700029917;0;7;0;0;2;1;15;A01
201700029918;1;7;0;9;0;1;0;B01
201700029918;1;7;0;0;2;2;19;A01
201700029919;0;7;0;0;2;1;15;A01
201700029919;0;30;0;0;2;7;1;B01
201700029920;0;7;0;0;1;2;1;A01
201700029921;1;7;0;2;0;1;1;A01
201700029922;2;7;0;0;2;1;1;B01
201700029922;1;7;0;0;2;2;15;A01
201700029923;0;7;0;0;2;8;0;B01
201700029923;0;7;0;0;2;2;0;A01
201700029924;0;7;0;0;1;0;0;A01
201700029925;0;7;0;0;2;0;0;B01
201700029925;0;7;0;0;2;0;0;A01
201700029926;0;7;0;0;1;3;21;A01
201700029927;2;40;2;0;1;1;1;A01
201700029928;0;7;0;0;0;1;2;B01
201700029928;0;7;0;0;2;1;2;A01
201700029928;0;7;0;0;0;4;2;C01
201700029929;0;1;0;0;2;8;19;B01
201700029929;0;7;0;0;2;1;15;A01
201700029930;0;7;0;0;2;4;2;B01
201700029930;0;7;0;0;2;1;2;A01
201700029931;1;10;0;0;2;1;2;A01
201700029931;1;7;0;0;2;1;2;C01
201700029931;1;7;0;0;2;4;0;B01
201700029932;1;7;0;0;2;0;0;C01
201700029932;1;7;0;0;2;3;1;B01
201700029932;1;7;0;1;2;2;1;A01
201700029933;2;1;0;0;2;1;19;B01
201700029933;0;7;0;0;2;2;1;A01
201700029934;0;7;0;6;2;7;0;A01
201700029934;0;7;0;0;2;1;1;B01
201700029935;2;7;0;0;2;4;23;B01
201700029935;1;7;0;0;2;1;1;A01
201700029936;0;7;0;0;2;4;0;B01
201700029936;0;7;0;0;2;1;15;A01
201700029937;1;7;0;0;1;1;1;A01
201700029938;0;40;0;0;2;1;0;B01
201700029938;1;7;0;0;4;7;0;A01
201700029939;2;7;0;0;2;4;2;B01
201700029939;2;7;0;0;2;4;2;C01
201700029939;2;7;0;0;2;1;2;A01
201700029940;0;7;0;0;2;1;0;A01
201700029940;1;33;0;0;2;8;0;B01
201700029941;0;2;0;0;2;1;0;B01
201700029941;0;7;0;0;2;3;15;A01
201700029942;0;7;0;0;2;3;15;A01
201700029942;0;33;0;0;2;2;0;B01
201700029943;1;7;0;0;2;4;2;A01
201700029943;1;7;0;0;2;1;2;B01
201700029944;0;7;0;0;2;1;1;C01
201700029944;1;7;0;0;2;2;1;B01
201700029944;0;34;0;0;0;0;0;Z01
201700029944;0;33;0;0;2;1;5;A01
201700029945;0;7;0;0;2;2;15;A01
201700029945;0;7;0;15;2;3;1;B01
201700029946;2;7;0;0;1;2;1;A01
201700029947;0;7;0;8;0;0;0;A01
201700029948;1;7;0;0;2;4;0;T01
201700029948;2;7;0;1;2;5;1;A01
201700029948;0;7;0;0;2;1;1;B01
201700029949;2;7;0;0;1;1;1;A01
201700029950;0;2;0;0;2;1;1;B01
201700029950;0;7;0;0;2;3;10;A01
201700029951;1;7;0;0;1;0;0;A01
201700029952;2;7;0;0;2;8;15;B01
201700029952;2;33;0;0;2;2;17;A01
201700029953;1;31;0;0;2;8;1;B01
201700029953;1;7;0;0;2;1;15;A01
201700029954;2;7;0;0;0;4;2;B01
201700029954;2;7;0;0;0;1;2;A01
201700029955;1;7;0;0;2;2;15;B01
201700029955;2;2;0;0;2;8;8;A01
201700029956;2;7;0;0;0;1;2;B01
201700029956;2;7;0;0;0;4;2;A01
201700029957;1;2;0;0;2;2;17;B01
201700029957;1;7;0;0;2;3;10;A01
201700029958;2;15;0;0;2;4;0;B01
201700029958;2;14;0;0;2;1;1;A01
201700029959;0;7;0;0;2;1;15;A01
201700029959;0;31;0;0;2;1;1;B01
201700029960;0;7;0;0;2;1;15;B01
201700029960;0;30;0;0;2;1;1;A01
201700029961;1;7;0;0;2;5;15;B01
201700029961;2;31;0;0;2;1;1;A01
201700029962;2;7;0;11;0;3;1;A01
201700029963;1;7;0;0;1;0;0;A01
201700029964;1;1;0;0;2;1;0;B01
201700029964;2;7;0;0;9;7;0;A01
201700029965;0;7;0;0;2;1;2;A01
201700029965;0;7;0;0;2;4;2;B01
201700029966;2;7;0;0;1;3;0;A01
201700029967;2;7;0;0;0;5;15;A01
201700029967;1;1;0;0;2;1;1;B01
201700029968;0;7;0;0;1;1;15;A01
201700029969;2;7;0;0;2;1;0;A01
201700029969;1;7;0;0;2;3;0;B01
201700029970;0;1;0;0;2;1;1;B01
201700029970;1;7;0;0;2;2;15;A01
201700029971;0;7;0;0;2;1;0;A01
201700029971;0;7;0;8;2;4;2;B01
201700029972;2;37;0;0;4;8;0;A01
201700029972;2;40;0;0;2;1;19;B01
201700029973;0;30;0;0;2;2;15;B01
201700029973;2;7;0;0;2;2;1;A01
201700029974;0;2;0;11;0;0;0;A01
201700029975;0;7;0;0;2;8;0;A01
201700029975;2;7;0;0;2;2;1;B01
201700029976;0;7;0;0;2;1;0;A01
201700029976;0;7;0;0;2;8;0;B01
201700029977;0;7;0;0;2;2;1;B01
201700029977;0;30;0;0;2;8;0;A01
201700029978;0;30;0;0;1;1;1;A01
201700029979;1;2;0;0;2;1;1;B01
201700029979;0;10;0;0;2;2;12;A01
201700029980;2;7;0;1;0;6;20;B01
201700029980;2;7;0;0;2;2;1;A01
201700029981;0;7;0;0;2;4;2;B01
201700029981;0;7;0;0;2;4;2;C01
201700029981;0;7;0;0;2;1;2;A01
201700029982;2;7;0;1;0;2;0;A01
201700029983;1;7;0;0;2;1;19;A01
201700029983;1;7;0;0;2;7;1;B01
201700029984;1;7;0;0;1;1;0;A01
201700029984;1;7;0;0;0;0;0;B01
201700029985;0;7;0;0;2;1;2;A01
201700029985;0;33;0;0;2;4;2;B01
201700029986;0;7;0;0;1;3;0;A01
201700029987;0;7;0;0;2;3;15;A01
201700029987;0;30;0;0;2;8;1;B01
201700029988;0;7;0;0;2;1;2;A01
201700029988;0;7;0;0;2;4;23;B01
201700029989;1;7;0;0;0;1;2;A01
201700029989;1;7;0;0;0;4;0;B01
201700029990;1;7;0;14;0;3;2;A01
201700029991;1;7;0;0;1;2;0;A01
201700029992;2;7;0;0;2;1;1;A01
201700029992;2;7;0;0;2;5;15;B01
201700029993;0;7;0;0;1;5;2;A01
201700029994;0;7;0;0;2;4;2;C01
201700029994;0;7;0;0;2;4;2;B01
201700029994;0;7;0;0;2;1;2;A01
201700029994;0;7;0;0;2;4;2;D01
201700029995;0;7;0;0;1;1;1;A01
201700029996;2;7;0;0;2;4;23;B01
201700029996;0;7;0;0;2;4;23;C01
201700029996;2;7;0;0;2;1;2;A01
201700029997;0;33;0;0;2;2;1;B01
201700029997;0;7;0;0;2;2;0;A01
201700029998;0;33;0;0;1;1;1;A01
201700029999;2;30;0;0;0;0;1;A01
201700030000;0;7;0;0;1;2;2;A01
201700030001;1;7;0;0;9;1;17;A01
201700030001;1;1;0;0;0;0;0;B01
201700030002;0;7;0;0;1;1;15;A01
201700030003;0;7;0;0;1;2;1;A01
201700030004;0;14;0;0;2;2;1;A01
201700030004;0;7;0;0;2;6;1;B01
201700030005;1;7;0;0;2;1;2;A01
201700030005;1;7;0;0;2;4;2;B01
201700030006;1;7;0;0;1;2;1;A01
201700030007;1;7;0;0;2;3;1;A01
201700030007;1;7;0;0;2;2;1;B01
201700030008;2;14;0;16;0;8;16;A01
201700030009;1;17;0;0;2;2;12;A01
201700030009;1;7;0;0;2;8;0;B01
201700030010;1;7;0;0;1;0;0;A01
201700030011;1;7;0;0;2;1;15;A01
201700030011;1;33;0;0;2;7;1;B01
201700030012;2;30;0;0;2;2;1;B01
201700030012;1;7;0;0;2;6;19;A01
201700030013;0;7;0;0;2;1;13;A01
201700030013;0;7;0;0;2;1;1;B01
201700030014;2;7;0;0;1;0;0;A01
201700030015;0;7;0;0;1;4;4;A01
201700030016;0;2;0;1;0;1;1;B01
201700030016;0;7;0;1;0;3;9;A01
201700030017;0;7;0;1;0;3;0;A01
201700030018;2;7;0;0;1;2;1;A01
201700030019;0;7;0;0;2;3;2;B01
201700030019;0;30;0;0;0;0;0;A01
201700030020;1;10;0;0;1;2;1;A01
201700030021;1;7;0;0;2;4;2;B01
201700030021;1;7;0;0;2;1;2;A01
201700030022;0;7;0;0;0;4;1;B01
201700030022;0;7;0;0;2;1;2;A01
201700030023;0;30;0;0;2;1;16;A01
201700030023;0;7;0;0;2;2;16;B01
201700030024;2;7;0;0;0;3;13;A01
201700030024;1;33;0;0;0;7;14;B01
201700030025;1;7;0;14;0;0;1;A01
201700030026;1;7;0;0;2;1;2;A01
201700030026;1;7;0;0;2;4;23;C01
201700030026;1;7;0;0;2;4;2;B01
201700030027;0;2;0;0;2;1;1;A01
201700030027;0;7;0;0;2;6;15;B01
201700030028;0;10;0;6;0;2;2;A01
201700030029;1;7;0;0;1;3;1;A01
201700030030;0;7;0;0;2;4;2;B01
201700030030;0;7;0;0;2;1;2;A01
201700030031;0;37;1;0;2;3;1;B01
201700030031;0;7;0;0;2;7;16;A01
201700030032;0;7;0;0;2;7;15;A01
201700030032;0;1;0;0;2;0;1;B01
201700030033;;1;0;;;;;B02
201700030033;0;7;0;0;2;5;15;A01
201700030034;1;7;0;0;2;1;2;A01
201700030034;1;7;0;0;2;4;23;B01
201700030035;1;33;0;0;0;3;17;A01
201700030036;0;30;0;0;0;1;2;B01
201700030036;0;7;0;0;0;2;15;A01
201700030037;1;7;0;0;1;0;16;A01
201700030038;1;10;0;0;1;7;16;A01
201700030039;0;31;0;0;2;7;17;B01
201700030039;1;7;0;0;2;3;15;A01
201700030040;1;7;0;0;2;5;9;A01
201700030040;1;31;0;0;2;1;1;B01
201700030041;1;7;0;0;2;1;1;B01
201700030041;1;7;0;0;2;1;15;A01
201700030042;2;7;0;0;0;4;23;B01
201700030042;2;7;0;0;2;1;2;A01
201700030043;1;7;0;0;2;1;14;A01
201700030043;2;7;0;0;2;1;1;B01
201700030044;1;7;0;1;0;2;1;A01
201700030045;1;7;0;0;2;1;15;A01
201700030045;2;2;0;0;2;3;1;B01
201700030046;1;7;0;0;2;1;1;B01
201700030046;1;7;0;0;2;2;1;A01
201700030047;0;7;0;0;2;2;1;B01
201700030047;0;7;0;0;2;8;11;A01
201700030048;1;7;0;0;2;1;15;A01
201700030048;2;7;0;0;2;3;1;B01
201700030049;1;7;0;12;0;3;16;A01
201700030050;1;1;0;1;0;6;19;A01
201700030051;1;7;0;0;2;2;0;A01
201700030051;1;1;0;0;2;7;0;B01
201700030052;1;40;1;0;2;1;19;B01
201700030052;2;7;0;0;4;6;19;A01
201700030053;1;7;0;16;0;9;15;A01
201700030054;1;7;0;0;2;1;1;B01
201700030054;2;7;0;0;2;3;15;A01
201700030055;1;7;0;0;1;2;19;A01
201700030056;1;1;0;0;2;1;1;B01
201700030056;2;10;0;0;2;3;9;A01
201700030057;0;31;0;0;2;1;21;A01
201700030057;0;7;0;0;2;6;16;B01
201700030058;1;31;0;16;0;7;14;A01
201700030059;2;7;0;0;2;3;15;A01
201700030059;1;7;0;0;2;8;1;B01
201700030060;2;30;0;0;2;1;1;A01
201700030060;2;7;0;0;2;5;15;B01
201700030061;1;7;0;0;2;1;19;A01
201700030061;1;7;0;0;2;6;1;B01
201700030062;1;33;0;0;2;7;0;B01
201700030062;1;7;0;0;2;1;9;A01
201700030063;2;7;0;0;1;4;4;A01
201700030064;2;7;0;0;2;1;0;A01
201700030064;2;7;0;0;2;4;0;B01
201700030065;1;10;0;0;1;1;0;A01
201700030066;2;7;0;0;1;1;0;A01
201700030067;1;10;0;0;2;4;23;A01
201700030067;1;10;0;14;2;1;9;B01
201700030068;1;7;0;0;2;1;2;B01
201700030068;2;7;0;0;2;4;1;A01
201700030069;2;2;0;1;0;1;1;A01
201700030070;2;33;0;3;0;1;0;A01
201700030071;2;7;0;0;1;1;1;A01
201700030072;0;7;0;0;2;1;1;A01
201700030072;0;7;0;0;0;1;1;B01
201700030073;0;10;0;0;1;1;1;A01
201700030074;2;33;0;0;2;1;1;B01
201700030074;1;7;0;0;2;3;15;A01