num_acc;senc;catv;occutc;obs;obsm;choc;manv;num_veh
201700030075;2;7;0;0;0;5;15;B01
201700030075;2;34;0;0;2;1;21;A01
201700030076;0;1;0;0;2;6;2;B01
201700030076;0;7;0;0;9;2;17;A01
201700030077;1;38;1;0;2;8;13;A01
201700030077;2;7;0;0;2;8;1;B01
201700030078;2;10;0;0;2;1;5;A01
201700030078;1;10;0;0;2;7;1;B01
201700030079;2;7;0;0;1;0;0;Z01
201700030080;0;7;0;0;2;6;2;B01
201700030080;0;7;0;0;2;2;2;A01
201700030081;0;1;0;0;2;3;19;A01
201700030081;0;37;2;0;2;2;1;B01
201700030082;0;7;0;0;2;2;0;B01
201700030082;0;7;0;0;2;3;15;A01
201700030083;1;40;1;0;2;1;2;B01
201700030083;1;1;0;0;4;7;19;A01
201700030084;1;7;0;0;1;1;1;A01
201700030085;0;10;0;0;0;4;2;B01
201700030085;0;7;0;14;0;1;2;A01
201700030086;1;7;0;0;9;3;19;A01
201700030086;2;1;0;0;2;7;21;B01
201700030087;0;7;0;0;2;1;15;A01
201700030087;0;7;0;0;2;3;1;B01
201700030088;1;7;0;0;2;1;23;C01
201700030088;2;31;0;0;2;2;3;A01
201700030088;2;7;0;0;2;3;15;B01
201700030089;2;7;0;0;1;4;4;A01
201700030090;0;33;0;0;2;1;1;B01
201700030090;0;7;0;0;2;2;15;A01
201700030091;1;7;0;0;2;2;1;A01
201700030091;0;1;0;0;2;8;19;B01
201700030092;1;7;0;0;2;4;2;B01
201700030092;1;7;0;0;2;1;2;A01
201700030092;1;7;0;0;2;4;2;C01
201700030093;2;2;0;0;2;8;0;F01
201700030093;2;7;0;0;2;7;0;A01
201700030094;1;7;0;0;1;3;15;A01
201700030095;1;7;0;0;2;1;2;B01
201700030095;1;7;0;0;2;1;2;A01
201700030096;1;7;0;0;2;4;2;B01
201700030096;1;10;0;0;2;2;2;A01
201700030097;1;40;1;0;1;1;2;A01
201700030098;0;7;0;0;2;3;0;A01
201700030098;0;1;0;0;2;7;15;B01
201700030099;1;7;0;0;2;1;2;A01
201700030100;1;7;0;8;0;4;0;A01
201700030101;2;7;0;0;2;8;9;A01
201700030101;2;33;0;0;2;7;1;B01
201700030102;1;40;1;0;2;3;19;B01
201700030102;1;1;0;0;4;2;9;A01
201700030103;1;7;0;4;0;3;21;A01
201700030104;1;7;0;0;2;8;15;A01
201700030104;1;7;0;0;2;1;1;B01
201700030105;1;7;0;0;2;4;23;B01
201700030105;1;7;0;0;2;1;21;A01
201700030106;2;7;0;0;2;1;1;B01
201700030106;2;7;0;0;2;1;17;A01
201700030107;0;7;0;0;2;3;15;A01
201700030107;2;30;0;0;2;1;0;B01
201700030108;2;31;0;0;1;1;19;A01
201700030109;0;7;0;0;2;3;2;A01
201700030109;0;30;0;0;2;5;15;B01
201700030110;2;1;0;0;2;1;5;A01
201700030110;1;1;0;0;2;1;1;B01
201700030111;1;7;0;0;2;2;1;B01
201700030111;1;31;0;0;2;7;15;A01
201700030112;2;7;0;0;1;4;4;A01
201700030113;2;7;0;0;2;3;13;A01
201700030113;1;31;0;0;2;1;13;B01
201700030114;2;33;0;0;2;7;1;B01
201700030114;2;7;0;0;2;3;11;A01
201700030115;1;7;0;0;1;2;1;A01
201700030116;0;7;0;1;0;2;1;A01
201700030117;1;1;0;0;2;2;19;A01
201700030117;2;31;0;0;2;1;1;B01
201700030118;2;30;0;0;2;1;1;B01
201700030118;1;7;0;0;2;7;15;A01
201700030119;2;7;0;6;0;1;21;A01
201700030119;1;7;0;0;9;0;1;B01
201700030120;0;1;0;0;2;1;13;B01
201700030120;0;7;0;0;2;3;9;A01
201700030121;2;7;0;0;2;2;15;B01
201700030121;2;20;0;0;2;1;20;A01
201700030122;0;7;0;0;2;8;22;B01
201700030122;0;7;0;1;0;2;0;A01
201700030123;2;7;0;0;2;3;11;A01
201700030123;2;7;0;0;2;7;1;B01
201700030124;1;7;0;0;2;3;9;B01
201700030124;2;1;0;0;2;1;0;A01
201700030125;1;1;0;0;2;1;1;A01
201700030125;1;7;0;0;2;3;9;B01
201700030126;1;7;0;0;2;1;1;B01
201700030126;2;1;0;0;2;7;7;A01
201700030127;1;7;0;1;0;1;16;A01
201700030128;1;3;0;0;2;2;1;A01
201700030128;1;7;0;0;2;8;15;B01
201700030129;1;7;0;0;2;4;1;A01
201700030129;1;7;0;0;2;1;2;B01
201700030130;0;31;0;0;2;1;17;B01
201700030130;0;10;0;0;2;8;15;A01
201700030131;2;7;0;0;2;8;1;B01
201700030131;1;7;0;0;2;1;1;A01
201700030132;0;7;0;0;2;1;19;A01
201700030132;0;7;0;0;2;8;1;B01
201700030133;2;7;0;0;2;3;9;B01
201700030133;1;7;0;0;2;1;13;A01
201700030133;1;7;0;0;2;6;9;C01
201700030134;1;7;0;0;1;3;1;A01
201700030135;2;7;0;0;1;4;4;A01
201700030136;1;7;0;0;1;4;4;A01
201700030137;1;7;0;0;2;1;2;A01
201700030137;1;7;0;0;2;4;2;B01
201700030138;0;7;0;0;2;3;1;A01
201700030138;0;7;0;0;2;3;1;B01
201700030139;2;7;0;0;2;3;15;A01
201700030139;1;1;0;0;2;8;1;B01
201700030140;1;10;0;0;2;1;2;B01
201700030140;1;7;0;0;9;4;2;A01
201700030141;1;7;0;0;1;3;0;A01
201700030142;1;10;0;0;2;2;2;B01
201700030142;1;7;0;0;2;4;2;A01
201700030143;2;7;0;0;1;3;1;A01
201700030144;2;7;0;0;2;4;2;B01
201700030144;2;1;0;0;2;1;2;A01
201700030145;0;1;0;0;2;1;1;B01
201700030145;0;7;0;0;2;1;15;A01
201700030146;1;7;0;0;1;2;17;A01
201700030147;1;7;0;0;2;2;0;A01
201700030147;1;37;1;0;2;6;23;B01
201700030148;2;7;0;0;2;1;15;A01
201700030148;1;7;0;0;2;8;1;B01
201700030149;1;7;0;0;2;1;1;B01
201700030149;1;7;0;0;2;2;1;A01
201700030150;1;10;0;0;2;3;11;A01
201700030150;1;30;0;0;2;7;12;B01
201700030151;1;7;0;0;1;1;15;A01
201700030152;0;7;0;0;1;2;13;A01
201700030153;1;7;0;14;0;0;1;A01
201700030154;2;7;0;0;1;3;12;A01
201700030155;1;7;0;0;2;1;23;A01
201700030155;1;14;0;0;2;4;4;Z01
201700030156;0;7;0;0;2;1;2;Z01
201700030156;0;1;0;0;2;4;2;B01
201700030157;2;7;0;0;1;2;19;A01
201700030158;0;7;0;0;2;3;15;A01
201700030158;0;30;0;0;2;1;1;B01
201700030159;1;7;0;0;2;7;0;B01
201700030159;1;7;0;0;2;3;9;A01
201700030160;1;7;0;0;2;1;15;B01
201700030160;2;3;0;6;2;1;15;A01
201700030161;1;10;0;0;1;2;1;A01
201700030162;2;7;0;0;2;3;21;B01
201700030162;1;7;0;0;2;3;15;A01
201700030163;2;7;0;0;2;1;1;B01
201700030163;1;7;0;0;2;1;5;A01
201700030164;1;7;0;0;2;3;2;A01
201700030164;1;7;0;0;2;5;2;B01
201700030165;1;30;0;0;2;1;0;A01
201700030165;1;7;0;0;2;2;1;B01
201700030166;1;7;0;0;2;7;1;B01
201700030166;1;7;0;0;2;1;1;A01
201700030167;1;3;0;1;0;1;1;A01
201700030168;1;2;0;1;2;1;1;B01
201700030168;1;7;0;0;2;3;1;A01
201700030169;1;7;0;0;1;2;0;A01
201700030170;1;7;0;0;2;6;2;A01
201700030170;1;7;0;0;2;1;2;B01
201700030171;1;7;0;0;1;1;19;A01
201700030172;0;7;0;0;2;1;2;A01
201700030172;0;7;0;0;2;4;23;B01
201700030173;1;7;0;1;1;3;20;A01
201700030174;2;7;0;0;1;1;19;A01
201700030175;1;7;0;0;2;5;1;A01
201700030175;1;7;0;0;2;1;1;Z01
201700030176;2;7;0;1;1;3;13;A01
201700030177;0;7;0;0;1;2;16;A01
201700030178;1;34;0;0;2;8;17;B01
201700030178;1;7;0;0;2;3;15;A01
201700030179;1;1;0;0;2;1;1;B01
201700030179;1;7;0;0;2;2;16;A01
201700030180;1;7;0;7;0;1;6;A01
201700030181;1;7;0;6;0;1;1;A01
201700030182;1;7;0;0;2;1;1;B01
201700030182;1;7;0;0;2;4;15;A01
201700030183;1;31;0;0;2;1;17;B01
201700030183;2;7;0;0;2;1;1;A01
201700030184;2;7;0;1;0;1;14;A01
201700030185;2;7;0;0;2;1;2;A01
201700030185;2;7;0;0;2;4;2;B01
201700030185;2;7;0;0;2;4;2;C01
201700030186;1;7;0;0;1;2;1;A01
201700030187;2;33;0;0;0;7;16;A01
201700030188;1;10;0;0;1;4;4;A01
201700030189;2;7;0;0;2;1;15;A01
201700030189;1;7;0;0;2;3;1;B01
201700030190;1;33;0;14;0;1;6;A01
201700030191;1;13;0;0;1;4;4;A01
201700030192;2;7;0;0;1;3;1;A01
201700030193;1;7;0;6;0;1;14;A01
201700030194;1;31;0;0;2;1;1;B01
201700030194;2;7;0;0;2;5;15;A01
201700030195;1;7;0;0;2;3;10;A01
201700030195;1;1;0;0;2;1;1;B01
201700030196;1;7;0;0;1;3;15;A01
201700030197;2;10;0;0;2;1;1;B01
201700030197;1;7;0;0;2;3;15;A01
201700030198;2;31;0;0;2;1;1;B01
201700030198;2;7;0;0;2;3;1;A01
201700030199;2;7;0;0;2;1;0;B01
201700030199;2;2;0;0;2;1;0;A01
201700030200;1;7;0;0;1;3;0;A01
201700030201;1;7;0;0;1;0;0;A01
201700030202;1;7;0;0;2;1;0;A01
201700030202;1;30;0;0;2;0;0;B01
201700030203;1;7;0;0;1;5;4;A01
201700030204;1;7;0;0;2;3;15;A01
201700030204;1;7;0;1;2;8;1;B01
201700030205;1;10;0;0;2;7;1;B01
201700030205;1;7;0;0;2;3;15;A01
201700030206;1;1;0;0;2;6;15;B01
201700030206;1;7;0;0;9;2;13;A01
201700030207;1;7;0;0;9;1;16;A01
201700030207;1;1;0;0;2;7;15;B01
201700030208;2;7;0;0;0;0;0;A01
201700030208;1;30;0;0;0;0;0;B01
201700030209;1;7;0;0;1;1;1;A01
201700030210;2;7;0;0;1;7;1;A01
201700030211;2;7;0;0;2;2;15;A01
201700030211;1;31;0;0;2;1;1;B01
201700030212;1;3;0;0;1;2;16;A01
201700030213;1;14;0;0;1;1;1;A01
201700030214;1;33;0;0;0;0;0;A01
201700030214;2;15;0;0;2;1;1;B01
201700030215;1;7;0;0;2;8;13;A01
201700030215;1;33;0;0;2;1;1;B01
201700030216;0;7;0;0;0;0;0;A01
201700030216;0;37;10;0;0;0;0;B01
201700030217;1;7;0;0;0;3;15;A01
201700030217;1;33;0;0;2;7;0;B01
201700030218;0;7;0;0;1;0;0;A01
201700030219;1;7;0;0;1;7;14;A01
201700030220;2;10;0;0;2;8;15;A01
201700030220;1;33;0;0;2;1;21;B01
201700030221;0;7;0;0;1;3;1;A01
201700030222;1;7;0;0;1;2;1;A01
201700030223;2;33;0;0;2;8;1;A01
201700030223;1;7;0;0;2;8;15;B01
201700030224;1;7;0;0;9;1;9;A01
201700030224;1;1;0;0;2;4;15;B01
201700030225;1;7;0;0;1;1;16;A01
201700030226;1;10;0;0;2;0;15;A01
201700030226;1;2;0;0;2;2;17;B01
201700030227;2;7;0;0;1;1;9;A01
201700030228;1;7;0;0;1;3;1;A01
201700030229;1;7;0;0;2;1;19;A01
201700030229;1;31;0;0;2;5;15;B01
201700030230;1;33;0;0;2;1;2;A01
201700030230;1;7;0;0;2;4;2;B01
201700030231;1;7;0;0;1;2;0;A01
201700030232;1;7;0;0;1;1;21;A01
201700030233;1;7;0;6;0;1;13;A01
201700030234;0;7;0;0;1;0;0;A01
201700030235;1;10;0;0;2;7;10;A01
201700030235;1;30;0;0;2;1;1;B01
201700030236;0;7;0;6;0;7;1;A01
201700030237;1;7;0;0;2;2;13;A01
201700030237;1;7;0;0;2;2;21;B01
201700030238;0;33;0;0;0;0;2;A01
201700030238;0;7;0;0;0;0;0;B01
201700030239;2;10;0;0;1;6;19;A01
201700030240;1;7;0;0;1;6;20;A01
201700030241;0;7;0;0;2;1;1;C01
201700030241;0;7;0;0;2;1;13;A01
201700030241;0;7;0;0;2;1;1;B01
201700030242;1;7;0;0;1;1;19;A01
201700030243;1;37;0;0;9;6;19;A01
201700030243;2;33;0;0;2;1;13;B01
201700030244;1;7;0;0;2;1;13;A01
201700030244;2;17;0;0;2;3;14;B01
201700030245;2;7;0;8;2;1;1;A01
201700030245;1;7;0;0;2;1;15;B01
201700030246;1;7;0;0;2;1;9;A01
201700030246;2;2;0;0;2;1;13;B01
201700030247;2;7;0;8;0;9;0;B01
201700030247;2;7;0;0;2;1;2;A01
201700030248;1;1;0;0;2;4;1;B01
201700030248;1;7;0;0;2;2;2;A01
201700030249;1;7;0;0;1;2;1;A01
201700030250;1;7;0;13;0;3;1;A01
201700030251;1;7;0;0;1;2;1;A01
201700030252;1;7;0;0;1;3;1;A01
201700030253;1;1;0;0;2;4;15;B01
201700030253;1;10;0;0;2;2;17;A01
201700030254;1;7;0;0;1;5;4;A01
201700030255;2;7;0;0;1;1;1;A01
201700030256;1;7;0;0;1;1;1;A01
201700030257;1;7;0;0;1;1;1;A01
201700030258;1;7;0;0;1;3;1;A01
201700030259;2;7;0;14;1;3;2;A01
201700030260;1;7;0;0;1;1;0;A01
201700030261;1;7;0;0;2;1;5;A01
201700030261;1;7;0;0;2;1;5;B01
201700030262;2;7;0;0;1;4;23;B01
201700030262;2;7;0;0;2;1;2;A01
201700030263;1;33;0;0;5;1;1;A01
201700030264;1;33;0;0;2;1;17;A01
201700030264;1;7;0;0;2;3;19;B01
201700030265;1;7;0;0;2;8;15;A01
201700030265;1;33;0;0;2;1;17;B01
201700030266;1;7;0;13;0;9;1;A01
201700030267;1;7;0;0;2;2;1;A01
201700030267;1;1;0;0;2;6;1;B01
201700030268;2;7;0;7;0;1;1;A01
201700030269;1;7;0;0;2;1;2;A01
201700030269;2;7;0;0;2;1;5;B01
201700030270;1;7;0;0;2;2;15;A01
201700030270;1;33;0;0;2;1;1;B01
201700030271;1;7;0;0;1;1;9;A01
201700030272;1;14;0;0;1;2;17;A01
201700030273;2;7;0;0;2;3;9;A01
201700030273;1;1;0;0;2;1;1;B01
201700030274;1;7;0;0;1;1;0;A01
201700030275;1;7;0;0;1;1;2;A01
201700030276;1;31;0;8;0;0;1;B01
201700030276;1;7;0;0;2;0;15;A01
201700030277;1;7;0;0;2;6;23;B01
201700030277;1;33;0;0;2;1;2;A01
201700030278;1;7;0;0;1;1;1;A01
201700030279;1;7;0;0;1;1;1;A01
201700030280;1;7;0;0;2;1;1;A01
201700030280;1;7;0;0;2;4;1;B01
201700030281;1;7;0;0;1;0;1;A01
201700030282;1;7;0;0;1;1;15;A01
201700030283;1;7;0;0;2;8;1;B01
201700030283;1;7;0;0;2;1;13;A01
201700030284;2;1;0;0;2;8;19;A01
201700030284;1;10;0;0;2;1;1;B01
201700030285;2;7;0;0;2;3;15;A01
201700030285;2;1;0;0;2;7;19;B01
201700030286;1;7;0;0;1;0;4;A01
201700030287;1;10;0;0;1;3;1;A01
201700030288;1;7;0;0;2;8;1;B01
201700030288;1;2;0;0;2;1;1;A01
201700030289;1;7;0;0;1;3;1;A01
201700030290;2;7;0;0;1;2;1;A01
201700030291;1;7;0;0;2;1;2;A01
201700030291;1;7;0;0;2;4;2;B01
201700030291;1;7;0;0;2;4;2;C01
201700030292;1;7;0;0;1;2;16;A01
201700030293;2;7;0;0;1;1;1;A01
201700030294;2;7;0;0;1;3;15;A01
201700030295;1;7;0;0;1;2;15;A01
201700030296;2;13;0;0;2;1;15;A01
201700030296;1;10;0;0;2;7;1;B01
201700030297;2;30;0;0;1;0;0;Z01
201700030298;2;7;0;0;1;2;1;A01
201700030299;1;1;0;0;1;0;0;Z01
201700030300;1;7;0;0;2;3;1;A01
201700030300;1;7;0;0;2;1;1;B01
201700030301;1;7;0;0;2;7;1;A01
201700030301;1;30;0;1;2;8;1;B01
201700030302;2;10;0;0;2;1;2;A01
201700030302;2;7;0;0;2;4;2;B01
201700030303;1;7;0;0;2;1;1;B01
201700030303;2;7;0;0;2;1;13;A01
201700030304;2;7;0;0;1;1;1;A01
201700030305;2;7;0;1;0;2;14;A01
201700030306;1;7;0;0;1;7;1;A01
201700030307;2;10;0;0;2;6;24;A01
201700030307;2;7;0;1;0;1;1;B01
201700030308;1;7;0;0;2;4;2;B01
201700030308;1;7;0;0;2;1;2;A01
201700030309;2;7;0;0;1;1;1;A01
201700030310;1;7;0;0;2;1;13;A01
201700030310;2;7;0;0;2;1;1;B01
201700030311;2;1;0;0;2;1;1;A01
201700030311;2;7;0;0;2;1;15;B01
201700030312;1;7;0;0;1;1;1;A01
201700030313;2;7;0;0;1;3;1;A01
201700030314;2;7;0;0;2;1;15;A01
201700030314;2;7;0;0;2;1;1;B01
201700030315;1;7;0;0;2;3;1;B01
201700030315;2;7;0;0;2;1;15;A01
201700030316;1;7;0;0;1;8;1;A01
201700030317;1;7;0;0;2;1;1;B01
201700030317;2;7;0;0;2;2;1;A01
201700030318;2;7;0;0;2;1;1;A01
201700030318;1;7;0;0;2;7;1;B01
201700030319;2;10;0;0;2;8;22;A01
201700030319;2;1;0;0;2;1;21;B01
201700030320;1;7;0;0;2;1;9;A01
201700030320;2;33;0;0;2;7;1;B01
201700030321;1;7;0;0;1;7;1;A01
201700030322;1;7;0;0;1;2;15;A01
201700030323;2;7;0;0;1;2;1;A01
201700030324;1;7;0;0;1;3;15;A01
201700030325;1;7;0;0;2;3;2;B01
201700030325;1;7;0;0;2;2;7;A01
201700030326;1;7;0;0;2;1;17;A01
201700030326;1;7;0;0;2;8;1;B01
201700030327;2;34;0;0;1;1;7;Z01
201700030328;1;7;0;0;1;1;1;A01
201700030329;2;7;0;0;2;1;1;A01
201700030329;2;7;0;0;2;5;1;B01
201700030329;2;7;0;0;2;2;1;C01
201700030330;1;7;0;0;2;4;2;A01
201700030330;1;7;0;0;2;1;2;Z01
201700030331;2;33;0;0;2;1;13;A01
201700030331;1;7;0;0;2;1;1;B01
201700030331;1;7;0;0;2;8;1;C01
201700030332;1;7;0;0;2;3;1;B01
201700030332;2;7;0;0;2;1;1;A01
201700030333;1;7;0;0;2;7;23;B01
201700030333;2;7;0;0;2;1;14;Z01
201700030334;2;7;0;0;2;1;17;A01
201700030334;2;1;0;0;2;1;15;B01
201700030335;1;2;0;0;0;0;0;A01
201700030336;2;7;0;0;1;2;1;A01
201700030337;1;7;0;0;2;1;1;B01
201700030337;1;7;0;0;2;7;15;A01
201700030338;2;7;0;0;2;1;1;B01
201700030338;1;7;0;0;2;7;1;A01
201700030339;2;7;0;0;1;2;1;A01
201700030340;1;1;0;0;1;0;0;Z01
201700030341;1;7;0;0;1;7;16;Z01
201700030342;1;7;0;0;2;3;1;B01
201700030342;2;7;0;0;2;2;15;A01
201700030343;2;7;0;0;2;1;2;A01
201700030343;2;7;0;0;2;4;2;B01
201700030344;2;7;0;0;2;1;2;Z01
201700030344;2;7;0;0;2;4;2;B01
201700030345;2;7;0;0;2;4;2;C01
201700030345;2;7;0;0;2;1;2;A01
201700030345;2;7;0;0;2;4;2;B01
201700030346;1;7;0;0;2;4;2;A01
201700030346;1;7;0;0;2;1;2;B01
201700030347;1;33;0;0;2;8;18;A01
201700030347;1;7;0;0;2;7;22;B01
201700030348;1;7;0;0;2;2;15;A01
201700030348;1;7;0;0;2;3;1;B01
201700030349;2;30;0;0;2;1;17;A01
201700030349;2;7;0;0;2;3;15;B01
201700030350;2;7;0;0;1;3;1;A01
201700030351;2;7;0;0;2;1;2;A01
201700030351;2;7;0;0;2;4;2;B01
201700030352;2;7;0;0;1;3;17;A01
201700030353;2;7;0;0;2;1;15;B01
201700030353;1;30;0;0;2;1;8;A01
201700030354;1;7;0;0;2;7;15;A01
201700030354;2;33;0;0;2;1;1;B01
201700030355;2;7;0;0;1;2;1;A01
201700030356;2;7;0;0;1;1;1;A01
201700030357;2;7;0;0;2;2;1;B01
201700030357;2;7;0;0;2;3;15;A01
201700030358;1;7;0;0;2;1;15;A01
201700030358;1;7;0;0;2;1;1;B01
201700030359;1;7;0;0;9;2;1;B01
201700030359;1;1;0;0;2;0;19;A01
201700030360;1;7;0;0;2;8;1;B01
201700030360;1;7;0;0;2;1;13;A01
201700030361;1;7;0;0;2;6;2;B01
201700030361;1;7;0;0;2;2;2;A01
201700030362;1;7;0;0;2;1;2;A01
201700030362;1;7;0;0;2;4;2;B01
201700030363;1;7;0;4;0;7;14;A01
201700030364;1;33;0;0;2;1;1;B01
201700030364;2;7;0;0;2;3;15;A01
201700030365;1;7;0;0;2;8;0;B01
201700030365;1;1;0;0;2;1;0;A01
201700030366;2;7;0;0;2;1;2;A01
201700030366;2;20;0;0;2;4;2;B01
201700030367;2;7;0;0;1;2;1;A01
201700030368;2;10;0;0;1;1;1;A01
201700030369;2;7;0;0;2;8;1;B01
201700030369;1;30;0;0;2;1;1;A01
201700030370;2;7;0;0;2;5;1;C01
201700030370;2;1;0;0;2;1;1;B01
201700030370;2;7;0;0;2;8;22;A01
201700030371;2;7;0;0;2;4;2;C01
201700030371;2;7;0;0;2;1;2;A01
201700030371;2;7;0;0;2;4;2;B01
201700030372;2;7;0;0;2;4;2;B01
201700030372;2;7;0;0;2;1;2;A01
201700030373;2;7;0;0;2;1;2;Z01
201700030373;2;7;0;0;2;4;2;B01
201700030374;2;30;0;0;2;1;17;A01
201700030374;2;7;0;0;2;6;20;B01
201700030375;2;7;0;0;2;0;13;A01
201700030375;2;33;0;0;2;0;21;B01
201700030376;1;32;0;1;0;1;0;A01
201700030376;1;7;0;0;2;8;24;B01
201700030377;2;7;0;0;2;4;2;B01
201700030377;2;7;0;0;2;1;2;A01
201700030378;1;7;0;0;2;3;13;A01
201700030378;2;33;0;0;2;1;1;B01
201700030379;1;1;0;0;2;8;1;B01
201700030379;1;7;0;0;9;7;17;A01
201700030380;1;7;0;0;2;1;2;A01
201700030380;2;7;0;0;2;4;2;B01
201700030381;2;7;0;0;1;1;1;A01
201700030382;1;7;0;0;2;5;1;B01
201700030382;1;14;0;0;2;1;1;A01
201700030383;2;10;0;0;1;2;1;A01
201700030384;1;7;0;0;2;1;1;A01
201700030384;1;7;0;0;2;4;1;B01
201700030385;1;7;0;0;1;2;16;A01
201700030386;1;7;0;0;2;3;1;C01
201700030386;1;7;0;0;2;7;15;A01
201700030386;2;34;0;0;2;1;1;B01
201700030387;2;1;0;0;2;1;1;A01
201700030387;1;7;0;0;2;3;1;B01
201700030388;2;1;0;0;2;5;15;A01
201700030388;2;7;0;0;2;1;17;B01
201700030389;1;7;0;0;2;1;15;A01
201700030389;2;7;0;0;2;3;1;B01
201700030390;1;33;0;0;2;1;1;B01
201700030390;2;2;0;0;2;1;15;A01
201700030391;2;31;0;0;1;0;1;Z01
201700030392;2;7;0;0;1;0;0;Z01
201700030393;1;7;0;0;2;1;2;A01
201700030393;1;1;0;0;2;4;2;B01
201700030394;2;7;0;15;0;1;14;A01
201700030395;1;7;0;0;2;1;2;A01
201700030395;1;7;0;0;2;4;2;B01
201700030396;1;7;0;0;2;1;1;B01
201700030396;2;7;0;0;2;2;15;A01
201700030397;2;2;0;0;1;1;0;Z01
201700030398;2;7;0;0;2;1;16;B01
201700030398;1;7;0;0;2;3;23;C01
201700030398;2;7;0;0;2;7;1;A01
201700030399;2;7;0;0;1;1;1;A01
201700030400;2;1;0;0;2;1;14;B01
201700030400;1;7;0;0;2;2;1;A01
201700030401;1;7;0;0;2;1;1;B01
201700030401;2;7;0;0;2;7;1;A01
201700030402;2;2;0;0;2;1;17;B01
201700030402;2;7;0;0;2;3;20;A01
201700030403;2;1;0;0;2;1;1;B01
201700030403;1;7;0;0;2;2;15;A01
201700030404;2;31;0;0;2;1;1;A01
201700030404;1;7;0;0;2;2;1;B01
201700030405;2;7;0;0;2;1;20;Z01
201700030405;1;7;0;0;2;7;1;B01
201700030406;2;37;1;0;1;2;1;A01
201700030407;2;7;0;0;1;0;0;Z01
201700030408;1;7;0;1;0;1;0;A01
201700030409;1;7;0;8;0;1;0;A01
201700030410;2;10;0;0;1;4;4;A01
201700030411;1;7;0;0;2;1;2;A01
201700030411;1;7;0;0;2;4;2;B01
201700030411;1;10;0;0;0;0;0;C01
201700030412;1;7;0;0;2;3;9;A01
201700030412;2;33;0;0;2;5;1;B01
201700030413;2;30;0;0;2;1;2;A01
201700030413;2;7;0;0;2;4;2;B01
201700030414;2;7;0;0;1;5;16;A01
201700030415;2;7;0;0;1;1;1;A01
201700030416;1;7;0;0;2;1;2;A01
201700030416;1;7;0;0;2;4;2;B01
201700030417;2;7;0;0;2;4;2;B01
201700030417;2;1;0;0;2;1;2;A01
201700030418;2;7;0;0;1;1;20;A01
201700030419;1;7;0;8;2;3;14;A01
201700030419;1;7;0;0;2;5;1;B01
201700030420;2;7;0;0;2;1;2;A01
201700030420;2;7;0;0;2;4;2;B01
201700030420;2;7;0;0;2;4;2;C01
201700030420;2;7;0;0;2;4;2;D01
201700030421;1;7;0;0;2;1;15;A01
201700030421;1;1;0;0;2;7;1;B01
201700030422;2;7;0;0;2;4;2;B01
201700030422;2;7;0;0;2;4;2;C01
201700030422;2;10;0;0;2;1;2;A01
201700030423;1;7;0;0;2;3;1;B01
201700030423;2;7;0;0;2;1;15;A01
201700030424;2;7;0;0;2;3;9;A01
201700030424;1;7;0;0;2;1;1;B01
201700030425;1;7;0;0;1;7;1;A01
201700030426;2;30;0;0;2;1;23;B01
201700030426;2;7;0;0;2;4;4;Z01
201700030427;2;33;0;0;2;1;1;B01
201700030427;1;7;0;0;2;7;15;A01
201700030428;2;7;0;6;0;1;14;A01
201700030429;1;7;0;0;2;1;1;B01
201700030429;1;7;0;0;2;8;9;A01
201700030429;1;7;0;0;2;2;1;C01
201700030430;2;7;0;0;2;2;1;A01
201700030430;1;7;0;0;2;3;1;B01
201700030431;2;33;0;0;0;8;1;A01
201700030432;2;7;0;0;1;6;1;A01
201700030433;2;7;0;1;0;2;14;A01
201700030434;1;7;0;0;1;7;1;A01
201700030435;2;7;0;0;2;3;1;B01
201700030435;1;33;0;0;2;1;21;A01
201700030436;1;7;0;0;2;3;1;B01
201700030436;2;30;0;0;2;1;1;A01
201700030437;2;7;0;0;2;4;2;C01
201700030437;2;7;0;0;2;4;2;B01
201700030437;2;7;0;0;2;1;2;A01
201700030438;2;7;0;0;2;1;2;A01
201700030438;2;33;0;0;2;4;2;B01
201700030439;2;30;0;0;2;1;2;A01
201700030439;2;10;0;0;2;6;2;B01
201700030440;1;7;0;0;1;2;1;A01
201700030441;2;7;0;0;1;2;1;A01
201700030442;2;33;0;0;2;1;17;B01
201700030442;2;7;0;0;2;6;13;A01
201700030443;2;7;0;0;1;4;4;A01
201700030444;1;7;0;9;4;3;16;A01
201700030444;1;40;4;0;2;1;1;B01
201700030445;2;7;0;0;2;8;1;A01
201700030445;1;1;0;0;2;1;1;B01
201700030446;2;7;0;0;2;4;2;B01
201700030446;2;7;0;0;2;4;2;C01
201700030446;2;7;0;0;2;4;2;D01
201700030446;2;7;0;0;2;1;2;A01
201700030447;1;7;0;0;1;2;14;Z01
201700030448;2;1;0;0;1;1;1;A01
201700030449;2;37;1;0;2;4;2;B01
201700030449;2;7;0;0;2;1;2;A01
201700030450;1;7;0;0;2;1;15;A01
201700030450;2;1;0;0;2;8;1;B01
201700030451;2;10;0;0;2;1;2;A01
201700030451;2;7;0;0;2;4;2;B01
201700030452;1;7;0;0;2;3;13;A01
201700030452;1;30;0;0;2;1;13;B01
201700030453;2;7;0;0;2;1;2;A01
201700030453;2;7;0;0;2;4;2;C01
201700030453;2;7;0;0;2;1;2;B01
201700030454;1;7;0;0;2;2;1;B01
201700030454;2;7;0;0;2;1;9;A01
201700030455;2;7;0;0;2;1;2;A01
201700030455;2;7;0;0;1;1;23;B01