num_acc;senc;catv;occutc;obs;obsm;choc;manv;num_veh
201700030456;2;1;0;0;2;1;1;A01
201700030456;1;37;1;0;2;2;1;B01
201700030457;1;30;0;0;2;5;1;B01
201700030457;1;7;0;0;2;3;9;A01
201700030458;1;7;0;0;1;0;1;Z01
201700030459;1;7;0;1;0;3;1;A01
201700030460;1;7;0;0;1;2;1;A01
201700030461;1;7;0;0;1;2;1;A01
201700030462;2;7;0;0;2;4;2;B01
201700030462;2;7;0;0;2;1;2;Z01
201700030463;1;30;0;0;2;1;1;B01
201700030463;2;7;0;0;2;6;1;A01
201700030464;2;1;0;0;2;8;1;A01
201700030464;1;7;0;0;2;1;1;B01
201700030465;2;7;0;0;1;2;1;A01
201700030466;1;1;0;0;2;1;1;B01
201700030466;1;7;0;0;2;3;15;A01
201700030467;2;7;0;0;1;2;15;A01
201700030468;2;7;0;0;2;2;1;B01
201700030468;1;33;0;0;2;8;15;A01
201700030469;2;7;0;0;2;4;2;C01
201700030469;2;7;0;0;2;1;2;A01
201700030469;2;7;0;0;2;4;2;B01
201700030470;1;1;0;0;2;0;0;B01
201700030470;1;7;0;0;2;0;0;A01
201700030471;1;7;0;0;1;1;1;A01
201700030472;2;7;0;0;2;2;15;A01
201700030472;1;7;0;0;2;3;1;B01
201700030473;2;33;0;0;2;1;21;A01
201700030473;2;7;0;0;2;7;16;B01
201700030474;2;30;0;14;0;7;21;A01
201700030475;1;1;0;0;2;1;1;B01
201700030475;2;7;0;0;2;2;1;A01
201700030476;2;7;0;0;2;4;2;B01
201700030476;2;33;0;0;2;1;2;A01
201700030477;1;33;0;0;2;1;1;B01
201700030477;2;7;0;0;2;2;1;A01
201700030478;2;7;0;0;2;1;2;A01
201700030478;2;7;0;0;2;4;2;B01
201700030479;2;7;0;0;2;2;20;A01
201700030479;1;34;0;0;2;1;1;B01
201700030480;2;7;0;0;2;1;15;A01
201700030480;1;33;0;0;2;8;1;B01
201700030481;2;10;0;0;1;3;15;A01
201700030482;2;37;1;0;2;8;1;B01
201700030482;2;13;0;0;2;2;10;A01
201700030483;2;7;0;0;1;1;15;A01
201700030484;1;7;0;0;1;1;16;A01
201700030485;1;7;0;0;1;3;9;A01
201700030486;1;7;0;0;2;3;1;B01
201700030486;2;1;0;0;2;1;1;A01
201700030487;2;7;0;0;2;1;2;A01
201700030487;2;1;0;0;2;4;2;B01
201700030488;2;1;0;0;2;1;5;A01
201700030488;1;7;0;0;2;1;1;B01
201700030489;2;31;0;0;1;0;1;Z01
201700030490;2;10;0;0;2;3;1;A01
201700030490;2;30;0;0;2;1;1;B01
201700030491;2;7;0;0;2;5;15;Z01
201700030491;1;33;0;0;2;1;1;B01
201700030492;2;7;0;0;2;5;1;A01
201700030492;2;7;0;0;2;1;1;B01
201700030493;2;33;0;0;1;1;1;A01
201700030494;2;7;0;0;1;2;10;A01
201700030495;1;1;0;0;2;8;1;B01
201700030495;2;7;0;0;2;1;1;A01
201700030496;2;7;0;0;1;3;1;A01
201700030497;1;7;0;0;2;1;2;A01
201700030497;1;33;0;0;2;4;1;B01
201700030498;2;10;0;0;1;1;21;A01
201700030499;2;7;0;0;2;2;1;A01
201700030499;2;7;0;0;2;1;1;B01
201700030500;2;7;0;0;2;1;2;A01
201700030500;2;7;0;0;2;4;2;B01
201700030501;2;34;0;0;2;1;1;A01
201700030501;1;7;0;0;2;3;1;B01
201700030502;2;7;0;0;2;4;2;B01
201700030502;2;37;1;0;2;1;2;A01
201700030503;2;1;0;0;2;1;1;A01
201700030503;2;7;0;0;2;3;1;B01
201700030504;2;7;0;0;2;7;1;B01
201700030504;2;30;0;0;2;8;13;A01
201700030505;2;7;0;0;2;2;1;B01
201700030505;2;7;0;0;2;1;1;Z01
201700030506;2;7;0;0;1;2;15;A01
201700030507;2;7;0;0;2;7;1;A01
201700030507;1;31;0;0;2;1;1;B01
201700030508;1;7;0;0;1;3;1;A01
201700030509;1;7;0;0;2;8;15;B01
201700030509;1;2;0;0;2;1;17;A01
201700030510;2;7;0;0;2;7;17;Z01
201700030510;2;30;0;0;2;8;1;B01
201700030511;2;30;0;0;2;8;21;B01
201700030511;1;7;0;0;2;0;1;Z01
201700030512;2;7;0;0;2;1;1;A01
201700030512;2;7;0;0;2;6;1;B01
201700030513;2;7;0;0;1;3;1;A01
201700030514;2;7;0;0;2;4;2;B01
201700030514;2;7;0;0;2;1;2;Z01
201700030515;2;10;0;0;2;5;16;Z01
201700030515;1;1;0;0;2;1;1;B01
201700030516;2;1;0;0;1;1;1;Z01
201700030517;1;7;0;0;1;3;1;A01
201700030518;2;30;0;0;2;1;1;A01
201700030518;2;7;0;0;2;2;16;B01
201700030519;2;30;0;0;2;1;7;A01
201700030519;2;7;0;0;2;3;1;B01
201700030520;2;7;0;0;2;2;14;A01
201700030521;2;1;0;0;2;8;1;B01
201700030521;2;7;0;0;2;0;14;Z01
201700030522;1;34;0;1;2;1;1;A01
201700030523;1;34;0;1;2;1;1;A01
201700030524;1;7;0;0;2;4;2;B01
201700030524;1;7;0;0;2;1;2;A01
201700030524;1;7;0;0;2;4;2;C01
201700030525;1;7;0;0;2;1;1;B01
201700030525;2;7;0;0;2;2;15;A01
201700030526;2;1;0;0;2;1;1;A01
201700030526;1;7;0;0;2;1;15;B01
201700030527;2;7;0;0;2;0;0;Z01
201700030527;2;7;0;0;2;7;1;B01
201700030528;1;7;0;0;2;1;2;A01
201700030528;1;7;0;0;2;4;2;B01
201700030528;1;7;0;0;2;4;2;C01
201700030529;2;1;0;0;2;1;1;B01
201700030529;2;10;0;0;2;2;16;A01
201700030530;1;7;0;0;2;1;1;A01
201700030530;1;10;0;0;2;1;1;B01
201700030531;2;7;0;1;0;3;13;A01
201700030532;1;1;0;0;2;1;7;A01
201700030532;1;7;0;0;9;6;15;B01
201700030533;1;7;0;0;9;7;16;B01
201700030533;1;30;0;0;2;1;1;A01
201700030534;2;10;0;0;2;4;20;A01
201700030534;1;30;0;0;2;1;1;B01
201700030535;2;7;0;0;2;1;2;A01
201700030535;2;7;0;0;2;4;2;B01
201700030535;2;7;0;0;2;4;2;C01
201700030536;2;7;0;0;1;1;1;A01
201700030537;1;7;0;0;2;1;1;A01
201700030537;2;7;0;0;2;7;1;B01
201700030538;2;7;0;0;1;6;20;A01
201700030539;1;7;0;0;2;8;1;A01
201700030539;2;7;0;0;2;1;1;B01
201700030540;2;7;0;0;2;3;1;A01
201700030540;1;31;0;0;2;1;1;B01
201700030541;2;7;0;0;2;1;1;A01
201700030541;1;7;0;0;2;2;1;B01
201700030542;2;7;0;0;2;4;2;B01
201700030542;2;7;0;0;2;1;2;A01
201700030543;1;7;0;0;2;4;2;B01
201700030543;1;7;0;0;2;1;2;Z01
201700030544;1;7;0;0;2;7;1;B01
201700030544;2;7;0;0;2;1;1;A01
201700030545;1;7;0;0;1;1;15;A01
201700030546;1;7;0;0;2;1;1;B01
201700030546;2;7;0;0;2;1;15;A01
201700030547;1;1;0;0;2;1;1;B01
201700030547;2;1;0;0;2;7;15;A01
201700030548;2;7;0;0;1;1;15;A01
201700030549;1;7;0;8;0;1;1;A01
201700030550;1;30;0;0;2;1;1;A01
201700030550;1;7;0;0;9;2;16;B01
201700030551;1;7;0;0;1;1;15;A01
201700030552;1;7;0;0;2;7;17;A01
201700030552;1;10;0;0;2;1;10;B01
201700030553;1;7;0;0;2;2;1;B01
201700030553;1;7;0;0;2;3;13;A01
201700030554;1;7;0;0;2;1;1;A01
201700030554;1;7;0;0;2;4;1;B01
201700030555;1;30;0;0;2;1;21;A01
201700030555;1;7;0;0;9;2;16;B01
201700030556;1;7;0;0;9;2;1;A01
201700030556;1;1;0;0;2;1;1;B01
201700030557;1;7;0;0;2;4;1;B01
201700030557;1;7;0;0;2;0;1;Z01
201700030558;1;7;0;0;9;0;11;Z01
201700030558;1;33;0;0;2;8;1;B01
201700030559;1;7;0;0;9;5;16;A01
201700030559;1;33;0;0;2;1;1;B01
201700030560;1;30;0;0;1;1;1;A01
201700030561;1;7;0;0;1;1;1;A01
201700030562;1;7;0;0;2;8;10;A01
201700030562;1;7;0;0;2;1;1;B01
201700030563;1;7;0;0;2;1;15;A01
201700030563;1;7;0;0;2;1;1;B01
201700030564;1;7;0;0;1;1;1;A01
201700030565;1;7;0;0;2;3;1;B01
201700030565;1;7;0;0;2;3;1;A01
201700030566;1;7;0;0;9;0;16;Z01
201700030566;1;30;0;0;2;1;1;B01
201700030567;1;7;0;0;1;1;16;Z01
201700030568;1;7;0;0;1;3;15;A01
201700030569;1;1;0;0;2;1;14;B01
201700030569;1;7;0;0;9;1;1;A01
201700030570;1;7;0;0;2;1;15;A01
201700030570;1;33;0;0;2;1;1;B01
201700030571;2;7;0;0;1;1;1;A01
201700030572;2;7;0;0;1;3;1;A01
201700030573;1;7;0;0;2;7;1;B01
201700030573;1;7;0;0;2;3;9;A01
201700030574;2;7;0;0;2;4;2;B01
201700030574;2;7;0;0;2;1;2;A01
201700030575;2;1;0;1;0;1;1;B01
201700030576;1;7;0;0;1;1;1;A01
201700030577;2;32;0;0;2;1;1;B01
201700030577;1;7;0;0;2;3;15;A01
201700030578;2;7;0;0;2;1;1;E01
201700030578;2;7;0;0;2;2;1;D01
201700030578;2;7;0;0;2;5;1;C01
201700030578;2;7;0;0;2;0;13;Z01
201700030578;2;33;0;0;2;1;21;B01
201700030579;1;7;0;0;1;0;1;Z01
201700030580;2;7;0;0;1;0;1;Z01
201700030581;2;7;0;0;1;1;16;A01
201700030582;1;1;0;0;2;8;1;B01
201700030582;1;7;0;0;2;7;17;A01
201700030583;1;7;0;0;1;3;1;A01
201700030584;1;7;0;0;1;1;15;A01
201700030585;2;10;0;0;1;7;21;A01
201700030586;1;30;0;0;1;1;1;A01
201700030587;2;7;0;0;1;4;1;B01
201700030587;2;7;0;0;2;1;2;A01
201700030588;1;7;0;0;2;3;9;A01
201700030588;2;1;0;0;2;1;1;B01
201700030589;2;1;0;0;2;8;1;A01
201700030589;1;7;0;0;2;2;1;B01
201700030590;1;7;0;0;1;2;1;A01
201700030591;1;7;0;0;2;1;2;A01
201700030591;1;7;0;0;2;4;2;B01
201700030591;1;7;0;0;2;4;2;C01
201700030592;2;7;0;0;2;2;15;A01
201700030592;2;10;0;0;2;3;1;B01
201700030593;1;7;0;0;2;4;2;C01
201700030593;1;7;0;0;2;1;2;B01
201700030593;1;7;0;0;2;1;2;A01
201700030594;1;33;0;0;2;7;1;B01
201700030594;1;7;0;0;2;0;13;Z01
201700030595;2;7;0;0;2;1;2;Z01
201700030595;2;7;0;0;2;4;2;B01
201700030596;2;7;0;0;1;3;1;A01
201700030597;1;7;0;0;2;1;9;A01
201700030597;2;7;0;1;2;2;1;B01
201700030598;2;7;0;0;1;4;4;Z01
201700030599;2;3;0;0;1;1;1;A01
201700030600;1;7;0;9;2;5;1;A01
201700030600;2;7;0;0;2;1;1;B01
201700030601;2;7;0;0;2;1;2;A01
201700030601;2;7;0;0;2;4;2;D01
201700030601;2;7;0;0;2;4;2;C01
201700030601;2;7;0;0;2;4;2;B01
201700030602;1;7;0;0;2;1;2;A01
201700030602;1;7;0;0;2;4;2;C01
201700030602;1;7;0;0;2;4;2;B01
201700030603;2;7;0;0;2;2;16;B01
201700030603;2;30;0;0;2;1;1;A01
201700030604;1;1;0;0;2;1;5;A01
201700030604;1;7;0;0;2;2;16;B01
201700030605;2;1;0;0;2;8;13;A01
201700030605;2;7;0;0;2;7;1;B01
201700030606;2;7;0;0;2;1;1;B01
201700030606;1;7;0;14;2;8;5;A01
201700030607;2;7;0;0;1;1;1;A01
201700030608;1;7;0;1;0;2;14;A01
201700030609;2;1;0;0;2;1;1;C01
201700030609;1;7;0;0;2;8;17;A01
201700030609;1;7;0;0;2;8;1;B01
201700030610;1;38;1;5;1;7;16;A01
201700030611;1;7;0;0;2;6;18;C01
201700030611;2;7;0;0;2;1;13;A01
201700030611;1;7;0;0;2;1;1;B01
201700030612;1;7;0;0;1;1;1;A01
201700030613;2;2;0;0;2;1;7;A01
201700030613;2;7;0;0;2;3;15;B01
201700030614;2;7;0;0;1;0;1;Z01
201700030615;1;7;0;0;2;2;1;B01
201700030615;2;7;0;0;2;2;13;A01
201700030616;1;7;0;0;2;1;2;A01
201700030616;1;7;0;0;2;4;2;B01
201700030617;1;7;0;0;2;1;2;A01
201700030617;1;7;0;0;2;4;2;B01
201700030618;2;7;0;0;1;1;1;A01
201700030619;2;1;0;0;2;1;1;B01
201700030619;1;7;0;0;2;7;15;A01
201700030620;2;7;0;0;2;7;1;A01
201700030620;1;7;0;0;2;1;1;B01
201700030621;2;7;0;0;2;5;1;A01
201700030621;1;7;0;0;2;1;1;B01
201700030622;1;7;0;0;9;1;1;B01
201700030622;1;1;0;1;2;1;1;A01
201700030623;1;1;0;0;1;1;7;A01
201700030624;1;7;0;0;1;7;1;A01
201700030625;1;7;0;0;1;0;0;Z01
201700030626;1;7;0;0;1;0;0;Z01
201700030627;1;7;0;0;2;1;1;B01
201700030627;1;7;0;0;2;0;9;Z01
201700030628;2;7;0;0;2;4;2;B01
201700030628;2;30;0;0;2;1;2;A01
201700030629;1;1;0;0;2;8;1;B01
201700030629;2;7;0;0;2;3;15;A01
201700030630;1;1;0;0;9;1;1;B01
201700030630;1;1;0;0;9;1;5;Z01
201700030631;2;37;1;0;1;0;1;Z01
201700030632;1;7;0;0;2;2;16;B01
201700030632;1;30;0;0;2;1;18;A01
201700030633;2;7;0;0;1;1;1;A01
201700030634;2;7;0;0;2;1;2;A01
201700030634;2;7;0;0;2;4;2;B01
201700030635;2;7;0;0;2;3;15;A01
201700030635;1;30;0;0;2;1;1;B01
201700030636;2;7;0;0;2;2;16;A01
201700030636;2;37;7;0;2;3;7;B01
201700030637;2;1;0;0;2;8;19;B01
201700030637;1;7;0;0;2;1;1;A01
201700030638;1;30;0;0;2;1;1;A01
201700030638;1;7;0;0;9;1;1;B01
201700030639;1;7;0;0;1;3;15;A01
201700030640;1;7;0;0;2;1;2;A01
201700030640;1;7;0;0;2;4;2;B01
201700030641;1;7;0;0;2;4;23;B01
201700030641;1;37;1;0;2;1;2;A01
201700030642;2;7;0;0;2;2;15;A01
201700030642;1;2;0;0;2;1;5;B01
201700030643;1;7;0;8;0;1;16;A01
201700030644;1;1;0;0;2;1;19;B01
201700030645;1;7;0;0;2;3;1;B01
201700030645;2;7;0;0;2;7;19;A01
201700030646;2;7;0;0;1;1;15;A01
201700030647;1;7;0;0;2;1;1;A01
201700030647;1;7;0;0;2;7;16;B01
201700030648;1;7;0;0;1;1;1;A01
201700030649;1;7;0;0;2;4;1;C01
201700030649;1;7;0;0;2;1;1;A01
201700030649;1;7;0;0;2;4;1;B01
201700030650;1;7;0;0;1;1;15;A01
201700030651;1;7;0;0;2;1;9;A01
201700030651;1;7;0;0;2;7;1;B01
201700030652;1;7;0;0;2;1;2;A01
201700030652;1;7;0;0;2;4;2;B01
201700030653;1;7;0;0;2;1;2;Z01
201700030653;1;7;0;0;2;4;23;C01
201700030653;1;7;0;0;2;4;23;B01
201700030654;1;7;0;0;1;1;1;Z01
201700030655;1;7;0;0;1;7;16;A01
201700030656;1;7;0;0;1;2;15;A01
201700030657;1;7;0;0;2;7;1;B01
201700030657;1;7;0;0;2;3;1;A01
201700030658;1;7;0;0;2;1;1;B01
201700030658;1;7;0;0;2;1;1;A01
201700030659;1;40;2;0;1;2;1;B01
201700030659;1;7;0;0;4;2;11;A01
201700030660;1;10;0;8;1;0;1;A01
201700030661;1;7;0;0;1;0;1;A01
201700030662;1;7;0;0;2;1;2;B01
201700030662;1;7;0;0;2;4;1;A01
201700030663;1;7;0;0;1;0;19;A01
201700030664;1;7;0;0;2;1;13;A01
201700030664;1;30;0;0;2;9;1;B01
201700030665;1;7;0;0;2;4;1;C01
201700030665;1;7;0;0;2;1;2;A01
201700030665;1;7;0;0;2;9;1;B01
201700030666;1;7;0;1;1;1;13;A01
201700030667;1;7;0;0;2;4;2;C01
201700030667;1;7;0;0;2;1;2;A01
201700030667;1;7;0;0;2;4;2;B01
201700030668;1;7;0;0;1;3;15;A01
201700030669;0;7;0;0;1;3;1;B01
201700030669;1;7;0;0;1;3;1;A01
201700030670;1;7;0;0;1;3;1;A01
201700030671;2;7;0;5;0;1;1;A01
201700030672;1;10;0;0;2;1;2;A01
201700030672;1;7;0;0;2;1;23;B01
201700030672;1;7;0;0;2;4;23;C01
201700030673;1;7;0;0;2;2;1;B01
201700030673;1;7;0;0;2;3;0;A01
201700030674;1;7;0;0;2;2;1;B01
201700030674;1;7;0;0;2;2;15;A01
201700030675;1;7;0;0;2;3;10;B01
201700030675;1;7;0;0;2;5;1;A01
201700030676;1;7;0;0;1;1;16;A01
201700030677;1;7;0;0;2;4;1;B01
201700030677;1;7;0;0;2;1;1;A01
201700030678;1;7;0;0;1;0;0;A01
201700030679;1;7;0;0;2;4;1;B01
201700030679;1;7;0;0;2;1;1;A01
201700030680;1;7;0;0;1;2;1;A01
201700030681;2;7;0;15;1;2;1;A01
201700030682;2;7;0;1;0;2;14;A01
201700030683;2;30;0;0;2;1;0;B01
201700030683;1;7;0;0;2;4;4;A01
201700030684;1;7;0;0;1;3;1;A01
201700030685;0;7;0;0;2;3;23;C01
201700030685;1;7;0;0;2;1;21;B01
201700030685;0;7;0;16;2;3;19;A01
201700030686;1;7;0;0;1;2;16;A01
201700030687;1;31;0;0;2;1;17;A01
201700030687;1;7;0;0;2;4;2;B01
201700030688;1;30;0;12;0;3;13;A01
201700030689;1;7;0;8;0;1;13;A01
201700030690;1;7;0;0;2;1;2;B01
201700030690;1;34;0;0;2;8;19;A01
201700030691;2;7;0;0;2;2;19;A01
201700030691;2;7;0;0;2;7;1;B01
201700030692;1;7;0;0;1;2;0;A01
201700030693;1;7;0;0;2;1;19;A01
201700030693;1;7;0;0;2;4;23;B01
201700030694;1;7;0;0;1;3;15;A01
201700030695;1;7;0;0;2;3;1;B01
201700030695;2;7;0;0;2;1;15;A01
201700030696;2;7;0;0;2;1;1;A01
201700030696;1;7;0;0;2;2;1;B01
201700030697;2;7;0;0;2;1;1;B01
201700030697;2;7;0;0;2;2;19;A01
201700030698;1;7;0;0;2;6;1;B01
201700030698;0;7;0;0;2;2;9;A01
201700030699;2;7;0;0;1;3;19;A01
201700030700;1;10;0;0;2;3;13;A01
201700030700;2;7;0;0;2;3;1;B01
201700030701;0;7;0;0;1;1;1;A01
201700030702;1;7;0;0;1;4;4;A01
201700030703;1;7;0;0;1;3;9;A01
201700030704;2;7;0;0;1;3;1;A01
201700030705;1;7;0;13;0;9;1;A01
201700030706;1;7;0;0;2;6;9;A01
201700030706;2;33;0;0;2;2;1;B01
201700030707;1;34;0;12;2;1;1;B01
201700030707;1;7;0;0;2;2;20;A01
201700030708;2;7;0;0;2;8;19;A01
201700030708;1;7;0;0;2;1;1;B01
201700030708;2;7;0;0;2;1;1;C01
201700030709;2;33;0;0;0;7;1;A01
201700030710;1;7;0;12;0;0;1;A01
201700030711;2;7;0;2;0;1;1;A01
201700030712;1;7;0;0;1;8;1;A01
201700030713;2;7;0;0;1;2;16;A01
201700030714;1;7;0;0;1;3;1;A01
201700030715;0;7;0;0;2;2;15;A01
201700030715;1;33;0;0;2;1;1;B01
201700030716;0;7;0;0;1;2;20;A01
201700030717;2;7;0;0;1;1;1;A01
201700030718;2;7;0;0;1;1;15;A01
201700030719;2;7;0;0;2;3;1;B01
201700030719;1;7;0;0;2;1;13;A01
201700030720;1;30;0;0;1;1;17;A01
201700030721;1;10;0;0;1;7;1;A01
201700030722;1;3;0;15;0;1;9;A01
201700030723;2;7;0;2;2;8;1;A01
201700030723;1;7;0;0;2;8;1;B01
201700030724;2;7;0;0;2;1;9;B01
201700030724;1;2;0;0;2;7;1;A01
201700030725;0;7;0;0;1;5;20;A01
201700030726;1;7;0;15;1;4;20;A01
201700030727;2;33;0;0;2;1;9;B01
201700030727;2;14;0;0;2;8;9;A01
201700030728;1;7;0;6;0;1;0;A01
201700030729;2;7;0;8;0;1;14;A01
201700030730;1;7;0;0;2;8;1;D01
201700030730;1;7;0;0;2;8;1;B01
201700030730;1;7;0;0;2;3;13;A01
201700030731;2;7;0;0;1;1;1;A01
201700030732;1;10;0;7;0;0;13;A01
201700030733;1;7;0;0;1;7;1;A01
201700030734;2;7;0;0;1;2;1;A01
201700030735;1;1;0;0;2;1;1;B01
201700030735;0;10;0;0;2;1;1;A01
201700030736;1;33;0;0;2;1;1;B01
201700030736;2;7;0;0;2;7;15;A01
201700030737;1;7;0;0;2;1;13;A01
201700030737;2;7;0;0;2;1;1;B01
201700030738;1;17;0;0;2;6;13;A01
201700030738;2;15;0;0;2;3;1;B01
201700030739;2;7;0;0;2;6;1;C01
201700030739;1;10;0;0;2;3;23;B01
201700030739;2;7;0;0;2;3;13;A01
201700030740;1;7;0;2;0;8;19;A01
201700030741;1;7;0;0;1;1;0;A01
201700030742;2;7;0;0;2;8;1;B01
201700030742;1;7;0;0;2;2;13;A01
201700030742;2;7;0;0;2;1;1;C01
201700030743;2;33;0;0;2;8;15;B01
201700030743;1;7;0;0;2;3;15;A01
201700030744;0;7;0;0;1;4;4;A01
201700030745;2;1;0;0;2;7;1;B01
201700030745;2;7;0;0;2;8;24;A01
201700030746;2;7;0;0;1;1;1;A01
201700030747;2;1;0;0;2;7;19;A01
201700030747;1;7;0;0;2;1;1;B01
201700030748;1;7;0;0;1;3;1;A01
201700030749;1;7;0;0;2;3;1;B01
201700030749;1;7;0;0;2;2;1;A01
201700030750;1;7;0;0;1;1;1;A01
201700030751;0;7;0;2;0;1;1;A01
201700030752;1;7;0;14;0;1;1;A01
201700030753;2;7;0;0;1;1;1;A01
201700030754;1;7;0;0;2;4;2;C01
201700030754;1;7;0;0;2;4;2;B01
201700030754;1;7;0;0;2;1;2;A01
201700030755;2;7;0;0;2;1;1;A01
201700030755;0;7;0;0;2;5;1;B01
201700030756;1;30;0;1;0;1;18;A01
201700030757;2;7;0;0;2;1;2;A01
201700030757;2;7;0;0;1;4;2;B01
201700030758;2;30;0;0;0;0;1;A01
201700030759;1;7;0;0;2;4;1;B01
201700030759;1;7;0;0;2;4;1;C01
201700030759;1;7;0;0;2;1;1;A01
201700030760;2;2;0;0;2;1;2;A01
201700030760;2;7;0;0;2;4;1;B01
201700030761;2;7;0;0;2;1;19;A01
201700030761;1;7;0;0;2;2;1;B01
201700030762;1;7;0;0;2;1;9;A01
201700030762;1;30;0;0;2;7;1;B01
201700030763;1;33;0;0;0;1;1;A01
201700030764;1;7;0;0;2;1;9;A01
201700030764;1;30;0;0;2;2;1;B01
201700030765;2;7;0;0;2;4;23;B01
201700030765;2;7;0;0;2;1;2;A01
201700030766;0;7;0;15;0;3;0;A01
201700030767;1;7;0;0;2;2;13;A01
201700030767;2;7;0;0;2;1;1;C01
201700030767;1;7;0;0;2;7;1;B01
201700030768;2;7;0;0;2;1;2;A01
201700030768;2;7;0;0;2;4;2;B01
201700030769;1;7;0;2;0;1;1;A01
201700030770;1;7;0;0;2;2;16;A01
201700030770;1;1;0;0;2;1;1;B01
201700030771;1;33;0;0;2;1;1;B01
201700030771;2;7;0;0;2;2;15;A01
201700030772;1;1;0;0;2;8;16;A01
201700030772;1;31;0;0;2;1;1;B01
201700030773;1;14;0;0;2;1;2;A01
201700030773;1;7;0;0;2;6;1;B01
201700030774;0;2;0;8;0;0;0;A01
201700030775;0;7;0;0;2;1;1;B01
201700030775;0;7;0;0;2;2;13;A01
201700030776;2;7;0;0;2;3;0;A01
201700030776;2;16;0;0;2;0;0;B01
201700030777;0;7;0;2;0;0;0;A01
201700030778;1;37;1;0;2;7;15;B01
201700030778;2;7;0;0;2;1;1;A01
201700030779;1;30;0;0;2;4;2;B01
201700030779;1;7;0;0;2;1;2;A01
201700030780;2;7;0;0;2;7;7;A01
201700030780;2;1;0;0;2;6;2;B01
201700030781;0;7;0;14;1;1;1;A01
201700030782;0;7;0;0;1;4;20;A01
201700030783;1;30;0;0;0;0;0;A01
201700030783;2;7;0;0;2;4;0;B01
201700030784;1;7;0;0;1;1;1;A01
201700030785;1;7;0;0;2;1;1;B01
201700030785;2;37;1;0;2;6;0;C01
201700030785;2;7;0;0;2;1;17;A01
201700030786;1;10;0;7;0;1;1;A01
201700030787;1;7;0;0;2;3;10;A01
201700030787;1;33;0;0;2;1;1;B01
201700030788;1;7;0;13;0;1;1;A01
201700030789;2;7;0;0;2;1;2;A01
201700030789;2;7;0;0;2;4;1;B01
201700030790;2;7;0;0;1;1;1;A01
201700030790;2;7;0;0;2;1;2;B01
201700030791;1;1;0;0;2;2;15;B01
201700030791;2;7;0;0;2;3;1;A01
201700030792;2;7;0;0;2;1;13;B01
201700030792;1;30;0;0;2;1;13;A01
201700030793;2;33;0;14;0;1;1;A01
201700030794;0;30;0;2;0;1;1;A01
201700030795;2;7;0;0;2;3;1;A01
201700030795;2;33;0;0;2;2;1;B01
201700030796;2;30;0;0;0;0;0;A01
201700030797;1;2;0;0;0;0;15;A01
201700030798;2;33;0;2;0;1;13;A01
201700030799;2;1;0;0;2;0;0;B01
201700030799;2;7;0;0;2;0;0;A01
201700030800;1;2;0;0;0;0;1;A01
201700030801;1;10;0;12;0;8;13;A01
201700030802;0;7;0;0;1;2;1;A01
201700030803;1;31;0;0;2;1;2;A01
201700030803;0;7;0;0;0;0;0;B01
201700030804;2;7;0;0;2;1;2;A01
201700030804;2;7;0;0;2;4;1;B01
201700030805;0;7;0;0;2;0;0;A01
201700030805;0;33;0;0;2;0;0;B01
201700030805;0;7;0;0;2;0;0;C01
201700030806;2;7;0;0;2;1;2;A01
201700030806;2;7;0;0;2;4;1;B01
201700030807;1;33;0;0;0;0;16;A01
201700030808;2;30;0;0;2;3;1;A01
201700030808;1;7;0;0;2;2;1;B01
201700030809;1;7;0;0;2;2;1;B01
201700030809;2;7;0;0;2;2;6;A01
201700030810;0;7;0;0;1;0;0;A01
201700030811;0;30;0;0;2;1;0;A01
201700030811;0;7;0;0;2;2;1;B01
201700030812;0;33;0;16;0;0;1;A01
201700030813;0;7;0;0;1;0;0;A01
201700030814;0;7;0;0;2;2;0;A01
201700030814;0;2;0;0;2;1;1;B01
201700030815;1;7;0;0;2;1;2;A01
201700030815;1;7;0;0;2;4;1;B01
201700030816;1;30;0;12;0;1;1;A01
201700030817;1;7;0;0;2;8;1;B01
201700030817;2;2;0;0;2;1;5;A01
201700030818;1;7;0;13;0;9;1;A01
201700030819;0;7;0;0;1;4;20;A01
201700030820;0;7;0;2;0;1;20;A01
201700030821;1;7;0;13;0;7;1;A01
201700030822;2;7;0;0;2;8;15;B01
201700030822;2;30;0;0;2;1;1;A01
201700030823;1;7;0;0;1;1;16;A01
201700030824;1;7;0;0;2;1;2;A01
201700030824;1;7;0;0;2;4;1;B01
201700030825;2;33;0;0;2;4;2;B01
201700030825;2;7;0;0;2;1;1;A01
201700030826;0;7;0;0;9;0;1;A01
201700030827;1;30;0;0;2;7;1;B01
201700030827;1;7;0;0;2;1;19;A01
201700030828;2;7;0;7;0;3;14;A01
201700030829;2;10;0;0;1;7;1;A01
201700030830;0;7;0;0;2;2;1;A01
201700030830;0;10;0;0;2;4;20;B01
201700030831;0;7;0;2;0;1;14;A01
201700030832;2;7;0;0;2;0;0;A01
201700030832;1;1;0;0;2;0;0;B01
201700030833;2;7;0;0;2;1;2;A01
201700030833;2;30;0;0;2;4;16;B01
201700030834;1;7;0;0;2;1;2;A01
201700030834;1;7;0;0;2;4;16;B01
201700030835;1;7;0;0;2;1;2;A01
201700030835;1;7;0;0;2;4;2;B01
201700030835;1;7;0;0;2;4;2;C01
201700030835;1;7;0;0;2;4;2;D01
201700030836;0;7;0;0;2;0;1;B01
201700030836;0;7;0;0;2;8;1;A01
201700030837;0;3;0;0;2;1;15;A01