num_acc;senc;catv;occutc;obs;obsm;choc;manv;num_veh
201700031233;1;1;0;0;2;1;1;B01
201700031233;1;7;0;0;9;1;9;A01
201700031234;1;7;0;0;1;3;1;A01
201700031235;1;7;0;3;2;1;1;C01
201700031235;1;7;0;0;2;1;13;A01
201700031235;2;15;0;3;2;1;1;B01
201700031236;1;7;0;0;2;7;1;A01
201700031236;1;2;0;0;2;1;9;B01
201700031237;1;1;0;0;2;1;5;A01
201700031237;2;7;0;0;2;2;23;B01
201700031238;1;7;0;0;1;7;1;A01
201700031239;1;37;1;0;1;2;0;A01
201700031240;1;1;0;0;2;7;19;B01
201700031240;1;10;0;0;9;1;16;A01
201700031241;1;7;0;0;1;1;16;A01
201700031242;2;7;0;0;9;5;15;A01
201700031242;1;1;0;0;2;1;1;B01
201700031243;1;7;0;0;2;3;9;A01
201700031243;1;33;0;0;2;4;2;B01
201700031244;1;7;0;0;2;1;2;A01
201700031244;1;33;0;0;2;4;2;B01
201700031245;1;7;0;0;1;2;1;A01
201700031246;1;7;0;0;1;3;1;A01
201700031247;1;7;0;0;1;7;21;A01
201700031248;2;10;0;0;2;3;9;A01
201700031248;1;13;0;0;2;2;1;B01
201700031249;1;7;0;0;2;3;13;A01
201700031249;1;7;0;0;2;7;1;B01
201700031250;1;7;0;0;2;4;2;B01
201700031250;1;7;0;0;2;1;2;A01
201700031251;2;15;0;0;2;1;1;B01
201700031251;1;7;0;0;2;8;9;A01
201700031252;1;7;0;0;1;2;1;A01
201700031253;2;7;0;0;1;3;1;A01
201700031254;2;7;0;0;1;3;1;A01
201700031255;2;7;0;0;2;8;1;B01
201700031255;2;7;0;0;2;1;16;A01
201700031256;1;7;0;0;9;0;16;A01
201700031256;1;36;0;8;0;2;17;B01
201700031256;2;7;0;0;9;0;0;C01
201700031257;1;7;0;0;2;3;16;A01
201700031257;1;2;0;0;2;1;1;B01
201700031258;2;2;0;0;2;1;0;B01
201700031258;1;7;0;0;2;5;19;A01
201700031259;2;7;0;0;2;3;15;B01
201700031259;1;33;0;0;2;1;1;A01
201700031260;1;7;0;0;2;4;2;C01
201700031260;1;7;0;0;2;1;2;A01
201700031260;1;7;0;0;2;1;2;B01
201700031261;1;7;0;0;2;1;1;B01
201700031261;2;2;0;0;2;1;13;A01
201700031262;1;7;0;0;1;1;1;A01
201700031263;2;1;0;1;0;1;24;A01
201700031263;2;17;0;1;9;4;24;B01
201700031264;2;7;0;0;1;1;1;A01
201700031265;2;7;0;8;0;7;14;A01
201700031266;2;1;0;0;1;1;1;A01
201700031267;1;7;0;0;1;1;1;A01
201700031268;1;7;0;0;2;4;2;A01
201700031268;1;1;0;0;2;1;2;B01
201700031269;2;33;0;0;2;1;20;B01
201700031269;2;7;0;0;2;4;20;A01
201700031270;1;7;0;0;2;1;1;A01
201700031270;1;1;0;0;2;1;1;B01
201700031271;2;7;0;0;2;1;13;B01
201700031271;1;17;0;0;2;1;21;A01
201700031272;2;7;0;0;1;2;0;A01
201700031273;1;7;0;8;0;0;1;A01
201700031274;2;7;0;0;1;1;1;A01
201700031275;1;10;0;0;1;1;1;A01
201700031276;1;7;0;0;1;1;0;A01
201700031277;1;7;0;0;1;3;0;A01
201700031278;1;7;0;0;2;1;1;B01
201700031278;2;7;0;0;2;1;17;A01
201700031279;2;7;0;0;2;1;1;B01
201700031279;1;7;0;0;2;3;0;A01
201700031280;1;7;0;0;1;2;1;A01
201700031281;2;7;0;4;0;2;14;A01
201700031282;1;30;0;0;2;1;1;B01
201700031282;1;7;0;0;2;3;9;A01
201700031283;1;7;0;0;1;1;16;A01
201700031284;1;7;0;0;2;1;17;A01
201700031284;1;10;0;0;2;1;1;B01
201700031285;1;7;0;0;2;1;9;A01
201700031285;2;1;0;0;2;2;0;B01
201700031286;1;7;0;0;1;1;1;A01
201700031287;1;7;0;0;1;0;15;A01
201700031288;2;1;0;0;2;7;19;B01
201700031288;1;7;0;0;9;2;16;A01
201700031289;1;1;0;0;2;1;1;B01
201700031289;2;7;0;0;2;3;9;A01
201700031290;1;7;0;0;1;3;0;A01
201700031291;1;7;0;0;1;1;0;A01
201700031292;1;7;0;0;1;3;16;A01
201700031293;1;7;0;0;2;6;0;A01
201700031293;1;33;0;0;2;1;0;B01
201700031294;1;1;0;0;2;3;13;A01
201700031294;1;7;0;0;9;2;0;B01
201700031295;1;7;0;0;9;2;16;A01
201700031295;1;1;0;0;2;4;0;B01
201700031296;1;7;0;0;9;3;9;A01
201700031296;2;1;0;0;2;2;0;B01
201700031297;2;2;0;0;2;3;15;B01
201700031297;2;7;0;0;9;7;17;A01
201700031298;1;10;0;0;2;4;0;B01
201700031298;1;30;0;14;0;1;1;A01
201700031299;1;7;0;0;1;0;0;A01
201700031300;1;33;0;0;2;1;1;B01
201700031300;2;7;0;0;2;5;10;A01
201700031301;1;10;0;1;0;1;15;A01
201700031301;1;7;0;0;2;3;24;B01
201700031302;1;7;0;0;1;2;1;A01
201700031303;2;7;0;0;1;1;1;A01
201700031304;1;1;0;0;2;4;0;B01
201700031304;2;7;0;0;9;1;9;A01
201700031305;1;7;0;6;0;1;13;A01
201700031306;1;7;0;0;9;2;1;A01
201700031306;1;1;0;0;2;8;19;B01
201700031307;2;7;0;0;2;3;1;B01
201700031307;1;7;0;0;2;7;15;A01
201700031308;2;7;0;0;0;9;14;A01
201700031309;2;33;0;0;2;8;1;A01
201700031309;2;7;0;0;0;0;15;B01
201700031310;2;2;0;0;2;1;18;B01
201700031310;2;7;0;0;2;7;16;A01
201700031311;1;2;0;13;0;2;14;A01
201700031312;1;33;0;0;2;1;17;B01
201700031312;1;7;0;0;2;6;0;A01
201700031313;1;10;0;2;0;1;13;A01
201700031314;1;7;0;0;1;1;7;A01
201700031315;1;7;0;2;0;1;14;A01
201700031316;1;7;0;2;0;1;14;A01
201700031317;2;1;0;0;2;1;1;B01
201700031317;1;7;0;0;9;7;15;A01
201700031318;1;37;0;0;1;7;1;A01
201700031319;2;33;0;0;2;1;17;B01
201700031319;2;7;0;0;2;3;10;A01
201700031320;1;7;0;0;1;6;13;A01
201700031321;1;7;0;2;0;1;13;A01
201700031322;2;30;0;0;2;1;1;B01
201700031322;1;7;0;0;2;7;15;A01
201700031323;1;30;0;0;2;1;1;B01
201700031323;2;7;0;0;2;2;15;A01
201700031324;1;7;0;0;1;3;1;A01
201700031325;1;7;0;0;9;1;1;A01
201700031325;2;1;0;0;2;7;19;B01
201700031326;1;7;0;0;2;3;1;B01
201700031326;2;1;0;0;2;7;15;A01
201700031327;1;33;0;0;2;1;17;A01
201700031327;1;7;0;0;2;4;1;B01
201700031328;1;7;0;0;2;1;9;A01
201700031328;1;7;0;0;2;7;0;B01
201700031329;2;1;0;0;2;1;0;B01
201700031329;1;10;0;0;9;1;9;A01
201700031330;2;7;0;0;2;7;1;C01
201700031330;2;7;0;0;2;3;1;B01
201700031330;1;7;0;0;2;3;13;A01
201700031331;1;7;0;0;1;1;1;A01
201700031332;1;7;0;0;2;1;1;A01
201700031332;1;7;0;0;2;4;1;B01
201700031333;1;7;0;0;1;1;15;A01
201700031334;1;10;0;10;0;2;14;A01
201700031335;2;7;0;0;1;2;1;A01
201700031336;1;7;0;0;9;3;15;B01
201700031336;1;1;0;0;2;1;0;A01
201700031337;1;10;0;0;1;1;1;A01
201700031338;2;7;0;0;1;2;1;A01
201700031339;1;10;0;0;1;1;1;A01
201700031340;1;7;0;6;0;2;14;A01
201700031341;1;7;0;0;1;2;1;A01
201700031342;1;7;0;0;9;2;0;A01
201700031342;1;1;0;0;2;1;19;B01
201700031343;1;7;0;1;0;3;24;B01
201700031343;1;7;0;0;1;1;1;A01
201700031344;2;7;0;4;0;3;13;A01
201700031345;1;7;0;0;1;1;16;A01
201700031346;2;7;0;3;0;1;1;A01
201700031347;1;7;0;13;0;2;21;A01
201700031348;2;17;0;0;2;7;5;A01
201700031348;1;7;0;0;2;1;1;B01
201700031349;1;7;0;8;0;1;1;A01
201700031350;1;7;0;0;1;3;1;A01
201700031351;2;7;0;8;0;3;0;A01
201700031352;2;7;0;2;0;9;0;A01
201700031353;1;33;0;12;0;1;1;A01
201700031354;1;33;0;15;0;1;1;A01
201700031355;1;1;0;0;0;0;1;A01
201700031356;2;2;0;13;0;1;1;A01
201700031357;1;33;0;16;0;7;15;A01
201700031358;2;7;0;5;0;2;1;A01
201700031359;2;7;0;1;0;1;0;A01
201700031360;2;7;0;0;2;3;1;A01
201700031360;1;1;0;0;2;6;15;B01
201700031361;0;7;0;0;2;3;10;A01
201700031361;0;30;0;0;2;2;1;B01
201700031362;1;7;0;0;2;3;1;B01
201700031362;2;10;0;0;2;2;15;A01
201700031363;2;10;0;8;9;1;13;A01
201700031363;1;1;0;0;2;1;1;B01
201700031364;0;7;0;13;0;1;1;A01
201700031365;1;3;0;15;0;5;16;A01
201700031366;1;10;0;13;0;1;1;A01
201700031367;2;7;0;0;2;1;2;C01
201700031367;2;7;0;0;2;4;2;A01
201700031367;2;7;0;0;2;1;2;D01
201700031367;2;7;0;0;2;1;2;B01
201700031368;2;7;0;3;2;1;2;B01
201700031368;2;7;0;0;0;4;2;A01
201700031368;2;7;0;0;2;3;2;C01
201700031369;1;7;0;0;0;4;21;C01
201700031369;1;7;0;0;0;4;2;E01
201700031369;1;7;0;0;2;4;2;B01
201700031369;1;7;0;0;2;0;0;A01
201700031369;1;7;0;0;2;1;2;D01
201700031370;1;7;0;0;2;1;2;A01
201700031370;1;17;0;0;0;4;2;B01
201700031371;1;7;0;0;0;9;1;A01
201700031372;2;7;0;0;2;3;13;A01
201700031372;1;10;0;0;2;3;1;B01
201700031373;2;7;0;0;2;3;5;A01
201700031373;1;7;0;0;2;3;5;B01
201700031374;1;7;0;15;0;1;1;A01
201700031375;1;7;0;2;0;8;1;A01
201700031376;2;7;0;0;2;3;13;A01
201700031376;1;10;0;5;2;3;1;B01
201700031377;1;7;0;0;2;3;15;A01
201700031377;1;30;0;0;2;1;1;B01
201700031378;0;33;0;0;2;1;13;A01
201700031378;0;7;0;0;2;1;1;B01
201700031379;1;33;0;0;2;1;1;A01
201700031379;1;7;0;0;2;8;15;B01
201700031380;1;7;0;0;2;3;15;A01
201700031380;2;7;0;0;2;1;1;B01
201700031381;2;7;0;0;2;3;19;A01
201700031381;1;7;0;0;2;2;1;B01
201700031382;1;7;0;0;1;3;1;A01
201700031383;1;1;0;0;0;0;0;B01
201700031383;1;7;0;0;0;0;0;A01
201700031384;1;7;0;0;1;1;0;A01
201700031385;1;7;0;0;1;1;0;A01
201700031386;1;7;0;0;2;7;0;A01
201700031386;1;7;0;0;2;1;0;B01
201700031387;1;7;0;0;1;0;0;A01
201700031388;1;2;0;0;0;0;0;A01
201700031389;1;7;0;0;2;6;4;A01
201700031389;1;7;0;0;2;3;1;B01
201700031390;1;7;0;0;0;9;2;A01
201700031391;0;37;0;0;1;0;0;A01
201700031392;1;7;0;0;1;1;2;A01
201700031393;1;10;0;0;2;1;2;A01
201700031393;1;7;0;0;2;4;2;B01
201700031394;1;7;0;0;2;3;1;B01
201700031394;1;2;0;0;2;2;1;A01
201700031395;1;7;0;0;1;0;15;A01
201700031396;1;7;0;0;2;8;15;A01
201700031396;1;2;0;0;2;2;13;B01
201700031396;2;7;0;0;2;0;24;C01
201700031397;1;7;0;1;0;0;0;A01
201700031397;1;7;0;0;2;7;0;B01
201700031398;1;7;0;0;0;0;0;B01
201700031398;1;99;0;0;0;0;0;A01
201700031399;1;7;0;0;2;0;0;A01
201700031399;1;7;0;0;2;0;0;B01
201700031400;1;7;0;0;1;0;0;A01
201700031401;1;7;0;0;1;0;0;A01
201700031402;1;7;0;0;0;0;0;A01
201700031402;1;7;0;0;0;0;0;B01
201700031403;1;7;0;1;0;0;0;A01
201700031404;1;7;0;0;2;4;2;B01
201700031404;1;7;0;0;2;1;2;A01
201700031405;1;7;0;0;0;0;0;B01
201700031405;1;7;0;0;2;0;2;A01
201700031406;1;7;0;0;2;4;2;B01
201700031406;1;7;0;0;2;1;2;A01
201700031407;1;2;0;16;0;0;0;A01
201700031408;1;7;0;1;0;0;20;A01
201700031409;1;1;0;0;0;0;1;A01
201700031410;0;7;0;0;2;4;2;B01
201700031410;1;7;0;0;2;1;2;A01
201700031411;1;10;0;0;2;1;2;A01
201700031411;1;7;0;0;2;4;2;B01
201700031412;1;7;0;0;2;2;15;A01
201700031412;1;1;0;0;2;0;0;B01
201700031413;1;2;0;0;0;8;0;A01
201700031413;1;7;0;0;0;0;0;Z01
201700031414;1;2;0;0;0;0;0;A01
201700031415;1;10;0;0;2;0;0;B01
201700031415;1;7;0;0;2;0;0;A01
201700031416;1;7;0;0;2;4;2;B01
201700031416;1;10;0;0;2;1;2;A01
201700031417;1;10;0;0;1;7;1;A01
201700031418;1;2;0;0;2;1;2;A01
201700031418;1;7;0;0;2;4;0;B01
201700031419;1;1;0;0;0;0;0;A01
201700031420;1;2;0;0;2;7;9;A01
201700031420;1;10;0;0;2;3;1;B01
201700031421;2;31;0;1;2;1;17;A01
201700031421;1;7;0;1;2;1;15;B01
201700031422;1;34;0;16;0;0;21;A01
201700031423;1;1;0;6;0;1;1;A01
201700031424;2;31;0;0;2;2;9;A01
201700031424;1;7;0;0;2;3;15;B01
201700031425;1;31;0;0;2;3;15;B01
201700031425;2;7;0;0;2;3;16;A01
201700031426;2;33;0;0;2;1;1;B01
201700031426;1;37;0;0;2;2;15;A01
201700031427;1;7;0;0;2;1;2;A01
201700031427;1;7;0;0;9;4;2;B01
201700031428;1;1;0;0;2;4;1;B01
201700031428;1;7;0;0;2;1;9;A01
201700031429;1;14;0;0;1;1;16;A01
201700031430;1;7;0;0;2;1;15;B01
201700031430;1;1;0;0;2;1;1;A01
201700031431;1;7;0;1;0;4;2;A01
201700031432;1;34;0;0;2;1;2;A01
201700031432;1;7;0;0;2;4;23;B01
201700031433;1;7;0;0;2;8;15;B01
201700031433;1;7;0;0;2;1;17;A01
201700031434;1;7;0;0;2;0;9;Z01
201700031434;1;33;0;0;2;0;9;A01
201700031435;1;31;0;0;2;1;14;A01
201700031435;1;7;0;0;2;5;0;B01
201700031436;1;7;0;0;2;1;2;A01
201700031436;1;7;0;0;2;4;2;B01
201700031437;1;7;0;0;1;0;1;A01
201700031438;1;7;0;0;2;3;13;A01
201700031438;2;7;0;0;2;2;1;B01
201700031439;1;1;0;0;1;7;7;A01
201700031440;1;7;0;0;2;1;8;A01
201700031440;1;10;0;0;2;1;7;B01
201700031441;1;10;0;0;2;1;7;A01
201700031441;1;7;0;0;2;3;8;B01
201700031442;1;7;0;0;2;1;8;A01
201700031442;1;7;0;0;2;1;8;B01
201700031443;1;7;0;0;2;8;15;B01
201700031443;1;33;0;0;2;1;1;A01
201700031444;1;7;0;0;2;2;16;A01
201700031444;1;36;0;0;2;3;1;B01
201700031445;1;7;0;0;2;1;7;A01
201700031445;1;7;0;0;2;4;7;B01
201700031446;1;7;0;0;2;2;1;A01
201700031446;1;7;0;0;2;4;4;B01
201700031447;1;7;0;0;1;1;1;A01
201700031448;1;13;0;0;2;1;15;A01
201700031448;1;7;0;0;2;8;19;B01
201700031449;1;3;0;0;0;9;0;A01
201700031450;1;99;0;0;0;7;7;A01
201700031451;1;33;0;0;9;9;1;A01
201700031452;1;7;0;0;2;1;1;B01
201700031452;1;7;0;0;2;4;4;A01
201700031453;1;33;0;11;0;6;7;A01
201700031454;1;7;0;0;2;8;1;B01
201700031454;1;31;0;0;2;1;1;A01
201700031455;1;7;0;0;1;1;7;A01
201700031456;1;7;0;0;2;5;16;B01
201700031456;1;1;0;0;2;1;1;A01
201700031457;1;7;0;0;2;1;2;A01
201700031457;1;7;0;0;2;4;1;B01
201700031458;1;7;0;0;2;5;23;B01
201700031458;1;1;0;0;2;3;1;A01
201700031459;1;7;0;0;2;1;2;A01
201700031459;1;7;0;0;2;4;16;B01
201700031460;1;7;0;0;2;4;7;B01
201700031460;1;34;0;0;2;1;7;A01
201700031461;1;7;0;0;2;1;2;A01
201700031461;1;7;0;0;2;4;1;B01
201700031461;1;7;0;0;2;4;1;C01
201700031462;1;1;0;0;0;0;13;B01
201700031462;1;7;0;0;0;0;9;A01
201700031463;1;7;0;0;2;1;2;A01
201700031463;1;1;0;0;9;4;2;B01
201700031464;1;7;0;0;2;1;7;A01
201700031464;1;7;0;0;2;4;7;C01
201700031464;1;7;0;0;2;4;7;B01
201700031464;1;7;0;0;2;4;7;D01
201700031465;1;31;0;0;2;5;17;A01
201700031465;1;7;0;0;2;3;15;B01
201700031466;2;7;0;0;1;4;2;B01
201700031466;2;1;0;0;2;1;2;A01
201700031467;1;7;0;0;1;1;7;A01
201700031468;1;7;0;0;1;2;1;A01
201700031469;2;7;0;0;2;3;13;B01
201700031469;1;14;0;0;2;3;1;A01
201700031470;2;17;0;1;0;1;1;A01
201700031471;0;14;0;12;0;8;16;A01
201700031472;1;7;0;6;0;4;23;C01
201700031472;1;14;0;0;2;1;2;A01
201700031472;1;7;0;0;2;4;2;B01
201700031473;1;17;0;0;2;1;1;A01
201700031473;0;7;0;0;2;8;19;B01
201700031474;2;14;0;0;2;3;1;B01
201700031474;1;38;6;0;2;8;15;A01
201700031475;1;7;0;0;2;7;6;B01
201700031475;2;14;0;0;2;3;1;A01
201700031476;1;14;0;0;2;3;2;A01
201700031476;0;7;0;0;0;2;15;B01
201700031477;0;7;0;0;1;2;1;A01
201700031478;1;34;0;0;2;1;17;A01
201700031478;2;7;0;0;2;3;15;B01
201700031479;0;7;0;0;1;4;4;A01
201700031480;0;7;0;0;1;7;1;A01
201700031481;0;7;0;0;2;1;5;A01
201700031481;0;34;0;0;2;1;1;B01
201700031482;1;7;0;2;0;3;13;A01
201700031483;0;33;0;14;0;1;1;A01
201700031484;1;1;0;0;2;4;2;B01
201700031484;1;7;0;0;2;1;1;A01
201700031485;1;7;0;0;0;4;23;A01
201700031485;1;15;0;0;2;1;1;B01
201700031486;1;7;0;4;0;3;1;A01
201700031487;0;1;0;14;0;1;1;A01
201700031488;0;2;0;0;2;1;1;B01
201700031488;0;7;0;0;2;5;1;A01
201700031489;2;7;0;6;0;2;1;A01
201700031490;1;7;0;5;0;1;1;A01
201700031491;0;7;0;0;2;1;13;A01
201700031491;0;10;0;0;2;3;1;B01
201700031492;0;7;0;0;1;7;0;A01
201700031493;0;7;0;0;1;2;1;A01
201700031494;0;7;0;0;2;1;1;B01
201700031494;0;7;0;0;2;1;13;A01
201700031495;1;7;0;0;1;1;15;A01
201700031496;2;33;0;0;0;0;0;B01
201700031496;1;7;0;0;2;1;19;A01
201700031497;1;34;0;16;9;3;2;A01
201700031498;1;7;0;0;1;1;1;A01
201700031499;1;7;0;0;1;7;1;A01
201700031500;1;2;0;14;0;2;17;B01
201700031500;1;10;0;0;2;1;9;A01
201700031501;1;7;0;0;1;1;1;A01
201700031502;2;7;0;0;1;1;1;A01
201700031503;1;7;0;0;1;2;0;A01
201700031504;2;7;0;0;1;1;15;A01
201700031505;1;7;0;14;1;3;1;A01
201700031506;1;7;0;0;2;1;1;B01
201700031506;1;7;0;0;2;1;19;A01
201700031507;1;7;0;0;2;1;1;B01
201700031507;2;7;0;0;2;8;19;A01
201700031508;1;7;0;0;1;1;1;A01
201700031509;2;17;0;0;2;5;1;B01
201700031509;2;7;0;15;1;3;21;A01
201700031510;2;33;0;16;0;1;1;A01
201700031511;1;7;0;0;1;0;0;A01
201700031512;1;7;0;0;2;8;15;A01
201700031512;1;33;0;0;2;1;17;B01
201700031513;1;33;0;0;2;1;2;A01
201700031513;1;7;0;0;2;6;15;B01
201700031514;1;7;0;0;2;1;15;A01
201700031514;2;7;0;0;2;3;1;B01
201700031515;2;7;0;0;1;1;1;A01
201700031516;1;7;0;0;2;1;1;A01
201700031516;1;7;0;0;2;8;0;B01
201700031517;1;7;0;0;0;0;22;A01
201700031517;1;1;0;1;0;1;2;B01
201700031518;1;34;0;0;2;1;1;B01
201700031518;1;7;0;0;2;0;1;A01
201700031519;2;7;0;3;2;1;0;B01
201700031519;1;7;0;3;2;1;0;A01
201700031520;1;7;0;0;1;1;1;A01
201700031521;1;7;0;0;2;2;2;B01
201700031521;1;34;0;0;2;6;1;A01
201700031522;2;7;0;0;1;1;1;A01
201700031523;1;7;0;0;2;1;19;A01
201700031523;1;7;0;0;2;2;1;B01
201700031524;1;1;0;12;2;4;19;B01
201700031524;1;7;0;0;9;2;1;A01
201700031525;1;7;0;0;2;2;15;B01
201700031525;2;33;0;0;2;1;15;A01
201700031526;1;10;0;6;2;3;19;A01
201700031527;1;3;0;0;2;1;2;A01
201700031527;1;7;0;0;2;4;1;B01
201700031528;2;33;0;0;2;1;17;B01
201700031528;2;7;0;0;2;3;22;A01
201700031529;2;7;0;0;1;2;1;A01
201700031530;1;7;0;0;1;2;1;A01
201700031531;1;31;0;0;2;1;1;B01
201700031531;1;7;0;0;2;8;15;A01
201700031532;2;7;0;0;2;1;2;A01
201700031532;2;2;0;0;2;4;2;B01
201700031533;1;7;0;0;1;3;1;A01
201700031534;1;7;0;0;1;3;1;A01
201700031535;0;37;0;0;1;1;1;A01
201700031536;1;7;0;0;1;3;1;A01
201700031537;1;7;0;15;0;8;14;A01
201700031538;1;99;0;0;0;1;17;A01
201700031539;1;7;0;0;1;3;15;A01
201700031540;1;7;0;0;1;0;0;A01
201700031541;1;36;0;6;0;1;0;A01
201700031542;1;7;0;0;1;1;2;A01
201700031543;1;36;0;8;0;1;1;A01
201700031544;0;7;0;0;1;3;19;A01
201700031545;1;7;0;13;0;9;17;A01
201700031546;1;7;0;0;2;4;23;D01
201700031546;1;7;0;0;2;7;23;C01
201700031546;1;7;0;0;2;1;2;A01
201700031546;1;7;0;0;2;9;23;B01
201700031547;2;7;0;1;1;2;1;A01
201700031548;1;7;0;0;2;3;13;A01
201700031548;1;7;0;0;2;2;17;B01
201700031549;1;1;0;0;2;1;19;A01
201700031549;1;7;0;0;2;2;1;B01
201700031550;1;33;0;0;2;1;1;B01
201700031550;1;7;0;0;2;6;15;A01
201700031551;1;7;0;7;2;3;13;A01
201700031551;1;14;0;0;2;3;1;B01
201700031552;2;7;0;1;0;2;14;A01
201700031553;1;33;0;7;0;1;13;A01
201700031554;1;30;0;0;2;1;0;B01
201700031554;1;7;0;0;2;3;15;A01
201700031555;0;30;0;0;2;7;1;B01
201700031555;0;7;0;0;2;1;1;A01
201700031556;1;33;0;0;0;0;1;A01
201700031557;1;31;0;0;1;1;1;A01
201700031558;0;7;0;0;1;1;1;A01
201700031559;1;7;0;0;1;0;0;A01
201700031560;1;10;0;0;2;2;19;A01
201700031560;2;7;0;0;2;1;1;B01
201700031561;0;7;0;0;1;1;1;A01
201700031562;1;10;0;8;0;3;1;A01
201700031563;0;7;0;0;1;1;1;A01
201700031564;1;7;0;0;1;7;2;A01
201700031565;0;7;0;0;1;1;1;A01
201700031566;1;33;0;0;2;1;17;A01
201700031566;1;33;0;0;2;4;15;B01
201700031567;1;7;0;0;2;5;17;A01
201700031567;1;31;0;0;2;8;1;B01
201700031568;1;7;0;0;2;3;1;A01
201700031568;1;30;0;0;1;0;0;B01
201700031569;2;7;0;0;2;3;1;B01
201700031569;1;7;0;0;2;3;1;A01
201700031570;0;7;0;0;0;4;1;B01
201700031570;0;7;0;0;2;1;1;A01
201700031571;1;35;0;0;1;0;13;A01
201700031572;0;7;0;0;1;1;0;A01
201700031573;0;7;0;0;1;0;0;A01
201700031574;0;30;0;0;1;1;1;A01
201700031575;0;33;0;0;2;4;2;B01
201700031575;0;7;0;0;2;1;1;A01
201700031576;1;1;0;0;2;1;9;A01
201700031576;1;7;0;0;2;2;1;B01
201700031577;1;7;0;0;2;2;1;B01
201700031577;2;31;0;0;2;1;15;A01
201700031578;1;31;0;0;2;1;13;A01
201700031578;2;7;0;0;2;3;1;B01
201700031579;1;7;0;0;1;1;1;A01
201700031580;0;31;0;0;2;1;1;A01
201700031580;0;37;0;0;2;8;1;B01
201700031581;0;7;0;0;2;2;1;B01
201700031581;0;7;0;0;2;1;1;A01
201700031582;1;10;0;8;0;1;14;A01
201700031583;1;7;0;8;0;1;1;A01
201700031584;0;7;0;0;1;1;14;A01
201700031585;1;7;0;0;2;4;16;A01
201700031585;1;7;0;0;2;1;1;B01
201700031586;1;7;0;1;0;1;1;A01
201700031587;0;7;0;0;2;7;10;A01
201700031587;0;33;0;0;2;1;1;B01
201700031588;1;7;0;0;2;1;1;A01
201700031588;1;3;0;0;2;4;2;B01
201700031589;1;7;0;2;0;3;20;A01
201700031590;0;7;0;0;1;2;1;A01
201700031591;2;1;0;0;2;1;1;B01
201700031591;2;7;0;0;2;1;16;A01
201700031592;1;2;0;0;2;1;1;B01
201700031592;1;7;0;0;2;7;20;A01
201700031593;1;7;0;0;1;1;1;A01
201700031594;2;7;0;0;1;1;1;A01
201700031595;2;7;0;0;1;8;1;A01
201700031596;1;3;0;0;2;3;1;C01
201700031596;2;7;0;0;2;8;1;B01
201700031596;2;7;0;0;2;7;17;Z01
201700031597;1;7;0;0;1;1;1;A01
201700031598;2;7;0;0;2;2;24;B01
201700031598;1;7;0;1;0;2;15;A01
201700031599;2;7;0;0;2;8;9;A01
201700031599;2;1;0;0;2;1;0;B01
201700031600;1;7;0;0;1;1;1;Z01
201700031601;2;30;0;1;0;8;14;A01
201700031602;2;7;0;0;2;2;1;B01
201700031602;1;7;0;0;2;1;13;A01
201700031603;2;33;0;0;0;0;14;A01
201700031604;2;7;0;16;0;1;13;A01
201700031605;2;7;0;0;1;0;1;A01
201700031606;2;7;0;0;1;3;15;A01
201700031607;2;7;0;0;1;2;1;Z01
201700031608;1;7;0;0;2;3;13;A01
201700031608;1;2;0;0;2;1;1;B01
201700031609;1;7;0;0;1;7;1;A01
201700031610;2;7;0;0;2;4;1;B01
201700031610;2;33;0;0;2;1;1;A01
201700031611;2;7;0;1;2;3;21;A01
201700031611;2;2;0;0;2;1;7;B01
201700031612;1;2;0;0;2;8;1;B01
201700031612;1;7;0;0;2;2;1;Z01
201700031613;2;10;0;0;2;1;1;A01
201700031613;2;7;0;0;2;4;23;B01
201700031614;1;7;0;0;1;2;1;A01
201700031615;2;31;0;1;0;1;16;A01
201700031616;1;33;0;0;2;1;1;B01
201700031616;1;7;0;0;2;2;20;A01
201700031617;2;2;0;0;1;1;1;A01
201700031618;2;2;0;0;1;1;1;A01
201700031619;2;10;0;0;2;4;20;A01
201700031619;1;7;0;0;2;1;1;C01
201700031619;2;33;0;0;2;0;21;B01
201700031620;1;7;0;0;2;1;13;A01
201700031620;1;7;0;0;2;1;1;B01
201700031621;2;7;0;0;2;3;1;B01
201700031621;2;7;0;0;2;2;19;A01
201700031622;1;2;0;0;2;1;2;B01
201700031622;1;7;0;0;2;2;20;A01
201700031623;2;7;0;0;2;1;13;A01
201700031623;1;7;0;0;2;1;1;B01
201700031624;2;1;0;0;2;0;1;B01
201700031624;2;7;0;0;2;1;1;A01
201700031625;2;99;0;3;2;1;0;A01
201700031625;2;7;0;0;2;8;1;B01
201700031626;1;7;0;0;2;8;15;A01
201700031626;1;33;0;6;2;2;21;B01
201700031627;2;7;0;0;1;1;1;A01
201700031628;1;7;0;0;1;1;1;A01
201700031629;1;34;0;0;1;0;0;A01
201700031630;1;1;0;0;0;4;1;B01
201700031630;1;7;0;0;2;3;13;A01
201700031631;2;7;0;2;0;1;14;A01
201700031632;2;34;0;0;2;1;1;B01
201700031632;1;7;0;0;2;2;20;A01
201700031633;2;7;0;0;2;1;23;A01
201700031633;1;2;0;0;2;7;1;B01
201700031634;2;7;0;0;2;1;2;A01
201700031634;2;7;0;0;2;4;2;B01
201700031635;2;14;0;0;2;3;1;B01
201700031635;1;7;0;0;2;1;13;A01