num_acc;senc;catv;occutc;obs;obsm;choc;manv;num_veh
201700031636;1;7;0;0;2;7;1;B01
201700031636;2;1;0;0;2;4;5;A01
201700031637;2;7;0;0;2;1;1;B01
201700031637;1;30;0;0;2;1;13;A01
201700031638;1;7;0;0;1;1;1;A01
201700031639;2;7;0;0;2;2;15;A01
201700031639;1;2;0;0;2;1;1;B01
201700031640;1;7;0;8;1;1;1;A01
201700031641;2;3;0;0;1;4;20;A01
201700031642;1;33;0;0;2;1;17;A01
201700031642;1;7;0;0;2;3;15;B01
201700031643;1;31;0;1;0;2;1;A01
201700031644;1;1;0;0;2;8;1;B01
201700031644;1;7;0;0;2;7;20;A01
201700031645;2;7;0;0;1;8;1;A01
201700031646;2;30;0;0;2;1;1;A01
201700031646;1;14;0;0;2;2;1;B01
201700031647;2;7;0;1;0;1;14;A01
201700031647;1;7;0;0;0;4;24;B01
201700031648;2;7;0;15;2;1;13;A01
201700031648;1;10;0;0;2;1;1;B01
201700031649;0;7;0;0;2;1;13;A01
201700031649;0;7;0;0;2;1;1;B01
201700031650;1;7;0;2;0;1;14;A01
201700031651;0;37;0;0;1;2;0;A01
201700031652;1;7;0;0;2;3;1;B01
201700031652;1;7;0;0;2;2;1;A01
201700031653;1;7;0;0;9;2;0;A01
201700031653;1;1;0;0;2;0;0;B01
201700031654;1;7;0;0;1;2;0;A01
201700031655;0;7;0;0;1;0;0;A01
201700031656;0;7;0;13;0;3;2;A01
201700031657;0;7;0;0;2;3;0;B01
201700031657;0;7;0;0;2;3;0;A01
201700031658;1;33;0;0;2;0;0;A01
201700031659;1;7;0;0;2;8;16;B01
201700031659;2;7;0;0;2;1;1;A01
201700031660;0;7;0;0;2;7;21;A01
201700031661;1;7;0;0;0;9;1;A01
201700031662;1;7;0;2;0;1;1;A01
201700031663;1;15;0;0;0;0;0;Z01
201700031664;1;7;0;0;1;1;2;A01
201700031665;0;7;0;0;2;1;1;B01
201700031665;0;7;0;0;2;5;15;A01
201700031666;0;7;0;0;2;4;23;B01
201700031666;0;7;0;0;2;1;0;A01
201700031667;0;3;0;0;1;0;0;Z01
201700031668;2;7;0;0;1;1;15;A01
201700031669;1;7;0;0;2;1;5;A01
201700031669;2;7;0;0;2;1;1;B01
201700031670;1;7;0;16;0;3;15;A01
201700031670;1;33;0;0;2;7;16;B01
201700031671;1;99;0;16;0;9;2;A01
201700031672;2;37;0;0;9;3;1;C01
201700031672;1;7;0;15;0;2;1;B01
201700031672;2;99;0;6;0;1;1;A01
201700031673;1;7;0;9;0;9;1;A01
201700031674;1;7;0;0;2;3;20;A01
201700031674;0;33;0;0;2;7;1;B01
201700031675;1;10;0;0;2;1;2;A01
201700031675;2;21;0;0;2;3;1;C01
201700031675;1;7;0;0;2;6;2;B01
201700031676;2;7;0;0;1;2;2;A01
201700031677;2;33;0;0;2;1;1;B01
201700031677;1;15;0;0;2;5;15;A01
201700031678;2;7;0;0;2;1;8;B01
201700031678;1;7;0;0;2;1;14;A01
201700031679;1;1;0;0;2;1;15;B01
201700031679;1;7;0;0;2;5;1;A01
201700031680;2;7;0;0;2;1;9;Z01
201700031680;1;31;0;0;2;8;21;A01
201700031681;1;7;0;0;1;1;15;A01
201700031682;1;7;0;0;1;1;1;A01
201700031683;1;7;0;0;2;8;10;A01
201700031683;1;33;0;0;2;3;17;B01
201700031684;1;31;0;0;2;1;19;B01
201700031684;1;7;0;0;2;3;1;A01
201700031685;1;33;0;0;2;8;19;B01
201700031685;1;7;0;0;2;2;19;A01
201700031686;1;7;0;6;2;3;1;B01
201700031686;1;7;0;1;2;3;16;A01
201700031687;1;31;0;0;2;3;2;A01
201700031687;0;7;0;0;2;2;15;Z01
201700031688;1;7;0;0;2;2;5;A01
201700031688;0;7;0;0;2;2;1;B01
201700031689;1;7;0;0;1;1;1;A01
201700031690;2;7;0;0;1;2;1;A01
201700031691;1;7;0;0;1;1;1;A01
201700031692;1;7;0;12;1;2;1;A01
201700031693;2;13;0;0;2;3;19;B01
201700031693;1;31;0;0;2;7;19;A01
201700031694;1;7;0;0;1;1;1;A01
201700031695;2;7;0;0;1;1;1;A01
201700031696;2;7;0;0;2;1;1;A01
201700031696;1;7;0;0;2;1;13;B01
201700031697;1;7;0;0;1;2;1;Z01
201700031698;1;7;0;1;1;0;0;A01
201700031699;1;7;0;0;2;1;15;A01
201700031699;2;32;0;0;2;8;1;B01
201700031700;2;7;0;0;1;1;17;A01
201700031701;1;7;0;0;1;1;1;A01
201700031702;2;7;0;0;1;1;1;A01
201700031703;1;33;0;0;2;1;1;B01
201700031703;2;7;0;0;2;7;15;A01
201700031704;1;7;0;0;1;0;15;A01
201700031705;2;1;0;0;1;1;1;A01
201700031706;1;31;0;0;2;1;1;B01
201700031706;2;7;0;0;2;3;15;A01
201700031707;1;7;0;0;1;1;1;A01
201700031708;1;7;0;0;1;2;2;A01
201700031709;2;7;0;0;1;2;2;A01
201700031710;2;10;0;0;2;2;15;A01
201700031710;1;31;0;0;2;1;19;B01
201700031711;1;7;0;0;2;0;0;Z01
201700031711;1;7;0;0;2;8;24;A01
201700031712;1;7;0;0;1;3;15;A01
201700031713;2;7;0;0;1;2;15;A01
201700031714;1;7;0;0;1;3;1;A01
201700031715;1;7;0;0;1;1;15;A01
201700031716;0;1;0;0;2;0;0;B01
201700031716;0;7;0;0;0;0;0;Z01
201700031717;2;7;0;0;1;1;15;A01
201700031718;1;7;0;0;1;2;1;A01
201700031719;1;7;0;0;1;1;1;A01
201700031720;2;7;0;11;1;3;16;A01
201700031721;1;7;0;1;1;4;4;A01
201700031722;1;7;0;0;2;7;1;B01
201700031722;2;7;0;0;2;1;15;A01
201700031723;2;1;0;0;2;1;19;A01
201700031723;1;7;0;0;2;1;1;B01
201700031724;0;7;0;0;1;1;0;A01
201700031725;1;7;0;0;1;0;0;Z01
201700031726;1;7;0;0;2;4;16;B01
201700031726;0;7;0;0;2;1;2;A01
201700031727;0;7;0;8;0;9;6;A01
201700031727;0;7;0;0;0;0;0;Z01
201700031728;1;7;0;8;0;1;14;A01
201700031729;1;7;0;0;1;1;2;A01
201700031730;1;33;0;12;0;0;0;A01
201700031731;1;7;0;0;1;3;11;A01
201700031732;0;17;0;14;0;0;14;A01
201700031733;2;7;0;0;0;6;0;A01
201700031733;0;1;0;0;2;8;0;B01
201700031734;0;2;0;0;2;1;1;B01
201700031734;0;7;0;0;2;0;10;A01
201700031735;0;30;0;0;0;0;0;B01
201700031735;0;7;0;0;0;0;0;A01
201700031736;1;34;0;0;2;1;1;B01
201700031736;2;7;0;0;2;2;15;A01
201700031737;1;7;0;0;1;1;0;A01
201700031738;1;7;0;0;2;1;1;A01
201700031738;1;7;0;0;2;8;2;B01
201700031739;1;7;0;0;1;0;0;A01
201700031740;1;7;0;1;1;2;0;A01
201700031741;1;7;0;0;2;1;15;A01
201700031741;1;7;0;0;2;1;1;B01
201700031742;1;7;0;0;2;5;0;B01
201700031742;1;33;0;0;2;2;0;A01
201700031743;1;7;0;0;1;2;1;A01
201700031744;1;7;0;0;2;6;1;B01
201700031744;2;7;0;0;2;1;1;C01
201700031744;1;33;0;0;2;7;17;A01
201700031744;1;15;0;0;0;0;23;D01
201700031745;1;7;0;0;0;0;0;B01
201700031745;1;2;0;0;2;1;18;A01
201700031746;2;7;0;0;2;3;0;A01
201700031746;1;7;0;0;2;7;0;B01
201700031747;0;10;0;0;1;4;4;A01
201700031748;1;7;0;0;2;8;0;A01
201700031748;0;7;0;0;0;0;0;B01
201700031749;0;33;0;0;2;1;1;A01
201700031749;0;7;0;0;2;6;1;B01
201700031750;2;7;0;0;2;1;1;A01
201700031750;2;7;0;0;0;5;15;B01
201700031751;1;7;0;0;2;1;2;A01
201700031751;1;7;0;0;9;4;23;B01
201700031752;0;7;0;0;2;0;0;A01
201700031752;0;33;0;0;2;0;0;B01
201700031753;0;7;0;0;2;1;1;A01
201700031753;0;1;0;0;2;5;19;B01
201700031754;1;7;0;0;2;4;23;B01
201700031754;1;7;0;0;2;1;2;A01
201700031755;0;7;0;0;1;0;0;A01
201700031756;1;2;0;0;1;1;2;Z01
201700031757;1;7;0;0;1;0;16;A01
201700031758;1;7;0;0;1;1;1;A01
201700031759;0;33;0;0;2;0;0;B01
201700031759;2;7;0;0;2;0;0;A01
201700031760;1;7;0;0;2;1;17;A01
201700031760;1;7;0;0;2;1;2;B01
201700031761;2;33;0;6;0;0;6;A01
201700031762;2;36;0;0;1;0;0;Z01
201700031763;2;33;0;9;0;9;2;A01
201700031764;1;36;0;0;2;0;0;Z01
201700031764;2;7;0;0;2;1;15;A01
201700031765;1;7;0;0;1;0;0;A01
201700031766;0;7;0;0;1;2;0;A01
201700031767;1;2;0;0;2;1;2;B01
201700031767;1;7;0;0;2;5;10;A01
201700031768;2;7;0;0;2;1;1;A01
201700031768;1;7;0;0;2;4;1;B01
201700031769;1;30;0;14;0;1;21;A01
201700031770;2;7;0;7;2;8;15;A01
201700031770;2;7;0;0;2;1;1;B01
201700031771;2;7;0;0;2;5;15;A01
201700031771;1;99;0;0;2;1;21;B01
201700031772;1;7;0;0;1;1;1;A01
201700031773;1;31;0;0;2;1;0;A01
201700031773;1;1;0;0;2;1;0;B01
201700031774;0;2;0;0;2;1;19;A01
201700031774;0;7;0;0;2;1;1;B01
201700031775;2;7;0;0;2;2;14;Y01
201700031775;1;7;0;0;2;8;21;A01
201700031776;2;7;0;1;0;0;0;A01
201700031777;1;7;0;0;2;8;24;Z01
201700031777;1;1;0;0;0;0;0;B01
201700031778;1;7;0;0;1;1;1;A01
201700031779;2;7;0;0;1;1;21;A01
201700031780;2;15;0;0;2;1;16;B01
201700031780;1;1;0;0;2;1;5;A01
201700031781;1;7;0;0;2;1;2;A01
201700031781;1;7;0;0;2;6;23;B01
201700031781;1;7;0;0;2;4;23;C01
201700031782;2;7;0;0;2;4;23;A01
201700031782;2;7;0;0;2;4;23;B01
201700031783;1;7;0;0;2;6;15;B01
201700031783;1;30;0;0;2;2;15;A01
201700031784;1;7;0;0;2;1;21;B01
201700031784;1;7;0;0;2;2;21;A01
201700031785;0;7;0;6;0;1;15;A01
201700031786;1;37;1;0;2;1;7;B01
201700031786;1;7;0;0;2;5;16;A01
201700031787;2;7;0;0;2;8;14;B01
201700031787;1;7;0;0;2;1;1;A01
201700031788;2;7;0;0;1;1;19;A01
201700031789;2;7;0;1;0;2;15;A01
201700031790;1;7;0;0;1;0;19;A01
201700031791;2;7;0;0;1;1;1;B01
201700031791;1;7;0;0;1;1;1;A01
201700031792;1;7;0;0;2;3;19;A01
201700031792;2;31;0;0;2;6;1;B01
201700031793;1;7;0;0;1;3;1;A01
201700031794;1;10;0;0;2;1;2;A01
201700031794;1;10;0;0;2;6;10;B01
201700031795;1;7;0;0;2;3;1;A01
201700031795;1;1;0;0;2;7;19;B01
201700031796;2;7;0;8;2;1;0;A01
201700031796;2;7;0;8;2;8;1;B01
201700031797;2;33;0;0;2;7;0;B01
201700031797;2;7;0;0;2;2;15;A01
201700031798;2;7;0;0;2;7;15;A01
201700031798;1;33;0;0;2;1;1;B01
201700031799;1;7;0;0;1;3;2;A01
201700031800;1;7;0;0;2;3;15;Z01
201700031800;2;33;0;0;2;7;1;A01
201700031801;2;7;0;0;2;8;2;B01
201700031801;1;7;0;0;2;1;1;A01
201700031802;1;1;0;13;0;0;2;C01
201700031802;1;1;0;13;0;4;2;B01
201700031802;1;10;0;0;2;2;14;A01
201700031803;0;7;0;0;2;1;19;Z01
201700031803;1;7;0;0;2;7;0;A01
201700031804;1;7;0;0;2;1;1;Z01
201700031804;2;30;0;0;2;7;1;A01
201700031805;1;99;0;0;1;2;0;A01
201700031806;2;30;0;0;2;1;17;A01
201700031806;2;7;0;0;9;8;19;B01
201700031807;2;7;0;1;0;2;14;A01
201700031808;1;7;0;0;2;1;19;B01
201700031808;1;7;0;2;2;6;1;A01
201700031809;1;1;0;0;2;4;2;C01
201700031809;1;1;0;0;2;4;2;B01
201700031809;1;7;0;0;2;1;2;A01
201700031810;1;10;0;8;1;1;16;A01
201700031811;1;33;0;8;0;1;13;A01
201700031812;1;10;0;0;2;4;15;A01
201700031812;1;7;0;0;2;4;2;B01
201700031812;1;7;0;0;2;1;2;C01
201700031813;1;7;0;0;1;2;1;A01
201700031814;1;33;0;2;2;7;17;A01
201700031814;1;7;0;0;2;8;17;B01
201700031815;1;7;0;0;1;3;15;A01
201700031816;1;7;0;15;0;3;1;A01
201700031817;2;7;0;0;2;8;1;B01
201700031817;1;7;0;0;2;1;15;A01
201700031818;1;30;0;0;2;4;2;B01
201700031818;1;7;0;0;2;1;2;A01
201700031819;1;7;0;0;2;4;23;D01
201700031819;1;10;0;0;2;5;23;B01
201700031819;1;7;0;0;2;4;23;E01
201700031819;1;7;0;0;2;3;23;C01
201700031819;1;7;0;14;0;9;18;A01
201700031820;1;7;0;0;1;0;16;Z01
201700031821;1;7;0;0;2;3;23;A01
201700031821;1;7;0;0;2;7;1;C01
201700031821;2;7;0;0;2;4;4;B01
201700031822;2;7;0;0;2;8;1;V01
201700031822;1;7;0;0;2;3;19;A01
201700031823;2;33;0;0;2;8;11;B01
201700031823;2;7;0;0;2;3;15;A01
201700031824;0;7;0;0;2;2;15;B01
201700031824;0;7;0;0;2;1;1;A01
201700031825;0;31;0;0;2;1;21;B01
201700031825;0;7;0;0;9;1;15;A01
201700031826;1;7;0;0;1;1;1;A01
201700031827;1;7;0;0;9;1;19;B01
201700031827;1;33;0;0;2;1;19;A01
201700031828;1;7;0;0;2;1;9;A01
201700031828;1;7;0;8;2;3;2;B01
201700031829;1;1;0;0;2;8;2;B01
201700031829;1;13;0;0;9;8;2;A01
201700031830;0;7;0;0;1;1;1;A01
201700031831;2;33;0;0;2;2;17;A01
201700031831;2;7;0;0;2;3;15;B01
201700031832;2;33;0;0;2;1;1;B01
201700031832;2;7;0;0;2;4;15;Z01
201700031833;0;7;0;1;0;8;14;A01
201700031834;1;7;0;1;0;2;1;A01
201700031835;2;34;0;1;2;1;24;B01
201700031835;1;34;0;0;2;1;13;A01
201700031836;1;7;0;0;2;3;2;B01
201700031836;1;7;0;0;2;1;9;A01
201700031837;1;7;0;0;1;1;14;A01
201700031838;1;7;0;0;2;1;2;B01
201700031838;2;7;0;14;0;1;13;A01
201700031839;0;1;0;0;1;1;17;A01
201700031840;2;7;0;0;2;3;1;B01
201700031840;1;7;0;0;2;2;15;A01
201700031841;0;7;0;0;2;3;15;B01
201700031841;0;7;0;0;2;2;1;A01
201700031842;1;7;0;0;1;3;1;A01
201700031843;1;7;0;8;1;1;13;A01
201700031844;1;7;0;0;1;3;1;A01
201700031845;1;7;0;9;2;1;15;A01
201700031845;2;7;0;0;2;1;1;B01
201700031846;1;7;0;0;1;4;4;A01
201700031847;1;7;0;8;2;1;11;A01
201700031847;2;7;0;0;2;1;1;B01
201700031848;1;7;0;0;1;1;1;Z01
201700031849;1;7;0;0;1;1;15;A01
201700031850;1;7;0;0;2;1;1;A01
201700031850;1;7;0;0;2;3;9;B01
201700031851;1;99;0;0;2;1;1;A01
201700031851;1;7;0;15;2;8;1;B01
201700031852;1;7;0;0;2;3;13;A01
201700031852;1;7;0;0;2;8;19;B01
201700031853;1;7;0;0;2;4;23;B01
201700031853;1;7;0;0;2;1;23;A01
201700031854;0;7;0;0;2;3;15;A01
201700031854;0;1;0;0;2;1;17;B01
201700031855;0;1;0;0;2;1;16;B01
201700031855;2;99;0;0;2;0;15;Z01
201700031856;2;33;0;0;2;1;1;B01
201700031856;1;7;0;0;2;0;15;A01
201700031857;2;7;0;0;2;3;15;A01
201700031857;2;33;0;0;2;1;1;B01
201700031858;1;7;0;0;1;2;1;A01
201700031859;1;7;0;0;2;3;1;A01
201700031859;1;7;0;0;2;3;13;B01
201700031860;1;7;0;0;2;1;15;B01
201700031860;2;7;0;0;2;1;9;A01
201700031861;1;7;0;0;1;1;1;A01
201700031862;0;7;0;0;2;8;15;B01
201700031862;0;33;0;14;0;3;13;A01
201700031863;2;7;0;0;2;2;15;A01
201700031863;1;7;0;0;2;1;1;B01
201700031864;1;7;0;0;1;1;16;A01
201700031865;1;7;0;0;1;2;1;A01
201700031866;1;7;0;0;2;2;15;B01
201700031866;1;33;0;0;2;1;1;A01
201700031867;1;7;0;1;0;8;19;A01
201700031868;1;30;0;12;1;1;0;A01
201700031869;2;7;0;0;2;1;1;A01
201700031869;1;7;0;0;2;1;13;B01
201700031870;2;7;0;0;1;2;1;A01
201700031871;1;7;0;0;1;2;2;A01
201700031872;0;7;0;0;1;0;0;Z01
201700031873;1;7;0;0;1;1;1;A01
201700031873;1;7;0;0;2;5;15;B01
201700031874;1;7;0;6;0;0;14;C01
201700031875;1;7;0;0;2;1;1;A01
201700031875;2;7;0;0;2;7;15;B01
201700031876;0;7;0;0;2;8;9;B01
201700031876;0;7;0;0;2;1;1;A01
201700031877;2;7;0;0;1;3;2;A01
201700031878;0;7;0;0;1;1;0;A01
201700031879;2;7;0;0;2;1;0;A01
201700031879;1;7;0;0;2;2;0;B01
201700031880;2;7;0;0;2;7;1;A01
201700031880;1;7;0;0;2;1;1;B01
201700031881;1;7;0;0;2;7;0;A01
201700031881;1;7;0;0;2;1;9;Z01
201700031882;1;7;0;0;2;2;15;C01
201700031882;2;7;0;1;2;2;2;A01
201700031883;1;10;0;0;1;0;0;A01
201700031884;1;7;0;0;1;2;1;A01
201700031885;2;7;0;0;2;1;0;B01
201700031885;2;33;0;0;2;8;0;A01
201700031886;1;7;0;0;2;3;15;A01
201700031886;1;1;0;0;2;2;2;B01
201700031887;1;34;0;0;2;3;1;B01
201700031887;2;7;0;0;2;2;1;A01
201700031888;1;1;0;16;0;0;1;A01
201700031889;0;7;0;0;2;1;1;A01
201700031889;0;7;0;0;2;1;1;B01
201700031890;0;7;0;2;0;2;0;A01
201700031891;1;7;0;8;2;2;14;A01
201700031892;2;7;0;0;1;1;1;A01
201700031893;0;7;0;0;1;8;1;A01
201700031894;0;7;0;0;1;2;16;A01
201700031895;1;7;0;0;1;2;2;A01
201700031896;0;1;0;0;0;0;0;B01
201700031896;0;7;0;0;0;0;0;Z01
201700031897;1;7;0;4;0;1;2;A01
201700031898;1;7;0;0;1;0;0;A01
201700031899;2;33;0;1;0;1;13;A01
201700031900;2;7;0;0;1;1;0;A01
201700031901;1;7;0;0;1;1;13;A01
201700031902;2;36;0;13;0;1;1;A01
201700031903;1;33;0;0;2;1;1;B01
201700031903;2;7;0;0;2;7;15;A01
201700031904;0;7;0;0;1;1;16;A01
201700031905;0;99;0;9;0;1;0;A01
201700031906;1;7;0;0;1;2;1;A01
201700031907;1;33;0;0;2;1;1;A01
201700031907;1;7;0;0;2;8;15;B01
201700031908;1;7;0;0;2;1;1;A01
201700031908;1;7;0;0;2;0;0;B01
201700031909;0;7;0;9;0;1;2;A01
201700031910;1;7;0;8;2;1;1;A01
201700031910;1;7;0;0;2;0;0;B01
201700031911;1;7;0;0;1;2;0;A01
201700031912;1;7;0;9;0;1;14;A01
201700031913;0;7;0;0;2;1;1;C01
201700031913;2;7;0;0;2;3;1;B01
201700031913;1;7;0;0;2;3;0;A01
201700031913;1;13;0;0;0;0;0;Z01
201700031914;1;7;0;0;1;1;2;A01
201700031915;1;7;0;0;1;1;2;A01
201700031916;2;30;0;0;2;2;1;B01
201700031916;1;7;0;0;2;8;1;A01
201700031917;2;7;0;0;1;8;1;Z01
201700031918;2;7;0;0;1;2;1;A01
201700031919;1;7;0;0;1;7;17;A01
201700031920;1;7;0;0;1;3;15;A01
201700031921;1;7;0;0;0;6;17;A01
201700031921;2;1;0;0;2;1;0;B01
201700031922;2;30;0;0;2;1;1;B01
201700031922;2;7;0;0;2;3;15;A01
201700031923;1;99;0;0;1;1;15;A01
201700031924;2;7;0;14;2;0;16;A01
201700031924;1;7;0;0;2;3;1;B01
201700031925;1;33;0;0;2;3;2;A01
201700031925;1;7;0;0;2;7;15;B01
201700031926;1;7;0;0;2;3;9;A01
201700031926;1;1;0;0;2;4;9;B01
201700031927;2;7;0;0;1;1;1;Z01
201700031928;1;7;0;0;2;2;0;B01
201700031928;2;30;0;0;2;1;0;A01
201700031929;1;7;0;1;0;0;0;A01
201700031930;2;7;0;0;2;1;1;B01
201700031930;1;7;0;0;2;7;15;A01
201700031931;2;7;0;0;2;0;0;A01
201700031931;2;7;0;0;2;1;1;B01
201700031932;1;7;0;0;2;7;19;A01
201700031932;2;7;0;0;2;1;1;B01
201700031933;1;2;0;0;2;1;17;A01
201700031933;2;7;0;0;2;1;1;B01
201700031934;1;7;0;0;2;2;19;A01
201700031934;1;7;0;0;2;3;2;B01
201700031935;2;7;0;0;2;3;1;B01
201700031935;1;7;0;13;2;1;1;A01
201700031936;2;33;0;0;2;3;17;A01
201700031936;2;7;0;0;0;6;15;B01
201700031937;2;7;0;0;2;3;1;A01
201700031937;2;7;0;0;2;1;1;B01
201700031938;2;7;0;0;1;3;1;A01
201700031939;2;7;0;0;2;1;0;A01
201700031939;1;1;0;0;2;6;0;B01
201700031940;0;1;0;0;2;8;1;B01
201700031940;2;7;0;0;2;1;1;A01
201700031941;1;7;0;0;2;1;1;A01
201700031941;2;7;0;0;2;8;0;B01
201700031942;1;37;0;1;0;4;0;C01
201700031942;1;2;0;1;2;1;14;A01
201700031942;1;7;0;0;2;3;15;B01
201700031943;2;7;0;0;2;1;1;B01
201700031943;2;7;0;0;2;7;19;A01
201700031944;2;7;0;0;1;1;15;A01
201700031945;1;7;0;0;2;3;15;B01
201700031945;1;33;0;8;2;8;17;A01
201700031946;2;7;0;0;2;1;1;A01
201700031946;2;7;0;0;2;1;9;Z01
201700031947;1;7;0;0;2;3;1;B01
201700031947;1;1;0;0;2;1;1;A01
201700031948;1;33;0;0;2;1;1;B01
201700031948;1;7;0;0;2;3;9;A01
201700031949;1;7;0;8;2;2;19;B01
201700031949;1;7;0;0;2;8;19;A01
201700031950;1;3;0;0;1;1;15;A01
201700031951;1;7;0;0;2;4;1;B01
201700031951;1;7;0;0;2;1;1;A01
201700031952;2;10;0;0;2;8;15;A01
201700031952;2;33;0;0;2;9;17;B01
201700031953;2;7;0;0;2;1;19;A01
201700031953;2;7;0;0;2;7;1;B01
201700031954;2;30;0;0;2;1;13;A01
201700031954;1;7;0;0;2;3;2;B01
201700031955;1;7;0;0;2;1;1;A01
201700031955;1;1;0;0;2;1;1;B01
201700031956;1;7;0;0;2;4;23;C01
201700031956;1;7;0;0;2;4;23;A01
201700031956;1;7;0;0;2;4;23;B01
201700031956;1;14;0;1;0;1;1;D01
201700031957;1;7;0;0;2;6;21;B01
201700031957;2;7;0;0;2;1;21;A01
201700031958;2;7;0;0;2;1;21;A01
201700031958;1;1;0;0;2;8;19;B01
201700031959;2;7;0;0;2;6;2;A01
201700031959;2;31;0;0;2;2;2;B01
201700031960;1;10;0;0;2;1;16;A01
201700031960;2;10;0;0;2;1;1;B01
201700031961;1;7;0;0;2;3;1;B01
201700031961;0;7;0;0;2;1;19;A01
201700031962;2;7;0;0;1;8;15;A01
201700031963;2;1;0;0;2;1;2;B01
201700031963;2;7;0;0;2;2;17;A01
201700031964;1;7;0;0;2;1;1;A01
201700031964;1;7;0;0;2;8;15;B01
201700031965;1;31;0;0;2;1;1;B01
201700031965;1;7;0;0;2;5;1;A01
201700031966;2;7;0;0;1;1;0;Z01
201700031967;1;7;0;0;2;1;1;A01
201700031967;2;7;0;0;2;1;23;C01
201700031967;1;7;0;0;2;5;1;B01
201700031968;2;7;0;0;2;1;21;C01
201700031968;1;7;0;9;2;1;1;A01
201700031968;1;7;0;0;0;7;21;B01
201700031969;2;7;0;0;2;1;17;A01
201700031969;1;7;0;6;2;2;16;B01
201700031970;1;7;0;0;1;2;17;A01
201700031971;2;33;0;0;2;1;1;B01
201700031971;1;7;0;0;2;1;15;A01
201700031972;1;30;0;0;2;8;1;B01
201700031972;1;7;0;0;2;1;19;A01
201700031973;2;7;0;0;1;1;0;A01
201700031974;1;7;0;1;2;1;14;C01
201700031975;2;7;0;0;2;1;1;B01
201700031975;2;1;0;0;2;1;15;A01
201700031976;1;10;0;2;0;1;13;A01
201700031977;1;7;0;0;2;7;1;Z01
201700031977;1;31;0;0;2;1;1;A01
201700031978;1;7;0;0;1;2;1;A01
201700031979;2;10;0;0;2;3;21;B01
201700031979;1;7;0;0;2;8;9;A01
201700031980;1;40;0;0;1;2;1;A01
201700031981;1;7;0;0;1;2;1;A01
201700031982;2;2;0;0;2;1;1;A01
201700031982;2;7;0;0;9;4;23;B01
201700031983;1;7;0;0;2;8;15;A01
201700031983;2;33;0;0;2;1;2;B01
201700031984;2;7;0;1;2;6;1;A01
201700031984;2;7;0;0;2;1;1;B01
201700031985;2;7;0;0;1;1;19;A01
201700031986;1;7;0;0;1;2;1;A01
201700031987;1;7;0;0;2;8;21;A01
201700031987;1;7;0;1;2;3;21;B01
201700031988;1;7;0;0;2;4;2;B01
201700031988;1;7;0;0;2;1;2;A01
201700031988;1;7;0;0;2;4;2;C01
201700031989;1;7;0;0;2;1;5;A01
201700031989;1;10;0;0;2;1;1;L01
201700031990;2;7;0;0;1;2;1;A01
201700031991;1;31;0;1;0;7;21;D01
201700031992;1;7;0;0;1;0;0;Z01
201700031993;2;7;0;0;1;2;15;A01
201700031994;2;7;0;0;2;4;2;B01
201700031995;1;7;0;1;0;4;23;C01
201700031995;1;7;0;1;2;1;23;A01
201700031995;1;7;0;1;0;4;23;B01
201700031996;1;10;0;0;1;4;20;A01
201700031997;2;7;0;0;2;1;14;B01
201700031997;1;7;0;0;2;1;13;A01
201700031998;2;7;0;0;1;2;1;A01
201700031999;1;7;0;0;2;1;16;A01
201700031999;1;1;0;0;2;1;21;B01
201700032000;2;7;0;0;2;3;19;B01
201700032000;2;33;0;0;2;1;17;A01
201700032001;1;7;0;0;1;1;1;A01
201700032002;1;7;0;1;0;1;21;A01
201700032003;2;7;0;0;1;2;1;A01
201700032004;2;7;0;0;1;1;1;A01
201700032005;1;7;0;0;1;1;1;A01
201700032006;1;7;0;0;1;1;16;A01
201700032007;2;7;0;0;2;6;15;A01
201700032007;1;1;0;0;2;1;1;B01
201700032008;1;7;0;0;2;2;19;A01
201700032008;1;7;0;0;2;1;19;B01
201700032009;1;10;0;0;1;2;1;A01
201700032010;2;7;0;0;2;8;1;B01
201700032010;1;7;0;8;2;1;1;A01
201700032011;1;37;0;0;1;2;7;A01
201700032012;1;7;0;0;2;6;11;B01
201700032012;1;7;0;0;2;1;1;A01
201700032013;2;33;0;0;2;3;16;A01
201700032013;2;7;0;0;2;0;0;B01
201700032014;1;7;0;0;2;5;0;B01
201700032014;1;7;0;0;2;1;1;A01
201700032015;2;7;0;0;2;2;17;A01
201700032015;1;7;0;0;2;8;1;B01
201700032015;0;33;0;0;2;1;1;C01
201700032016;2;7;0;9;2;1;1;B01
201700032016;1;7;0;11;2;1;9;A01
201700032017;2;7;0;0;2;1;19;B01
201700032017;1;7;0;0;2;1;13;A01
201700032018;1;7;0;0;1;2;2;A01
201700032019;2;7;0;0;1;3;12;Z01
201700032020;1;38;0;0;1;1;16;A01
201700032021;2;7;0;0;2;0;0;A01
201700032021;1;7;0;0;2;0;0;B01
201700032022;1;7;0;0;1;1;1;A01
201700032023;1;7;0;0;2;8;9;A01
201700032023;2;1;0;0;2;1;0;B01
201700032024;1;7;0;0;1;2;1;A01
201700032025;0;7;0;0;1;0;1;A01
201700032026;1;7;0;0;1;1;1;A01
201700032027;2;7;0;8;0;7;13;A01
201700032028;2;7;0;0;1;0;1;Z01
201700032029;0;7;0;0;2;1;2;A01
201700032029;1;7;0;0;2;4;2;B01
201700032030;2;7;0;0;2;1;12;B01
201700032030;1;7;0;0;2;2;5;A01