num_acc;senc;catv;occutc;obs;obsm;choc;manv;num_veh
201700032437;1;30;0;0;2;1;2;A01
201700032437;1;7;0;0;2;5;23;B01
201700032438;1;1;0;16;0;7;1;A01
201700032439;1;13;0;14;2;1;1;A01
201700032439;1;7;0;0;2;1;2;B01
201700032440;2;2;0;0;2;4;1;B01
201700032440;2;7;0;0;2;2;9;A01
201700032441;1;7;0;0;2;1;1;A01
201700032441;2;1;0;0;2;7;19;B01
201700032442;2;7;0;0;1;2;1;A01
201700032443;1;7;0;0;2;8;15;A01
201700032443;1;33;0;0;2;1;1;B01
201700032444;1;34;0;0;2;1;2;A01
201700032444;1;7;0;0;2;4;23;B01
201700032445;2;7;0;0;2;1;17;A01
201700032445;2;1;0;0;2;3;1;B01
201700032445;1;7;0;0;2;1;23;C01
201700032446;2;7;0;0;2;2;15;A01
201700032446;1;2;0;0;2;1;1;B01
201700032447;1;7;0;0;2;1;13;A01
201700032447;2;7;0;0;2;1;1;B01
201700032448;1;7;0;13;0;3;13;A01
201700032449;2;1;0;0;2;7;1;B01
201700032449;1;7;0;0;2;1;9;A01
201700032450;2;33;0;16;0;0;21;B01
201700032451;2;2;0;0;1;1;1;A01
201700032452;2;17;0;0;2;2;15;A01
201700032452;1;33;0;0;2;1;1;B01
201700032453;1;7;0;0;1;5;1;A01
201700032454;1;1;0;16;0;7;1;A01
201700032455;1;2;0;0;1;1;21;A01
201700032456;2;7;0;2;0;1;14;A01
201700032457;1;2;0;0;2;1;5;A01
201700032457;1;7;0;0;2;5;15;B01
201700032458;1;7;0;0;1;1;1;A01
201700032459;1;7;0;0;1;3;15;A01
201700032460;2;7;0;0;1;2;21;A01
201700032461;1;7;0;0;9;2;1;A01
201700032461;1;1;0;0;2;4;1;B01
201700032462;2;7;0;2;0;9;1;A01
201700032463;1;7;0;16;0;1;1;A01
201700032464;2;7;0;0;2;3;13;A01
201700032464;1;7;0;0;2;3;1;B01
201700032465;1;10;0;0;0;7;15;A01
201700032466;1;7;0;2;0;2;14;A01
201700032467;1;7;0;0;2;1;1;A01
201700032467;1;2;0;0;2;4;1;B01
201700032468;1;7;0;0;2;3;13;A01
201700032468;2;7;0;0;2;3;1;B01
201700032469;1;7;0;1;0;2;14;A01
201700032469;1;10;0;0;2;6;24;B01
201700032470;2;16;0;13;0;2;14;A01
201700032471;2;17;0;0;2;1;2;A01
201700032471;2;7;0;0;0;6;2;B01
201700032472;1;17;0;1;1;2;2;A01
201700032473;1;33;0;0;2;1;2;A01
201700032473;1;7;0;0;0;4;2;B01
201700032474;2;7;0;0;2;3;9;A01
201700032474;1;31;0;0;2;1;1;B01
201700032475;1;33;0;11;0;0;2;A01
201700032476;1;33;0;0;2;4;2;A01
201700032476;1;7;0;0;2;1;2;B01
201700032477;2;2;0;0;2;1;19;A01
201700032477;1;10;0;0;2;1;1;B01
201700032478;1;7;0;0;2;2;1;A01
201700032478;2;7;0;0;2;8;1;B01
201700032479;1;1;0;0;2;1;13;A01
201700032479;2;1;0;0;2;1;1;B01
201700032480;1;7;0;0;2;8;15;A01
201700032480;2;2;0;0;2;1;1;B01
201700032481;0;7;0;0;1;1;23;A01
201700032482;2;10;0;0;2;2;15;A01
201700032482;1;7;0;0;2;1;1;B01
201700032483;0;7;0;0;1;2;1;A01
201700032484;0;2;0;0;2;3;13;A01
201700032484;0;7;0;0;2;6;1;B01
201700032485;0;7;0;0;1;1;1;A01
201700032486;0;2;0;0;2;1;1;B01
201700032486;0;7;0;0;2;8;15;A01
201700032487;2;7;0;2;0;1;1;A01
201700032488;0;31;0;14;0;1;1;A01
201700032489;0;7;0;6;2;3;1;B01
201700032489;0;7;0;0;2;1;1;A01
201700032490;2;7;0;1;0;1;1;A01
201700032491;0;1;0;14;0;1;0;A01
201700032492;0;7;0;0;0;8;15;A01
201700032492;1;30;0;0;2;1;1;B01
201700032493;1;7;0;0;2;1;2;C01
201700032493;1;3;0;0;0;9;2;B01
201700032493;1;7;0;0;2;2;2;D01
201700032493;1;7;0;0;2;1;2;A01
201700032494;0;7;0;0;0;9;13;A01
201700032495;2;7;0;0;1;0;0;A01
201700032496;2;7;0;0;1;3;16;A01
201700032497;1;7;0;0;1;2;16;A01
201700032498;1;7;0;0;1;0;0;A01
201700032499;1;31;0;0;2;0;0;A01
201700032499;2;7;0;0;2;0;0;B01
201700032500;0;7;0;0;1;2;1;A01
201700032501;1;7;0;0;2;5;1;B01
201700032501;1;30;0;0;2;1;0;A01
201700032502;2;7;0;0;2;5;20;A01
201700032502;2;1;0;0;2;1;1;B01
201700032503;1;7;0;0;1;0;0;A01
201700032504;0;15;0;0;2;3;1;A01
201700032504;1;15;0;0;2;7;19;B01
201700032505;2;7;0;0;1;2;1;A01
201700032506;1;7;0;0;2;3;21;A01
201700032506;1;33;0;0;2;1;21;B01
201700032507;1;7;0;0;2;3;20;A01
201700032507;1;7;0;0;2;2;21;B01
201700032508;1;7;0;0;2;1;15;A01
201700032508;2;33;0;0;2;1;0;B01
201700032509;1;33;0;0;0;1;14;A01
201700032510;2;7;0;0;1;3;19;A01
201700032511;1;7;0;0;1;2;0;A01
201700032512;1;7;0;0;1;1;1;A01
201700032513;1;10;0;12;0;8;1;A01
201700032514;1;7;0;0;1;3;16;A01
201700032515;1;7;0;0;1;0;0;A01
201700032516;1;7;0;0;1;3;1;A01
201700032517;1;7;0;0;1;2;0;A01
201700032518;1;7;0;0;1;1;19;A01
201700032519;2;7;0;0;2;5;20;A01
201700032519;2;34;0;0;2;1;2;B01
201700032520;2;1;0;0;0;0;1;A01
201700032521;1;10;0;4;0;3;1;A01
201700032522;1;7;0;0;1;2;19;A01
201700032523;1;33;0;0;0;0;1;A01
201700032524;2;7;0;0;2;3;1;A01
201700032524;1;32;0;0;2;1;13;B01
201700032525;1;7;0;2;0;1;13;A01
201700032525;1;7;0;0;9;8;2;B01
201700032526;2;7;0;7;2;3;1;B01
201700032526;1;7;0;0;2;1;19;A01
201700032527;2;7;0;0;2;3;13;A01
201700032527;1;7;0;0;2;3;1;B01
201700032528;1;7;0;0;1;2;1;A01
201700032529;1;2;0;0;2;1;23;A01
201700032529;1;14;0;0;9;4;20;B01
201700032530;1;7;0;0;2;5;15;A01
201700032530;1;34;0;0;2;1;1;B01
201700032531;2;7;0;2;0;7;2;A01
201700032532;2;7;0;11;0;1;1;A01
201700032533;2;10;0;0;1;1;1;A01
201700032534;2;7;0;0;0;0;0;A01
201700032534;1;7;0;0;2;1;1;B01
201700032535;2;2;0;0;2;7;2;A01
201700032535;2;7;0;0;2;5;2;B01
201700032536;1;7;0;12;0;1;16;A01
201700032536;1;7;0;1;0;4;24;B01
201700032537;2;7;0;0;2;1;19;B01
201700032537;1;7;0;0;2;7;1;A01
201700032538;1;31;0;0;2;1;17;A01
201700032538;2;7;0;0;2;2;15;B01
201700032539;1;7;0;0;2;3;22;A01
201700032539;1;7;0;1;0;2;1;B01
201700032540;2;7;0;1;0;3;13;A01
201700032541;1;7;0;0;2;3;9;A01
201700032541;1;33;0;0;2;1;1;B01
201700032542;1;1;0;0;2;1;12;B01
201700032542;1;7;0;0;2;6;9;A01
201700032543;1;10;0;0;2;8;1;B01
201700032543;1;10;0;0;2;1;19;A01
201700032544;1;7;0;0;1;1;1;A01
201700032545;0;7;0;0;1;2;1;A01
201700032546;1;7;0;0;2;3;15;A01
201700032546;1;33;0;0;2;1;1;B01
201700032547;1;7;0;0;1;2;16;A01
201700032548;1;30;0;0;2;7;23;B01
201700032548;1;7;0;0;2;1;15;A01
201700032549;1;7;0;0;2;1;13;A01
201700032549;2;7;0;0;2;1;21;B01
201700032550;0;7;0;0;1;2;1;A01
201700032551;0;2;0;0;2;1;0;A01
201700032551;0;7;0;0;9;1;0;B01
201700032552;1;7;0;9;0;3;14;A01
201700032553;1;7;0;0;2;3;15;A01
201700032553;2;33;0;0;2;1;1;B01
201700032554;0;7;0;0;9;8;9;A01
201700032554;0;1;0;0;2;8;21;B01
201700032555;1;31;0;15;0;1;1;A01
201700032556;1;33;0;11;0;8;17;A01
201700032557;1;7;0;0;1;1;16;A01
201700032558;0;31;0;8;0;1;13;A01
201700032559;1;99;0;12;0;3;13;B01
201700032559;1;7;0;0;2;4;13;Z01
201700032560;0;31;0;;1;1;21;A01
201700032561;1;7;0;1;1;2;16;A01
201700032562;1;7;0;0;2;3;1;B01
201700032562;1;7;0;0;2;2;15;A01
201700032563;0;2;0;0;0;1;1;A01
201700032564;0;7;0;0;2;2;15;A01
201700032564;0;33;0;0;2;1;1;B01
201700032565;0;7;0;0;1;3;1;A01
201700032566;0;10;0;0;1;3;1;A01
201700032567;1;7;0;0;0;0;0;A01
201700032567;2;30;0;0;2;0;0;B01
201700032568;1;7;0;0;1;1;11;A01
201700032569;1;7;0;0;2;6;15;A01
201700032569;1;33;0;0;2;6;1;B01
201700032570;1;7;0;0;1;3;0;A01
201700032571;1;7;0;0;1;3;0;A01
201700032572;1;7;0;0;2;1;1;A01
201700032573;0;7;0;0;2;1;0;A01
201700032573;0;7;0;0;2;0;0;B01
201700032574;0;10;0;0;1;4;4;A01
201700032575;1;7;0;0;1;3;0;A01
201700032576;1;32;0;0;1;2;0;A01
201700032577;1;31;0;0;0;7;21;A01
201700032578;1;7;0;0;2;3;15;A01
201700032578;1;33;0;0;2;1;1;B01
201700032579;0;33;0;0;2;8;1;B01
201700032579;0;10;0;0;2;2;19;A01
201700032580;2;31;0;0;2;1;18;A01
201700032580;2;7;0;0;2;2;15;B01
201700032581;1;7;0;0;1;1;0;A01
201700032582;1;7;0;3;1;3;15;A01
201700032583;1;7;0;0;1;1;8;A01
201700032584;1;38;0;0;2;3;1;A01
201700032584;2;7;0;0;2;1;13;B01
201700032585;1;7;0;0;1;3;0;A01
201700032585;1;7;0;0;1;3;0;B01
201700032586;2;35;0;12;0;3;13;A01
201700032587;1;7;0;0;1;2;0;Z01
201700032588;1;30;0;0;2;3;23;B01
201700032588;2;30;0;0;2;1;19;C01
201700032588;1;7;0;0;2;1;19;A01
201700032589;2;7;0;0;1;1;21;A01
201700032589;1;7;0;0;1;1;14;Z01
201700032590;1;7;0;0;2;2;1;A01
201700032590;1;1;0;0;2;5;13;B01
201700032591;2;7;0;0;1;0;0;A01
201700032592;1;2;0;0;2;1;2;A01
201700032592;1;7;0;0;9;5;23;B01
201700032593;2;37;0;0;1;5;16;A01
201700032594;1;2;0;6;0;2;1;A01
201700032595;1;7;0;15;0;3;13;A01
201700032596;2;7;0;0;2;1;15;A01
201700032596;1;2;0;0;2;1;1;B01
201700032597;1;37;1;0;1;2;1;A01
201700032598;1;7;0;1;0;1;13;A01
201700032599;1;99;0;0;2;1;19;A01
201700032599;2;7;0;0;9;1;0;B01
201700032600;1;34;0;1;0;2;16;A01
201700032601;1;10;0;0;2;3;9;A01
201700032601;1;31;0;0;2;1;9;B01
201700032602;2;3;0;0;2;2;1;B01
201700032602;2;7;0;0;2;1;16;A01
201700032603;1;7;0;0;0;1;13;A01
201700032604;1;1;0;0;2;1;1;A01
201700032604;1;7;0;0;9;6;1;B01
201700032605;1;7;0;1;0;2;21;A01
201700032605;1;7;0;0;2;1;2;B01
201700032606;1;7;0;0;2;7;14;A01
201700032606;1;14;0;0;2;3;9;B01
201700032607;1;7;0;6;0;2;13;A01
201700032608;1;7;0;0;2;5;15;A01
201700032608;2;33;0;0;2;1;1;B01
201700032608;1;7;0;0;2;1;1;C01
201700032609;2;7;0;0;1;1;1;A01
201700032610;1;7;0;0;1;2;2;A01
201700032611;1;10;0;0;1;2;15;A01
201700032612;1;7;0;0;1;1;0;A01
201700032613;2;2;0;0;2;1;16;A01
201700032613;1;13;0;0;2;3;1;B01
201700032614;1;7;0;0;1;3;1;A01
201700032615;2;7;0;0;1;1;21;A01
201700032616;2;38;11;0;2;1;1;A01
201700032616;2;17;0;0;2;4;1;B01
201700032617;1;7;0;1;2;1;5;A01
201700032617;2;7;0;0;2;1;1;B01
201700032618;2;7;0;1;1;1;2;A01
201700032619;2;33;0;8;0;1;14;A01
201700032620;2;7;0;0;1;1;1;A01
201700032621;1;7;0;8;0;1;13;A01
201700032622;1;7;0;0;2;6;0;B01
201700032622;1;7;0;0;2;3;19;A01
201700032623;1;7;0;0;2;2;9;A01
201700032623;1;7;0;0;2;3;1;B01
201700032624;1;7;0;0;9;1;2;A01
201700032624;2;1;0;0;0;0;0;B01
201700032625;2;3;0;0;2;1;15;A01
201700032625;1;7;0;0;2;1;1;B01
201700032626;2;30;0;0;2;1;0;A01
201700032626;0;7;0;0;2;6;10;B01
201700032627;2;10;0;0;2;1;1;B01
201700032627;1;7;0;0;2;0;0;A01
201700032628;1;7;0;0;2;7;19;B01
201700032628;2;7;0;0;2;8;23;C01
201700032628;2;7;0;0;2;3;23;D01
201700032628;1;7;0;0;2;1;1;A01
201700032629;1;30;0;0;2;1;1;A01
201700032629;2;7;0;0;2;5;12;B01
201700032630;2;7;0;0;1;1;1;A01
201700032631;2;7;0;0;2;1;2;A01
201700032631;2;33;0;0;2;4;23;B01
201700032631;2;33;0;0;2;4;23;C01
201700032632;2;31;0;0;2;1;1;B01
201700032632;2;7;0;0;2;2;19;A01
201700032633;1;31;0;0;2;1;1;B01
201700032633;1;7;0;0;2;3;9;A01
201700032634;1;7;0;0;2;2;13;A01
201700032634;2;7;0;0;2;3;1;B01
201700032635;1;7;0;0;2;1;0;A01
201700032635;1;7;0;0;2;4;23;B01
201700032635;1;7;0;0;2;4;23;C01
201700032636;1;10;0;0;2;1;2;A01
201700032636;1;7;0;0;9;4;1;B01
201700032637;1;7;0;0;1;5;4;A01
201700032638;2;7;0;8;0;5;21;A01
201700032639;2;31;0;6;2;1;17;A01
201700032639;2;7;0;0;2;8;15;B01
201700032640;1;31;0;0;2;1;17;A01
201700032640;1;7;0;0;2;1;1;B01
201700032641;1;7;0;0;9;8;22;A01
201700032641;1;30;0;0;2;9;18;B01
201700032641;1;7;0;0;9;7;2;C01
201700032642;1;7;0;0;2;1;14;B01
201700032642;1;7;0;0;2;2;16;A01
201700032643;2;7;0;1;0;3;13;A01
201700032644;2;7;0;0;1;3;2;A01
201700032645;1;37;12;0;2;1;19;A01
201700032645;2;7;0;0;9;5;15;B01
201700032646;1;7;0;0;1;2;0;A01
201700032646;1;7;0;0;2;2;0;B01
201700032647;1;7;0;0;2;1;0;A01
201700032647;1;7;0;8;2;7;1;B01
201700032648;2;7;0;0;2;1;9;A01
201700032648;2;31;0;0;2;7;1;B01
201700032649;1;7;0;0;1;3;1;A01
201700032650;1;7;0;0;9;2;14;A01
201700032650;1;1;0;0;2;6;1;B01
201700032651;1;7;0;0;1;2;2;A01
201700032652;1;17;0;0;1;0;0;A01
201700032653;1;2;0;0;2;2;2;A01
201700032653;1;7;0;0;2;6;2;B01
201700032654;1;7;0;0;1;1;1;A01
201700032655;1;30;0;14;2;1;2;B01
201700032655;1;7;0;14;2;3;15;A01
201700032656;2;7;0;0;2;3;16;A01
201700032656;2;33;0;0;2;1;1;B01
201700032657;1;1;0;0;2;1;1;B01
201700032657;1;7;0;0;2;3;15;A01
201700032658;2;1;0;0;2;1;1;B01
201700032658;1;10;0;0;2;1;1;A01
201700032659;1;7;0;0;2;8;1;B01
201700032659;1;34;0;0;2;7;1;A01
201700032660;0;7;0;0;1;3;1;A01
201700032661;1;7;0;0;1;3;1;A01
201700032661;1;7;0;0;1;1;1;B01
201700032662;1;10;0;0;1;1;0;A01
201700032663;1;7;0;0;1;3;1;A01
201700032664;1;7;0;0;1;7;1;A01
201700032665;1;7;0;0;1;1;1;A01
201700032666;1;7;0;0;1;2;16;A01
201700032667;1;7;0;0;2;3;15;A01
201700032667;1;33;0;0;2;1;1;B01
201700032668;0;31;0;2;2;5;17;A01
201700032668;0;7;0;0;9;3;15;B01
201700032669;0;7;0;0;2;7;10;A01
201700032669;2;7;0;0;2;1;21;B01
201700032670;2;7;0;0;1;3;1;A01
201700032671;0;37;1;0;1;8;17;A01
201700032672;1;7;0;9;1;8;1;A01
201700032673;1;7;0;0;2;1;1;A01
201700032673;1;7;0;0;2;4;1;B01
201700032674;2;7;0;0;1;1;2;A01
201700032675;1;7;0;0;2;3;9;A01
201700032675;1;1;0;0;2;0;1;B01
201700032676;2;30;0;0;2;8;0;A01
201700032676;1;7;0;0;2;2;1;B01
201700032677;1;7;0;0;1;8;2;A01
201700032678;1;35;0;0;2;1;1;A01
201700032678;1;7;0;0;2;1;0;B01
201700032679;1;7;0;0;2;3;1;A01
201700032679;2;7;0;0;2;1;1;B01
201700032680;2;30;0;0;2;8;0;B01
201700032680;0;7;0;0;2;0;0;Z01
201700032681;1;7;0;0;1;0;0;A01
201700032682;2;7;0;0;2;1;13;A01
201700032682;1;7;0;0;2;1;1;B01
201700032683;1;10;0;0;2;1;1;A01
201700032683;1;7;0;0;2;8;0;B01
201700032684;1;7;0;0;1;2;1;A01
201700032685;1;7;0;9;1;2;1;A01
201700032686;2;7;0;0;2;2;1;A01
201700032686;2;1;0;0;2;6;1;B01
201700032687;0;7;0;0;2;2;15;A01
201700032687;0;7;0;0;2;1;1;B01
201700032688;1;7;0;0;1;2;1;A01
201700032689;1;10;0;8;0;4;15;A01
201700032690;1;7;0;0;2;2;1;B01
201700032690;1;7;0;0;2;1;16;A01
201700032691;1;7;0;0;2;1;0;A01
201700032691;1;7;0;0;2;3;0;B01
201700032692;1;33;0;0;2;1;17;A01
201700032692;1;7;0;0;2;6;15;B01
201700032693;2;7;0;0;0;0;0;A01
201700032694;0;7;0;0;2;8;23;B01
201700032694;0;7;0;0;2;1;14;A01
201700032695;1;7;0;0;1;3;1;A01
201700032696;2;7;0;0;1;2;1;A01
201700032697;1;7;0;1;0;8;1;A01
201700032698;2;7;0;0;1;1;14;A01
201700032699;1;7;0;9;2;3;17;A01
201700032699;1;7;0;9;0;3;0;B01
201700032700;1;7;0;8;0;3;13;A01
201700032701;2;30;0;0;2;1;1;A01
201700032701;0;7;0;0;2;3;16;B01
201700032702;1;7;0;0;1;3;2;A01
201700032703;0;31;0;0;2;2;17;A01
201700032703;0;7;0;0;9;8;15;B01
201700032704;1;7;0;0;2;1;5;A01
201700032704;2;7;0;0;2;1;1;B01
201700032705;1;37;0;0;2;5;17;A01
201700032705;1;1;0;0;2;8;1;B01
201700032706;2;7;0;0;1;2;1;A01
201700032707;1;7;0;0;0;0;2;A01
201700032707;1;33;0;0;2;8;21;B01
201700032707;1;33;0;0;2;8;21;C01
201700032708;1;7;0;0;2;3;1;B01
201700032708;1;7;0;0;2;1;19;A01
201700032709;1;7;0;0;1;0;9;A01
201700032710;1;7;0;0;1;2;1;A01
201700032711;1;7;0;0;2;3;1;A01
201700032711;2;7;0;0;2;1;1;B01
201700032712;1;35;0;0;2;1;19;A01
201700032712;1;7;0;0;2;3;15;B01
201700032713;1;1;0;0;2;4;1;B01
201700032713;1;7;0;0;2;1;1;A01
201700032714;0;7;0;0;2;1;2;A01
201700032714;0;10;0;0;2;4;2;B01
201700032715;1;7;0;9;1;7;21;A01
201700032716;2;7;0;0;2;1;1;B01
201700032716;1;30;0;0;2;7;1;A01
201700032717;2;1;0;6;2;8;23;A01
201700032717;2;7;0;6;2;7;1;Z01
201700032718;1;7;0;9;2;1;2;A01
201700032718;2;30;0;9;2;4;1;B01
201700032719;1;16;0;0;2;7;2;A01
201700032719;1;1;0;0;2;8;1;B01
201700032720;1;31;0;0;2;1;15;A01
201700032720;1;7;0;0;2;1;1;B01
201700032721;1;99;0;0;0;8;1;A01
201700032722;1;31;0;0;2;3;1;A01
201700032722;2;7;0;0;2;2;10;B01
201700032723;1;7;0;6;2;2;15;A01
201700032723;2;33;0;6;2;1;1;B01
201700032724;1;7;0;0;2;7;17;A01
201700032724;1;1;0;0;2;3;1;B01
201700032725;1;7;0;0;1;1;1;A01
201700032726;1;7;0;0;2;5;15;B01
201700032726;2;7;0;0;2;1;1;A01
201700032727;0;7;0;0;1;3;1;A01
201700032728;2;33;0;0;2;1;1;B01
201700032728;1;7;0;0;2;3;15;A01
201700032729;1;7;0;0;2;3;10;A01
201700032729;1;33;0;0;2;1;1;B01
201700032730;1;7;0;0;9;4;1;A01
201700032730;1;7;0;0;2;1;1;B01
201700032730;1;7;0;0;2;1;1;C01
201700032730;1;7;0;0;2;1;1;D01
201700032731;2;7;0;0;2;3;10;A01
201700032731;2;33;0;1;2;1;1;B01
201700032732;1;7;0;3;0;1;14;A01
201700032733;1;33;0;1;2;7;1;A01
201700032733;2;7;0;0;2;1;1;B01
201700032734;2;7;0;9;0;1;13;A01
201700032735;1;3;0;0;1;5;4;A01
201700032736;2;2;0;0;1;1;1;A01
201700032737;1;7;0;0;2;3;1;B01
201700032737;1;2;0;0;2;1;1;A01
201700032738;1;33;0;0;2;1;1;A01
201700032738;1;7;0;0;2;3;10;B01
201700032739;1;7;0;1;1;1;19;A01
201700032740;1;33;0;1;0;0;1;A01
201700032741;1;7;0;0;1;4;4;A01
201700032742;0;2;0;0;2;3;15;A01
201700032742;0;1;0;0;2;1;1;B01
201700032743;1;7;0;0;1;0;1;A01
201700032744;1;30;0;0;2;1;1;A01
201700032744;1;7;0;0;2;3;20;B01
201700032745;1;33;0;0;2;1;1;B01
201700032745;1;7;0;0;2;8;19;A01
201700032746;1;7;0;9;2;2;14;A01
201700032746;1;34;0;9;2;1;1;B01
201700032747;1;7;0;9;2;8;1;B01
201700032747;2;7;0;9;2;1;1;A01
201700032748;2;30;0;1;0;8;13;A01
201700032749;1;7;0;9;2;2;15;A01
201700032749;2;30;0;9;2;1;1;B01
201700032750;1;7;0;14;2;8;19;B01
201700032750;1;1;0;14;2;0;19;A01
201700032751;0;7;0;0;9;7;1;B01
201700032751;0;1;0;0;2;1;19;A01
201700032752;1;7;0;14;2;1;19;B01
201700032752;1;1;0;14;2;8;5;A01
201700032753;1;7;0;0;2;8;10;A01
201700032753;1;7;0;0;2;1;2;B01
201700032754;1;7;0;0;2;1;15;A01
201700032754;2;30;0;0;2;1;1;B01
201700032755;1;30;0;0;2;7;1;A01
201700032755;1;10;0;0;2;1;15;B01
201700032756;1;7;0;16;0;9;2;A01
201700032757;1;7;0;0;1;1;1;A01
201700032758;0;7;0;0;9;1;1;B01
201700032758;0;30;0;0;2;8;9;A01
201700032759;1;7;0;0;2;3;1;B01
201700032759;2;30;0;0;2;2;19;A01
201700032760;1;33;0;0;2;1;1;B01
201700032760;2;7;0;0;9;3;13;A01
201700032761;1;7;0;6;2;1;17;A01
201700032761;1;7;0;0;2;8;1;B01
201700032762;0;7;0;0;2;1;1;B01
201700032762;0;7;0;0;2;1;17;A01
201700032763;1;7;0;0;2;1;9;A01
201700032763;1;7;0;0;2;5;1;B01
201700032764;1;7;0;0;2;1;0;A01
201700032764;1;1;0;0;2;1;0;B01
201700032765;1;7;0;9;1;0;1;A01
201700032766;1;7;0;9;1;1;1;A01
201700032767;1;7;0;9;2;2;15;A01
201700032767;2;33;0;9;2;1;1;B01
201700032768;2;1;0;0;2;8;19;B01
201700032768;2;1;0;0;2;8;19;C01
201700032768;2;7;0;0;2;1;1;A01
201700032769;2;7;0;0;2;2;15;A01
201700032769;1;7;0;0;2;3;2;B01
201700032770;1;33;0;0;2;1;1;A01
201700032770;1;7;0;0;2;3;15;B01
201700032771;1;7;0;0;2;8;10;A01
201700032771;2;33;0;0;2;1;1;B01
201700032772;0;33;0;0;2;1;2;A01
201700032772;0;7;0;0;2;4;23;B01
201700032773;2;7;0;0;9;1;2;A01
201700032774;1;7;0;0;2;2;15;A01
201700032774;1;31;0;0;2;1;1;B01
201700032775;1;7;0;0;2;3;9;A01
201700032775;1;30;0;0;2;1;1;B01
201700032776;1;7;0;0;1;3;1;A01
201700032777;1;7;0;14;0;3;13;A01
201700032777;2;7;0;0;2;3;23;B01
201700032777;2;7;0;0;2;1;23;C01
201700032778;2;7;0;6;0;2;1;A01
201700032779;2;7;0;0;1;3;1;A01
201700032780;1;30;0;0;2;4;1;B01
201700032780;1;7;0;0;2;1;1;A01
201700032781;1;7;0;0;1;1;19;A01
201700032782;1;31;0;0;2;1;13;A01
201700032782;2;7;0;0;2;1;0;B01
201700032783;1;7;0;1;0;3;13;A01
201700032784;2;30;0;0;2;1;2;A01
201700032784;2;7;0;0;2;4;16;B01
201700032785;2;33;0;0;2;1;13;A01
201700032785;1;7;0;0;2;1;1;B01
201700032786;1;15;0;0;2;3;10;A01
201700032786;2;33;0;0;2;1;17;B01
201700032787;1;35;0;1;0;2;14;A01
201700032788;1;7;0;6;0;1;1;A01
201700032789;2;2;0;0;2;1;0;B01
201700032789;1;7;0;0;2;3;19;A01
201700032790;2;7;0;0;2;0;0;A01
201700032790;1;7;0;0;2;2;0;B01
201700032791;1;10;0;0;1;3;20;A01
201700032792;0;2;0;0;2;1;2;A01
201700032792;1;10;0;0;2;0;0;Z01
201700032793;2;13;0;0;1;0;0;A01
201700032794;1;33;0;7;0;3;2;A01
201700032795;2;7;0;8;1;9;13;A01
201700032796;1;7;0;0;1;2;14;Z01
201700032797;1;3;0;0;2;2;15;A01
201700032797;2;2;0;0;2;1;0;B01
201700032798;1;7;0;0;1;1;15;A01
201700032799;1;30;0;6;0;1;2;A01
201700032800;0;10;0;0;1;0;0;A01
201700032801;1;30;0;0;2;1;21;A01
201700032801;0;7;0;0;2;3;1;B01
201700032801;2;37;0;0;0;0;15;C01
201700032802;1;33;0;12;9;5;0;A01
201700032803;1;7;0;16;9;1;2;A01
201700032804;2;7;0;0;2;7;19;A01
201700032804;2;15;0;0;2;1;21;B01
201700032805;1;7;0;0;1;2;21;A01
201700032806;1;7;0;0;1;1;1;A01
201700032807;1;2;0;1;0;1;2;A01
201700032807;1;31;0;0;2;1;2;B01
201700032807;2;7;0;0;0;6;0;C01
201700032808;1;7;0;0;2;3;1;B01
201700032808;1;1;0;0;2;1;1;A01
201700032809;1;2;0;11;2;1;1;B01
201700032809;1;7;0;11;2;2;1;A01
201700032810;1;30;0;0;2;1;1;A01
201700032810;2;7;0;0;2;1;0;B01
201700032811;2;7;0;0;2;7;13;A01
201700032811;1;7;0;0;2;1;1;B01
201700032812;1;7;0;0;1;4;9;A01
201700032813;1;7;0;0;1;2;1;A01
201700032814;2;7;0;0;1;1;9;A01
201700032815;2;7;0;0;1;3;1;A01
201700032816;1;7;0;0;1;2;1;A01
201700032817;2;2;0;0;2;1;0;A01
201700032817;2;7;0;0;2;6;1;B01
201700032818;1;2;0;0;1;1;0;A01
201700032819;1;7;0;0;1;2;0;A01
201700032820;0;7;0;8;1;3;14;A01
201700032821;0;7;0;0;1;3;15;A01
201700032822;1;7;0;8;0;0;0;A01
201700032823;0;7;0;0;2;1;1;B01
201700032823;1;7;0;0;1;1;5;A01
201700032824;1;7;0;0;2;0;0;B01
201700032824;1;7;0;0;2;8;1;A01
201700032825;0;7;0;0;0;6;23;B01
201700032825;0;7;0;1;0;2;2;A01
201700032826;0;7;0;0;1;1;0;A01
201700032827;0;7;0;0;1;2;1;A01
201700032828;0;33;0;0;2;1;1;A01
201700032828;0;33;0;0;0;4;0;B01
201700032829;1;7;0;0;0;0;1;A01
201700032830;2;7;0;0;1;1;1;A01
201700032831;2;7;0;0;1;3;1;A01
201700032832;1;7;0;0;1;0;0;A01
201700032833;2;7;0;0;1;0;0;A01
201700032834;1;7;0;0;2;2;15;A01
201700032834;2;1;0;0;2;1;1;B01
201700032835;1;7;0;0;1;0;0;A01
201700032836;2;7;0;0;2;1;1;A01
201700032836;1;33;0;0;2;7;1;B01
201700032837;2;7;0;0;2;4;2;B01
201700032837;2;7;0;0;2;1;2;A01
201700032838;1;7;0;14;2;3;1;B01