num_acc;senc;catv;occutc;obs;obsm;choc;manv;num_veh
201700032838;1;2;0;0;2;0;0;A01
201700032839;1;7;0;0;1;2;1;A01
201700032840;2;7;0;0;1;0;0;B01
201700032841;1;7;0;12;0;1;6;A01
201700032842;2;7;0;0;2;3;1;B01
201700032842;1;7;0;0;2;1;15;A01
201700032843;1;7;0;7;2;8;1;B01
201700032843;1;7;0;0;2;1;19;A01
201700032844;2;7;0;0;1;2;1;A01
201700032845;1;7;0;1;1;7;1;A01
201700032846;1;7;0;0;1;2;7;A01
201700032847;1;7;0;0;1;2;7;A01
201700032848;2;7;0;0;1;1;1;A01
201700032849;2;7;0;0;1;0;1;A01
201700032850;1;7;0;0;2;4;23;A01
201700032850;1;7;0;0;2;1;2;B01
201700032851;1;7;0;6;9;1;14;A01
201700032852;2;7;0;0;9;7;19;A01
201700032852;1;31;0;0;2;1;19;B01
201700032853;2;7;0;0;1;6;4;A01
201700032854;1;7;0;0;1;2;0;A01
201700032855;1;7;0;0;2;1;9;A01
201700032855;1;33;0;0;2;4;23;C01
201700032855;1;33;0;0;2;4;23;B01
201700032856;2;7;0;0;2;3;1;A01
201700032856;1;31;0;0;2;8;1;B01
201700032857;1;7;0;0;2;1;1;A01
201700032857;2;7;0;0;2;7;1;B01
201700032858;2;10;0;0;2;8;10;A01
201700032858;2;33;0;0;2;1;1;B01
201700032859;2;7;0;0;2;2;1;B01
201700032859;2;7;0;4;2;9;1;A01
201700032860;1;14;0;0;1;1;1;A01
201700032861;1;7;0;0;2;6;15;A01
201700032861;1;33;0;0;2;1;2;B01
201700032862;2;7;0;0;1;2;1;A01
201700032863;1;7;0;0;1;5;4;A01
201700032864;1;10;0;0;2;1;1;A01
201700032864;2;2;0;0;2;1;15;B01
201700032865;1;7;0;0;2;5;1;B01
201700032865;1;7;0;0;2;1;1;A01
201700032866;2;10;0;0;1;2;1;A01
201700032867;2;7;0;0;2;1;5;A01
201700032867;1;7;0;0;0;0;0;B01
201700032868;1;7;0;0;2;1;13;A01
201700032868;2;7;0;0;2;3;0;B01
201700032869;1;7;0;0;2;4;19;A01
201700032869;1;33;0;0;2;1;2;B01
201700032870;2;7;0;0;2;3;13;A01
201700032870;1;14;0;0;2;3;1;B01
201700032871;1;7;0;0;2;3;21;A01
201700032871;1;7;0;0;2;5;15;B01
201700032871;2;7;0;0;2;3;1;C01
201700032872;1;7;0;0;2;1;13;A01
201700032872;2;10;0;0;2;1;21;B01
201700032873;2;7;0;0;1;4;4;A01
201700032874;1;7;0;0;2;1;19;A01
201700032874;1;7;0;0;2;8;1;B01
201700032875;1;7;0;6;0;3;13;A01
201700032876;2;33;0;4;0;1;1;A01
201700032877;2;3;0;0;2;1;13;A01
201700032877;1;7;0;0;2;1;1;B01
201700032878;2;30;0;0;2;1;1;A01
201700032878;2;7;0;0;2;4;1;B01
201700032879;1;10;0;0;2;8;10;A01
201700032879;1;33;0;0;2;1;1;B01
201700032880;2;33;0;0;2;8;18;A01
201700032880;2;7;0;0;2;2;16;B01
201700032881;1;2;0;0;2;0;1;A01
201700032881;2;7;0;0;0;0;15;Z01
201700032882;0;2;0;0;2;1;1;B01
201700032882;0;7;0;0;2;3;15;A01
201700032883;1;7;0;9;0;1;1;A01
201700032884;1;33;0;0;2;1;17;A01
201700032884;2;10;0;0;2;3;9;B01
201700032885;0;7;0;0;2;1;15;A01
201700032885;2;31;0;0;2;1;1;B01
201700032886;1;7;0;11;0;1;1;A01
201700032887;1;30;0;12;0;1;21;A01
201700032888;0;2;0;0;2;6;1;B01
201700032888;0;7;0;0;2;3;15;A01
201700032889;0;2;0;0;2;1;1;B01
201700032889;0;7;0;0;2;3;15;A01
201700032890;0;7;0;0;2;2;2;B01
201700032890;0;1;0;0;2;4;1;A01
201700032891;0;30;0;0;1;1;21;A01
201700032892;1;7;0;0;2;7;1;B01
201700032892;1;30;0;0;2;8;21;A01
201700032893;0;7;0;0;2;1;21;A01
201700032893;2;7;0;0;2;1;0;B01
201700032894;0;7;0;15;0;1;1;A01
201700032895;0;1;0;0;2;8;16;B01
201700032895;0;34;0;0;9;7;16;Z01
201700032896;1;7;0;0;1;7;1;Z01
201700032897;1;7;0;0;2;7;17;A01
201700032897;1;32;0;0;2;8;1;B01
201700032898;1;10;0;0;1;3;1;A01
201700032899;0;33;0;12;0;7;1;A01
201700032900;0;1;0;12;0;1;1;A01
201700032901;0;2;0;0;0;0;0;A01
201700032902;0;33;0;4;0;8;13;A01
201700032903;0;7;0;0;2;2;10;A01
201700032903;0;2;0;0;2;1;1;B01
201700032904;2;7;0;0;2;2;16;B01
201700032904;2;30;0;0;2;1;7;A01
201700032905;0;1;0;0;2;4;1;B01
201700032905;0;7;0;0;2;1;1;A01
201700032906;0;7;0;0;2;1;9;A01
201700032906;0;30;0;0;2;1;21;B01
201700032907;0;7;0;0;2;2;15;A01
201700032907;0;2;0;0;2;1;1;B01
201700032908;0;33;0;0;0;0;17;A01
201700032909;0;7;0;0;1;1;1;A01
201700032910;0;30;0;0;0;0;1;A01
201700032911;1;10;0;0;2;1;19;A01
201700032911;0;31;0;0;2;8;1;B01
201700032912;2;32;0;12;0;1;14;A01
201700032913;0;2;0;0;2;1;19;A01
201700032913;0;7;0;0;2;3;1;B01
201700032914;0;7;0;0;1;3;13;A01
201700032915;0;7;0;0;2;3;15;A01
201700032915;0;33;0;0;2;3;1;B01
201700032916;0;33;0;12;0;7;13;A01
201700032917;0;30;0;0;2;5;1;B01
201700032917;0;7;0;0;2;2;19;A01
201700032918;1;7;0;6;0;1;1;A01
201700032919;0;7;0;0;2;1;0;C01
201700032919;0;7;0;0;2;3;19;A01
201700032919;0;31;0;1;2;8;1;B01
201700032920;2;7;0;0;2;8;9;A01
201700032920;2;1;0;0;2;7;1;B01
201700032921;0;30;0;0;2;1;1;B01
201700032921;1;7;0;0;2;1;15;A01
201700032922;0;30;0;0;2;4;1;B01
201700032922;0;7;0;0;2;0;0;Z01
201700032923;0;2;0;0;0;8;1;A01
201700032924;0;2;0;0;0;8;1;A01
201700032925;0;7;0;0;2;6;1;B01
201700032925;0;31;0;0;2;4;21;A01
201700032926;1;2;0;0;2;8;1;B01
201700032926;1;7;0;0;2;2;16;A01
201700032927;1;2;0;0;0;7;1;A01
201700032928;0;2;0;0;0;7;1;A01
201700032929;0;2;0;0;0;8;1;A01
201700032930;1;7;0;0;2;2;15;A01
201700032930;2;33;0;0;2;1;1;B01
201700032931;2;2;0;0;2;7;15;B01
201700032931;0;7;0;0;2;3;15;A01
201700032932;0;2;0;0;2;3;1;A01
201700032933;0;7;0;0;2;1;16;B01
201700032933;0;2;0;0;2;1;17;A01
201700032934;1;10;0;0;2;3;9;A01
201700032934;2;7;0;0;2;2;1;B01
201700032935;0;7;0;0;2;1;2;A01
201700032935;0;7;0;0;2;4;2;B01
201700032936;1;33;0;0;2;4;23;C01
201700032936;1;14;0;0;2;1;1;A01
201700032936;1;7;0;0;2;4;23;B01
201700032936;1;14;0;0;2;4;23;D01
201700032937;0;7;0;0;1;7;1;A01
201700032938;1;33;0;0;2;1;17;B01
201700032938;0;7;0;0;2;8;19;A01
201700032939;0;30;0;0;2;4;1;A01
201700032939;0;7;0;0;2;1;18;Z01
201700032940;0;31;0;0;0;0;1;A01
201700032941;0;30;0;0;2;1;19;A01
201700032941;0;7;0;0;2;1;1;B01
201700032942;2;13;0;0;2;1;13;A01
201700032942;1;7;0;0;2;1;21;B01
201700032943;1;31;0;11;0;1;17;A01
201700032944;1;33;0;15;0;1;1;A01
201700032945;1;10;0;0;1;1;1;A01
201700032946;0;7;0;0;1;4;16;A01
201700032947;0;7;0;0;2;1;2;A01
201700032947;0;1;0;0;2;4;2;B01
201700032948;1;2;0;0;2;1;17;B01
201700032948;2;10;0;0;2;3;15;A01
201700032949;0;7;0;0;2;3;15;A01
201700032949;0;31;0;0;2;1;1;B01
201700032950;;7;0;;;;;A02
201700032950;0;1;0;0;0;0;21;A01
201700032951;0;31;0;0;0;7;1;A01
201700032952;0;7;0;0;1;1;1;A01
201700032953;1;7;0;9;0;1;13;A01
201700032954;0;2;0;0;2;1;15;A01
201700032954;0;7;0;0;2;1;1;B01
201700032955;0;7;0;0;2;2;21;A01
201700032955;0;10;0;0;2;2;21;B01
201700032956;1;7;0;0;2;4;24;A01
201700032956;1;34;0;1;0;1;21;B01
201700032957;1;7;0;3;0;1;14;A01
201700032958;1;33;0;0;0;0;21;A01
201700032959;1;7;0;0;2;5;23;B01
201700032959;1;2;0;0;2;3;7;A01
201700032960;0;2;0;0;2;1;2;A01
201700032960;1;7;0;0;2;4;23;B01
201700032961;0;10;0;0;0;0;15;B01
201700032961;0;33;0;0;0;7;21;A01
201700032962;0;2;0;0;2;1;19;B01
201700032962;0;10;0;0;2;1;19;A01
201700032963;0;30;0;0;2;4;23;A01
201700032963;0;7;0;0;2;1;2;B01
201700032964;0;31;0;14;0;1;13;A01
201700032965;0;2;0;0;2;1;1;B01
201700032965;0;13;0;0;2;3;15;A01
201700032966;1;33;0;0;2;8;3;A01
201700032966;1;7;0;0;2;2;16;B01
201700032967;0;7;0;0;2;6;15;B01
201700032967;0;33;0;0;2;1;17;A01
201700032968;2;33;0;0;2;1;7;A01
201700032968;2;7;0;0;2;2;12;B01
201700032969;0;33;0;0;0;8;1;A01
201700032970;0;7;0;0;2;1;1;B01
201700032970;0;7;0;0;2;2;15;A01
201700032971;0;31;0;11;0;1;1;A01
201700032972;1;33;0;0;2;1;21;B01
201700032972;0;7;0;0;2;3;15;A01
201700032973;0;7;0;8;0;1;5;A01
201700032974;0;2;0;0;2;2;21;A01
201700032974;0;7;0;0;2;8;5;Z01
201700032975;0;30;0;11;0;1;1;A01
201700032976;0;10;0;0;2;6;15;B01
201700032976;0;33;0;0;2;1;17;A01
201700032977;2;7;0;0;2;4;23;B01
201700032977;2;31;0;0;2;1;2;A01
201700032978;0;7;0;0;2;3;9;A01
201700032978;0;7;0;0;2;8;1;C01
201700032978;0;34;0;0;2;1;17;B01
201700032979;2;7;0;1;1;1;14;A01
201700032980;0;7;0;0;2;0;9;A01
201700032980;0;31;0;9;0;2;21;B01
201700032981;0;7;0;0;2;3;9;A01
201700032981;0;30;0;0;2;4;21;B01
201700032982;1;7;0;0;1;1;1;A01
201700032983;0;7;0;0;2;3;15;A01
201700032983;0;31;0;0;2;1;1;B01
201700032984;0;7;0;0;2;1;9;A01
201700032984;0;1;0;0;2;7;1;B01
201700032985;;30;0;0;0;8;1;A01
201700032986;0;31;0;0;2;7;5;A01
201700032986;0;10;0;0;2;1;1;B01
201700032987;0;7;0;2;0;3;13;A01
201700032988;0;7;0;0;2;1;15;A01
201700032988;0;7;0;0;2;1;1;B01
201700032989;;7;0;9;0;3;1;A01
201700032990;0;7;0;0;2;3;15;A01
201700032990;0;2;0;0;2;1;1;B01
201700032991;2;7;0;0;2;3;1;B01
201700032991;1;7;0;0;2;3;1;A01
201700032992;1;7;0;0;2;4;2;B01
201700032992;1;33;0;0;2;8;2;A01
201700032993;1;2;0;0;2;2;17;A01
201700032993;1;7;0;0;2;3;15;B01
201700032994;0;37;5;0;0;0;0;A01
201700032994;0;7;0;0;0;0;12;B01
201700032995;0;7;0;0;1;1;1;A01
201700032996;0;7;0;0;1;2;1;A01
201700032997;0;7;0;15;0;1;14;A01
201700032998;0;31;0;0;0;0;1;A01
201700032999;0;30;0;0;0;7;16;A01
201700033000;0;30;0;0;0;1;16;A01
201700033001;0;13;0;0;2;3;1;B01
201700033001;0;10;0;0;2;3;0;A01
201700033002;0;32;0;0;2;1;15;B01
201700033002;0;7;0;0;2;3;19;A01
201700033003;0;34;0;11;0;3;13;A01
201700033004;0;7;0;0;2;8;15;A01
201700033004;0;31;0;0;2;7;17;B01
201700033005;1;33;0;0;2;1;0;B01
201700033005;1;7;0;0;2;8;10;A01
201700033006;2;7;0;9;0;1;14;A01
201700033007;0;7;0;0;2;2;15;A01
201700033007;0;2;0;0;2;7;0;B01
201700033008;0;30;0;0;0;8;1;A01
201700033009;0;7;0;0;9;3;9;A01
201700033009;0;30;0;0;2;1;17;B01
201700033010;1;7;0;0;2;3;15;B01
201700033010;1;31;0;0;2;3;5;A01
201700033011;0;7;0;0;2;2;19;A01
201700033011;0;30;0;0;2;1;1;B01
201700033012;1;7;0;0;1;2;1;A01
201700033013;0;37;10;0;9;8;15;A01
201700033013;0;31;0;0;2;8;17;B01
201700033014;0;7;0;0;9;1;0;A01
201700033015;0;31;0;0;2;0;0;A01
201700033015;0;7;0;0;2;6;15;B01
201700033016;0;7;0;0;1;0;0;A01
201700033017;0;2;0;12;0;1;1;A01
201700033018;2;7;0;0;2;8;1;B01
201700033018;1;7;0;0;2;3;13;A01
201700033019;0;30;0;12;0;1;1;A01
201700033020;0;7;0;0;2;3;19;A01
201700033020;0;31;0;0;2;1;1;B01
201700033021;0;7;0;0;2;6;0;A01
201700033021;0;33;0;0;2;8;0;B01
201700033022;2;31;0;12;0;7;0;A01
201700033023;0;7;0;8;0;0;0;A01
201700033024;0;7;0;0;2;2;0;A01
201700033024;0;33;0;0;2;1;1;B01
201700033025;0;1;0;0;2;1;0;B01
201700033025;0;7;0;0;9;5;0;A01
201700033026;0;7;0;0;1;1;1;A01
201700033027;0;7;0;0;1;2;1;A01
201700033028;0;33;0;0;2;1;1;B01
201700033028;0;7;0;0;2;3;0;A01
201700033029;0;7;0;0;2;8;13;A01
201700033029;0;33;0;0;2;7;17;B01
201700033030;1;32;0;14;0;0;17;A01
201700033031;0;30;0;0;0;0;0;A01
201700033032;0;7;0;0;2;8;15;B01
201700033032;0;2;0;0;2;1;17;A01
201700033033;0;7;0;0;1;2;1;A01
201700033034;0;7;0;0;2;5;7;B01
201700033034;0;31;0;0;2;1;7;A01
201700033035;0;2;0;0;0;0;1;A01
201700033036;0;10;0;0;1;4;2;B01
201700033036;0;10;0;0;2;1;2;A01
201700033037;0;7;0;0;2;1;15;A01
201700033037;0;31;0;0;2;2;0;B01
201700033038;0;1;0;0;2;7;0;B01
201700033038;0;7;0;0;2;3;0;A01
201700033039;0;7;0;0;2;3;0;A01
201700033039;0;33;0;0;2;8;0;B01
201700033040;1;7;0;0;2;6;2;B01
201700033040;1;2;0;0;2;1;2;A01
201700033041;1;31;0;12;0;7;1;A01
201700033042;2;33;0;3;0;1;13;A01
201700033043;0;7;0;0;9;6;9;A01
201700033043;0;1;0;0;2;1;17;B01
201700033044;0;34;0;0;2;1;1;B01
201700033044;0;7;0;0;9;7;10;A01
201700033045;0;7;0;0;2;2;19;A01
201700033045;0;31;0;0;2;1;1;B01
201700033046;0;14;0;0;2;1;1;B01
201700033046;0;2;0;0;2;1;13;A01
201700033047;0;2;0;0;2;1;17;B01
201700033047;0;7;0;0;2;3;9;A01
201700033048;1;10;0;0;2;3;15;A01
201700033048;1;2;0;0;2;1;17;B01
201700033049;2;7;0;0;9;5;23;B01
201700033049;0;2;0;0;2;0;2;A01
201700033050;0;32;0;0;0;8;0;A01
201700033051;0;2;0;12;0;0;1;A01
201700033052;1;33;0;0;2;1;1;B01
201700033052;2;7;0;0;2;3;15;A01
201700033053;0;1;0;12;0;1;13;A01
201700033054;0;33;0;11;0;8;13;A01
201700033055;0;7;0;6;0;1;0;A01
201700033056;0;2;0;0;0;7;9;A01
201700033057;0;7;0;0;9;1;10;A01
201700033057;0;33;0;0;2;7;17;B01
201700033058;0;33;0;14;0;6;17;A01
201700033059;0;2;0;0;2;1;0;B01
201700033059;0;7;0;0;2;5;15;A01
201700033060;2;2;0;0;0;7;1;A01
201700033061;0;2;0;0;0;8;1;A01
201700033062;1;2;0;0;2;0;17;A01
201700033062;1;7;0;0;2;8;1;B01
201700033063;0;2;0;0;1;7;21;A01
201700033064;2;7;0;0;1;1;16;A01
201700033065;1;7;0;0;1;4;20;A01
201700033066;0;7;0;0;1;0;0;Z01
201700033067;1;7;0;0;2;3;1;B01
201700033067;2;7;0;0;2;3;15;A01
201700033068;0;7;0;0;2;1;1;B01
201700033068;0;7;0;0;2;3;5;A01
201700033069;1;7;0;0;2;2;2;B01
201700033069;2;7;0;0;2;3;9;A01
201700033070;0;7;0;0;2;3;2;A01
201700033070;0;7;0;0;2;5;0;B01
201700033070;0;7;0;0;2;0;0;C01
201700033071;0;7;0;0;1;2;16;A01
201700033072;0;31;0;0;2;1;1;B01
201700033072;0;7;0;0;2;3;9;A01
201700033073;0;7;0;0;2;1;1;A01
201700033073;0;1;0;0;2;6;19;B01
201700033074;0;7;0;0;1;1;0;A01
201700033075;0;7;0;0;2;1;1;B01
201700033075;0;7;0;0;2;1;15;A01
201700033076;0;7;0;0;2;2;1;A01
201700033076;0;7;0;0;2;3;9;B01
201700033077;2;1;0;0;0;0;0;B01
201700033077;1;7;0;0;2;3;15;A01
201700033078;0;7;0;0;2;2;1;A01
201700033078;0;1;0;0;2;7;19;B01
201700033079;2;7;0;0;2;1;0;A01
201700033079;2;7;0;0;2;4;1;C01
201700033079;2;7;0;0;2;6;1;B01
201700033080;0;37;10;0;2;3;1;B01
201700033080;2;7;0;0;2;7;16;A01
201700033081;0;30;0;0;2;8;1;B01
201700033081;0;7;0;0;2;1;1;A01
201700033081;0;7;0;0;2;8;23;C01
201700033082;0;33;0;0;2;5;2;B01
201700033082;0;10;0;0;0;0;9;A01
201700033083;0;7;0;0;1;5;16;A01
201700033084;0;7;0;0;2;3;9;A01
201700033084;0;1;0;0;2;7;1;B01
201700033085;0;7;0;0;1;1;1;A01
201700033086;1;7;0;0;2;4;1;B01
201700033086;1;7;0;0;2;1;2;A01
201700033086;1;7;0;0;2;4;1;C01
201700033087;0;7;0;0;2;1;1;A01
201700033087;0;7;0;0;2;4;1;B01
201700033088;0;7;0;0;0;0;0;B01
201700033088;0;7;0;0;2;1;1;A01
201700033089;2;32;0;0;2;2;15;A01
201700033089;0;7;0;0;0;0;0;B01
201700033090;2;33;0;0;2;1;0;Z01
201700033090;0;7;0;0;2;4;0;B01
201700033091;0;7;0;0;1;1;1;A01
201700033092;0;30;0;0;2;8;17;B01
201700033092;0;7;0;0;2;3;15;A01
201700033093;0;1;0;0;2;3;1;B01
201700033093;0;1;0;0;2;5;17;A01
201700033094;1;7;0;0;1;2;16;A01
201700033095;0;1;0;0;2;1;1;B01
201700033095;0;7;0;0;2;3;15;A01
201700033096;1;7;0;0;2;3;1;B01
201700033096;2;7;0;0;2;6;13;A01
201700033097;0;7;0;0;2;1;2;A01
201700033097;0;7;0;0;2;4;2;C01
201700033097;0;7;0;0;2;4;2;B01
201700033098;1;7;0;0;1;1;1;A01
201700033099;1;7;0;0;2;1;2;A01
201700033099;1;30;0;0;2;4;2;B01
201700033100;0;1;0;0;0;0;0;B01
201700033100;0;7;0;0;2;0;9;A01
201700033101;0;7;0;0;1;2;0;Z01
201700033102;0;2;0;0;2;2;1;A01
201700033103;0;7;0;0;2;7;19;A01
201700033103;0;30;0;0;2;1;1;B01
201700033104;0;7;0;0;1;4;4;A01
201700033105;2;7;0;0;2;1;2;A01
201700033105;2;7;0;0;2;4;2;F02
201700033105;2;7;0;0;2;4;2;C01
201700033105;2;7;0;0;2;4;2;E01
201700033105;2;7;0;0;2;4;2;B01
201700033105;2;7;0;0;2;4;2;D01
201700033106;0;2;0;0;2;7;1;B01
201700033106;0;7;0;0;2;1;9;A01
201700033107;0;2;0;0;2;1;1;B01
201700033107;0;7;0;0;2;2;15;A01
201700033108;0;7;0;0;2;4;2;B01
201700033108;0;7;0;0;2;1;2;A01
201700033109;0;7;0;1;0;1;1;A01
201700033110;2;7;0;0;2;4;1;B01
201700033110;2;7;0;0;2;1;2;A01
201700033111;2;7;0;0;2;0;0;A01
201700033111;1;1;0;0;2;0;0;B01
201700033112;0;7;0;0;2;1;15;B01
201700033112;0;30;0;0;2;1;17;A01
201700033113;0;7;0;0;2;1;15;A01
201700033113;0;32;0;0;2;0;17;B01
201700033114;0;7;0;0;2;1;2;A01
201700033114;0;7;0;0;2;4;2;B01
201700033115;1;7;0;0;2;2;1;A01
201700033115;1;7;0;0;2;4;1;B01
201700033116;2;33;0;0;2;1;0;B01
201700033116;1;7;0;0;2;6;15;A01
201700033117;1;1;0;0;2;4;1;B01
201700033117;1;7;0;0;2;2;15;A01
201700033118;1;7;0;0;2;6;1;B01
201700033118;2;7;0;0;2;1;13;A01
201700033118;1;7;0;0;2;6;1;C01
201700033119;0;31;0;0;2;1;1;B01
201700033119;0;7;0;0;2;6;15;A01
201700033120;0;7;0;0;2;3;9;A01
201700033120;0;1;0;0;2;2;1;B01
201700033121;0;7;0;0;2;2;1;A01
201700033121;0;7;0;0;2;6;9;B01
201700033122;0;30;0;0;2;1;19;A01
201700033122;0;7;0;0;2;3;1;B01
201700033123;0;7;0;8;2;8;1;A01
201700033123;0;7;0;0;2;2;1;B01
201700033124;2;7;0;0;2;1;2;A01
201700033124;2;7;0;0;2;4;2;B01
201700033125;1;7;0;0;2;1;1;A01
201700033125;1;17;0;0;2;6;23;B01
201700033126;0;7;0;0;1;1;1;A01
201700033127;0;2;0;0;1;1;1;A01
201700033128;0;7;0;0;2;1;1;B01
201700033128;0;1;0;0;2;1;15;A01
201700033129;0;7;0;0;2;5;15;A01
201700033129;1;33;0;0;2;1;1;B01
201700033130;0;7;0;0;2;6;1;B01
201700033130;0;2;0;0;2;1;1;A01
201700033131;0;7;0;0;2;1;15;A01
201700033131;0;7;0;0;2;3;1;B01
201700033132;0;30;0;0;2;1;1;B01
201700033132;2;7;0;0;2;5;15;A01
201700033133;2;7;0;0;2;1;1;B01
201700033133;1;7;0;0;2;1;1;A01
201700033134;1;7;0;0;2;1;2;A01
201700033134;1;7;0;0;2;4;1;B01
201700033135;0;7;0;0;2;3;2;B01
201700033135;0;2;0;0;2;2;2;A01
201700033136;0;7;0;0;2;1;16;A01
201700033136;0;1;0;0;2;2;1;B01
201700033137;0;7;0;0;2;2;15;A01
201700033137;0;2;0;0;2;1;1;B01
201700033138;0;30;0;0;2;2;17;B01
201700033138;0;7;0;0;2;8;1;A01
201700033139;0;7;0;0;2;2;1;A01
201700033139;0;1;0;0;0;0;0;B01
201700033140;0;32;0;0;2;1;1;B01
201700033140;0;7;0;0;2;2;15;A01
201700033141;0;7;0;0;2;1;15;A01
201700033141;0;2;0;0;2;1;0;B01
201700033142;1;2;0;0;1;0;1;A01
201700033143;0;32;0;0;2;4;15;B01
201700033143;0;7;0;0;2;3;15;A01
201700033144;0;1;0;0;2;1;1;B01
201700033144;0;7;0;0;2;3;1;A01
201700033145;2;7;0;0;2;1;1;C01
201700033145;1;7;0;0;2;6;1;B01
201700033145;1;30;0;0;1;1;1;A01
201700033146;0;7;0;0;2;1;15;A01
201700033146;1;7;0;0;2;1;1;B01
201700033147;0;10;0;0;2;4;14;A01
201700033147;0;1;0;0;2;0;0;B01
201700033148;0;2;0;0;2;7;17;B01
201700033148;0;7;0;0;2;8;15;A01
201700033149;1;7;0;0;2;4;1;B01
201700033149;1;7;0;0;2;4;1;C01
201700033149;1;7;0;0;2;1;1;A01
201700033150;2;10;0;2;0;1;14;A01
201700033151;0;7;0;0;1;0;15;A01
201700033152;0;30;0;0;1;1;1;A01
201700033153;0;7;0;0;1;2;1;A01
201700033154;0;7;0;0;2;1;1;A01
201700033154;0;7;0;0;2;8;1;B01
201700033155;0;7;0;0;2;4;23;B01
201700033155;0;7;0;0;2;4;23;C01
201700033155;0;7;0;0;2;1;2;Z01
201700033156;1;7;0;0;2;2;0;B01
201700033156;1;1;0;0;2;1;0;A01
201700033157;1;30;0;0;2;1;17;B01
201700033157;1;7;0;0;2;3;15;A01
201700033158;0;7;0;0;2;1;2;A01
201700033158;0;7;0;0;2;4;2;B01
201700033159;0;7;0;0;2;8;1;B01
201700033159;0;7;0;0;2;1;13;A01
201700033160;0;7;0;0;1;1;1;A01
201700033161;0;7;0;0;1;1;16;A01
201700033162;0;7;0;0;2;1;2;A01
201700033162;0;7;0;0;2;4;2;B01
201700033163;0;7;0;0;2;1;0;A01
201700033163;0;7;0;0;2;4;0;B01
201700033164;0;7;0;0;1;1;1;A01
201700033165;0;7;0;0;2;4;12;B01
201700033165;0;33;0;0;2;1;1;A01
201700033166;0;30;0;0;2;8;1;B01
201700033166;0;7;0;0;2;2;1;A01
201700033167;0;7;0;0;1;1;1;A01
201700033168;0;7;0;1;0;2;1;A01
201700033169;0;7;0;0;2;4;1;B01
201700033169;0;30;0;0;2;1;2;A01
201700033170;0;1;0;0;2;1;1;B01
201700033170;0;10;0;0;2;7;16;A01
201700033171;0;7;0;0;1;3;1;A01
201700033172;0;7;0;0;2;1;15;A01
201700033172;0;7;0;0;2;1;1;B01
201700033173;1;7;0;0;2;6;16;B01
201700033173;1;2;0;0;2;2;1;A01
201700033174;0;7;0;0;1;3;1;A01
201700033175;0;7;0;0;2;1;1;B01
201700033175;0;7;0;0;2;1;13;A01
201700033176;2;7;0;0;2;2;0;B01
201700033176;2;1;0;0;2;1;15;A01
201700033177;0;7;0;0;2;3;1;A01
201700033177;0;1;0;0;2;7;1;B01
201700033178;0;7;0;0;2;1;1;A01
201700033178;0;7;0;0;2;4;2;B01
201700033178;0;7;0;0;2;4;2;C01
201700033179;1;7;0;0;2;1;13;A01
201700033179;2;7;0;0;2;1;1;B01
201700033180;1;1;0;0;2;1;1;B01
201700033180;1;7;0;0;2;3;9;A01
201700033181;0;1;0;0;2;8;1;B01
201700033181;0;7;0;0;2;7;23;A01
201700033182;0;7;0;0;2;1;15;A01
201700033182;0;30;0;0;2;1;1;B01
201700033183;0;7;0;0;2;1;0;A01
201700033184;0;7;0;0;2;4;1;B01
201700033184;0;7;0;0;2;1;1;A01
201700033184;2;7;0;0;2;4;1;C01
201700033185;2;7;0;0;1;7;1;A01
201700033186;0;7;0;0;2;2;15;A01
201700033186;2;2;0;0;2;7;1;B01
201700033187;0;7;0;0;2;4;1;B01
201700033187;0;2;0;0;2;1;2;A01
201700033188;2;7;0;0;2;1;0;B01
201700033188;2;7;0;0;2;5;5;A01
201700033189;0;1;0;0;2;7;0;A01
201700033189;0;7;0;0;2;1;0;B01
201700033190;1;33;0;0;2;1;1;A01
201700033190;1;7;0;0;2;7;1;B01
201700033191;0;7;0;0;2;1;2;A01
201700033191;0;7;0;0;2;4;2;B01
201700033192;2;31;0;0;2;2;0;A01
201700033192;0;7;0;0;2;3;15;B01
201700033193;0;2;0;0;2;1;1;A01
201700033193;0;1;0;0;2;3;13;B01
201700033194;2;7;0;0;2;1;2;A01
201700033194;2;7;0;0;2;4;2;B01
201700033194;1;17;0;0;2;2;1;C01
201700033195;2;7;0;0;2;3;15;A01
201700033195;1;7;0;0;2;1;1;B01
201700033196;2;1;0;0;2;0;0;B01
201700033196;1;7;0;0;2;1;15;A01
201700033197;0;7;0;0;2;5;16;A01
201700033197;0;1;0;0;2;3;1;B01
201700033198;0;7;0;0;2;3;1;B01
201700033198;0;7;0;0;2;3;15;A01
201700033199;0;7;0;0;1;1;1;A01
201700033200;1;7;0;0;2;4;23;D01
201700033200;1;7;0;0;2;4;2;B01
201700033200;1;7;0;0;2;1;2;A01
201700033200;1;7;0;0;2;4;23;C01
201700033201;1;30;0;0;2;2;17;A01
201700033201;1;7;0;0;2;3;15;B01
201700033202;1;1;0;0;2;1;5;A01
201700033202;1;1;0;0;2;1;1;B01
201700033203;0;7;0;12;0;2;14;A01
201700033204;0;7;0;0;2;4;1;B01
201700033204;0;7;0;0;2;1;2;A01
201700033205;0;10;0;0;2;3;15;A01
201700033205;0;33;0;0;2;1;17;B01
201700033206;0;7;0;0;2;1;9;A01
201700033206;0;1;0;0;2;6;1;B01