num_acc;senc;catv;occutc;obs;obsm;choc;manv;num_veh
201700033551;2;7;0;0;2;5;1;B01
201700033552;1;7;0;0;2;3;1;A01
201700033552;2;7;0;0;2;3;1;B01
201700033553;1;7;0;2;0;8;1;A01
201700033554;2;2;0;3;0;1;0;A01
201700033555;1;7;0;13;0;2;1;A01
201700033556;1;7;0;0;2;1;1;B01
201700033556;2;7;0;0;2;1;17;A01
201700033557;0;36;0;13;0;0;1;A01
201700033558;2;33;0;0;2;7;17;B01
201700033558;2;2;0;0;2;8;2;A01
201700033559;0;7;0;0;0;7;1;A01
201700033560;2;2;0;0;2;1;2;A01
201700033560;2;7;0;0;0;6;15;B01
201700033561;1;33;0;0;0;4;2;B01
201700033561;1;33;0;0;2;1;2;A01
201700033562;2;7;0;15;0;1;1;A01
201700033563;1;33;0;0;2;3;1;A01
201700033563;2;7;0;0;2;3;15;B01
201700033564;1;7;0;0;2;1;13;A01
201700033564;2;7;0;0;2;3;1;B01
201700033565;1;7;0;0;2;5;15;A01
201700033565;2;33;0;0;2;1;2;B01
201700033566;2;7;0;0;9;5;2;A01
201700033566;2;1;0;0;2;1;2;B01
201700033567;1;2;0;0;2;1;1;A01
201700033567;1;7;0;0;0;8;1;B01
201700033568;0;7;0;0;1;1;1;A01
201700033569;0;7;0;0;1;1;0;A01
201700033570;0;7;0;0;2;3;15;A01
201700033570;0;7;0;0;2;2;1;B01
201700033571;0;7;0;0;2;1;1;B01
201700033571;0;7;0;0;2;5;15;A01
201700033572;0;7;0;0;1;0;0;Z01
201700033573;0;7;0;0;2;3;0;A01
201700033573;0;30;0;0;2;2;0;B01
201700033574;0;7;0;0;2;3;1;B01
201700033574;0;7;0;0;2;2;1;A01
201700033575;0;7;0;0;2;1;1;A01
201700033575;0;32;0;0;2;4;1;B01
201700033576;0;7;0;0;2;4;0;B01
201700033576;0;7;0;0;2;1;1;A01
201700033577;0;7;0;0;1;1;1;A01
201700033578;0;7;0;0;2;4;1;B01
201700033578;0;7;0;0;2;1;1;A01
201700033579;0;7;0;0;2;1;1;B01
201700033579;0;7;0;0;2;7;5;A01
201700033580;0;33;0;0;1;1;1;A01
201700033581;0;30;0;0;2;7;9;A01
201700033581;0;7;0;0;2;3;1;B01
201700033582;0;1;0;0;2;1;0;B01
201700033582;0;7;0;0;2;3;1;A01
201700033583;0;7;0;0;1;0;0;A01
201700033584;0;33;0;0;2;1;1;B01
201700033584;0;7;0;0;2;6;19;A01
201700033585;0;7;0;0;2;1;1;B01
201700033585;0;7;0;0;2;1;19;A01
201700033586;0;7;0;0;1;1;1;A01
201700033587;0;7;0;0;2;3;1;B01
201700033587;0;7;0;0;2;2;10;A01
201700033588;0;7;0;0;1;1;16;A01
201700033589;0;30;0;0;2;1;0;B01
201700033589;0;7;0;0;2;2;9;A01
201700033590;0;7;0;0;2;1;1;B01
201700033590;0;7;0;0;2;1;13;A01
201700033591;1;7;0;1;0;1;14;A01
201700033592;0;7;0;0;2;3;1;B01
201700033592;0;7;0;0;2;2;1;A01
201700033593;1;33;0;0;2;3;1;B01
201700033593;1;7;0;0;2;2;9;A01
201700033594;0;7;0;0;2;5;9;A01
201700033594;0;32;0;0;2;1;1;B01
201700033595;0;7;0;0;1;1;1;A01
201700033596;0;7;0;0;0;0;0;Z01
201700033596;0;7;0;0;2;8;1;B01
201700033597;0;33;0;0;1;1;1;A01
201700033598;0;14;0;0;1;3;1;A01
201700033599;0;33;0;0;2;3;1;A01
201700033599;0;7;0;0;2;5;0;B01
201700033600;0;30;0;0;2;1;1;A01
201700033600;0;30;0;0;2;4;1;B01
201700033601;1;7;0;0;2;4;1;D01
201700033601;1;7;0;0;2;4;0;B01
201700033601;1;7;0;0;2;4;0;C01
201700033601;1;7;0;0;2;1;1;A01
201700033602;0;7;0;0;2;3;1;B01
201700033602;0;7;0;0;2;2;1;A01
201700033603;1;7;0;0;2;2;0;A01
201700033603;1;34;0;0;2;6;1;B01
201700033604;1;33;0;0;2;1;2;A01
201700033604;1;7;0;0;0;4;2;B01
201700033605;0;7;0;0;2;1;1;A01
201700033605;0;7;0;0;2;0;16;B01
201700033606;0;7;0;0;2;7;15;A01
201700033606;0;7;0;0;2;8;1;B01
201700033607;0;7;0;0;1;2;15;A01
201700033608;0;7;0;0;2;8;20;A01
201700033609;0;3;0;0;1;1;16;A01
201700033610;1;7;0;0;2;1;0;Z01
201700033610;1;7;0;0;2;4;0;A01
201700033611;0;7;0;0;1;1;0;A01
201700033612;0;7;0;0;2;2;1;A01
201700033612;0;7;0;0;2;3;1;B01
201700033613;0;7;0;0;2;2;15;A01
201700033613;0;7;0;0;2;1;1;B01
201700033614;0;34;0;0;2;7;17;B01
201700033614;0;7;0;0;2;3;15;A01
201700033615;0;7;0;0;2;3;1;B01
201700033615;0;7;0;0;2;2;1;A01
201700033616;0;32;0;0;2;1;1;A01
201700033616;0;7;0;0;2;4;1;B01
201700033617;0;7;0;0;2;3;13;A01
201700033617;0;7;0;0;2;2;1;B01
201700033618;0;7;0;0;1;1;1;A01
201700033619;0;7;0;0;2;1;1;A01
201700033619;0;7;0;0;2;4;0;B01
201700033620;0;7;0;0;2;1;1;B01
201700033620;0;7;0;0;2;1;1;A01
201700033620;0;7;0;0;2;4;1;C01
201700033621;0;7;0;0;0;0;0;B01
201700033621;0;7;0;0;2;1;1;A01
201700033622;0;7;0;0;2;3;15;A01
201700033622;0;33;0;0;2;1;1;B01
201700033623;0;7;0;0;1;1;1;A01
201700033624;0;7;0;0;2;1;1;B01
201700033624;0;7;0;0;2;8;9;A01
201700033625;0;7;0;0;2;6;23;B01
201700033625;0;7;0;0;2;3;15;A01
201700033626;0;7;0;0;1;1;1;A01
201700033627;1;7;0;0;1;1;1;A01
201700033628;0;7;0;0;2;1;1;B01
201700033628;1;2;0;0;2;8;15;A01
201700033629;0;7;0;0;1;1;1;A01
201700033630;0;7;0;0;2;4;1;B01
201700033630;0;7;0;0;2;4;1;C01
201700033630;0;7;0;0;2;1;1;A01
201700033631;1;7;0;0;2;1;2;A01
201700033631;2;7;0;0;2;4;2;B01
201700033632;1;7;0;0;1;1;15;A01
201700033633;1;7;0;0;2;1;9;A01
201700033633;1;1;0;0;2;1;1;B01
201700033634;1;7;0;0;2;4;2;B01
201700033634;1;7;0;0;2;1;2;A01
201700033635;2;33;0;0;2;1;1;B01
201700033635;1;7;0;0;2;1;17;A01
201700033636;1;2;0;0;0;0;1;A01
201700033637;2;33;0;0;0;0;1;A01
201700033638;2;2;0;0;2;1;1;B01
201700033638;1;7;0;0;2;1;15;A01
201700033639;1;7;0;0;2;8;1;B01
201700033639;1;7;0;0;2;1;9;A01
201700033640;2;7;0;0;2;1;1;B01
201700033640;0;7;0;0;2;1;13;A01
201700033641;0;33;0;0;2;1;1;A01
201700033641;1;7;0;0;2;4;1;B01
201700033642;2;7;0;8;0;1;1;A01
201700033643;1;7;0;0;1;4;4;A01
201700033644;0;7;0;1;0;2;14;A01
201700033645;1;7;0;0;2;1;1;A01
201700033645;1;7;0;0;2;4;1;B01
201700033646;1;31;0;0;2;8;13;A01
201700033646;1;7;0;0;2;2;1;B01
201700033647;0;7;0;0;2;1;9;A01
201700033647;1;7;0;0;2;3;21;B01
201700033648;1;7;0;0;2;1;2;A01
201700033648;1;7;0;0;2;4;2;B01
201700033649;0;7;0;0;2;9;17;A01
201700033649;0;7;0;0;2;2;1;B01
201700033650;0;7;0;0;2;2;16;A01
201700033650;0;33;0;0;2;3;1;B01
201700033651;0;1;0;0;2;8;19;B01
201700033651;0;7;0;0;2;1;1;A01
201700033652;0;7;0;0;2;1;1;A01
201700033652;0;31;0;0;2;4;23;B01
201700033653;0;7;0;0;2;2;16;A01
201700033653;0;31;0;0;2;1;1;B01
201700033654;0;7;0;0;2;1;1;A01
201700033654;0;7;0;0;2;4;1;B01
201700033655;0;7;0;0;2;1;1;A01
201700033655;0;7;0;0;2;4;1;B01
201700033656;0;7;0;0;2;2;15;A01
201700033656;0;31;0;0;2;1;1;B01
201700033657;0;7;0;0;2;1;1;A01
201700033657;0;7;0;0;2;4;1;B01
201700033657;0;7;0;0;2;4;1;C01
201700033657;0;7;0;0;2;4;1;D01
201700033658;0;7;0;0;2;2;1;B01
201700033658;0;7;0;0;2;2;9;A01
201700033659;0;34;0;0;2;1;15;A01
201700033659;0;7;0;0;2;4;1;B01
201700033660;0;33;0;0;2;2;16;B01
201700033660;0;7;0;0;2;0;9;A01
201700033661;0;7;0;0;2;2;15;A01
201700033661;0;31;0;0;2;1;1;B01
201700033662;0;7;0;0;2;1;1;A01
201700033662;0;7;0;0;2;4;1;B01
201700033663;0;7;0;0;1;1;15;A01
201700033664;1;7;0;0;1;1;1;A01
201700033665;0;7;0;0;2;6;15;B01
201700033665;0;33;0;0;2;1;13;A01
201700033665;0;7;0;0;2;6;1;C01
201700033666;1;7;0;1;0;1;16;A01
201700033667;1;7;0;0;2;8;10;A01
201700033667;1;33;0;0;2;1;17;B01
201700033668;2;7;0;0;1;3;9;A01
201700033669;0;7;0;0;2;5;1;B01
201700033669;0;7;0;0;2;1;9;A01
201700033670;0;7;0;0;1;1;1;A01
201700033671;0;7;0;0;1;5;4;A01
201700033672;1;33;0;9;0;1;1;A01
201700033673;2;7;0;0;2;6;17;A01
201700033673;2;14;0;0;2;8;1;C01
201700033673;2;7;0;0;2;1;17;B01
201700033674;2;7;0;0;2;9;1;A01
201700033674;2;99;0;0;2;6;9;Z01
201700033675;0;31;0;0;2;1;9;B01
201700033675;0;7;0;0;2;2;1;A01
201700033676;0;7;0;0;1;1;1;A01
201700033677;1;7;0;0;2;1;1;A01
201700033677;1;31;0;0;2;4;9;B01
201700033678;0;7;0;0;2;6;1;C01
201700033678;0;7;0;0;2;9;13;A01
201700033678;0;7;0;0;2;1;1;B01
201700033679;0;33;0;0;2;2;17;A01
201700033679;0;7;0;0;2;3;15;B01
201700033680;0;7;0;0;1;1;1;A01
201700033681;0;31;0;0;2;1;1;A01
201700033681;0;7;0;0;2;6;1;B01
201700033682;0;7;0;0;2;1;1;A01
201700033682;0;31;0;0;2;4;1;B01
201700033683;0;7;0;0;2;4;2;B01
201700033683;1;7;0;0;2;1;2;A01
201700033684;1;7;0;0;1;1;1;A01
201700033685;0;7;0;0;1;1;15;A01
201700033686;0;7;0;0;1;0;0;A01
201700033687;0;31;0;0;2;1;15;A01
201700033687;0;7;0;0;2;6;15;B01
201700033688;0;7;0;0;2;1;0;A01
201700033688;0;7;0;0;2;1;0;B01
201700033689;1;7;0;0;2;1;2;A01
201700033689;1;7;0;0;2;4;2;B01
201700033690;0;31;0;0;2;1;17;A01
201700033690;1;7;0;0;2;8;17;B01
201700033691;0;33;0;0;2;1;1;B01
201700033691;0;7;0;0;2;1;15;A01
201700033692;0;7;0;0;1;4;4;A01
201700033693;1;7;0;0;2;4;2;B01
201700033693;0;7;0;0;2;1;2;A01
201700033694;1;7;0;0;1;1;1;A01
201700033695;1;7;0;0;2;1;9;A01
201700033695;2;31;0;0;2;1;1;B01
201700033696;1;7;0;0;2;7;1;B01
201700033696;1;7;0;0;2;1;1;A01
201700033697;1;7;0;0;2;3;1;B01
201700033697;1;2;0;0;2;1;17;A01
201700033698;1;7;0;0;1;1;15;A01
201700033699;1;7;0;0;1;1;15;A01
201700033700;2;7;0;0;1;1;15;A01
201700033701;1;7;0;0;2;4;2;B01
201700033701;1;7;0;0;2;1;2;A01
201700033702;1;33;0;0;2;1;21;B01
201700033702;1;7;0;0;2;4;4;A01
201700033703;2;7;0;0;2;1;1;B01
201700033703;1;7;0;0;2;7;10;A01
201700033704;2;7;0;0;2;1;2;A01
201700033704;2;7;0;0;2;4;2;B01
201700033705;1;7;0;0;2;4;2;B01
201700033705;1;7;0;0;2;1;2;A01
201700033706;1;7;0;0;1;1;1;A01
201700033707;1;7;0;0;1;1;1;A01
201700033708;1;33;0;0;2;1;2;A01
201700033708;1;7;0;0;2;4;2;B01
201700033709;1;7;0;0;2;4;2;C01
201700033709;1;7;0;0;2;1;2;A01
201700033709;1;7;0;0;2;4;2;B01
201700033710;1;7;0;0;1;1;1;A01
201700033711;2;33;0;0;2;2;16;A01
201700033711;2;7;0;0;2;8;2;B01
201700033712;1;7;0;0;1;1;2;A01
201700033713;1;2;0;0;2;1;18;A01
201700033714;1;7;0;0;2;1;1;B01
201700033714;1;7;0;0;2;7;16;A01
201700033715;2;7;0;0;2;1;21;B01
201700033715;1;7;0;0;2;1;13;A01
201700033716;2;7;0;1;2;3;1;B01
201700033716;1;7;0;1;2;2;15;A01
201700033717;2;31;0;0;2;1;21;B01
201700033717;1;7;0;0;2;1;10;A01
201700033718;1;32;0;0;2;1;17;B01
201700033718;1;7;0;0;2;1;15;A01
201700033719;0;7;0;0;1;1;15;A01
201700033720;2;7;0;0;2;1;1;B01
201700033720;1;7;0;0;2;1;13;A01
201700033721;2;7;0;0;2;1;15;B01
201700033721;2;31;0;0;2;1;17;A01
201700033722;2;2;0;8;0;8;1;A01
201700033723;2;7;0;13;0;1;1;A01
201700033724;2;33;0;0;0;0;0;A01
201700033725;0;7;0;0;0;0;0;A01
201700033726;0;37;30;0;2;1;1;A01
201700033726;2;2;0;0;2;1;1;B01
201700033727;1;7;0;0;2;5;14;B01
201700033727;1;34;0;3;0;7;2;A01
201700033728;2;33;0;0;2;1;1;A01
201700033728;1;7;0;0;2;1;1;B01
201700033729;0;7;0;0;1;2;1;A01
201700033730;1;7;0;0;9;1;16;A01
201700033730;2;1;0;0;2;1;1;B01
201700033731;2;33;0;0;2;1;1;B01
201700033731;0;20;0;0;2;1;23;A01
201700033732;0;7;0;0;2;1;19;A01
201700033732;0;7;0;0;2;8;1;B01
201700033733;0;2;0;0;2;1;2;B01
201700033733;0;7;0;0;2;3;16;A01
201700033734;0;7;0;13;0;1;1;A01
201700033735;2;2;0;0;2;8;10;A01
201700033735;2;7;0;0;2;2;2;B01
201700033736;1;7;0;0;2;7;15;A01
201700033736;2;2;0;0;2;2;1;B01
201700033737;1;33;0;7;0;9;0;A01
201700033738;0;1;0;0;2;2;1;B01
201700033738;0;7;0;0;9;5;4;A01
201700033739;0;7;0;0;1;2;1;A01
201700033740;2;7;0;0;2;1;0;B01
201700033740;1;7;0;0;0;1;0;A01
201700033741;0;7;0;12;9;2;1;A01
201700033741;0;1;0;0;2;7;1;B01
201700033742;1;7;0;2;0;1;1;A01
201700033743;2;7;0;0;2;1;0;C01
201700033743;2;7;0;0;2;1;0;B01
201700033743;2;17;0;3;0;1;13;A01
201700033743;2;7;0;3;9;9;0;E01
201700033743;2;7;0;3;0;1;0;D01
201700033744;1;17;0;0;2;5;15;B01
201700033744;2;2;0;0;2;2;21;A01
201700033745;1;17;0;0;2;3;15;B01
201700033745;1;7;0;0;2;2;17;A01
201700033746;1;17;0;0;2;3;1;B01
201700033746;2;7;0;0;2;3;13;A01
201700033747;0;7;0;1;0;3;1;A01
201700033747;0;15;0;0;2;3;23;B01
201700033748;1;7;0;0;2;4;2;F01
201700033748;1;7;0;0;2;4;2;D01
201700033748;1;17;0;0;2;4;1;B01
201700033748;1;7;0;0;2;4;2;E01
201700033748;1;17;0;0;2;1;2;A01
201700033748;1;7;0;0;2;4;1;C01
201700033749;2;15;0;0;2;6;2;B01
201700033749;2;2;0;0;2;1;2;A01
201700033750;1;14;0;0;2;4;4;A01
201700033750;2;1;0;0;2;1;2;B01
201700033751;2;15;0;0;9;3;16;A01
201700033751;1;33;0;0;2;1;13;B01
201700033752;2;17;0;2;0;3;1;A01
201700033753;1;17;0;4;0;1;0;A01
201700033754;1;7;0;3;0;7;1;A01
201700033755;1;15;0;0;0;4;2;B01
201700033755;1;10;0;0;2;1;2;A01
201700033756;2;10;0;3;0;9;1;A01
201700033757;2;7;0;4;0;0;11;A01
201700033758;2;7;0;3;0;2;17;A01
201700033759;1;7;0;4;0;5;1;A01
201700033760;2;17;0;7;0;1;0;A01
201700033761;2;7;0;0;0;0;1;A01
201700033762;2;7;0;0;2;9;17;A01
201700033762;2;7;0;0;2;8;1;B01
201700033763;1;7;0;0;2;3;13;A01
201700033763;2;38;1;0;2;3;1;B01
201700033764;1;7;0;3;0;1;2;A01
201700033765;2;33;0;0;2;5;1;A01
201700033765;2;33;0;5;2;6;1;B01
201700033766;2;7;0;7;9;1;1;A01
201700033767;1;17;0;0;1;0;0;A01
201700033768;1;7;0;13;0;1;1;A01
201700033769;0;33;0;0;0;7;1;A01
201700033770;2;7;0;0;0;9;14;A01
201700033771;1;7;0;0;0;0;2;A01
201700033772;2;33;0;3;0;9;14;A01
201700033773;1;7;0;0;0;0;2;A01
201700033773;1;33;0;14;0;1;2;B01
201700033774;2;7;0;0;1;2;2;A01
201700033775;2;7;0;1;0;1;1;B01
201700033775;2;7;0;0;2;5;23;C01
201700033775;2;17;0;0;0;4;23;A01
201700033776;1;7;0;0;2;3;1;A01
201700033776;2;7;0;0;2;3;1;B01
201700033777;1;7;0;0;2;2;15;B01
201700033777;2;2;0;0;2;1;1;A01
201700033778;2;1;0;0;2;2;1;A01
201700033778;2;7;0;0;2;3;0;B01
201700033779;2;7;0;0;2;8;1;A01
201700033779;2;7;0;0;2;1;1;B01
201700033780;0;7;0;0;9;1;1;A01
201700033780;0;1;0;0;2;7;1;B01
201700033781;1;7;0;0;2;3;13;A01
201700033781;2;7;0;0;2;3;1;B01
201700033782;2;7;0;0;2;1;19;A01
201700033782;1;33;0;0;2;8;1;B01
201700033783;1;7;0;0;2;1;1;B01
201700033783;1;7;0;13;0;7;1;A01
201700033784;2;7;0;0;2;1;1;A01
201700033784;1;7;0;0;2;1;1;B01
201700033785;2;7;0;0;2;3;2;A01
201700033785;1;7;0;0;2;3;13;B01
201700033785;1;7;0;0;2;1;1;C01
201700033786;1;7;0;0;2;3;0;A01
201700033786;2;7;0;0;2;3;5;B01
201700033787;1;7;0;0;1;2;1;A01
201700033788;2;7;0;0;2;3;1;A01
201700033788;1;7;0;0;2;3;21;B01
201700033789;0;33;0;0;0;0;1;A01
201700033790;0;7;0;0;2;2;1;C01
201700033790;0;7;0;0;2;8;0;A01
201700033790;0;7;0;0;2;1;1;B01
201700033791;0;7;0;8;0;1;1;A01
201700033792;0;7;0;0;2;3;13;A01
201700033792;0;7;0;0;2;3;1;B01
201700033793;1;17;0;6;0;2;1;A01
201700033794;1;38;36;0;2;2;1;B01
201700033794;1;7;0;0;9;9;0;A01
201700033795;2;13;0;4;0;2;1;A01
201700033796;2;10;0;3;0;1;2;A01
201700033797;2;7;0;0;2;1;1;A01
201700033797;2;7;0;0;0;4;1;B01
201700033798;1;7;0;0;2;1;1;B01
201700033798;1;10;0;1;2;1;1;C01
201700033798;2;7;0;3;2;1;5;A01
201700033799;1;14;0;0;2;1;1;B01
201700033799;1;7;0;7;0;1;12;A01
201700033800;2;7;0;0;2;1;1;A01
201700033800;2;13;0;3;0;4;0;B01
201700033801;1;17;0;0;0;4;0;B01
201700033801;1;7;0;3;2;1;2;A01
201700033802;1;7;0;0;2;7;12;A01
201700033802;1;16;0;0;2;4;1;C01
201700033802;1;7;0;0;2;3;11;B01
201700033803;1;15;0;0;0;6;1;B01
201700033803;1;10;0;0;2;2;2;A01
201700033804;1;10;0;1;0;1;1;A01
201700033804;1;7;0;0;0;4;23;B01
201700033805;2;7;0;0;2;6;1;A01
201700033805;1;7;0;0;2;3;1;B01
201700033806;1;33;0;8;0;1;1;A01
201700033807;2;1;0;15;0;1;6;A01
201700033808;1;7;0;13;0;1;1;A01
201700033809;1;7;0;0;0;3;1;A01
201700033810;1;7;0;5;0;1;1;A01
201700033811;2;7;0;0;2;3;5;A01
201700033811;1;7;0;0;2;3;1;B01
201700033812;1;7;0;0;1;2;1;A01
201700033813;2;34;0;0;2;1;1;B01
201700033813;2;7;0;0;2;4;13;A01
201700033814;2;7;0;1;2;2;17;B01
201700033814;1;7;0;0;1;3;5;C01
201700033814;2;7;0;0;2;6;23;A01
201700033815;1;33;0;0;2;1;1;B01
201700033815;1;7;0;6;2;5;19;A01
201700033816;1;7;0;0;2;3;17;A01
201700033816;2;33;0;8;2;1;1;B01
201700033817;0;10;0;0;2;3;1;B01
201700033817;0;7;0;0;2;3;13;A01
201700033818;2;7;0;0;2;4;2;A01
201700033818;2;7;0;0;2;1;1;B01
201700033819;0;33;0;0;2;1;1;B01
201700033819;0;7;0;0;2;3;23;A01
201700033820;1;7;0;13;0;2;14;A01
201700033821;1;33;0;0;2;1;1;B01
201700033821;1;7;0;0;2;5;9;A01
201700033822;0;7;0;8;0;7;1;A01
201700033823;1;38;25;0;1;2;1;A01
201700033824;1;7;0;4;0;2;12;A01
201700033825;2;7;0;3;0;9;0;A01
201700033826;1;7;0;0;2;3;13;A01
201700033826;2;17;0;0;2;1;;B01
201700033827;1;7;0;0;2;3;13;A01
201700033827;2;17;0;0;2;3;1;B01
201700033828;2;7;0;13;0;1;21;A01
201700033829;2;7;0;0;2;1;13;A01
201700033829;1;14;0;0;2;1;1;B01
201700033830;1;7;0;3;2;3;1;A01
201700033830;1;15;0;0;2;3;1;B01
201700033831;1;7;0;0;2;3;13;A01
201700033831;2;14;0;0;2;3;0;B01
201700033832;1;7;0;0;2;6;13;B01
201700033832;1;10;0;0;2;2;13;A01
201700033832;2;7;0;0;2;1;1;C01
201700033832;1;7;0;0;2;0;1;D01
201700033833;1;2;0;0;2;1;1;B01
201700033833;1;7;0;0;9;5;1;A01
201700033834;1;7;0;0;2;1;15;A01
201700033834;1;7;0;0;2;1;1;B01
201700033835;1;7;0;8;2;1;0;B01
201700033835;2;7;0;8;2;2;0;A01
201700033836;1;7;0;0;2;2;1;C01
201700033836;1;7;0;0;0;0;0;A01
201700033836;1;7;0;0;0;4;0;B01
201700033837;2;7;0;0;2;6;15;A01
201700033837;2;7;0;0;2;1;1;B01
201700033838;1;7;0;6;0;0;0;A01
201700033839;1;7;0;0;2;2;15;A01
201700033839;2;7;0;0;2;3;1;B01
201700033840;1;10;0;1;0;1;9;A01
201700033840;1;7;0;0;2;0;0;B01
201700033841;1;7;0;3;0;2;1;A01
201700033842;2;33;0;0;0;7;1;B01
201700033842;1;7;0;0;0;0;0;A01
201700033843;1;7;0;0;1;1;16;A01
201700033844;1;7;0;0;2;3;1;B01
201700033844;2;7;0;0;2;3;11;A01
201700033845;2;7;0;14;0;1;2;C01
201700033845;2;7;0;0;2;3;13;A01
201700033845;1;7;0;0;2;3;1;B01
201700033846;2;7;0;2;0;1;13;A01
201700033847;2;34;0;0;0;0;0;A01
201700033848;1;7;0;0;2;2;1;A01
201700033848;2;1;0;0;2;1;1;B01
201700033849;1;7;0;0;0;0;0;A01
201700033849;2;7;0;0;2;1;1;B01
201700033850;2;7;0;7;0;1;6;A01
201700033851;2;7;0;0;2;3;15;A01
201700033851;1;30;0;0;2;1;1;B01
201700033852;1;7;0;12;0;3;1;A01
201700033853;1;7;0;13;0;1;13;A01
201700033854;1;10;0;0;2;3;15;B01
201700033854;2;7;0;0;2;1;1;A01
201700033855;2;7;0;0;2;3;1;B01
201700033855;2;7;0;0;2;3;13;A01
201700033856;1;30;0;0;0;8;1;A01
201700033857;2;15;0;0;2;3;1;B01
201700033857;1;33;0;0;2;1;13;A01
201700033858;1;7;0;0;2;2;15;A01
201700033858;2;7;0;0;2;1;1;B01
201700033859;1;7;0;0;2;3;1;B01
201700033859;2;7;0;0;2;1;1;C01
201700033859;1;10;0;14;2;2;1;A01
201700033860;2;37;0;0;0;0;1;A01
201700033861;2;14;0;0;2;1;2;A01
201700033861;2;7;0;0;2;4;2;B01
201700033862;1;7;0;0;2;3;1;A01
201700033862;2;7;0;0;2;1;13;B01
201700033863;1;7;0;0;9;8;1;B01
201700033863;2;1;0;0;2;1;19;A01
201700033864;2;33;0;0;0;0;0;A01
201700033865;2;10;0;2;0;1;0;A01
201700033866;1;7;0;0;1;3;1;A01
201700033867;1;10;0;0;2;1;1;A01
201700033867;1;15;0;0;2;4;2;C01
201700033867;1;10;0;0;2;4;1;B01
201700033868;2;7;0;0;2;1;2;B01
201700033868;2;7;0;0;2;4;23;A01
201700033869;2;7;0;0;2;1;17;B01
201700033869;2;7;0;0;2;8;15;A01
201700033870;2;7;0;0;9;1;1;B01
201700033870;2;1;0;0;2;7;19;A01
201700033871;1;7;0;1;0;1;14;A01
201700033872;1;7;0;1;0;1;13;A01
201700033873;1;7;0;13;0;3;19;A01
201700033874;2;10;0;13;0;2;14;A01
201700033875;1;7;0;0;9;3;15;A01
201700033875;1;1;0;0;2;1;1;B01
201700033876;2;7;0;0;2;3;1;B01
201700033876;1;7;0;0;2;3;13;A01
201700033877;1;10;0;0;2;3;1;B01
201700033877;2;10;0;0;2;3;13;A01
201700033878;2;33;0;0;2;1;2;A01
201700033878;2;7;0;0;2;5;1;B01
201700033879;2;7;0;0;2;4;23;A01
201700033879;2;7;0;0;2;1;1;B01
201700033880;1;33;0;0;0;8;1;A01
201700033881;2;3;0;0;2;2;11;A01
201700033881;2;7;0;0;2;3;11;B01
201700033882;2;7;0;0;2;7;15;A01
201700033882;1;7;0;0;2;1;14;B01
201700033883;1;10;0;0;2;6;1;B01
201700033883;1;10;0;0;2;3;1;C01
201700033883;2;37;0;0;2;8;13;A01
201700033884;1;33;0;0;2;0;1;B01
201700033884;2;7;0;0;2;3;1;A01
201700033885;1;7;0;0;2;3;15;B01
201700033885;1;33;0;0;2;2;17;A01
201700033886;1;7;0;0;2;0;15;A01
201700033886;1;31;0;0;2;0;15;B01
201700033887;2;7;0;0;2;4;23;B01
201700033887;2;7;0;0;2;1;1;A01
201700033888;1;7;0;0;2;1;21;B01
201700033888;1;7;0;0;2;1;16;A01
201700033889;2;7;0;0;2;8;1;A01
201700033889;1;7;0;12;2;3;13;B01
201700033890;2;1;0;0;2;4;1;B01
201700033890;2;7;0;0;2;4;9;A01
201700033891;1;7;0;0;1;1;1;A01
201700033892;1;7;0;0;1;4;4;A01
201700033893;1;7;0;0;1;1;1;A01
201700033894;2;7;0;0;9;0;0;A01
201700033894;2;33;0;0;2;5;11;B01
201700033895;2;7;0;0;2;1;9;A01
201700033895;2;1;0;0;2;8;19;B01
201700033896;1;7;0;1;0;1;13;A01
201700033896;1;7;0;0;2;3;23;C01
201700033896;1;7;0;0;2;6;23;B01
201700033897;1;99;0;3;0;1;13;A01
201700033898;1;7;0;14;0;1;13;A01
201700033898;1;7;0;0;2;4;23;B01
201700033899;1;33;0;14;0;3;13;A01
201700033900;1;7;0;13;0;2;1;A01
201700033901;2;7;0;0;2;3;2;B01
201700033901;0;7;0;0;2;1;2;A01
201700033902;2;7;0;0;2;7;17;A01
201700033902;2;1;0;0;2;8;1;B01
201700033903;2;7;0;0;2;7;13;A01
201700033903;1;7;0;0;2;1;1;B01
201700033904;1;7;0;8;0;8;17;A01
201700033905;1;2;0;0;0;0;1;A01
201700033906;1;7;0;15;0;3;1;A01
201700033907;2;7;0;6;0;2;1;A01
201700033908;2;17;0;12;0;7;15;A01
201700033909;2;7;0;0;2;1;1;B01
201700033909;1;14;0;0;2;1;13;A01
201700033910;2;7;0;15;0;9;1;A01
201700033911;1;7;0;0;2;5;1;B01
201700033911;1;7;0;0;2;1;1;G01
201700033911;1;7;0;0;2;5;1;F01
201700033911;1;7;0;0;2;1;1;H01
201700033911;1;7;0;0;2;3;1;C01
201700033911;1;7;0;1;2;6;1;I01
201700033911;1;7;0;0;2;1;1;A01
201700033911;1;7;0;0;2;1;1;E01
201700033911;1;7;0;3;2;1;1;J01
201700033911;1;7;0;0;2;4;1;D01
201700033912;1;7;0;16;0;9;1;A01
201700033913;2;7;0;0;2;4;23;A01
201700033913;2;10;0;0;2;1;1;B01
201700033914;1;7;0;0;2;1;17;A01