num_acc;senc;catv;occutc;obs;obsm;choc;manv;num_veh
201700034281;1;7;0;14;0;1;2;A01
201700034281;1;7;0;0;2;4;2;B01
201700034282;1;37;0;0;1;6;1;A01
201700034283;1;7;0;0;2;2;15;B01
201700034283;1;1;0;0;2;1;1;A01
201700034284;1;30;0;0;0;0;1;A01
201700034285;1;7;0;0;2;1;2;A01
201700034285;1;7;0;0;2;4;2;B01
201700034285;0;7;0;0;2;4;2;C01
201700034285;1;7;0;0;2;4;2;D01
201700034286;1;7;0;0;2;8;11;A01
201700034286;1;33;0;0;2;7;1;B01
201700034287;1;7;0;0;2;2;1;A01
201700034287;1;1;0;0;2;7;1;B01
201700034288;1;1;0;0;2;1;19;A01
201700034288;1;7;0;0;2;5;15;B01
201700034289;1;7;0;0;1;7;1;A01
201700034290;1;7;0;0;2;0;1;A01
201700034290;1;1;0;0;2;1;19;B01
201700034291;1;7;0;0;2;5;1;B01
201700034291;1;1;0;0;2;1;1;A01
201700034292;1;1;0;0;2;2;1;B01
201700034292;1;7;0;0;2;2;17;A01
201700034293;1;2;0;0;2;4;23;B01
201700034293;1;7;0;0;2;4;23;C01
201700034293;1;7;0;0;2;1;1;A01
201700034294;1;7;0;9;4;8;1;A01
201700034294;1;40;0;0;2;1;1;B01
201700034295;1;7;0;2;0;1;13;A01
201700034296;1;2;0;0;2;8;1;B01
201700034296;1;7;0;0;2;0;14;A01
201700034297;1;2;0;0;2;3;1;A01
201700034297;1;7;0;0;2;8;0;B01
201700034298;1;1;0;0;2;8;1;B01
201700034298;1;7;0;0;2;2;1;A01
201700034299;1;31;0;0;1;1;1;A01
201700034300;1;7;0;0;2;1;1;A01
201700034300;1;7;0;0;2;8;1;B01
201700034301;1;7;0;0;0;1;1;A01
201700034302;1;2;0;0;2;1;1;A01
201700034302;1;7;0;0;2;3;1;B01
201700034303;1;1;0;0;2;1;2;B01
201700034303;1;7;0;0;2;1;2;A01
201700034304;1;7;0;0;2;3;1;B01
201700034304;1;2;0;0;2;7;15;A01
201700034305;1;7;0;0;2;1;15;A01
201700034305;1;2;0;0;2;1;1;B01
201700034306;1;7;0;0;2;1;16;A01
201700034306;1;1;0;0;2;7;1;B01
201700034307;1;33;0;0;2;1;2;A01
201700034307;1;7;0;0;2;4;2;B01
201700034308;1;1;0;0;2;1;1;A01
201700034308;1;7;0;0;2;7;1;B01
201700034309;1;7;0;0;1;1;1;A01
201700034310;1;7;0;2;0;1;1;A01
201700034311;1;40;0;0;1;2;1;A01
201700034312;1;7;0;0;1;1;15;A01
201700034313;1;30;0;0;2;1;1;B01
201700034313;1;7;0;0;2;2;15;A01
201700034314;1;7;0;0;2;8;1;B01
201700034314;0;30;0;0;2;1;1;A01
201700034315;1;1;0;0;2;1;19;A01
201700034315;1;7;0;0;2;1;1;B01
201700034316;1;1;0;0;2;1;1;A01
201700034316;1;1;0;0;2;1;5;Z01
201700034317;1;7;0;1;0;1;1;A01
201700034318;1;7;0;0;2;1;13;B01
201700034318;1;7;0;0;2;1;13;A01
201700034319;1;7;0;0;1;1;1;A01
201700034320;1;10;0;0;2;1;1;A01
201700034320;0;7;0;0;2;1;15;B01
201700034321;1;7;0;0;1;2;1;Z01
201700034322;1;7;0;0;2;1;9;A01
201700034322;1;1;0;0;2;1;1;B01
201700034323;1;7;0;0;2;1;1;A01
201700034323;1;7;0;1;2;1;15;B01
201700034324;1;1;0;0;2;8;1;B01
201700034324;1;10;0;0;2;1;16;A01
201700034325;1;1;0;0;2;8;19;B01
201700034325;1;7;0;0;2;2;16;A01
201700034326;1;7;0;0;2;4;2;C01
201700034326;1;7;0;0;2;1;2;B01
201700034326;1;7;0;0;2;1;2;A01
201700034327;1;7;0;0;1;7;1;A01
201700034328;1;7;0;0;1;4;4;A01
201700034329;1;2;0;1;2;1;15;A01
201700034329;1;7;0;0;2;8;1;B01
201700034330;1;1;0;0;2;8;1;B01
201700034330;1;7;0;0;2;1;1;A01
201700034331;1;1;0;0;2;8;19;B01
201700034331;1;7;0;0;2;1;15;A01
201700034332;1;10;0;0;1;3;15;A01
201700034333;1;7;0;0;1;1;1;A01
201700034334;1;7;0;0;2;1;2;A01
201700034334;1;7;0;0;2;4;2;C01
201700034334;1;7;0;0;2;4;2;B01
201700034335;1;7;0;0;1;4;4;A01
201700034336;1;7;0;0;2;3;1;A01
201700034336;1;1;0;0;2;1;1;B01
201700034337;1;7;0;0;1;3;1;A01
201700034338;1;7;0;0;2;1;1;A01
201700034338;1;1;0;0;2;7;1;B01
201700034339;1;7;0;0;1;2;9;A01
201700034340;1;38;0;0;9;5;2;B01
201700034340;1;2;0;0;2;5;2;A01
201700034341;1;10;0;0;2;1;1;A01
201700034341;1;1;0;0;2;7;1;B01
201700034342;1;20;0;0;2;0;1;A01
201700034342;1;7;0;0;2;0;1;B01
201700034343;1;1;0;0;2;3;5;A01
201700034343;1;7;0;0;9;2;15;B01
201700034344;1;7;0;14;2;4;2;B01
201700034344;1;7;0;0;2;1;2;A01
201700034344;1;7;0;0;2;4;2;C01
201700034345;1;7;0;0;1;1;15;A01
201700034346;1;7;0;0;9;3;1;A01
201700034346;2;1;0;0;2;2;19;B01
201700034347;1;7;0;0;2;2;0;A01
201700034347;1;7;0;0;2;2;1;B01
201700034348;1;7;0;0;2;1;1;B01
201700034348;1;7;0;0;2;3;17;A01
201700034349;1;1;0;0;2;7;1;B01
201700034349;1;7;0;0;9;3;15;A01
201700034350;1;7;0;6;0;1;15;Z01
201700034351;2;7;0;0;2;1;2;A01
201700034351;2;7;0;0;2;1;2;C01
201700034351;2;17;0;0;0;4;2;B01
201700034352;2;38;1;0;2;1;1;A01
201700034352;1;7;0;0;2;1;13;B01
201700034353;1;7;0;0;2;6;15;A01
201700034353;1;10;0;0;2;1;1;B01
201700034354;2;2;0;0;2;1;5;A01
201700034354;1;7;0;0;2;3;1;B01
201700034355;0;7;0;2;0;1;0;A01
201700034356;1;10;0;8;0;2;0;A01
201700034357;2;7;0;15;0;2;2;A01
201700034358;1;7;0;0;9;2;2;A01
201700034358;1;1;0;0;2;3;11;B01
201700034359;2;34;0;0;2;1;1;A01
201700034359;1;7;0;0;2;1;1;B01
201700034360;2;7;0;0;2;1;1;A01
201700034360;1;33;0;0;2;8;15;B01
201700034361;2;7;0;13;0;9;15;A01
201700034362;1;33;0;0;2;1;5;A01
201700034362;2;7;0;0;2;6;1;B01
201700034363;2;7;0;2;0;1;13;A01
201700034364;0;7;0;0;2;1;2;B01
201700034364;0;7;0;12;2;4;16;A01
201700034365;0;2;0;0;0;2;6;A01
201700034366;0;7;0;0;1;8;15;A01
201700034367;0;7;0;4;0;7;14;A01
201700034368;0;7;0;0;2;1;1;C01
201700034368;0;10;0;0;2;2;19;A01
201700034368;0;7;0;0;2;9;1;B01
201700034369;0;33;0;0;2;1;1;B01
201700034369;0;7;0;0;2;3;13;A01
201700034370;2;7;0;0;2;3;21;B01
201700034370;1;7;0;0;2;3;17;A01
201700034371;0;13;0;0;0;3;15;A01
201700034372;0;7;0;0;2;3;1;A01
201700034372;0;7;0;0;2;3;13;B01
201700034373;1;7;0;0;2;1;2;B01
201700034373;1;7;0;0;2;4;23;A01
201700034374;0;33;0;0;2;1;1;B01
201700034374;0;7;0;0;2;1;15;A01
201700034375;0;34;0;0;2;1;1;B01
201700034375;0;7;0;0;2;3;13;A01
201700034376;0;33;0;0;2;8;15;B01
201700034376;0;7;0;0;2;2;17;A01
201700034377;0;7;0;0;2;1;1;B01
201700034377;0;7;0;0;2;2;15;A01
201700034378;0;7;0;0;0;0;1;A01
201700034379;1;7;0;0;1;2;1;A01
201700034380;0;7;0;0;2;3;10;A01
201700034380;0;33;0;0;2;1;3;B01
201700034381;0;7;0;0;2;7;10;B01
201700034381;0;33;0;0;2;2;1;A01
201700034382;1;7;0;0;1;3;19;B01
201700034383;0;33;0;15;0;1;1;A01
201700034384;0;7;0;0;2;3;13;A01
201700034384;0;15;0;0;2;1;1;B01
201700034385;0;7;0;0;2;2;1;B01
201700034385;0;7;0;0;2;1;9;A01
201700034386;0;7;0;0;1;1;1;A01
201700034387;0;7;0;0;2;1;2;B01
201700034387;0;7;0;0;2;1;2;C01
201700034387;0;7;0;8;2;1;1;A01
201700034388;1;7;0;0;2;3;1;A01
201700034388;2;1;0;0;2;7;1;B01
201700034389;0;7;0;0;2;1;15;A01
201700034389;0;1;0;0;2;1;5;B01
201700034390;0;33;0;15;0;3;1;A01
201700034391;0;33;0;0;2;1;1;B01
201700034391;0;7;0;0;2;3;10;A01
201700034392;1;7;0;2;0;6;1;A01
201700034393;2;7;0;2;0;1;1;A01
201700034394;2;7;0;2;0;9;1;A01
201700034395;1;7;0;0;1;2;2;A01
201700034396;2;7;0;0;2;4;1;A01
201700034396;2;7;0;0;2;4;1;B01
201700034396;2;7;0;0;2;1;1;C01
201700034397;2;7;0;0;2;3;13;A01
201700034397;1;38;1;0;2;3;1;B01
201700034398;2;7;0;2;0;1;13;A01
201700034399;2;7;0;3;0;4;1;A01
201700034400;2;7;0;0;2;7;1;B01
201700034400;2;2;0;0;2;1;19;A01
201700034401;1;2;0;7;0;1;0;A01
201700034402;1;36;0;13;0;1;1;A01
201700034403;1;7;0;0;2;1;2;A01
201700034403;1;33;0;0;2;4;2;B01
201700034404;1;7;0;6;0;2;1;A01
201700034405;1;1;0;0;2;1;1;A01
201700034405;2;7;0;0;9;3;15;B01
201700034406;1;7;0;7;0;8;1;B01
201700034406;2;7;0;0;2;1;19;A01
201700034407;2;7;0;0;2;3;17;A01
201700034407;1;7;0;0;2;3;1;B01
201700034408;1;30;0;0;0;7;1;A01
201700034409;2;1;0;0;2;1;19;A01
201700034409;1;7;0;0;2;1;1;B01
201700034410;1;7;0;7;1;5;21;A01
201700034411;2;7;0;0;1;1;1;A01
201700034412;1;37;1;0;2;3;15;A01
201700034412;1;30;0;0;2;1;1;B01
201700034413;1;7;0;0;2;3;15;B01
201700034413;2;2;0;0;2;7;17;A01
201700034414;1;7;0;0;2;1;1;A01
201700034414;1;7;0;0;2;7;1;B01
201700034415;1;1;0;0;2;5;1;B01
201700034415;2;7;0;0;9;2;19;A01
201700034416;1;7;0;0;2;1;15;A01
201700034416;2;33;0;0;2;8;1;B01
201700034417;1;7;0;0;2;4;23;A01
201700034417;1;7;0;0;2;1;21;B01
201700034418;1;7;0;0;2;7;16;A01
201700034418;1;32;0;0;2;8;1;B01
201700034419;1;7;0;0;2;1;1;B01
201700034419;1;7;0;0;2;6;16;A01
201700034420;1;7;0;0;1;2;1;A01
201700034421;1;7;0;2;0;9;14;A01
201700034422;1;7;0;0;2;7;1;A01
201700034422;0;1;0;0;2;8;19;B01
201700034423;2;7;0;0;2;7;15;A01
201700034423;2;1;0;0;2;8;15;B01
201700034424;1;7;0;0;1;2;1;Z01
201700034425;1;7;0;0;2;3;1;B01
201700034425;1;7;0;0;2;1;1;A01
201700034426;2;1;0;0;2;4;1;B01
201700034426;2;7;0;0;2;1;9;A01
201700034427;1;1;0;0;2;0;19;B01
201700034427;1;7;0;0;9;1;1;A01
201700034428;1;7;0;0;1;5;4;A01
201700034429;1;7;0;0;2;2;1;B01
201700034429;1;13;0;0;2;1;1;A01
201700034430;0;7;0;0;1;1;1;A01
201700034431;2;7;0;0;2;5;12;A01
201700034431;2;2;0;0;2;1;2;B01
201700034432;1;7;0;0;1;3;15;A01
201700034433;1;7;0;0;1;2;1;A01
201700034434;1;15;0;0;2;8;1;F01
201700034434;1;31;0;0;2;7;3;A01
201700034435;1;33;0;0;2;1;1;A01
201700034435;1;7;0;0;2;8;20;B01
201700034436;1;1;0;0;0;0;23;A01
201700034437;2;7;0;9;0;1;1;A01
201700034438;1;7;0;0;1;3;1;A01
201700034439;2;7;0;0;1;1;16;A01
201700034440;1;7;0;0;1;2;1;A01
201700034441;0;1;0;0;1;0;0;Z01
201700034442;2;7;0;4;2;1;1;B01
201700034442;2;7;0;4;2;6;11;A01
201700034442;2;14;0;0;2;1;1;C01
201700034443;1;7;0;0;2;8;2;B01
201700034443;1;99;0;0;2;1;17;Z01
201700034444;2;7;0;12;0;4;23;A01
201700034444;2;7;0;0;2;1;2;B01
201700034445;2;7;0;0;2;1;1;A01
201700034445;2;7;0;0;2;8;1;B01
201700034446;2;7;0;0;1;3;1;A01
201700034447;0;7;0;0;1;2;15;A01
201700034448;0;7;0;0;0;7;1;A01
201700034448;0;1;0;0;2;1;1;B01
201700034449;2;7;0;0;1;1;15;A01
201700034450;1;7;0;0;1;2;1;A01
201700034451;0;7;0;0;1;1;0;A01
201700034452;1;7;0;0;2;1;1;B01
201700034452;1;7;0;0;1;4;1;A01
201700034453;1;10;0;15;0;1;1;A01
201700034453;2;1;0;0;9;3;1;B01
201700034454;2;1;0;0;2;3;19;B01
201700034454;1;7;0;0;9;1;1;A01
201700034455;0;7;0;0;2;6;10;A01
201700034455;0;2;0;0;2;3;1;B01
201700034456;1;7;0;0;2;2;1;B01
201700034456;1;2;0;0;2;3;0;A01
201700034457;1;1;0;1;0;2;1;B01
201700034457;1;7;0;0;2;3;22;A01
201700034458;1;7;0;1;0;2;1;A01
201700034459;1;7;0;0;1;1;1;A01
201700034460;1;7;0;0;2;1;19;B01
201700034460;1;7;0;0;2;2;1;A01
201700034461;1;7;0;0;1;1;1;A01
201700034462;2;7;0;0;2;3;15;A01
201700034462;1;33;0;0;2;8;1;B01
201700034463;1;99;0;0;1;1;0;A01
201700034464;1;31;0;0;2;1;1;A01
201700034464;1;10;0;0;2;8;15;B01
201700034465;1;14;0;0;2;2;16;A01
201700034465;1;1;0;0;2;7;1;A02
201700034466;2;10;0;0;2;1;2;A01
201700034466;2;7;0;0;2;4;23;B01
201700034467;2;7;0;0;2;2;1;A01
201700034467;2;7;0;1;0;3;20;B01
201700034468;1;7;0;0;1;1;15;A01
201700034469;2;1;0;0;2;6;2;B01
201700034469;2;7;0;1;9;9;14;A01
201700034470;1;7;0;0;2;3;7;A01
201700034470;1;31;0;0;2;4;23;B01
201700034470;1;7;0;0;2;5;23;C01
201700034471;2;31;0;12;2;7;17;A01
201700034471;2;7;0;0;2;8;15;B01
201700034472;0;1;0;0;2;1;1;B01
201700034472;0;7;0;0;2;1;9;A01
201700034473;1;7;0;0;1;2;2;A01
201700034474;1;37;0;0;1;2;1;A01
201700034475;2;7;0;0;1;8;11;A01
201700034476;1;7;0;0;2;2;1;A01
201700034476;1;1;0;0;2;1;19;B01
201700034477;1;7;0;0;2;2;1;B01
201700034477;1;1;0;0;2;1;9;A01
201700034478;2;7;0;0;1;4;20;A01
201700034479;2;10;0;0;1;3;1;A01
201700034480;1;31;0;0;2;4;1;B01
201700034480;1;7;0;0;2;1;9;A01
201700034481;2;7;0;0;1;3;15;A01
201700034482;1;7;0;0;1;5;4;A01
201700034483;1;7;0;0;1;1;2;A01
201700034484;2;7;0;0;1;3;1;A01
201700034485;2;7;0;0;2;3;1;B01
201700034485;2;7;0;0;2;1;1;A01
201700034486;2;1;0;0;1;1;1;A01
201700034487;1;7;0;0;2;3;16;B01
201700034487;1;7;0;0;2;1;1;A01
201700034488;2;7;0;0;1;2;1;A01
201700034489;1;7;0;0;1;1;1;A01
201700034490;1;7;0;0;2;1;1;B01
201700034490;2;7;0;0;2;3;15;A01
201700034491;2;30;0;0;0;7;1;B01
201700034491;0;7;0;0;2;1;1;A01
201700034492;1;7;0;0;2;1;1;A01
201700034492;2;7;0;0;2;1;5;B01
201700034493;2;7;0;0;2;2;1;A01
201700034493;2;7;0;0;2;4;1;B01
201700034494;2;7;0;0;2;7;1;A01
201700034494;2;1;0;0;2;8;1;B01
201700034495;2;34;0;3;0;7;14;A01
201700034496;2;7;0;0;1;1;1;A01
201700034497;2;2;0;0;2;6;1;B01
201700034497;2;7;0;0;2;3;9;A01
201700034498;2;7;0;0;2;5;16;A01
201700034498;2;1;0;0;2;3;2;B01
201700034499;2;7;0;0;2;7;15;A01
201700034499;1;33;0;0;2;1;1;B01
201700034500;1;7;0;0;1;1;1;A01
201700034501;2;1;0;0;2;1;15;B01
201700034501;1;7;0;0;2;2;1;A01
201700034502;1;7;0;0;1;3;1;A01
201700034503;2;7;0;0;2;1;12;A01
201700034503;2;7;0;0;2;4;23;B01
201700034503;2;7;0;0;2;4;23;C01
201700034503;2;7;0;0;2;5;23;D01
201700034504;2;30;0;0;2;1;1;A01
201700034504;0;7;0;0;2;3;1;B01
201700034505;2;7;0;0;1;2;1;A01
201700034506;1;7;0;0;2;1;1;A01
201700034506;1;7;0;0;2;3;10;B01
201700034507;1;7;0;11;2;6;6;A01
201700034507;1;7;0;0;2;7;17;A02
201700034508;2;1;0;0;1;1;1;A01
201700034509;2;7;0;7;0;2;14;A01
201700034510;2;7;0;0;1;3;1;A01
201700034511;2;7;0;0;2;3;16;A01
201700034511;1;7;0;0;2;3;1;B01
201700034512;2;7;0;0;2;7;15;A01
201700034512;1;31;0;0;2;1;1;B01
201700034513;2;7;0;0;1;4;4;A01
201700034514;2;7;0;0;2;3;13;A01
201700034514;1;7;0;1;2;3;21;B01
201700034515;2;1;0;0;2;7;1;B01
201700034515;0;7;0;0;2;1;1;A01
201700034516;1;7;0;0;2;1;9;A01
201700034516;1;1;0;0;2;8;5;B01
201700034517;1;7;0;0;2;2;1;A01
201700034517;1;1;0;0;2;4;19;B01
201700034518;2;7;0;0;1;3;17;A01
201700034519;1;7;0;0;0;0;1;A01
201700034520;2;7;0;2;0;1;14;A01
201700034521;0;7;0;0;2;8;19;A01
201700034521;0;7;0;0;2;1;1;B01
201700034522;0;2;0;0;0;8;1;A01
201700034523;1;33;0;0;2;8;10;A01
201700034523;1;7;0;0;2;1;1;B01
201700034524;1;33;0;0;0;4;15;A01
201700034524;1;7;0;0;2;1;1;B01
201700034525;1;7;0;0;0;7;1;A01
201700034525;1;7;0;0;2;1;1;B01
201700034526;0;7;0;0;2;3;1;C01
201700034526;0;7;0;0;2;3;13;A01
201700034526;0;7;0;0;2;8;1;B01
201700034527;0;7;0;0;1;2;2;A01
201700034528;0;7;0;8;0;0;0;A01
201700034529;2;20;0;0;0;6;2;B01
201700034529;2;7;0;0;2;2;17;A01
201700034530;2;7;0;0;2;3;13;A01
201700034530;1;7;0;0;2;3;1;B01
201700034531;1;7;0;0;2;1;21;A01
201700034531;2;33;0;0;2;3;9;B01
201700034532;1;33;0;0;2;1;1;B01
201700034532;1;7;0;0;0;2;19;A01
201700034533;1;7;0;0;2;2;1;B01
201700034533;2;7;0;0;2;3;15;A01
201700034534;2;7;0;0;2;3;1;B01
201700034534;1;7;0;0;2;3;13;A01
201700034534;2;7;0;0;2;1;1;C01
201700034535;1;33;0;0;2;1;1;B01
201700034535;2;7;0;0;2;7;19;A01
201700034536;1;17;0;0;2;8;21;A01
201700034536;2;17;0;0;2;8;1;C01
201700034537;1;7;0;0;9;8;1;A01
201700034537;2;1;0;0;2;7;1;B01
201700034538;0;7;0;2;0;1;1;A01
201700034539;1;7;0;0;2;3;1;B01
201700034539;2;10;0;0;2;3;13;A01
201700034540;1;10;0;0;2;1;1;A01
201700034540;0;7;0;0;2;8;19;B01
201700034541;1;7;0;0;2;2;13;A01
201700034541;2;7;0;0;2;2;1;B01
201700034542;0;7;0;0;2;2;19;A01
201700034542;0;30;0;0;2;1;1;B01
201700034543;0;7;0;0;1;1;1;A01
201700034544;1;7;0;0;1;1;1;A01
201700034545;2;7;0;0;0;1;1;A01
201700034546;1;7;0;2;0;3;1;A01
201700034547;2;7;0;0;0;6;10;A01
201700034547;2;7;0;0;2;1;1;B01
201700034548;1;7;0;16;0;7;19;A01
201700034548;1;10;0;8;2;1;1;B01
201700034549;1;7;0;2;0;3;15;A01
201700034550;1;7;0;0;2;1;17;A01
201700034550;2;7;0;0;2;1;1;B01
201700034550;1;38;1;0;2;6;1;C01
201700034551;1;7;0;8;0;1;1;A01
201700034552;1;7;0;0;2;7;1;B01
201700034552;2;7;0;14;2;2;15;A01
201700034553;1;7;0;0;0;4;23;B01
201700034553;1;7;0;0;2;1;1;A01
201700034554;2;7;0;0;2;2;17;A01
201700034554;2;7;0;0;0;3;15;B01
201700034555;1;7;0;0;2;2;1;A01
201700034555;1;7;0;0;2;3;1;B01
201700034556;2;7;0;0;1;2;1;A01
201700034557;2;7;0;0;1;0;0;A01
201700034558;1;7;0;0;2;1;19;A01
201700034558;1;7;0;0;2;7;1;B01
201700034559;1;7;0;0;2;2;0;A01
201700034559;1;13;0;0;2;6;0;B01
201700034560;1;7;0;0;2;1;0;C01
201700034560;1;7;0;0;0;4;0;A01
201700034560;1;7;0;0;2;4;1;B01
201700034561;1;7;0;1;2;8;0;C01
201700034561;1;7;0;0;2;9;0;B01
201700034561;1;7;0;0;2;1;17;A01
201700034561;1;7;0;0;2;4;1;D01
201700034562;1;30;0;1;0;1;0;A01
201700034563;1;7;0;0;1;1;1;A01
201700034564;1;7;0;0;1;4;4;A01
201700034565;1;33;0;2;0;9;17;A01
201700034566;2;7;0;0;1;3;0;A01
201700034567;1;7;0;0;1;4;4;A01
201700034568;1;7;0;0;1;4;4;A01
201700034569;1;10;0;0;1;1;1;A01
201700034570;1;30;0;1;0;0;2;A01
201700034571;1;34;0;0;2;1;17;B01
201700034571;1;7;0;0;9;8;15;A01
201700034572;1;33;0;0;2;1;1;B01
201700034572;1;7;0;0;2;3;9;A01
201700034573;1;7;0;8;0;3;13;A01
201700034574;2;15;0;0;0;0;15;A01
201700034574;2;33;0;0;2;4;17;B01
201700034575;2;7;0;0;1;3;2;A01
201700034576;2;10;0;12;1;2;14;A01
201700034577;1;7;0;0;2;1;10;A01
201700034577;1;10;0;0;2;1;9;B01
201700034578;1;1;0;0;2;1;15;B01
201700034579;2;7;0;0;2;2;15;A01
201700034579;2;33;0;0;2;1;1;B01
201700034580;1;10;0;0;2;3;15;B01
201700034580;1;33;0;0;2;1;17;A01
201700034581;1;7;0;0;2;1;9;A01
201700034581;1;1;0;0;2;7;19;B01
201700034582;1;7;0;0;1;2;2;A01
201700034583;1;7;0;0;2;3;15;A01
201700034583;1;10;0;0;2;0;1;T01
201700034583;2;7;0;0;2;1;1;B01
201700034584;1;7;0;0;2;3;1;A01
201700034584;2;7;0;14;0;1;15;B01
201700034585;2;7;0;0;2;3;1;B01
201700034585;1;7;0;0;2;3;13;A01
201700034586;2;7;0;13;0;0;0;A01
201700034587;2;7;0;0;2;4;7;B01
201700034587;1;7;0;0;2;1;2;A01
201700034588;2;7;0;2;0;8;1;A01
201700034589;1;7;0;0;1;2;13;A01
201700034590;1;7;0;0;1;2;9;A01
201700034591;2;7;0;0;2;2;9;A01
201700034591;1;33;0;0;2;2;1;B01
201700034592;1;7;0;0;2;1;2;A01
201700034592;1;7;0;0;2;4;15;B01
201700034593;1;7;0;11;0;3;1;A01
201700034594;1;13;0;0;2;1;1;A01
201700034594;2;7;0;0;2;2;13;B01
201700034595;2;33;0;0;2;8;17;B01
201700034595;1;15;0;0;2;6;15;A01
201700034596;1;7;0;0;2;1;15;A01
201700034596;2;33;0;0;2;1;1;B01
201700034597;1;7;0;1;0;3;2;A01
201700034598;2;33;0;0;2;1;1;B01
201700034598;1;7;0;0;2;6;10;A01
201700034599;1;33;0;0;2;1;17;B01
201700034599;2;7;0;0;2;5;15;A01
201700034600;1;7;0;0;2;7;15;A01
201700034600;2;30;0;0;2;1;1;B01
201700034601;2;7;0;0;1;2;15;A01
201700034602;2;7;0;13;0;3;13;A01
201700034603;1;7;0;0;2;1;2;A01
201700034603;1;7;0;0;2;4;2;C01
201700034603;1;7;0;0;2;4;2;B01
201700034604;1;7;0;0;2;3;19;B01
201700034604;1;7;0;0;2;3;15;A01
201700034605;1;7;0;0;1;1;19;A01
201700034606;2;7;0;0;2;1;2;A01
201700034606;2;7;0;0;2;4;2;B01
201700034607;1;7;0;2;0;3;13;A01
201700034608;1;7;0;0;2;6;15;B01
201700034608;1;7;0;0;2;6;7;A01
201700034609;1;7;0;0;2;4;21;C01
201700034609;1;7;0;0;9;1;0;A01
201700034609;1;7;0;0;2;0;21;B01
201700034610;1;33;0;0;2;0;9;A01
201700034611;2;7;0;0;2;1;1;B01
201700034611;1;7;0;0;2;1;1;A01
201700034612;0;33;0;0;2;3;18;A01
201700034612;0;7;0;0;2;7;16;B01
201700034613;1;1;0;0;2;1;8;B01
201700034613;1;7;0;0;9;1;1;A01
201700034614;1;7;0;0;1;3;9;A01
201700034615;1;7;0;0;2;4;15;B01
201700034615;1;2;0;0;2;1;17;A01
201700034616;1;7;0;0;2;3;1;A01
201700034616;2;7;0;0;2;3;1;B01
201700034617;0;7;0;0;2;3;1;B01
201700034617;0;31;0;0;2;1;1;A01
201700034618;1;7;0;1;0;1;14;A01
201700034619;2;33;0;0;2;2;1;B01
201700034619;2;10;0;0;2;3;9;A01
201700034620;2;7;0;0;0;0;21;B01
201700034620;2;33;0;12;0;1;21;A01
201700034621;1;7;0;0;2;1;1;A01
201700034621;1;7;0;0;2;1;0;B01
201700034622;2;7;0;0;2;1;9;A01
201700034622;2;31;0;0;2;7;19;B01
201700034623;2;7;0;0;2;3;9;A01
201700034623;2;34;0;0;2;2;1;B01
201700034624;1;7;0;0;2;7;1;B01
201700034624;1;7;0;0;2;1;9;A01
201700034625;1;7;0;0;1;7;1;A01
201700034626;2;30;0;0;1;1;1;A01
201700034627;1;7;0;0;1;1;19;A01
201700034628;1;31;0;0;2;1;2;A01
201700034628;1;7;0;0;2;5;23;B01
201700034629;2;7;0;0;2;3;1;B01
201700034629;1;7;0;0;2;2;1;A01
201700034630;1;33;0;0;2;1;1;B01
201700034630;1;10;0;0;2;8;9;A01
201700034631;2;7;0;0;2;3;1;A01
201700034631;1;7;0;0;2;3;16;B01
201700034632;1;7;0;0;2;1;1;B01
201700034632;1;7;0;0;2;4;23;A01
201700034633;1;7;0;0;1;2;17;A01
201700034634;1;7;0;0;1;0;0;A01
201700034635;2;7;0;0;1;4;20;A01
201700034636;1;7;0;0;2;3;9;B01
201700034636;2;34;0;0;2;1;17;A01
201700034637;1;2;0;0;2;1;1;A01
201700034637;2;15;0;0;2;2;15;B01
201700034638;2;7;0;0;1;1;1;A01
201700034639;1;7;0;6;1;8;13;A01
201700034640;1;7;0;0;2;4;2;A01
201700034640;1;7;0;0;2;1;2;Z01
201700034640;1;7;0;0;2;1;2;B01
201700034641;1;37;1;0;1;5;1;A01
201700034642;1;7;0;0;2;0;0;Z01
201700034642;1;7;0;0;2;2;1;A01
201700034643;1;7;0;0;1;0;1;A01
201700034644;1;7;0;0;1;1;1;A01
201700034645;2;7;0;0;9;3;9;A01
201700034645;1;1;0;0;2;1;5;B01
201700034646;2;7;0;0;1;1;1;A01
201700034647;1;32;0;0;0;0;0;A01
201700034648;2;7;0;0;1;1;15;A01
201700034649;2;7;0;0;2;6;1;A01
201700034649;1;7;0;14;0;1;2;Z01
201700034650;2;7;0;0;2;6;1;B01
201700034650;2;7;0;0;2;1;1;A01
201700034651;1;7;0;8;0;1;1;A01
201700034652;1;7;0;0;2;1;1;B01
201700034652;1;7;0;8;2;2;15;A01
201700034653;2;7;0;0;2;1;5;A01
201700034653;1;7;0;0;2;2;1;B01
201700034654;1;7;0;0;2;2;2;A01
201700034654;1;7;0;0;2;2;1;B01
201700034655;1;7;0;0;2;2;15;A01
201700034655;2;7;0;0;2;1;1;B01
201700034656;2;7;0;0;2;8;15;A01
201700034656;1;34;0;0;2;1;1;B01
201700034657;1;33;0;6;0;8;2;A01
201700034658;2;7;0;0;1;1;15;A01
201700034659;2;7;0;0;2;1;23;C01
201700034659;1;7;0;0;2;0;23;E01
201700034659;2;7;0;0;2;0;23;G02
201700034659;2;7;0;0;2;1;23;D01
201700034659;2;7;0;0;2;0;23;F02