num_acc;senc;catv;occutc;obs;obsm;choc;manv;num_veh
201700034659;1;7;0;9;2;8;2;A01
201700034659;1;7;0;9;2;8;2;B01
201700034660;2;1;0;0;2;4;19;A01
201700034660;2;7;0;0;2;1;16;Z01
201700034661;1;7;0;0;1;2;1;A01
201700034662;1;7;0;8;0;1;2;A01
201700034663;1;7;0;0;1;3;0;A01
201700034664;2;7;0;0;1;1;1;A01
201700034665;1;7;0;1;0;2;2;A01
201700034666;1;7;0;2;0;3;2;A01
201700034667;1;7;0;0;2;3;18;A01
201700034667;1;7;0;0;2;5;2;B01
201700034667;1;7;0;0;2;4;0;C01
201700034667;1;7;0;0;2;4;2;D01
201700034668;1;2;0;0;2;1;2;A01
201700034668;1;10;0;0;2;5;2;B01
201700034669;1;7;0;0;2;3;15;A01
201700034669;2;33;0;0;2;1;1;B01
201700034670;1;1;0;0;1;0;0;A01
201700034671;1;7;0;0;2;0;15;A01
201700034671;2;1;0;0;2;0;1;B01
201700034672;1;7;0;0;2;1;19;A01
201700034672;2;7;0;0;2;7;0;B01
201700034673;1;10;0;4;0;2;1;A01
201700034674;1;37;0;0;1;2;7;A01
201700034675;1;37;0;0;1;2;2;A01
201700034676;2;7;0;0;1;3;1;A01
201700034677;1;31;0;0;1;7;2;A01
201700034678;1;7;0;0;1;0;0;Z01
201700034679;1;7;0;1;0;3;16;A01
201700034680;1;7;0;0;2;3;15;A01
201700034680;2;7;0;0;2;3;1;B01
201700034681;1;7;0;16;4;5;15;A01
201700034681;1;40;58;0;2;1;19;B01
201700034682;1;33;0;8;0;1;17;A01
201700034683;1;2;0;0;1;1;1;A01
201700034684;1;7;0;0;2;1;1;B01
201700034684;1;7;0;0;1;2;1;A01
201700034685;1;40;0;0;1;2;1;A01
201700034686;1;7;0;1;0;0;0;A01
201700034687;2;31;0;0;1;1;1;A01
201700034688;1;7;0;0;2;1;2;A01
201700034688;2;7;0;0;2;8;15;B01
201700034689;1;7;0;0;2;2;9;A01
201700034689;1;7;0;0;2;5;1;B01
201700034690;1;7;0;0;2;7;15;A01
201700034690;1;33;0;0;2;1;1;B01
201700034691;1;7;0;0;1;2;1;A01
201700034692;1;7;0;0;1;1;15;A01
201700034693;2;7;0;0;2;4;15;B01
201700034693;2;33;0;0;2;1;2;A01
201700034694;1;7;0;0;1;1;2;A01
201700034695;2;30;0;0;1;1;1;A01
201700034696;2;7;0;1;2;2;15;A01
201700034696;1;33;0;16;0;3;1;B01
201700034697;1;7;0;0;1;0;15;A01
201700034698;2;31;0;0;2;1;5;A01
201700034698;1;7;0;0;2;3;16;B01
201700034699;1;7;0;0;1;3;1;A01
201700034700;2;1;0;0;2;4;2;B01
201700034700;2;7;0;1;2;3;2;A01
201700034701;1;7;0;0;2;5;4;B01
201700034701;1;7;0;0;2;1;2;A01
201700034702;1;7;0;0;1;8;15;A01
201700034703;2;7;0;0;2;1;1;A01
201700034703;1;7;0;0;2;3;1;B01
201700034704;1;7;0;8;2;0;1;B01
201700034704;2;7;0;8;2;7;15;A01
201700034705;1;7;0;8;0;1;17;B01
201700034705;1;14;0;0;0;0;13;A01
201700034706;1;7;0;0;2;1;15;A01
201700034706;2;7;0;0;2;3;1;B01
201700034707;1;7;0;0;1;0;0;A01
201700034708;1;7;0;0;2;1;1;A01
201700034708;1;7;0;0;2;4;1;B01
201700034709;1;7;0;0;1;0;0;A01
201700034710;1;7;0;9;1;1;1;A01
201700034710;1;7;0;6;2;3;1;B01
201700034711;2;7;0;0;2;1;1;A01
201700034711;1;3;0;0;2;7;1;B01
201700034712;1;7;0;0;2;0;0;A01
201700034712;1;1;0;0;2;0;0;B01
201700034713;2;1;0;0;2;7;5;B01
201700034713;1;7;0;0;2;2;1;A01
201700034714;1;7;0;0;1;4;4;A01
201700034715;1;7;0;0;1;3;16;A01
201700034716;1;33;0;0;2;1;1;B01
201700034716;2;7;0;0;2;0;10;A01
201700034716;2;10;0;0;2;6;1;C01
201700034717;2;10;0;0;1;3;1;A01
201700034718;1;3;0;0;1;0;0;A01
201700034719;2;7;0;1;2;1;19;A01
201700034719;1;7;0;0;2;3;1;B01
201700034720;1;1;0;0;2;8;16;B01
201700034720;1;14;0;0;2;7;16;A01
201700034721;2;7;0;8;0;1;0;A01
201700034722;1;2;0;0;2;1;19;A01
201700034722;2;7;0;0;2;2;1;B01
201700034723;2;7;0;0;1;1;1;A01
201700034724;2;7;0;6;0;3;9;A01
201700034725;1;7;0;0;2;2;17;A01
201700034725;1;7;0;0;2;3;15;B01
201700034726;1;7;0;0;1;8;1;A01
201700034727;1;7;0;0;1;7;13;Z01
201700034728;1;7;0;0;2;6;15;A01
201700034728;1;1;0;0;2;0;0;B01
201700034729;1;7;0;0;2;3;15;A01
201700034729;2;33;0;0;2;1;1;B01
201700034730;1;1;0;0;2;8;15;B01
201700034730;2;7;0;0;2;1;1;A01
201700034731;2;1;0;0;2;1;15;B01
201700034731;1;7;0;0;2;1;1;A01
201700034732;1;7;0;0;1;2;1;A01
201700034733;1;7;0;0;1;2;1;A01
201700034734;1;7;0;0;2;1;0;A01
201700034734;2;7;0;0;2;3;0;B01
201700034735;2;32;0;0;2;7;2;B01
201700034735;1;30;0;0;2;0;0;A01
201700034736;1;7;0;0;2;6;1;B01
201700034736;1;7;0;0;2;5;1;C01
201700034736;1;7;0;0;2;1;2;A01
201700034737;1;7;0;15;1;2;13;A01
201700034738;2;7;0;0;1;2;1;A01
201700034739;1;7;0;0;1;1;1;A01
201700034740;2;7;0;0;1;3;20;A01
201700034741;2;32;0;0;2;1;17;A01
201700034741;2;7;0;0;2;3;20;B01
201700034742;1;7;0;0;2;4;1;B01
201700034742;1;10;0;0;2;1;11;A01
201700034743;1;7;0;0;2;1;18;B01
201700034743;1;7;0;0;2;1;18;A01
201700034744;1;7;0;0;2;3;15;B01
201700034744;1;32;0;0;2;0;5;Z01
201700034745;1;7;0;0;2;2;1;B01
201700034745;2;7;0;0;2;2;0;A01
201700034746;1;7;0;0;2;3;1;B01
201700034746;2;10;0;0;2;1;15;A01
201700034747;1;7;0;0;1;1;2;A01
201700034748;1;7;0;0;1;2;13;A01
201700034749;1;37;45;0;1;8;1;A01
201700034750;1;7;0;0;2;2;1;B01
201700034750;2;7;0;7;2;5;15;A01
201700034751;2;31;0;0;1;0;1;Z01
201700034752;2;7;0;0;2;1;2;A01
201700034752;2;7;0;0;2;4;2;B01
201700034753;2;7;0;0;1;3;1;A01
201700034754;1;7;0;0;2;0;15;A01
201700034754;2;7;0;0;2;0;1;Z01
201700034755;2;7;0;0;1;1;2;A01
201700034756;2;10;0;0;2;1;1;Z01
201700034756;2;7;0;0;2;4;1;A01
201700034757;1;1;0;0;9;4;2;B01
201700034757;1;30;0;0;9;1;2;Z01
201700034758;1;33;0;0;2;4;1;B01
201700034758;1;7;0;0;2;1;1;A01
201700034759;2;7;0;15;0;1;2;A01
201700034760;2;7;0;1;1;2;22;A01
201700034761;2;7;0;0;2;3;0;A01
201700034761;2;31;0;0;2;2;17;B01
201700034762;1;7;0;0;2;5;19;A01
201700034762;2;33;0;0;2;1;1;B01
201700034763;2;37;35;0;2;1;1;A01
201700034763;2;7;0;0;2;4;23;B01
201700034764;1;1;0;0;2;3;19;B01
201700034764;1;7;0;0;9;2;1;A01
201700034765;1;7;0;0;2;1;5;A01
201700034765;2;7;0;12;2;1;2;B01
201700034766;2;7;0;0;2;4;20;A01
201700034766;2;1;0;0;2;3;1;B01
201700034767;1;7;0;0;1;1;1;A01
201700034768;1;7;0;0;2;5;15;B01
201700034768;1;7;0;0;2;2;1;A01
201700034769;2;7;0;0;2;7;19;B01
201700034769;1;7;0;0;2;1;19;A01
201700034770;1;7;0;0;2;1;2;B01
201700034770;1;7;0;0;2;3;10;A01
201700034771;2;7;0;0;1;1;19;A01
201700034772;2;7;0;0;2;1;9;B01
201700034772;2;7;0;0;2;8;17;A01
201700034773;1;7;0;0;2;1;15;A01
201700034773;2;7;0;0;2;3;1;B01
201700034774;1;7;0;0;2;2;9;A01
201700034774;2;34;0;0;2;7;1;B01
201700034775;1;7;0;0;2;3;1;A01
201700034775;1;7;0;0;2;2;1;B01
201700034776;1;7;0;2;0;1;1;A01
201700034777;1;7;0;0;2;1;15;A01
201700034777;2;7;0;0;2;3;1;B01
201700034778;1;14;0;0;1;2;2;A01
201700034779;1;7;0;9;2;1;1;A01
201700034779;1;7;0;9;2;2;1;B01
201700034780;1;34;0;0;2;2;17;A01
201700034780;1;7;0;0;2;3;15;B01
201700034781;1;7;0;0;2;2;1;B01
201700034781;1;34;0;0;2;8;1;A01
201700034782;2;7;0;0;2;1;21;B01
201700034782;1;7;0;0;9;8;15;A01
201700034783;1;33;0;0;1;1;23;A01
201700034784;1;7;0;0;2;1;1;A01
201700034784;1;31;0;0;2;7;19;B01
201700034785;1;7;0;0;2;3;15;B01
201700034785;1;7;0;0;2;1;1;A01
201700034786;1;7;0;12;2;3;19;A01
201700034786;2;7;0;3;2;1;19;B01
201700034787;2;7;0;0;1;2;2;A01
201700034788;2;7;0;0;1;2;1;A01
201700034789;2;7;0;0;2;3;0;A01
201700034789;1;31;0;0;2;7;0;B01
201700034790;1;34;0;0;2;9;17;A01
201700034790;1;7;0;0;2;3;15;B01
201700034791;1;7;0;0;2;1;1;Z01
201700034791;1;7;0;0;2;4;1;B01
201700034792;2;7;0;0;1;4;10;A01
201700034793;1;7;0;0;2;2;20;A01
201700034793;2;31;0;0;2;1;2;B01
201700034794;1;32;0;0;2;1;1;A01
201700034794;1;7;0;0;2;7;1;B01
201700034795;1;1;0;0;2;7;19;A01
201700034795;1;7;0;0;2;1;1;B01
201700034796;1;7;0;0;1;2;1;A01
201700034797;1;1;0;0;2;1;19;B01
201700034797;1;7;0;0;9;3;19;A01
201700034798;1;7;0;0;2;1;19;A01
201700034798;2;7;0;0;2;2;19;B01
201700034799;2;1;0;0;1;7;1;A01
201700034800;2;7;0;0;1;1;1;A01
201700034801;2;7;0;0;2;3;9;A01
201700034801;1;33;0;0;2;7;19;B01
201700034802;2;10;0;0;1;1;15;A01
201700034803;1;7;0;0;2;1;2;C01
201700034803;1;7;0;0;2;1;2;A01
201700034803;1;7;0;0;2;4;2;B01
201700034804;2;7;0;0;9;2;13;A01
201700034804;1;33;0;0;2;1;21;B01
201700034805;1;37;35;0;2;2;7;B01
201700034805;1;7;0;0;2;3;15;A01
201700034806;2;7;0;0;1;7;1;A01
201700034807;1;34;0;0;2;3;13;A01
201700034807;2;7;0;0;2;8;1;B01
201700034808;1;7;0;0;1;1;2;A01
201700034809;2;1;0;0;2;8;11;B01
201700034809;2;7;0;0;9;2;1;A01
201700034810;1;7;0;0;2;1;1;A01
201700034810;1;7;0;0;2;1;1;C01
201700034810;1;7;0;0;2;4;1;B01
201700034811;1;7;0;0;1;2;1;A01
201700034812;2;7;0;0;1;1;9;A01
201700034813;1;7;0;0;2;2;9;A01
201700034813;1;31;0;0;2;5;0;B01
201700034814;1;7;0;0;9;2;16;A01
201700034814;1;1;0;0;2;1;19;B01
201700034815;1;7;0;0;2;1;1;A01
201700034815;2;7;0;0;2;7;15;B01
201700034816;1;7;0;0;1;3;1;A01
201700034817;1;7;0;0;1;2;1;A01
201700034818;1;7;0;0;1;3;1;A01
201700034819;2;7;0;0;2;3;1;B01
201700034819;1;7;0;0;2;2;1;A01
201700034820;2;7;0;0;2;8;2;B01
201700034820;1;7;0;0;2;2;15;A01
201700034821;2;7;0;8;2;1;21;A01
201700034821;1;7;0;8;2;7;15;B01
201700034822;1;7;0;0;2;1;0;A01
201700034822;1;7;0;6;0;7;1;B01
201700034823;1;7;0;0;1;2;14;A01
201700034824;1;7;0;0;1;4;4;A01
201700034825;1;7;0;0;2;1;1;A01
201700034825;1;7;0;0;2;4;23;B01
201700034826;2;7;0;0;2;4;1;C01
201700034826;2;7;0;0;2;4;1;B01
201700034826;2;7;0;0;2;1;1;A01
201700034827;1;1;0;0;9;1;16;B01
201700034827;1;7;0;0;9;7;16;A01
201700034828;1;99;0;0;2;2;19;B01
201700034828;1;14;0;0;2;3;15;A01
201700034829;2;7;0;0;2;3;19;B01
201700034829;1;31;0;0;2;0;19;A01
201700034830;2;7;0;0;2;1;1;A01
201700034830;1;1;0;0;2;7;19;B01
201700034831;1;1;0;0;2;3;1;B01
201700034831;1;7;0;0;2;5;17;A01
201700034832;1;7;0;0;2;4;1;B01
201700034832;1;7;0;0;2;1;1;A01
201700034833;2;7;0;0;1;7;0;A01
201700034834;1;7;0;0;2;1;13;A01
201700034834;2;7;0;12;2;8;1;B01
201700034835;1;7;0;0;2;1;21;Z01
201700034835;1;10;0;0;2;4;1;B01
201700034836;1;1;0;0;2;2;16;B01
201700034836;1;7;0;0;2;1;9;A01
201700034837;2;7;0;0;2;8;1;B01
201700034837;1;7;0;0;2;3;15;A01
201700034838;2;7;0;0;1;1;19;A01
201700034839;2;7;0;6;0;1;15;A01
201700034840;1;7;0;2;0;2;1;A01
201700034841;1;7;0;9;1;0;15;A01
201700034842;1;7;0;1;0;2;0;Z01
201700034842;1;7;0;0;2;2;24;B01
201700034843;2;37;40;0;2;2;17;A01
201700034843;2;7;0;0;2;3;15;Z01
201700034844;2;7;0;0;2;3;15;A01
201700034844;1;7;0;0;2;1;9;B01
201700034845;1;34;0;0;1;1;1;A01
201700034846;2;33;0;0;2;1;18;B01
201700034846;1;7;0;0;2;1;15;A01
201700034847;2;31;0;0;2;1;1;B01
201700034847;1;7;0;0;2;2;15;A01
201700034848;1;30;0;0;2;1;19;A01
201700034848;2;7;0;0;2;2;19;B01
201700034849;2;1;0;0;2;8;2;B01
201700034849;2;7;0;0;9;1;15;A01
201700034850;1;7;0;0;9;1;1;B01
201700034850;1;7;0;0;2;1;1;A01
201700034851;2;7;0;12;1;7;21;A01
201700034852;2;7;0;15;2;2;19;A01
201700034852;2;33;0;0;2;1;19;B01
201700034853;2;7;0;0;1;3;9;A01
201700034854;1;33;0;0;2;7;15;B01
201700034854;1;7;0;0;2;3;15;A01
201700034855;1;7;0;0;2;8;15;B01
201700034855;1;7;0;0;2;1;1;A01
201700034856;1;37;0;0;2;3;16;B01
201700034856;1;7;0;0;2;2;1;A01
201700034857;2;7;0;0;2;3;14;A01
201700034857;1;7;0;0;2;8;2;B01
201700034858;1;7;0;0;2;3;15;A01
201700034858;1;7;0;0;2;1;1;B01
201700034859;2;7;0;0;2;5;15;A01
201700034859;2;33;0;0;2;3;1;B01
201700034860;2;2;0;0;2;7;1;B01
201700034860;1;7;0;0;2;1;15;Z01
201700034861;1;99;0;0;2;3;1;B01
201700034861;1;7;0;0;2;7;17;A01
201700034862;2;7;0;14;0;2;14;A01
201700034863;1;7;0;0;9;5;15;B01
201700034863;1;32;0;0;9;5;15;A01
201700034864;1;7;0;0;2;1;1;A01
201700034864;1;7;0;0;2;7;1;B01
201700034865;2;7;0;0;2;1;19;A01
201700034865;1;7;0;0;2;7;19;B01
201700034866;2;7;0;0;2;3;21;B01
201700034866;2;33;0;0;2;1;17;A01
201700034867;2;7;0;0;2;6;2;B01
201700034867;2;31;0;0;2;1;2;A01
201700034868;2;33;0;2;0;3;1;A01
201700034869;1;7;0;0;2;1;9;B01
201700034869;1;7;0;0;9;2;1;A01
201700034870;1;7;0;0;2;2;2;A01
201700034870;1;10;0;0;2;6;2;B01
201700034871;1;7;0;0;1;3;1;A01
201700034872;1;7;0;16;0;9;2;A01
201700034872;1;7;0;16;0;1;2;B01
201700034873;2;34;0;0;2;5;17;A01
201700034873;2;7;0;0;2;3;1;B01
201700034874;1;30;0;1;0;3;13;A01
201700034875;1;14;0;0;2;1;2;A01
201700034875;1;7;0;0;9;4;23;B01
201700034876;1;7;0;0;2;0;2;Z01
201700034876;2;7;0;0;2;8;2;B01
201700034877;1;7;0;0;2;2;16;A01
201700034877;1;1;0;0;2;7;19;B01
201700034878;2;15;0;0;0;6;1;B01
201700034878;2;7;0;12;2;9;6;A01
201700034879;2;7;0;0;2;3;1;B01
201700034879;1;7;0;0;2;3;13;A01
201700034880;2;34;0;0;2;4;23;B01
201700034880;2;10;0;0;2;1;2;A01
201700034881;1;37;0;0;2;3;19;B01
201700034881;1;7;0;0;2;1;17;A01
201700034882;2;33;0;0;2;1;16;B01
201700034882;1;7;0;0;2;8;15;A01
201700034883;1;7;0;0;2;2;1;B01
201700034883;2;7;0;0;2;7;19;A01
201700034884;1;99;0;0;2;8;19;B01
201700034884;1;7;0;0;2;3;16;A01
201700034885;2;7;0;0;2;6;1;B01
201700034885;2;7;0;0;2;0;1;A01
201700034886;2;7;0;0;1;2;1;A01
201700034887;1;7;0;0;1;1;15;A01
201700034888;1;7;0;0;2;1;21;A01
201700034889;1;7;0;0;9;7;17;Z01
201700034889;1;1;0;0;2;6;17;B01
201700034890;1;7;0;0;2;1;1;A01
201700034890;1;7;0;0;2;4;1;B01
201700034890;1;7;0;0;2;4;1;C01
201700034891;1;7;0;0;2;2;15;A01
201700034891;1;10;0;9;2;1;19;B01
201700034892;1;7;0;0;2;0;2;Z01
201700034892;2;7;0;0;2;6;2;B01
201700034893;1;7;0;0;2;8;15;B01
201700034893;1;33;0;0;2;2;17;A01
201700034894;1;7;0;0;2;1;1;A01
201700034894;2;7;0;6;0;6;1;B01
201700034895;2;7;0;0;2;1;15;A01
201700034895;1;33;0;0;2;1;1;B01
201700034896;1;7;0;0;1;3;15;A01
201700034897;1;7;0;0;2;8;10;A01
201700034897;2;7;0;0;2;1;13;B01
201700034898;2;40;69;0;1;1;1;A01
201700034899;1;7;0;0;2;1;13;A01
201700034899;2;7;0;0;2;1;1;C01
201700034899;2;7;0;0;2;1;1;B01
201700034900;1;7;0;0;1;1;1;A01
201700034901;2;7;0;0;2;3;10;A01
201700034901;1;34;0;0;2;7;1;B01
201700034902;2;7;0;0;1;3;15;A01
201700034903;2;10;0;16;1;7;16;A01
201700034904;2;7;0;0;2;2;1;A01
201700034904;1;30;0;0;2;1;5;B01
201700034905;1;7;0;2;0;1;13;A01
201700034906;1;7;0;0;2;1;1;A01
201700034906;2;7;0;8;2;7;16;B01
201700034907;1;7;0;0;1;3;19;Z01
201700034908;2;7;0;0;2;1;19;B01
201700034908;2;7;0;8;0;3;19;A01
201700034909;1;7;0;0;1;2;16;A01
201700034910;1;7;0;0;2;5;9;A01
201700034910;1;7;0;0;2;4;15;C01
201700034910;1;7;0;14;2;4;23;B01
201700034911;1;7;0;0;1;2;1;A01
201700034912;2;7;0;0;2;6;10;A01
201700034912;2;33;0;0;2;5;21;B01
201700034913;1;7;0;0;2;1;9;B01
201700034913;1;33;0;0;2;3;17;A01
201700034914;2;2;0;0;2;1;1;B01
201700034914;1;7;0;0;2;3;10;A01
201700034915;1;7;0;0;1;2;1;A01
201700034916;1;7;0;0;1;2;9;A01
201700034917;2;1;0;0;2;1;1;B01
201700034917;2;7;0;0;2;8;23;A01
201700034918;1;7;0;0;2;4;23;B01
201700034918;1;7;0;0;2;5;23;C01
201700034918;1;31;0;0;2;1;17;A01
201700034919;2;7;0;0;2;2;15;A01
201700034919;1;33;0;0;2;5;15;B01
201700034920;2;7;0;0;2;1;1;C01
201700034920;1;7;0;1;2;3;16;A01
201700034920;1;7;0;0;2;1;1;B01
201700034921;1;40;40;0;2;2;19;A01
201700034921;1;1;0;0;4;8;1;B01
201700034922;2;7;0;6;0;2;1;A01
201700034923;1;7;0;0;2;2;16;A01
201700034923;1;7;0;15;1;1;1;B01
201700034924;2;30;0;0;2;8;1;B01
201700034924;2;7;0;0;2;2;16;A01
201700034925;1;7;0;0;1;1;1;A01
201700034926;1;7;0;0;2;1;1;B01
201700034926;1;7;0;0;2;2;15;A01
201700034927;2;7;0;0;2;1;2;A01
201700034927;2;7;0;0;2;4;2;C01
201700034927;2;7;0;0;2;9;2;B01
201700034928;1;7;0;0;1;1;1;A01
201700034929;2;7;0;0;2;3;1;B01
201700034929;1;7;0;0;2;3;13;A01
201700034930;1;7;0;0;1;1;1;A01
201700034931;1;7;0;0;1;0;1;Z01
201700034932;2;7;0;0;1;3;16;A01
201700034933;2;7;0;0;1;3;15;A01
201700034934;2;7;0;0;2;2;1;B01
201700034934;2;7;0;0;2;6;4;A01
201700034935;1;7;0;0;2;1;19;A01
201700034935;2;7;0;0;2;1;1;B01
201700034936;1;7;0;0;2;1;1;B01
201700034936;1;7;0;0;2;3;16;A01
201700034937;1;7;0;0;1;4;20;A01
201700034938;2;7;0;0;2;3;1;A01
201700034938;1;7;0;0;2;6;17;Z01
201700034939;1;99;0;0;2;1;9;B01
201700034939;1;7;0;0;2;1;15;A01
201700034940;2;7;0;0;2;2;1;A01
201700034941;1;10;0;0;1;2;15;A01
201700034942;2;7;0;13;0;3;1;A01
201700034943;2;33;0;13;0;1;14;A01
201700034944;0;7;0;0;2;1;13;A01
201700034944;0;33;0;0;2;3;1;B01
201700034945;2;7;0;0;6;1;1;A01
201700034946;2;7;0;2;0;7;1;A01
201700034947;1;33;0;0;0;0;17;A01
201700034948;0;35;0;0;2;2;13;A01
201700034948;0;16;0;0;2;1;1;B01
201700034949;2;7;0;13;0;8;13;A01
201700034950;0;21;0;0;2;1;1;B01
201700034950;0;7;0;0;2;1;1;A01
201700034951;2;7;0;2;0;3;13;A01
201700034952;0;7;0;0;1;1;1;A01
201700034953;2;7;0;2;0;1;1;A01
201700034954;2;2;0;0;2;1;1;B01
201700034954;1;7;0;0;2;3;17;A01
201700034955;1;7;0;0;2;1;1;B01
201700034955;0;3;0;0;2;7;1;A01
201700034956;0;7;0;0;1;1;1;A01
201700034957;2;7;0;0;2;3;1;B01
201700034957;1;7;0;0;2;3;13;A01
201700034958;1;10;0;2;0;3;13;A01
201700034959;1;7;0;2;0;1;15;A01
201700034960;2;7;0;0;2;3;1;B01
201700034960;2;7;0;0;2;2;17;A01
201700034961;0;7;0;0;1;2;2;A01
201700034962;1;31;0;0;2;2;17;A01
201700034962;1;15;0;0;0;6;15;B01
201700034963;1;33;0;0;2;7;17;B01
201700034963;1;10;0;0;2;3;17;A01
201700034964;1;7;0;0;2;3;13;A01
201700034964;2;15;0;0;2;3;1;C01
201700034964;2;7;0;0;2;3;1;B01
201700034965;1;7;0;0;2;1;1;B01
201700034965;1;10;0;0;2;3;1;A01
201700034966;2;7;0;0;2;3;1;B01
201700034966;1;7;0;0;2;3;13;A01
201700034967;1;7;0;0;2;7;1;B01
201700034967;1;7;0;0;2;1;1;A01
201700034968;1;7;0;0;2;1;1;A01
201700034968;2;7;0;0;2;1;1;B01
201700034969;0;2;0;0;1;1;1;A01
201700034970;1;14;0;0;2;1;1;A01
201700034970;1;14;0;0;2;4;1;C01
201700034970;1;7;0;0;2;9;1;B01
201700034971;2;33;0;0;0;7;16;A01
201700034972;1;7;0;0;2;1;19;B01
201700034972;2;7;0;0;0;7;0;A01
201700034973;1;7;0;0;2;3;15;A01
201700034973;2;1;0;0;2;4;1;B01
201700034974;2;7;0;2;0;8;1;A01
201700034975;1;7;0;0;2;6;13;A01
201700034975;2;7;0;0;2;3;1;B01
201700034976;2;7;0;2;0;1;0;A01
201700034977;2;7;0;0;2;3;0;A01
201700034977;1;7;0;0;2;1;0;B01
201700034978;1;7;0;0;1;1;1;A01
201700034979;1;7;0;8;0;3;1;A01
201700034980;0;7;0;0;2;7;19;A01
201700034980;0;31;0;0;2;1;1;B01
201700034981;2;31;0;0;2;1;1;A01
201700034981;2;1;0;0;2;8;15;B01
201700034982;1;33;0;0;2;7;17;A01
201700034982;1;7;0;0;2;3;1;B01
201700034983;1;33;0;0;2;1;13;A01
201700034983;2;7;0;0;2;2;1;B01
201700034984;1;34;0;1;0;1;1;A01
201700034985;2;33;0;0;6;1;1;A01
201700034986;1;7;0;0;2;3;1;A01
201700034986;2;2;0;0;2;1;1;B01
201700034987;2;2;0;0;2;3;11;A01
201700034987;1;7;0;0;2;3;1;B01
201700034988;1;7;0;0;0;0;19;A01
201700034988;2;1;0;0;0;0;1;B01
201700034989;2;17;0;13;0;0;0;A01
201700034990;2;7;0;0;1;7;0;A01
201700034991;2;10;0;0;2;3;13;A01
201700034991;1;7;0;0;2;3;1;B01
201700034992;1;38;1;0;1;1;1;A01
201700034993;0;7;0;1;0;1;1;A01
201700034994;1;7;0;13;0;9;1;A01
201700034995;1;7;0;0;2;1;17;A01
201700034995;1;7;0;0;2;4;2;B01
201700034996;0;33;0;13;0;0;1;A01
201700034997;1;33;0;0;0;0;1;A01
201700034998;2;7;0;0;2;1;2;A01
201700034998;2;7;0;0;2;4;15;B01
201700034999;0;10;0;0;0;7;20;A01
201700034999;1;33;0;1;0;1;2;B01
201700035000;2;7;0;2;0;3;1;A01
201700035001;0;30;0;0;0;0;0;A01
201700035002;2;15;0;0;2;2;12;A01
201700035002;2;7;0;3;2;6;1;B01
201700035002;1;7;0;0;2;5;1;C01
201700035003;0;7;0;0;1;3;15;A01
201700035004;2;14;0;0;2;5;17;A01
201700035004;2;1;0;0;0;8;2;B01
201700035005;2;15;0;0;2;1;2;A01
201700035005;2;7;0;0;2;4;2;B01
201700035006;2;7;0;0;2;3;13;A01
201700035006;1;7;0;0;2;3;1;B01
201700035007;1;15;0;0;1;2;20;A01
201700035008;2;7;0;16;0;3;1;A01
201700035009;2;10;0;0;1;1;1;A01
201700035010;2;33;0;7;2;7;11;A01
201700035010;1;7;0;0;2;1;1;B01
201700035011;1;7;0;2;0;1;13;A01
201700035012;1;33;0;0;0;0;1;A01
201700035013;2;7;0;0;2;2;15;A01
201700035013;1;2;0;0;2;1;1;B01
201700035014;2;7;0;0;2;7;17;A01
201700035014;2;2;0;0;2;8;2;B01
201700035015;1;7;0;0;2;8;13;A01
201700035015;2;7;0;0;2;3;1;B01
201700035015;2;7;0;0;2;1;1;C01
201700035016;2;7;0;0;1;2;1;A01
201700035017;1;7;0;0;2;1;1;B01
201700035017;1;10;0;0;2;8;5;A01
201700035018;0;7;0;0;1;2;1;A01
201700035019;2;7;0;0;2;3;1;B01
201700035019;0;7;0;0;2;3;1;A01
201700035020;0;7;0;0;1;1;1;A01
201700035021;1;7;0;13;0;1;1;A01
201700035022;2;7;0;0;2;8;1;A01
201700035022;1;33;0;0;2;1;1;B01
201700035023;2;33;0;0;0;0;1;A01
201700035024;2;7;0;0;2;1;1;B01
201700035024;2;21;0;0;0;4;1;A01
201700035025;2;33;0;0;2;0;11;B01
201700035025;1;13;0;0;0;1;1;D01
201700035025;1;7;0;1;2;2;1;A01
201700035026;1;7;0;0;2;7;1;A01
201700035026;2;7;0;0;2;1;1;B01
201700035027;1;10;0;0;2;3;1;A01
201700035027;2;7;0;0;2;3;1;B01
201700035028;1;10;0;0;2;2;17;A01
201700035028;1;7;0;0;2;8;15;B01
201700035029;1;33;0;0;2;1;1;B01
201700035029;0;7;0;0;0;8;19;A01
201700035030;2;7;0;0;2;1;1;B01
201700035030;1;7;0;0;2;1;13;A01
201700035031;1;33;0;0;2;8;13;A01
201700035031;2;14;0;0;2;6;1;B01
201700035032;2;7;0;0;2;1;13;A01
201700035032;1;7;0;0;2;1;13;B01
201700035033;2;33;0;0;0;8;1;A01
201700035034;2;17;0;0;0;0;1;A01
201700035035;1;7;0;0;2;4;15;A01
201700035035;1;7;0;0;2;1;1;B01
201700035036;2;33;0;0;9;8;1;A01
201700035037;1;7;0;0;2;1;1;A01
201700035037;2;7;0;0;2;4;1;B01
201700035037;2;7;0;0;2;4;1;C01
201700035037;2;7;0;0;2;4;1;D01
201700035038;0;10;0;0;1;4;4;A01
201700035039;0;7;0;0;1;4;4;A01
201700035040;2;10;0;2;0;7;1;A01
201700035041;1;7;0;0;1;0;1;A01
201700035042;1;7;0;0;2;1;5;A01