num_acc;senc;catv;occutc;obs;obsm;choc;manv;num_veh
201700035042;2;7;0;0;2;1;1;B01
201700035043;0;33;0;6;0;1;16;A01
201700035044;2;33;0;0;0;0;14;A01
201700035045;1;10;0;0;0;9;1;A01
201700035046;0;7;0;0;2;1;0;C01
201700035046;0;7;0;0;2;1;0;B01
201700035046;0;7;0;0;2;1;13;A01
201700035047;1;33;0;4;0;1;15;A01
201700035048;1;7;0;0;2;3;2;A01
201700035048;2;7;0;0;2;3;2;B01
201700035049;1;21;0;0;0;6;15;A01
201700035049;1;33;0;0;2;1;17;B01
201700035050;1;7;0;2;0;1;0;A01
201700035051;0;7;0;0;2;3;1;B01
201700035051;0;2;0;0;2;1;16;A01
201700035052;1;7;0;13;0;7;1;A01
201700035053;2;7;0;0;2;2;2;A01
201700035053;2;7;0;0;0;6;2;B01
201700035054;0;7;0;0;1;2;1;A01
201700035055;1;14;0;0;2;3;1;B01
201700035055;2;7;0;0;2;3;13;A01
201700035056;1;38;0;0;2;2;1;B01
201700035056;2;7;0;0;2;1;13;A01
201700035057;1;38;10;2;0;3;1;A01
201700035058;1;2;0;0;0;0;1;A01
201700035059;2;7;0;0;2;3;1;B01
201700035059;1;7;0;0;2;3;1;A01
201700035060;2;36;0;11;0;1;13;A01
201700035061;2;7;0;13;0;3;13;A01
201700035062;1;33;0;3;0;8;17;A01
201700035063;1;20;0;1;1;2;2;B01
201700035064;2;33;0;0;2;1;1;C01
201700035064;2;33;0;0;2;1;1;B01
201700035064;1;7;0;0;2;1;1;A01
201700035065;1;7;0;0;2;3;13;A01
201700035065;2;7;0;0;2;1;1;B01
201700035065;1;10;0;0;2;3;1;C01
201700035066;2;33;0;0;2;1;2;B01
201700035066;2;33;0;0;0;4;15;A01
201700035067;1;7;0;16;0;3;1;A01
201700035068;0;33;0;0;0;0;23;A01
201700035069;1;33;0;16;0;7;0;B01
201700035069;1;33;0;13;0;3;1;A01
201700035070;1;33;0;16;0;0;1;A01
201700035071;1;7;0;0;0;1;13;A01
201700035071;2;7;0;0;0;1;13;B01
201700035072;1;7;0;0;2;7;15;A01
201700035072;2;7;0;0;2;1;1;B01
201700035073;0;7;0;13;0;2;1;A01
201700035074;2;7;0;13;0;3;0;A01
201700035075;2;7;0;0;2;5;17;B01
201700035075;2;31;0;0;2;3;11;A01
201700035076;1;33;0;0;0;2;14;A01
201700035077;1;7;0;0;2;1;1;B01
201700035077;2;7;0;0;2;3;13;A01
201700035078;2;7;0;2;0;3;13;A01
201700035079;2;7;0;8;0;2;1;A01
201700035080;1;7;0;0;2;3;1;A01
201700035080;2;7;0;0;2;3;1;B01
201700035081;1;7;0;0;2;1;1;A01
201700035081;2;7;0;0;2;1;1;B01
201700035082;0;7;0;0;1;6;4;A01
201700035083;0;14;0;13;0;1;1;A01
201700035084;0;7;0;0;1;2;0;A01
201700035085;1;2;0;0;2;1;2;B01
201700035085;1;7;0;0;0;6;2;A01
201700035086;1;10;0;7;0;2;1;A01
201700035087;1;7;0;13;0;1;1;A01
201700035088;1;2;0;0;6;1;1;A01
201700035089;1;7;0;0;1;2;1;A01
201700035090;1;7;0;1;1;2;1;A01
201700035091;2;10;0;0;2;2;5;A01
201700035091;1;7;0;0;2;1;1;B01
201700035092;2;7;0;0;2;3;13;B01
201700035092;1;14;0;0;2;3;1;A01
201700035093;0;7;0;0;2;3;1;A01
201700035093;0;7;0;0;2;3;1;B01
201700035094;1;7;0;13;0;1;1;A01
201700035095;2;33;0;16;0;8;19;A01
201700035096;0;7;0;0;0;9;1;A01
201700035097;2;7;0;2;0;2;13;A01
201700035098;1;7;0;0;0;9;1;A01
201700035099;2;7;0;0;2;4;1;A01
201700035099;2;7;0;0;2;1;1;C01
201700035099;2;7;0;0;2;1;1;B01
201700035100;0;21;0;0;9;8;0;A01
201700035101;1;10;0;0;2;1;1;B01
201700035101;2;7;0;0;2;8;1;A01
201700035102;1;1;0;0;2;0;2;A01
201700035102;1;7;0;0;2;2;14;B01
201700035103;0;7;0;0;1;2;1;A01
201700035104;1;7;0;2;0;3;1;A01
201700035105;2;7;0;16;0;1;1;A01
201700035106;2;33;0;13;0;0;14;A01
201700035107;1;7;0;16;0;2;1;A01
201700035108;1;7;0;0;0;2;17;B01
201700035108;2;7;0;0;0;2;5;A01
201700035109;2;7;0;0;2;2;1;B01
201700035109;2;7;0;0;2;6;9;A01
201700035110;2;21;0;0;2;6;1;B01
201700035110;1;33;0;0;2;1;13;A01
201700035111;0;1;0;0;0;2;1;A01
201700035111;0;7;0;0;0;6;20;B01
201700035112;2;7;0;2;0;3;2;A01
201700035113;1;7;0;2;0;2;1;A01
201700035114;2;7;0;16;9;0;1;A01
201700035115;2;7;0;0;2;2;13;A01
201700035115;1;7;0;0;2;2;11;B01
201700035115;1;7;0;0;2;1;1;C01
201700035116;1;33;0;2;0;0;1;A01
201700035117;2;7;0;2;0;2;1;A01
201700035118;2;7;0;0;2;1;1;B01
201700035118;1;7;0;0;2;3;13;A01
201700035119;1;7;0;0;1;4;4;A01
201700035120;2;7;0;0;2;2;19;A01
201700035120;2;31;0;0;0;0;0;B01
201700035121;1;7;0;0;1;1;14;A01
201700035122;2;7;0;0;2;1;13;A01
201700035122;1;7;0;0;0;0;0;B01
201700035123;1;7;0;0;1;3;2;A01
201700035124;2;3;0;0;2;1;15;A01
201700035124;0;7;0;7;2;3;1;B01
201700035125;1;7;0;0;2;3;15;B01
201700035125;1;7;0;12;2;1;7;A01
201700035126;2;3;0;0;2;1;1;A01
201700035126;2;7;0;0;2;7;1;B01
201700035127;1;7;0;0;1;4;4;A01
201700035128;1;7;0;0;1;1;1;A01
201700035129;2;7;0;0;1;3;1;A01
201700035130;2;7;0;0;2;8;10;A01
201700035130;1;33;0;0;2;1;1;B01
201700035131;2;7;0;0;2;2;15;A01
201700035131;1;30;0;0;0;0;0;B01
201700035132;2;7;0;3;2;3;13;A01
201700035132;1;33;0;0;2;8;1;B01
201700035133;1;7;0;0;1;2;1;A01
201700035134;1;7;0;0;1;1;19;Z01
201700035135;1;7;0;0;2;1;9;B01
201700035135;1;7;0;0;2;1;10;A01
201700035136;2;7;0;0;2;8;10;A01
201700035136;2;31;0;0;2;1;18;B01
201700035137;1;7;0;0;0;9;14;A01
201700035138;1;7;0;0;2;3;9;A01
201700035138;1;33;0;0;2;2;1;B01
201700035139;1;33;0;0;2;1;12;A01
201700035139;1;7;0;0;2;6;18;B01
201700035140;1;7;0;0;1;4;4;A01
201700035141;2;7;0;0;1;2;1;A01
201700035142;2;10;0;0;2;1;0;B01
201700035142;1;7;0;0;2;3;0;A01
201700035143;2;7;0;0;2;1;13;A01
201700035143;1;7;0;6;2;1;1;B01
201700035144;1;7;0;0;1;3;1;A01
201700035145;1;7;0;0;1;3;1;A01
201700035146;1;7;0;0;1;1;1;Z01
201700035147;1;7;0;0;2;1;17;A01
201700035147;2;7;0;0;2;1;1;B01
201700035148;1;7;0;0;2;1;13;A01
201700035148;2;7;0;0;2;1;1;B01
201700035149;2;7;0;0;2;8;1;B01
201700035149;2;7;0;0;2;1;1;A01
201700035150;1;31;0;0;2;8;1;A01
201700035150;2;7;0;0;2;1;1;B01
201700035151;1;7;0;0;2;7;15;A01
201700035151;2;30;0;0;2;1;1;B01
201700035152;1;7;0;0;1;3;1;A01
201700035153;1;7;0;0;1;2;1;A01
201700035154;1;17;0;0;2;1;1;A01
201700035154;1;7;0;0;2;4;15;B01
201700035155;1;30;0;0;2;1;1;B01
201700035155;2;7;0;0;2;6;15;A01
201700035156;1;33;0;0;2;1;13;A01
201700035156;2;10;0;0;2;2;1;B01
201700035157;1;7;0;0;2;7;13;A01
201700035157;2;7;0;0;2;1;1;B01
201700035158;1;7;0;0;2;1;1;A01
201700035158;1;7;0;0;2;4;23;B01
201700035159;1;7;0;0;2;8;14;A01
201700035159;0;10;0;0;2;2;16;B01
201700035160;1;7;0;0;1;1;1;A01
201700035161;0;10;0;0;2;1;1;A01
201700035161;1;7;0;0;2;9;1;B01
201700035162;1;7;0;0;2;1;1;B01
201700035162;2;7;0;0;2;1;1;A01
201700035163;1;7;0;0;1;1;15;A01
201700035164;2;7;0;0;2;4;2;B01
201700035164;1;7;0;0;2;1;1;A01
201700035165;1;7;0;0;1;3;1;A01
201700035166;1;7;0;0;2;1;13;A01
201700035166;2;7;0;0;2;3;1;B01
201700035167;1;33;0;0;1;1;1;Z01
201700035168;1;7;0;0;1;2;1;Z01
201700035169;1;7;0;0;2;7;15;A01
201700035169;2;33;0;0;2;1;1;B01
201700035170;1;7;0;0;1;1;9;A01
201700035171;1;7;0;0;1;3;1;A01
201700035172;1;7;0;0;1;1;1;A01
201700035173;1;10;0;0;2;3;15;A01
201700035173;1;7;0;0;2;2;1;B01
201700035174;1;7;0;0;2;2;1;B01
201700035174;1;7;0;0;2;1;1;A01
201700035175;0;10;0;0;1;0;1;A01
201700035176;1;7;0;16;0;0;0;A01
201700035177;1;7;0;6;0;1;1;A01
201700035178;1;7;0;0;2;1;1;B01
201700035178;0;7;0;0;2;8;1;A01
201700035179;1;7;0;6;0;3;15;A01
201700035180;2;7;0;0;2;7;1;A01
201700035180;1;7;0;0;2;1;1;B01
201700035181;2;7;0;0;2;3;15;A01
201700035181;2;1;0;0;2;7;15;B01
201700035182;2;7;0;2;1;1;1;A01
201700035183;2;15;0;0;2;4;24;A01
201700035183;2;2;0;1;0;1;2;B01
201700035184;0;7;0;0;1;8;1;A01
201700035185;1;31;0;15;0;1;1;A01
201700035186;1;7;0;13;0;1;1;A01
201700035187;0;7;0;0;2;3;9;A01
201700035187;0;33;0;0;2;2;1;B01
201700035188;1;7;0;0;1;2;1;Z01
201700035189;1;10;0;8;0;1;14;A01
201700035190;1;7;0;0;2;2;1;C01
201700035190;2;7;0;0;2;7;1;B01
201700035190;0;7;0;0;2;1;9;A01
201700035191;1;7;0;0;2;2;1;B01
201700035191;0;7;0;0;2;1;9;A01
201700035192;1;33;0;0;2;1;1;B01
201700035192;0;7;0;0;2;8;9;A01
201700035193;1;7;0;0;2;1;13;B01
201700035193;1;33;0;0;0;4;1;A01
201700035194;1;7;0;14;0;1;6;A01
201700035195;2;7;0;0;0;5;23;B01
201700035195;2;2;0;0;2;1;1;A01
201700035196;0;2;0;15;0;2;1;A01
201700035197;1;7;0;6;0;1;13;A01
201700035198;2;7;0;0;2;2;9;A01
201700035198;1;33;0;0;2;1;1;B01
201700035199;1;21;0;0;2;6;1;B01
201700035199;2;7;0;0;2;3;13;A01
201700035200;2;7;0;2;0;1;1;A01
201700035201;2;7;0;6;0;3;13;A01
201700035202;0;10;0;0;1;6;4;A01
201700035203;2;7;0;13;0;1;1;A01
201700035204;0;7;0;0;2;3;15;A01
201700035204;0;1;0;0;2;4;1;B01
201700035205;2;7;0;13;0;1;1;A01
201700035206;1;7;0;3;2;3;1;B01
201700035206;2;15;0;0;2;3;13;A01
201700035207;1;3;0;0;2;3;19;A01
201700035207;1;7;0;0;2;3;1;B01
201700035208;1;7;0;0;2;2;1;B01
201700035208;0;1;0;0;2;1;15;A01
201700035209;1;7;0;0;2;1;5;A01
201700035209;2;7;0;0;2;3;1;B01
201700035210;1;2;0;0;2;7;13;A01
201700035210;2;7;0;0;2;1;15;B01
201700035211;2;7;0;0;2;3;24;B01
201700035211;1;7;0;1;1;3;17;A01
201700035212;0;2;0;0;2;1;5;A01
201700035212;0;7;0;0;2;3;1;B01
201700035213;1;10;0;0;2;1;1;B01
201700035213;2;30;0;0;2;1;9;A01
201700035214;0;7;0;0;1;2;1;A01
201700035215;2;7;0;0;2;3;1;A01
201700035215;2;7;0;0;1;3;2;C01
201700035215;2;2;0;0;2;4;15;B01
201700035216;1;7;0;0;2;1;13;A01
201700035216;2;17;0;0;2;1;1;B01
201700035217;1;7;0;13;0;1;0;A01
201700035218;1;7;0;0;1;1;2;A01
201700035219;2;7;0;0;2;1;1;B01
201700035219;1;2;0;0;2;1;17;A01
201700035220;1;7;0;2;0;9;14;A01
201700035221;1;7;0;0;2;1;1;A01
201700035221;1;17;0;0;2;6;15;B01
201700035222;1;33;0;0;2;1;1;B01
201700035222;1;7;0;0;2;3;15;A01
201700035223;1;7;0;0;2;2;15;A01
201700035223;2;30;0;0;2;1;1;B01
201700035224;2;7;0;13;0;0;13;A01
201700035225;1;7;0;0;2;1;13;A01
201700035225;2;7;0;0;2;1;1;B01
201700035226;2;7;0;0;2;3;15;A01
201700035226;1;31;0;0;2;1;2;B01
201700035227;2;7;0;0;2;1;15;A01
201700035227;1;1;0;0;2;1;1;B01
201700035228;1;7;0;0;2;3;15;A01
201700035228;2;1;0;0;2;0;2;B01
201700035229;1;7;0;2;1;7;0;A01
201700035230;2;2;0;0;0;4;16;B01
201700035230;2;2;0;0;2;1;16;A01
201700035231;1;2;0;16;0;7;1;A01
201700035232;2;7;0;2;0;3;1;A01
201700035233;0;7;0;0;1;7;1;A01
201700035234;2;33;0;15;0;1;1;A01
201700035235;2;7;0;7;0;3;1;A01
201700035236;1;2;0;8;9;1;1;A01
201700035237;1;7;0;15;0;3;1;A01
201700035238;2;7;0;0;2;1;1;A01
201700035238;1;7;0;0;2;1;1;B01
201700035239;1;33;0;0;0;0;0;A01
201700035239;1;7;0;0;0;0;15;B01
201700035240;1;7;0;0;2;7;15;A01
201700035240;2;1;0;0;2;1;1;B01
201700035241;1;7;0;0;2;1;1;B01
201700035241;2;30;0;0;2;8;15;A01
201700035242;1;10;0;0;2;4;23;B01
201700035242;1;1;0;0;2;1;1;A01
201700035243;2;7;0;0;2;1;1;B01
201700035243;1;7;0;0;2;2;15;A01
201700035244;0;1;0;0;2;4;15;A01
201700035244;0;7;0;0;9;2;13;B01
201700035245;1;7;0;0;2;7;17;A01
201700035245;2;7;0;0;2;1;1;B01
201700035246;2;7;0;0;2;3;13;A01
201700035246;1;7;0;0;2;8;1;B01
201700035247;0;7;0;0;1;2;16;A01
201700035248;2;7;0;6;0;2;1;A01
201700035249;1;7;0;0;2;3;1;A01
201700035249;2;7;0;0;2;3;13;B01
201700035250;0;7;0;0;0;4;1;B01
201700035250;0;2;0;0;2;1;2;A01
201700035251;0;37;52;0;1;2;1;A01
201700035252;0;7;0;12;0;1;1;A01
201700035253;0;7;0;0;1;1;1;A01
201700035254;1;7;0;0;0;0;1;A01
201700035255;2;7;0;0;2;3;1;B01
201700035255;1;7;0;0;2;1;13;A01
201700035256;1;7;0;0;1;6;0;A01
201700035257;1;7;0;0;2;7;15;A01
201700035257;0;32;0;0;2;7;1;B01
201700035258;0;7;0;0;1;1;1;A01
201700035259;1;1;0;0;2;1;1;B01
201700035259;1;7;0;0;2;3;1;A01
201700035260;0;2;0;0;2;1;7;A01
201700035260;0;7;0;0;2;2;16;B01
201700035261;0;7;0;0;1;2;1;A01
201700035262;0;33;0;0;2;1;1;B01
201700035262;0;7;0;0;2;1;15;A01
201700035263;0;7;0;0;1;2;1;A01
201700035264;0;7;0;0;1;2;1;A01
201700035265;0;10;0;0;2;4;23;B01
201700035265;0;7;0;14;2;1;2;A01
201700035266;0;2;0;0;2;1;2;A01
201700035266;0;7;0;0;2;4;2;B01
201700035267;0;7;0;0;1;3;1;A01
201700035268;0;33;0;0;2;7;1;A01
201700035268;0;7;0;0;2;1;1;Z01
201700035269;0;7;0;0;2;1;1;A01
201700035269;0;1;0;0;0;0;0;B01
201700035270;0;7;0;0;2;7;1;A01
201700035270;0;7;0;0;2;1;1;B01
201700035271;0;2;0;0;2;8;1;B01
201700035271;0;7;0;0;2;7;1;A01
201700035272;0;7;0;0;1;1;1;A01
201700035273;0;7;0;0;1;1;1;A01
201700035274;0;7;0;5;0;1;1;A01
201700035275;0;7;0;6;0;1;1;A01
201700035276;0;33;0;0;2;7;1;A01
201700035276;0;7;0;0;2;3;1;B01
201700035277;0;2;0;0;2;1;18;B01
201700035277;0;7;0;0;2;0;16;Z01
201700035278;0;2;0;0;2;8;1;B01
201700035278;0;7;0;0;2;3;15;A01
201700035279;0;10;0;0;2;6;15;B01
201700035279;0;33;0;0;2;1;17;A01
201700035280;0;30;0;9;0;1;0;A01
201700035281;0;7;0;0;1;1;1;A01
201700035282;0;7;0;0;1;1;21;A01
201700035283;0;7;0;13;0;1;1;A01
201700035284;0;7;0;0;2;6;10;A01
201700035284;0;33;0;0;2;1;1;B01
201700035285;0;7;0;0;2;3;15;B01
201700035285;0;33;0;0;2;1;17;A01
201700035286;0;37;35;0;2;7;1;B01
201700035286;0;7;0;0;2;1;15;A01
201700035287;0;7;0;0;2;2;23;B01
201700035287;0;1;0;0;2;1;1;A01
201700035288;0;7;0;0;2;1;2;D01
201700035288;0;7;0;0;2;4;2;B01
201700035288;0;7;0;0;2;4;2;C01
201700035288;1;7;0;0;2;4;2;A01
201700035289;0;7;0;0;2;7;15;A01
201700035289;0;1;0;0;2;1;1;B01
201700035290;0;33;0;0;2;7;0;B01
201700035290;0;7;0;0;2;6;13;Z01
201700035291;0;7;0;0;2;2;1;A01
201700035291;0;33;0;0;2;8;1;B01
201700035292;1;7;0;0;1;1;1;A01
201700035293;0;1;0;0;2;8;1;B01
201700035293;0;7;0;0;2;7;16;A01
201700035294;0;38;50;0;2;3;15;A01
201700035294;0;1;0;0;2;1;15;B01
201700035295;0;7;0;0;2;6;0;B01
201700035295;0;2;0;0;2;1;1;A01
201700035296;0;7;0;0;2;1;1;B01
201700035296;2;7;0;0;2;5;10;A01
201700035297;0;7;0;0;1;3;15;A01
201700035298;0;2;0;0;2;1;13;A01
201700035298;0;7;0;0;2;3;1;B01
201700035299;0;7;0;0;1;2;1;A01
201700035300;0;7;0;0;2;2;17;Z01
201700035300;0;2;0;13;0;3;1;B01
201700035301;1;7;0;3;0;8;1;A01
201700035302;1;2;0;0;2;1;15;A01
201700035302;2;10;0;0;2;3;1;B01
201700035303;1;7;0;9;1;2;1;A01
201700035304;0;7;0;0;2;2;15;B01
201700035304;1;2;0;0;2;1;1;A01
201700035305;1;33;0;0;2;8;1;B01
201700035305;1;7;0;0;2;8;1;A01
201700035306;2;2;0;0;2;1;1;B01
201700035306;1;7;0;0;2;2;15;A01
201700035307;0;7;0;0;1;7;1;A01
201700035308;2;7;0;0;2;7;15;A01
201700035308;0;2;0;0;2;1;1;B01
201700035309;0;2;0;0;1;1;1;A01
201700035310;0;2;0;0;2;1;2;A01
201700035310;0;7;0;0;2;4;2;B01
201700035311;0;31;0;0;2;1;1;B01
201700035311;0;7;0;0;2;8;10;A01
201700035312;0;2;0;1;0;1;1;A01
201700035313;0;1;0;0;2;8;1;A01
201700035313;0;7;0;0;2;7;1;B01
201700035314;0;10;0;0;2;7;1;A01
201700035314;0;1;0;0;2;1;1;B01
201700035315;0;2;0;0;2;1;15;A01
201700035315;0;7;0;0;2;3;1;B01
201700035316;0;7;0;0;2;1;1;A01
201700035316;0;7;0;8;2;8;1;B01
201700035317;0;33;0;0;1;7;1;A01
201700035318;0;7;0;0;1;1;1;A01
201700035319;0;7;0;0;2;4;2;C01
201700035319;0;7;0;0;2;1;5;B01
201700035319;0;7;0;0;2;1;17;A01
201700035320;0;7;0;0;1;1;1;A01
201700035321;1;7;0;0;1;1;16;A01
201700035322;0;7;0;0;1;1;9;A01
201700035323;0;1;0;0;2;1;19;B01
201700035323;0;7;0;0;2;1;15;A01
201700035324;0;7;0;0;2;2;16;B01
201700035324;0;2;0;0;2;8;1;A01
201700035325;0;7;0;0;2;1;2;A01
201700035325;0;33;0;0;2;4;2;B01
201700035326;1;7;0;0;1;1;1;A01
201700035327;2;7;0;0;1;1;1;A01
201700035328;0;7;0;0;1;3;1;A01
201700035329;0;7;0;0;4;1;1;A01
201700035329;0;40;30;0;2;3;1;B01
201700035330;0;7;0;4;2;4;2;B01
201700035330;0;7;0;0;2;1;2;A01
201700035331;0;7;0;9;1;1;1;A01
201700035332;0;31;0;12;0;1;1;A01
201700035333;0;7;0;0;4;1;1;A01
201700035333;0;40;0;0;2;3;1;B01
201700035334;0;40;30;0;2;2;1;B01
201700035334;0;7;0;0;4;1;1;A01
201700035335;0;7;0;0;1;1;1;A01
201700035336;0;33;0;0;2;7;17;B01
201700035336;0;7;0;0;2;8;13;A01
201700035337;0;7;0;0;5;3;1;A01
201700035338;0;7;0;0;1;2;1;A01
201700035339;0;7;0;1;0;2;1;A01
201700035340;0;2;0;0;0;7;1;A01
201700035341;0;7;0;0;2;3;9;A01
201700035341;0;2;0;0;2;7;1;B01
201700035342;0;2;0;0;2;7;1;A01
201700035342;0;7;0;0;2;6;1;B01
201700035343;0;7;0;0;2;5;2;B01
201700035343;0;33;0;0;2;1;2;A01
201700035344;0;7;0;0;2;8;12;A01
201700035344;0;33;0;0;2;8;1;B01
201700035345;0;7;0;0;2;1;2;C01
201700035345;0;7;0;0;2;1;2;B01
201700035345;0;7;0;0;2;1;2;A01
201700035346;0;7;0;0;2;5;21;B01
201700035346;0;7;0;0;1;1;1;A01
201700035347;0;7;0;1;2;9;1;A01
201700035347;0;7;0;0;2;1;1;C01
201700035348;0;7;0;0;2;2;15;A01
201700035348;0;33;0;0;2;1;1;B01
201700035349;0;3;0;0;2;4;2;B01
201700035349;1;7;0;0;2;1;2;A01
201700035350;0;7;0;0;1;4;4;A01
201700035351;0;7;0;6;0;1;1;A01
201700035352;0;2;0;0;2;3;1;B01
201700035352;0;7;0;0;2;2;16;A01
201700035353;0;7;0;0;1;1;1;A01
201700035354;0;10;0;0;2;4;2;C01
201700035354;0;10;0;0;2;4;2;B01
201700035354;0;7;0;0;2;1;2;A01
201700035355;0;7;0;0;1;2;1;A01
201700035356;0;7;0;1;0;1;14;A01
201700035357;1;33;0;12;0;4;1;A01
201700035358;0;2;0;0;2;1;21;B01
201700035358;0;7;0;0;0;8;15;A01
201700035359;2;7;0;0;0;8;1;B01
201700035359;1;7;0;7;0;8;13;A01
201700035360;2;7;0;2;0;2;1;A01
201700035361;1;7;0;0;2;8;1;B01
201700035361;1;1;0;0;2;1;1;C01
201700035361;1;1;0;0;2;1;19;A01
201700035362;1;1;0;0;2;4;1;B01
201700035362;1;7;0;0;9;2;17;A01
201700035363;1;1;0;0;2;4;1;B01
201700035363;1;1;0;0;2;1;1;A01
201700035364;1;7;0;0;1;3;1;A01
201700035365;1;7;0;13;0;3;13;A01
201700035366;1;7;0;13;0;2;1;A01
201700035367;0;7;0;0;2;1;1;A01
201700035367;0;7;0;0;2;3;1;B01
201700035368;2;33;0;0;6;1;1;A01
201700035369;0;7;0;0;1;7;17;A01
201700035370;2;7;0;0;2;2;1;B01
201700035370;2;10;0;0;1;1;1;C01
201700035371;1;7;0;0;1;2;15;A01
201700035372;0;7;0;0;1;1;19;A01
201700035373;1;10;0;2;0;3;14;A01
201700035374;1;33;0;15;0;4;1;A01
201700035374;1;7;0;0;2;1;1;B01
201700035375;1;7;0;0;2;1;5;B01
201700035375;2;7;0;0;2;1;1;A01
201700035376;2;7;0;0;1;1;1;A01
201700035377;1;1;0;0;4;5;0;A01
201700035377;0;39;0;0;4;2;0;B01
201700035378;2;7;0;0;2;3;16;A01
201700035378;1;1;0;0;2;7;5;B01
201700035379;1;7;0;0;2;1;17;A01
201700035379;2;7;0;0;2;1;1;B01
201700035380;1;31;0;0;0;0;0;A01
201700035381;1;7;0;0;1;1;15;A01
201700035382;1;30;0;0;1;1;17;A01
201700035383;1;34;0;0;0;0;1;A01
201700035384;1;7;0;0;1;1;1;A01
201700035385;1;7;0;0;1;1;1;A01
201700035386;1;7;0;0;2;3;15;A01
201700035386;2;1;0;0;2;1;1;B01
201700035387;1;7;0;0;2;5;15;A01
201700035387;2;2;0;0;2;1;21;B01
201700035388;1;7;0;0;0;0;5;A01
201700035388;1;33;0;0;0;0;23;B01
201700035389;1;7;0;0;1;7;1;A01
201700035390;0;7;0;0;1;3;1;A01
201700035391;1;7;0;0;0;4;2;A01
201700035391;1;7;0;0;0;0;0;B01
201700035392;1;10;0;16;2;1;13;A01
201700035392;2;10;0;16;2;1;2;B01
201700035393;1;7;0;0;1;7;0;A01
201700035394;1;7;0;15;2;2;17;A01
201700035394;1;7;0;1;2;3;15;B01
201700035394;2;7;0;1;0;3;0;C01
201700035395;1;7;0;0;0;0;0;A01
201700035395;1;2;0;0;2;1;1;B01
201700035396;1;7;0;0;9;2;0;A01
201700035396;1;1;0;0;2;1;5;B01
201700035397;1;7;0;0;2;0;0;A01
201700035397;1;7;0;2;2;9;14;B01
201700035398;2;36;0;6;0;1;2;A01
201700035399;1;33;0;0;0;2;13;A01
201700035400;2;2;0;0;2;1;16;A01
201700035400;1;7;0;0;2;3;21;B01
201700035401;1;1;0;0;1;1;21;A01
201700035402;1;3;0;0;1;1;1;A01
201700035403;1;7;0;0;9;0;23;A01
201700035403;1;1;0;1;2;1;1;B01
201700035404;1;7;0;0;2;3;15;A01
201700035404;1;30;0;0;2;1;1;B01
201700035405;1;7;0;0;1;1;1;A01
201700035406;1;7;0;0;2;6;11;A01
201700035406;1;33;0;0;2;1;17;B01
201700035407;2;7;0;16;0;2;14;A01
201700035408;0;13;0;0;2;1;1;A01
201700035408;0;7;0;0;2;2;1;B01
201700035409;1;7;0;6;0;1;1;A01
201700035410;1;7;0;0;1;1;1;A01
201700035411;0;7;0;0;1;0;0;A01
201700035412;1;7;0;0;2;1;10;A01
201700035412;1;1;0;0;2;8;1;B01
201700035413;1;7;0;0;1;2;1;A01
201700035414;1;7;0;0;0;0;0;A01
201700035415;1;7;0;0;2;4;1;A01
201700035415;1;7;0;0;2;1;1;B01
201700035415;1;7;0;0;2;1;1;C01
201700035416;1;7;0;1;0;1;9;A01
201700035416;1;7;0;0;2;5;23;B01
201700035417;0;1;0;0;2;4;1;A01
201700035417;0;1;0;0;2;1;12;B01
201700035418;1;7;0;0;1;1;1;A01
201700035419;1;7;0;0;2;2;1;A01
201700035419;1;1;0;0;2;3;1;B01
201700035420;1;7;0;2;0;1;14;A01
201700035421;1;7;0;0;2;8;10;A01
201700035421;1;32;0;0;2;1;21;B01
201700035422;1;7;0;0;1;1;1;A01
201700035423;0;7;0;1;2;3;1;A01
201700035423;0;1;0;1;2;1;1;B01
201700035424;1;7;0;6;0;1;1;A01
201700035425;1;7;0;0;2;1;1;B01
201700035425;1;7;0;0;2;5;1;A01
201700035426;1;2;0;1;0;1;1;A01
201700035427;1;7;0;0;2;1;1;A01
201700035427;1;7;0;0;2;4;1;B01
201700035427;0;7;0;0;2;1;1;C01
201700035428;1;7;0;0;1;8;1;A01
201700035429;1;7;0;12;0;1;0;A01
201700035430;1;2;0;0;2;1;1;A01
201700035430;1;37;0;0;2;6;0;B01
201700035431;1;7;0;0;1;8;1;A01
201700035432;1;7;0;0;2;1;1;A01
201700035432;1;1;0;0;2;1;1;B01
201700035433;1;7;0;0;2;1;2;A01
201700035433;1;1;0;0;2;4;2;B01
201700035434;1;7;0;0;2;2;1;A01
201700035434;1;2;0;0;2;1;1;B01
201700035435;1;7;0;0;1;1;1;A01
201700035436;1;7;0;3;0;2;1;A01
201700035437;1;7;0;0;2;1;1;A01
201700035437;1;1;0;0;2;1;9;B01
201700035438;1;7;0;12;0;1;1;A01
201700035439;1;1;0;0;2;1;1;B01
201700035439;1;7;0;0;2;1;1;A01
201700035440;1;7;0;0;2;1;1;A01
201700035440;1;31;0;0;1;8;1;B01
201700035441;1;7;0;0;2;1;1;A01
201700035441;0;33;0;0;2;7;1;B01
201700035442;1;7;0;9;0;1;1;A01
201700035443;1;7;0;0;2;0;12;A01
201700035443;1;1;0;0;2;0;21;B01
201700035444;1;7;0;0;1;2;1;A01
201700035445;1;33;0;0;2;7;1;A01
201700035445;1;7;0;0;2;1;1;B01
201700035446;1;7;0;0;2;1;1;A01