num_acc;senc;catv;occutc;obs;obsm;choc;manv;num_veh
201700035446;1;7;0;0;2;8;1;B01
201700035447;1;33;0;4;0;3;1;A01
201700035448;1;7;0;0;2;5;1;A01
201700035448;1;31;0;0;2;1;1;B01
201700035449;1;33;0;0;2;8;2;A01
201700035449;1;7;0;0;2;7;12;B01
201700035450;1;7;0;0;2;3;9;A01
201700035450;1;1;0;0;2;7;1;B01
201700035451;1;1;0;0;2;1;1;A01
201700035451;1;1;0;0;2;1;5;B01
201700035452;1;7;0;0;1;5;4;A01
201700035453;1;7;0;0;1;1;1;A01
201700035454;1;1;0;0;2;1;1;B01
201700035454;1;7;0;0;2;6;1;A01
201700035455;1;7;0;0;2;4;1;A01
201700035455;1;10;0;0;2;1;1;B01
201700035456;1;13;0;0;2;7;9;A01
201700035456;1;33;0;0;2;8;1;B01
201700035457;1;7;0;14;0;9;1;A01
201700035458;1;7;0;0;1;7;2;A01
201700035459;1;7;0;0;1;7;1;A01
201700035460;1;13;0;0;2;8;2;A01
201700035460;1;33;0;0;2;6;11;B01
201700035461;1;7;0;0;1;1;1;A01
201700035462;1;7;0;0;2;2;15;A01
201700035462;1;33;0;0;2;1;1;B01
201700035463;1;37;0;0;1;1;2;A01
201700035464;1;2;0;0;2;8;1;A01
201700035464;1;7;0;0;2;2;1;B01
201700035465;1;33;0;0;2;7;2;A01
201700035465;1;7;0;0;2;6;2;B01
201700035466;2;33;0;0;2;4;23;A01
201700035466;1;7;0;0;2;1;1;B01
201700035467;1;7;0;0;2;1;1;A01
201700035467;1;1;0;0;2;1;1;B01
201700035468;2;7;0;0;2;8;1;A01
201700035468;2;1;0;0;2;1;19;B01
201700035469;1;7;0;0;2;7;1;A01
201700035469;1;1;0;0;2;8;1;B01
201700035470;1;7;0;0;1;7;1;A01
201700035471;1;7;0;0;2;2;15;A01
201700035471;1;33;0;0;2;1;1;B01
201700035472;1;1;0;2;0;1;7;A01
201700035473;1;1;0;0;2;1;1;B01
201700035473;1;7;0;0;2;1;9;A01
201700035474;1;7;0;0;2;1;1;A01
201700035474;1;7;0;0;2;4;23;B01
201700035475;2;7;0;0;2;2;23;A01
201700035475;1;7;0;0;2;1;1;B01
201700035476;1;2;0;0;2;1;17;B01
201700035476;1;7;0;0;2;3;9;A01
201700035477;1;7;0;0;2;7;1;B01
201700035477;1;7;0;0;2;1;1;A01
201700035478;1;7;0;0;1;2;1;A01
201700035479;1;7;0;0;1;1;1;A01
201700035480;0;7;0;0;1;3;1;A01
201700035481;2;7;0;0;2;2;15;A01
201700035481;1;7;0;0;2;1;1;B01
201700035482;1;7;0;0;2;8;1;B01
201700035482;2;33;0;0;2;1;1;A01
201700035483;2;32;0;0;2;8;13;A01
201700035483;1;7;0;0;2;8;1;B01
201700035484;1;1;0;0;0;0;0;B01
201700035484;1;7;0;0;9;0;0;A01
201700035485;1;7;0;0;9;3;15;A01
201700035485;2;1;0;0;0;0;0;B01
201700035486;1;7;0;0;1;1;1;A01
201700035487;1;7;0;4;0;1;1;A01
201700035488;2;7;0;0;2;2;1;B01
201700035488;2;7;0;0;2;1;1;A01
201700035489;1;7;0;0;2;3;1;A01
201700035489;1;7;0;0;2;4;0;B01
201700035490;2;2;0;0;0;0;0;B01
201700035491;1;1;0;0;0;0;0;B01
201700035491;1;7;0;0;2;1;0;A01
201700035492;2;1;0;0;2;1;1;A01
201700035492;2;7;0;0;2;3;1;B01
201700035493;1;7;0;0;2;3;1;A01
201700035493;1;34;0;0;2;2;1;B01
201700035494;1;31;0;0;2;7;1;B01
201700035494;1;7;0;0;2;8;0;A01
201700035495;0;1;0;0;2;1;1;A01
201700035495;0;7;0;0;2;2;1;B01
201700035496;1;7;0;0;1;2;1;A01
201700035497;2;7;0;2;0;1;1;A01
201700035498;1;7;0;0;2;4;1;C01
201700035498;1;7;0;0;2;1;0;A01
201700035498;1;7;0;0;2;0;0;B01
201700035499;0;7;0;0;2;1;2;A01
201700035499;0;7;0;0;0;4;2;B01
201700035500;1;7;0;0;1;1;1;A01
201700035501;2;31;0;0;2;1;1;A01
201700035501;0;7;0;0;2;8;19;B01
201700035502;1;7;0;0;1;2;1;A01
201700035503;2;7;0;0;1;3;1;A01
201700035504;0;7;0;0;2;7;19;B01
201700035504;1;7;0;0;9;1;2;A01
201700035505;1;7;0;0;2;4;0;B01
201700035505;1;2;0;0;2;0;0;A01
201700035506;1;1;0;0;2;1;1;B01
201700035506;1;7;0;0;9;3;19;A01
201700035507;2;14;0;0;2;7;1;A01
201700035507;2;1;0;0;0;0;0;B01
201700035508;0;7;0;0;2;1;2;A01
201700035508;0;7;0;0;0;4;2;C01
201700035508;0;7;0;0;2;4;2;B01
201700035509;2;7;0;0;2;4;2;B01
201700035509;2;7;0;0;2;1;2;A01
201700035510;2;33;0;0;1;1;11;A01
201700035510;1;7;0;0;2;3;1;B01
201700035511;1;7;0;1;0;1;14;A01
201700035512;0;1;0;0;2;2;5;A01
201700035512;1;7;0;0;9;2;5;B01
201700035513;1;7;0;0;2;3;9;A01
201700035513;1;7;0;0;2;7;1;B01
201700035514;1;7;0;0;2;8;2;B01
201700035514;1;34;0;0;2;1;2;A01
201700035514;1;7;0;0;2;3;2;C01
201700035515;1;7;0;0;0;0;1;B01
201700035515;1;2;0;0;9;7;1;A01
201700035516;2;7;0;0;1;1;16;A01
201700035517;1;33;0;0;2;3;2;A01
201700035517;0;1;0;0;0;0;0;B01
201700035518;1;10;0;0;1;2;2;A01
201700035519;2;7;0;1;0;1;1;A01
201700035520;1;7;0;15;2;2;15;A01
201700035520;2;7;0;0;2;1;1;B01
201700035521;1;7;0;0;1;1;1;A01
201700035522;1;7;0;0;2;1;2;A01
201700035522;1;7;0;0;2;4;1;B01
201700035523;0;33;0;0;0;8;15;A01
201700035524;0;7;0;0;2;3;22;A01
201700035524;2;1;0;1;0;1;1;B01
201700035525;0;10;0;0;0;5;2;B01
201700035525;0;2;0;0;2;1;2;A01
201700035526;1;7;0;0;2;3;1;B01
201700035526;1;7;0;0;2;1;1;A01
201700035527;1;7;0;0;2;3;15;A01
201700035527;2;1;0;0;2;1;1;B01
201700035528;2;1;0;0;2;1;1;B01
201700035528;0;7;0;0;2;2;16;A01
201700035529;1;7;0;0;1;1;1;A01
201700035530;0;7;0;1;0;5;0;B01
201700035530;1;33;0;1;1;8;1;A01
201700035531;2;32;0;0;2;1;2;A01
201700035531;1;7;0;0;2;4;0;B01
201700035532;1;7;0;0;1;2;1;A01
201700035533;1;1;0;0;2;8;1;B01
201700035533;1;7;0;0;9;2;16;A01
201700035534;2;7;0;0;2;3;15;B01
201700035534;2;33;0;0;2;1;17;A01
201700035535;2;7;0;0;2;4;2;B01
201700035535;2;7;0;0;2;1;2;A01
201700035536;1;7;0;0;2;3;0;A01
201700035536;1;34;0;0;2;2;1;B01
201700035537;1;7;0;0;1;1;1;A01
201700035538;1;7;0;0;1;4;4;A01
201700035539;2;7;0;0;1;2;1;A01
201700035540;2;7;0;0;1;3;2;A01
201700035541;1;10;0;0;2;4;2;B01
201700035541;2;7;0;0;2;4;2;A01
201700035542;1;7;0;0;1;3;2;A01
201700035543;2;33;0;0;2;2;1;B01
201700035543;1;7;0;0;2;4;9;A01
201700035544;1;7;0;0;2;3;1;A01
201700035544;1;1;0;0;2;2;19;B01
201700035545;1;1;0;0;2;4;19;B01
201700035545;1;7;0;0;9;1;9;A01
201700035546;2;7;0;0;2;1;2;A01
201700035546;2;7;0;0;2;4;2;C01
201700035546;2;7;0;0;2;4;2;B01
201700035546;2;7;0;0;2;4;2;D01
201700035547;1;37;0;0;1;0;7;A01
201700035548;1;31;0;0;2;7;2;B01
201700035548;1;31;0;12;0;8;1;A01
201700035549;1;31;0;0;2;1;19;B01
201700035549;1;7;0;0;2;3;23;A01
201700035550;1;7;0;0;2;8;22;A01
201700035550;1;31;0;0;2;7;17;B01
201700035551;2;7;0;0;2;5;15;A01
201700035551;1;33;0;0;2;1;1;B01
201700035552;1;7;0;7;0;1;1;A01
201700035553;2;7;0;0;2;6;15;B01
201700035553;2;31;0;0;2;7;17;A01
201700035554;1;7;0;0;1;3;21;A01
201700035555;1;7;0;0;2;1;0;A01
201700035555;1;7;0;0;2;4;7;B01
201700035556;1;33;0;0;2;4;2;B01
201700035556;1;7;0;0;2;1;2;A01
201700035557;1;7;0;0;2;6;1;C01
201700035557;1;33;0;0;2;1;1;A01
201700035557;1;7;0;0;2;7;1;B01
201700035558;1;31;0;0;2;1;1;B01
201700035558;1;7;0;0;2;6;20;A01
201700035559;1;7;0;0;2;2;15;A01
201700035559;1;1;0;0;2;1;16;B01
201700035560;1;7;0;0;9;8;24;B01
201700035560;1;1;0;1;0;1;21;A01
201700035561;1;7;0;15;2;2;2;A01
201700035561;1;7;0;0;2;1;19;B01
201700035562;1;7;0;0;1;3;2;A01
201700035563;1;7;0;0;2;3;1;B01
201700035563;2;10;0;0;2;3;13;A01
201700035564;1;7;0;0;2;2;21;B01
201700035564;1;7;0;0;2;4;23;A01
201700035565;1;37;0;0;1;6;8;A01
201700035566;2;7;0;0;2;2;15;A01
201700035566;1;33;0;0;2;1;1;B01
201700035567;1;1;0;0;2;0;1;B01
201700035567;1;7;0;0;2;1;0;A01
201700035568;1;7;0;0;2;3;15;B01
201700035568;1;33;0;0;2;1;17;A01
201700035569;1;10;0;0;2;4;23;C01
201700035569;1;10;0;0;2;1;2;A01
201700035569;1;10;0;0;2;4;2;B01
201700035570;2;33;0;6;0;1;13;A01
201700035571;1;1;0;0;2;1;1;A01
201700035571;1;7;0;0;9;3;1;B01
201700035572;1;7;0;0;2;3;9;A01
201700035572;2;34;0;0;2;2;16;B01
201700035573;1;13;0;0;2;4;2;B01
201700035573;1;7;0;0;2;1;2;A01
201700035574;1;7;0;0;1;1;1;A01
201700035575;1;1;0;0;2;1;19;B01
201700035575;1;33;0;0;2;1;1;A01
201700035576;1;33;0;0;2;1;21;A01
201700035576;1;7;0;0;2;4;1;B01
201700035577;1;7;0;0;2;1;1;A01
201700035577;1;7;0;0;2;4;1;B01
201700035578;2;7;0;0;2;4;2;B01
201700035578;2;31;0;0;2;1;2;A01
201700035579;1;33;0;0;2;1;2;A01
201700035579;1;7;0;0;2;6;2;B01
201700035580;1;7;0;0;2;1;23;A01
201700035580;1;7;0;1;1;1;0;B01
201700035581;1;34;0;0;2;2;16;B01
201700035581;2;7;0;0;2;4;4;A01
201700035582;1;7;0;0;1;1;19;A01
201700035583;2;1;0;0;2;8;2;A01
201700035583;2;7;0;0;2;7;16;B01
201700035584;1;7;0;0;2;6;2;A01
201700035584;1;30;0;0;2;1;1;B01
201700035585;1;2;0;0;2;8;17;A01
201700035585;2;7;0;1;2;9;15;B01
201700035586;2;1;0;3;0;1;21;A01
201700035586;1;7;0;0;0;0;15;B01
201700035587;1;7;0;0;1;1;0;A01
201700035588;1;31;0;0;2;7;17;B01
201700035588;1;7;0;0;2;3;16;A01
201700035589;1;7;0;1;1;4;4;A01
201700035590;1;7;0;0;2;6;15;B01
201700035590;1;2;0;0;2;2;1;A01
201700035591;1;7;0;0;2;3;2;A01
201700035591;1;7;0;0;2;4;1;B01
201700035592;2;31;0;0;2;8;1;B01
201700035592;1;7;0;0;2;1;15;A01
201700035593;1;7;0;1;2;1;15;A01
201700035593;2;31;0;0;2;3;1;B01
201700035594;0;14;0;0;2;1;12;A01
201700035594;1;7;0;0;2;4;1;B01
201700035595;2;10;0;0;2;1;2;A01
201700035595;1;13;0;0;2;6;23;C01
201700035595;2;7;0;0;2;4;2;B01
201700035596;1;31;0;0;2;2;17;A01
201700035596;1;7;0;0;2;3;17;B01
201700035597;1;10;0;0;2;6;15;B01
201700035597;1;30;0;0;2;2;17;A01
201700035598;2;33;0;0;2;1;1;B01
201700035598;2;7;0;0;2;3;1;A01
201700035599;2;10;0;0;2;1;2;A01
201700035599;1;7;0;0;2;9;1;B01
201700035599;2;7;0;0;2;9;2;C01
201700035599;2;7;0;0;2;4;2;D01
201700035600;2;7;0;0;2;0;0;B01
201700035600;2;31;0;0;2;1;1;A01
201700035601;1;31;0;0;1;1;1;A01
201700035602;2;7;0;0;2;5;15;A01
201700035602;1;1;0;0;2;1;1;B01
201700035603;1;1;0;8;0;1;1;A01
201700035603;1;1;0;0;9;1;1;B01
201700035604;2;33;0;0;2;1;19;B01
201700035604;2;7;0;0;2;7;15;A01
201700035605;0;1;0;0;2;8;19;B01
201700035605;1;7;0;0;2;3;1;A01
201700035606;2;1;0;0;2;1;2;B01
201700035606;2;10;0;0;9;5;4;A01
201700035607;1;33;0;0;1;2;17;A01
201700035608;1;33;0;3;0;3;1;A01
201700035609;2;7;0;0;2;1;1;A01
201700035609;2;7;0;0;2;4;1;B01
201700035610;1;7;0;0;2;4;1;A01
201700035610;1;30;0;0;2;1;2;B01
201700035611;2;7;0;0;2;1;15;A01
201700035611;1;33;0;0;2;8;1;B01
201700035612;2;7;0;0;1;1;1;A01
201700035613;1;7;0;0;2;2;1;A01
201700035613;1;1;0;0;2;2;19;B01
201700035614;2;7;0;0;1;3;19;A01
201700035615;1;7;0;0;2;2;1;A01
201700035615;1;32;0;0;2;1;1;B01
201700035616;1;7;0;0;1;7;1;A01
201700035617;1;31;0;0;2;1;2;A01
201700035617;1;10;0;0;2;4;2;B01
201700035618;1;7;0;0;1;2;1;A01
201700035619;1;31;0;0;2;8;1;B01
201700035619;1;7;0;0;2;2;16;A01
201700035620;1;1;0;0;2;1;15;B01
201700035620;1;7;0;0;2;3;15;A01
201700035621;0;1;0;0;2;0;19;B01
201700035621;2;31;0;0;9;1;2;A01
201700035622;0;34;0;1;2;7;19;B01
201700035622;0;7;0;0;2;1;1;A01
201700035623;1;7;0;0;9;3;9;A01
201700035623;1;1;0;0;2;2;14;B01
201700035624;2;7;0;0;1;1;1;A01
201700035625;2;7;0;0;1;3;1;A01
201700035626;2;14;0;0;1;8;1;A01
201700035627;2;7;0;0;2;4;1;B01
201700035627;2;7;0;0;2;1;1;A01
201700035628;1;7;0;0;1;2;20;A01
201700035629;1;31;0;0;2;2;18;B01
201700035629;1;7;0;0;2;7;16;A01
201700035630;1;7;0;0;2;4;2;B01
201700035630;1;7;0;0;2;4;2;C01
201700035630;1;7;0;0;2;1;2;A01
201700035631;1;7;0;0;1;1;1;A01
201700035632;2;7;0;0;2;3;13;A01
201700035632;1;7;0;0;2;3;1;B01
201700035633;1;7;0;4;0;2;13;A01
201700035634;2;7;0;0;1;3;19;A01
201700035635;1;7;0;0;2;1;2;B01
201700035635;1;7;0;0;2;4;2;A01
201700035636;0;1;0;0;1;1;1;A01
201700035637;1;10;0;0;1;1;1;A01
201700035638;2;10;0;0;2;4;1;A01
201700035638;2;7;0;0;2;9;2;B01
201700035638;2;7;0;0;2;1;2;C01
201700035639;1;31;0;0;2;1;9;B01
201700035639;1;7;0;0;2;2;19;A01
201700035640;1;7;0;0;1;7;1;A01
201700035641;1;37;0;0;2;3;21;B01
201700035641;2;7;0;1;2;3;13;A01
201700035642;1;7;0;0;2;2;1;B01
201700035642;1;7;0;0;2;3;0;A01
201700035643;1;7;0;2;0;9;1;A01
201700035644;0;30;0;0;2;1;2;B01
201700035644;1;7;0;0;2;8;10;A01
201700035645;2;33;0;0;2;7;2;B01
201700035645;2;7;0;0;2;8;11;A01
201700035646;1;7;0;0;2;7;15;A01
201700035646;2;30;0;0;2;1;2;B01
201700035647;0;30;0;0;2;1;1;B01
201700035647;0;7;0;0;2;3;15;A01
201700035648;1;1;0;0;2;7;1;B01
201700035648;2;7;0;0;0;0;0;A01
201700035649;1;7;0;0;1;2;2;A01
201700035650;1;31;0;0;0;8;2;A01
201700035651;1;7;0;0;1;3;2;A01
201700035652;2;33;0;2;0;1;1;A01
201700035653;2;7;0;0;2;6;1;B01
201700035653;2;7;0;12;2;2;17;A01
201700035654;1;7;0;0;2;1;1;B01
201700035654;1;30;0;0;2;1;9;A01
201700035655;1;33;0;0;2;1;2;B01
201700035655;2;7;0;0;2;2;15;A01
201700035655;2;10;0;0;2;8;10;C01
201700035656;1;33;0;0;2;1;17;A01
201700035656;1;7;0;0;2;8;9;B01
201700035657;2;1;0;0;1;1;17;A01
201700035658;2;30;0;0;2;1;17;B01
201700035658;2;7;0;0;2;3;15;A01
201700035659;1;31;0;0;2;8;13;A01
201700035659;2;7;0;0;2;3;2;B01
201700035660;2;33;0;0;2;7;1;B01
201700035660;2;7;0;0;2;1;9;A01
201700035661;1;7;0;0;2;6;9;A01
201700035661;2;2;0;0;2;1;1;B01
201700035662;1;10;0;0;2;0;24;B01
201700035662;1;17;0;14;0;7;2;A01
201700035663;2;34;0;1;0;7;1;A01
201700035664;2;30;0;0;1;1;2;A01
201700035665;1;7;0;0;1;3;2;A01
201700035666;2;33;0;0;2;1;2;B01
201700035666;2;7;0;0;2;3;2;A01
201700035667;2;7;0;0;2;2;2;A01
201700035667;2;31;0;0;2;4;1;B01
201700035668;1;7;0;0;1;1;1;A01
201700035669;1;7;0;0;2;1;15;B01
201700035669;1;7;0;0;2;8;15;A01
201700035670;1;1;0;0;2;1;1;B01
201700035670;2;7;0;0;2;0;15;A01
201700035671;2;7;0;0;1;2;2;A01
201700035672;1;7;0;0;9;2;23;A01
201700035672;1;1;0;0;2;1;18;B01
201700035673;1;7;0;0;1;2;2;A01
201700035674;2;33;0;0;2;8;1;B01
201700035674;1;7;0;0;2;1;15;A01
201700035675;1;7;0;0;2;3;15;A01
201700035675;1;7;0;9;2;6;19;B01
201700035676;2;7;0;0;2;8;15;A01
201700035676;2;33;0;0;2;7;7;B01
201700035677;2;7;0;0;2;1;2;A01
201700035677;2;7;0;0;2;4;2;B01
201700035678;1;7;0;0;1;6;4;A01
201700035679;1;7;0;0;2;4;1;B01
201700035679;1;7;0;0;2;1;1;A01
201700035680;1;7;0;0;2;1;9;A01
201700035680;1;33;0;0;2;7;1;B01
201700035681;1;7;0;0;2;1;1;A01
201700035681;1;7;0;0;2;4;1;B01
201700035681;1;7;0;0;2;5;1;C01
201700035682;2;7;0;0;2;2;8;A01
201700035682;1;34;0;0;2;1;13;B01
201700035683;1;30;0;0;2;2;1;A01
201700035683;1;13;0;0;2;8;19;B01
201700035684;1;7;0;0;2;2;16;B01
201700035684;1;30;0;0;2;1;1;A01
201700035685;2;31;0;0;2;1;1;B01
201700035685;2;7;0;0;2;3;19;A01
201700035686;2;7;0;0;1;0;9;A01
201700035687;1;7;0;0;1;1;19;A01
201700035688;1;7;0;0;2;1;21;A01
201700035688;1;7;0;0;2;4;23;C01
201700035688;1;7;0;0;2;4;23;B01
201700035689;1;7;0;0;2;3;1;B01
201700035689;2;7;0;0;2;3;15;A01
201700035690;1;7;0;0;2;7;1;B01
201700035690;1;7;0;0;2;1;9;A01
201700035691;2;7;0;0;2;3;9;A01
201700035691;2;1;0;0;2;1;1;B01
201700035692;1;7;0;0;2;6;1;A01
201700035692;2;7;0;0;2;3;1;B01
201700035693;0;30;0;0;2;8;15;A01
201700035693;0;7;0;0;2;1;1;B01
201700035694;0;7;0;0;1;4;4;A01
201700035695;0;7;0;0;2;3;15;A01
201700035695;0;33;0;0;2;1;1;B01
201700035696;1;33;0;0;2;1;1;B01
201700035696;2;7;0;0;2;3;15;A01
201700035697;0;2;0;0;2;1;1;B01
201700035697;0;7;0;0;2;5;15;A01
201700035698;1;7;0;0;1;3;1;A01
201700035699;2;7;0;0;1;2;2;A01
201700035700;2;33;0;0;2;1;17;B01
201700035700;2;7;0;0;2;3;15;A01
201700035701;2;7;0;0;2;5;4;A01
201700035701;1;31;0;0;2;1;13;B01
201700035701;2;38;0;0;2;3;1;C01
201700035702;1;31;0;0;2;7;1;A01
201700035702;2;7;0;0;2;3;1;B01
201700035703;1;33;0;0;0;0;1;A01
201700035704;2;7;0;0;1;2;1;A01
201700035705;0;39;0;0;1;2;1;A01
201700035706;1;34;0;0;2;1;21;B01
201700035706;1;7;0;0;2;3;15;A01
201700035707;0;33;0;0;2;1;1;A01
201700035707;1;7;0;0;2;5;23;B01
201700035708;0;7;0;0;1;6;4;A01
201700035709;0;7;0;0;2;2;16;A01
201700035709;0;31;0;0;2;1;17;B01
201700035710;1;7;0;0;2;1;1;A01
201700035710;1;31;0;0;2;8;15;B01
201700035711;1;33;0;3;2;4;17;A01
201700035711;1;7;0;0;2;1;2;B01
201700035712;1;7;0;0;2;3;20;A01
201700035712;1;33;0;0;2;1;1;B01
201700035713;1;7;0;0;2;2;14;B01
201700035713;1;31;0;1;2;3;18;A01
201700035714;1;2;0;15;0;1;13;A01
201700035715;0;7;0;0;2;3;13;A01
201700035715;0;7;0;0;2;3;1;B01
201700035716;2;7;0;2;0;1;13;A01
201700035717;2;36;0;1;0;2;2;A01
201700035718;2;7;0;0;1;2;0;A01
201700035719;2;14;0;8;9;1;2;A01
201700035720;1;7;0;0;0;9;13;A01
201700035721;1;7;0;6;0;1;19;A01
201700035722;1;7;0;0;1;2;1;A01
201700035723;2;7;0;0;2;6;9;B01
201700035723;2;7;0;0;2;2;21;A01
201700035724;2;7;0;0;2;4;2;B01
201700035724;2;7;0;0;2;1;1;A01
201700035725;0;7;0;0;1;1;1;A01
201700035726;1;7;0;0;1;6;0;A01
201700035727;2;7;0;0;2;3;9;A01
201700035727;2;33;0;0;2;1;1;B01
201700035728;0;7;0;0;1;3;1;A01
201700035729;2;7;0;0;2;1;2;A01
201700035729;2;7;0;0;2;4;2;B01
201700035730;1;1;0;1;0;0;14;A01
201700035731;2;7;0;0;2;1;1;A01
201700035731;2;7;0;0;2;3;0;B01
201700035732;2;7;0;0;1;2;1;A01
201700035733;1;7;0;0;2;1;1;B01
201700035733;2;7;0;0;2;1;13;A01
201700035734;2;33;0;0;2;7;17;A01
201700035734;2;7;0;0;2;3;15;B01
201700035735;1;30;0;0;1;0;0;A01
201700035736;1;7;0;0;9;4;1;B01
201700035736;1;2;0;0;2;1;2;A01
201700035737;2;33;0;0;2;1;17;A01
201700035737;2;10;0;0;2;3;13;B01
201700035738;2;7;0;0;2;1;1;B01
201700035738;1;7;0;0;2;1;13;A01
201700035739;2;7;0;0;2;8;1;B01
201700035739;1;33;0;0;2;1;13;A01
201700035740;1;7;0;13;6;4;0;A01
201700035741;2;7;0;8;1;3;0;A01
201700035742;2;7;0;0;1;7;1;A01
201700035743;2;7;0;0;1;2;2;A01
201700035744;2;33;0;16;0;1;13;A01
201700035745;2;7;0;0;2;4;23;B01
201700035745;2;10;0;0;2;1;1;A01
201700035746;2;7;0;3;2;3;17;A01
201700035747;1;1;0;0;2;6;15;B01
201700035747;1;7;0;0;9;3;17;A01
201700035748;1;1;0;0;2;4;1;B01
201700035748;1;7;0;0;9;1;14;A01
201700035749;2;7;0;0;2;3;1;B01
201700035749;1;7;0;0;2;6;13;A01
201700035750;1;7;0;0;1;2;2;A01
201700035751;1;33;0;3;0;1;1;A01
201700035752;1;7;0;0;2;1;1;B01
201700035752;2;7;0;0;2;8;15;A01
201700035753;2;7;0;5;0;1;0;A01
201700035754;2;7;0;0;2;3;2;A01
201700035754;2;34;0;0;2;4;15;B01
201700035755;1;7;0;2;0;1;1;A01
201700035756;2;7;0;0;1;5;16;A01
201700035757;1;7;0;0;2;4;2;B01
201700035757;1;30;0;0;2;1;2;A01
201700035758;0;7;0;0;1;4;4;A01
201700035759;0;7;0;6;0;1;13;A01
201700035760;1;31;0;0;0;1;1;A01
201700035761;2;7;0;0;1;1;15;A01
201700035762;1;7;0;0;2;1;2;A01
201700035762;1;7;0;0;2;4;2;B01
201700035763;2;7;0;0;2;1;2;A01
201700035763;1;7;0;0;2;4;2;B01
201700035764;2;99;0;0;2;5;1;B01
201700035764;2;13;0;0;2;3;16;A01
201700035765;1;7;0;0;1;1;1;A01
201700035766;1;33;0;0;1;1;14;A01
201700035767;1;7;0;0;2;4;23;B01
201700035767;1;2;0;0;2;1;1;A01
201700035768;2;7;0;0;2;3;0;A01
201700035768;2;33;0;0;2;1;2;B01
201700035769;1;10;0;0;1;0;0;A01
201700035770;1;7;0;0;2;1;13;A01
201700035770;1;1;0;0;2;4;19;B01
201700035771;2;32;0;0;2;7;17;B01
201700035771;1;7;0;0;2;2;9;A01
201700035772;1;7;0;0;0;9;1;A01
201700035773;2;7;0;0;1;1;1;B01
201700035773;1;7;0;0;2;3;19;A01
201700035774;1;10;0;0;1;5;20;A01
201700035775;0;2;0;0;2;1;9;A01
201700035775;0;7;0;0;2;1;15;B01
201700035776;2;7;0;0;1;1;1;A01
201700035777;1;7;0;8;0;1;14;A01
201700035778;2;7;0;0;1;1;1;A01
201700035779;0;7;0;6;0;1;1;A01
201700035780;0;7;0;0;2;1;1;A01
201700035780;0;10;0;0;2;4;1;B01
201700035781;2;33;0;0;2;7;1;B01
201700035781;1;7;0;0;2;1;10;A01
201700035782;2;7;0;0;1;1;0;A01
201700035783;1;7;0;0;1;1;15;A01
201700035784;2;7;0;0;1;3;1;A01
201700035785;2;7;0;6;0;1;14;A01
201700035786;0;7;0;1;2;2;1;A01
201700035786;0;1;0;0;2;4;1;B01
201700035787;0;7;0;0;0;1;14;A01
201700035788;2;7;0;0;2;3;16;B01
201700035788;2;7;0;0;2;2;1;A01
201700035789;1;7;0;0;2;1;1;A01
201700035789;1;1;0;0;2;8;19;B01
201700035790;0;7;0;0;0;0;0;A01
201700035791;0;30;0;0;2;1;1;A01
201700035791;0;7;0;0;2;4;23;B01
201700035792;1;7;0;0;2;3;2;B01
201700035792;1;7;0;0;2;1;2;A01
201700035793;0;7;0;0;2;1;2;A01
201700035793;0;10;0;0;2;4;2;B01
201700035794;1;7;0;0;0;1;1;A01
201700035795;0;7;0;0;2;4;23;B01
201700035795;0;32;0;0;2;1;1;A01
201700035796;1;7;0;11;2;7;17;A01
201700035796;1;7;0;0;2;3;2;B01
201700035797;0;31;0;0;2;1;1;B01
201700035797;0;7;0;0;2;5;15;A01
201700035798;0;7;0;0;1;2;1;A01
201700035799;1;30;0;0;2;0;1;A01
201700035800;1;7;0;0;2;5;15;A01
201700035800;1;7;0;0;2;3;1;B01
201700035801;0;7;0;0;2;1;1;A01
201700035801;0;30;0;0;2;4;23;B01
201700035802;1;7;0;0;2;1;2;A01
201700035802;1;33;0;0;2;4;1;B01
201700035803;2;37;0;0;2;4;23;B01
201700035803;2;30;0;0;2;1;1;A01
201700035804;2;1;0;9;0;7;1;A01
201700035805;2;30;0;0;0;7;0;A01
201700035806;0;7;0;0;2;1;1;A01
201700035806;0;7;0;0;2;7;15;B01
201700035807;2;7;0;0;2;2;1;A01
201700035807;1;30;0;0;2;2;0;B01
201700035808;1;7;0;0;1;2;1;A01
201700035809;0;10;0;0;0;0;0;A01
201700035809;0;33;0;0;0;0;0;B01
201700035810;1;7;0;0;2;3;1;A01
201700035810;2;7;0;0;2;2;1;B01
201700035811;0;7;0;0;1;1;1;A01
201700035812;1;7;0;0;2;1;1;B01
201700035812;2;7;0;0;2;1;17;A01
201700035813;2;7;0;0;2;4;2;C01
201700035813;2;7;0;0;2;1;2;A01
201700035813;2;7;0;0;2;4;2;B01
201700035814;2;30;0;0;0;1;1;A01
201700035815;2;7;0;0;2;2;0;B01
201700035815;1;7;0;0;2;8;0;A01
201700035816;0;32;0;16;0;7;1;A01
201700035817;1;33;0;4;0;0;14;A01
201700035818;1;7;0;0;9;0;16;A01
201700035818;1;1;0;0;2;8;0;B01
201700035819;1;7;0;0;0;0;0;A01
201700035819;2;2;0;0;0;0;21;B01
201700035820;1;7;0;13;0;1;14;A01
201700035821;1;1;0;0;1;1;0;A01
201700035822;2;7;0;7;2;0;0;A01
201700035822;1;7;0;0;2;0;0;B01
201700035823;2;1;0;1;0;0;0;B01
201700035823;2;7;0;0;2;0;22;A01