num_acc;senc;catv;occutc;obs;obsm;choc;manv;num_veh
201700036604;1;7;0;0;1;1;19;A01
201700036605;1;7;0;0;1;3;15;A01
201700036606;1;37;0;1;2;0;21;B01
201700036606;1;7;0;1;2;0;20;A01
201700036607;1;7;0;0;0;6;23;B01
201700036607;1;7;0;1;0;3;1;A01
201700036608;2;7;0;0;2;0;0;A01
201700036608;0;7;0;0;2;0;0;B01
201700036609;1;7;0;0;1;1;1;A01
201700036610;0;7;0;0;1;3;1;A01
201700036610;0;7;0;0;1;3;1;B01
201700036611;1;7;0;0;2;8;15;B01
201700036611;1;33;0;12;2;1;17;A01
201700036612;1;7;0;0;2;4;1;C01
201700036612;1;7;0;0;2;1;1;A01
201700036612;1;10;0;0;2;4;1;B01
201700036613;1;7;0;0;1;2;1;A01
201700036614;0;7;0;0;1;2;1;A01
201700036615;1;7;0;0;0;0;0;A01
201700036615;1;33;0;0;2;1;1;B01
201700036616;0;7;0;0;1;2;1;A01
201700036617;1;7;0;0;2;1;13;A01
201700036617;1;7;0;0;2;5;11;B01
201700036617;1;7;0;0;2;3;1;C01
201700036618;2;99;0;0;2;1;1;B01
201700036618;1;7;0;0;2;1;17;A01
201700036619;2;7;0;0;1;1;1;A01
201700036620;1;7;0;0;1;5;4;A01
201700036621;1;7;0;0;2;2;1;A01
201700036621;1;32;0;0;2;3;1;B01
201700036622;0;7;0;0;2;8;10;A01
201700036622;0;33;0;0;2;1;1;B01
201700036623;1;7;0;0;2;4;1;B01
201700036623;0;7;0;0;2;1;2;A01
201700036624;1;7;0;0;9;1;1;A01
201700036624;0;1;0;0;2;8;19;B01
201700036625;1;7;0;0;0;8;13;A01
201700036625;2;7;0;0;2;1;1;B01
201700036626;1;7;0;0;0;8;15;A01
201700036626;2;33;0;0;2;8;1;B01
201700036627;2;7;0;0;2;2;13;A01
201700036627;1;33;0;0;2;1;1;B01
201700036628;0;1;0;0;2;0;19;B01
201700036628;1;7;0;0;9;3;1;A01
201700036629;0;33;0;12;0;2;17;A01
201700036630;1;99;0;2;0;1;1;A01
201700036631;1;37;0;0;1;2;1;A01
201700036632;2;7;0;0;1;1;19;A01
201700036633;2;7;0;0;2;1;19;B01
201700036633;1;7;0;3;2;8;19;A01
201700036634;2;7;0;1;0;2;1;A01
201700036635;1;7;0;0;1;7;19;A01
201700036636;2;7;0;0;2;2;14;A01
201700036636;2;7;0;0;2;6;1;B01
201700036637;1;99;0;0;2;1;9;B01
201700036637;1;7;0;0;2;7;15;A01
201700036638;2;33;0;0;2;1;21;B01
201700036638;1;7;0;0;2;2;10;A01
201700036639;2;7;0;12;0;1;9;A01
201700036640;1;7;0;0;1;7;19;A01
201700036641;2;7;0;0;1;3;15;A01
201700036642;1;7;0;2;0;8;17;A01
201700036643;2;7;0;0;2;1;1;A01
201700036643;1;10;0;0;2;1;13;B01
201700036644;1;33;0;0;0;0;1;A01
201700036645;2;7;0;0;0;4;15;C01
201700036645;2;7;0;0;2;4;1;B01
201700036645;2;7;0;0;2;1;1;A01
201700036646;1;7;0;0;1;1;1;A01
201700036647;2;7;0;0;1;1;1;A01
201700036648;0;33;0;0;2;1;1;A01
201700036648;0;7;0;0;2;6;15;B01
201700036649;1;7;0;2;0;1;19;A01
201700036650;1;33;0;0;2;1;10;A01
201700036650;1;33;0;0;2;1;10;B01
201700036651;2;7;0;0;2;1;1;B01
201700036651;1;7;0;0;2;1;5;A01
201700036652;2;3;0;0;1;2;1;A01
201700036653;1;7;0;0;2;7;15;B01
201700036653;2;33;0;0;2;1;1;A01
201700036654;1;7;0;0;2;1;13;A01
201700036654;2;7;0;0;2;1;1;B01
201700036654;2;7;0;0;2;8;21;C01
201700036655;1;33;0;0;2;0;1;A01
201700036655;1;33;0;1;0;1;1;B01
201700036656;2;7;0;0;2;8;10;A01
201700036656;2;7;0;0;2;1;1;B01
201700036657;2;7;0;0;1;2;1;A01
201700036658;2;7;0;0;1;1;1;A01
201700036659;2;7;0;0;9;2;1;B01
201700036659;2;1;0;0;2;8;15;A01
201700036660;1;7;0;0;2;1;15;A01
201700036660;2;10;0;0;2;1;1;B01
201700036661;1;7;0;0;2;3;1;B01
201700036661;1;7;0;0;2;1;1;C01
201700036661;2;10;0;0;2;3;13;A01
201700036662;2;7;0;0;2;3;15;A01
201700036662;1;2;0;0;2;1;1;B01
201700036663;1;7;0;0;2;1;13;A01
201700036663;2;7;0;0;2;1;1;B01
201700036664;1;7;0;0;1;1;0;A01
201700036665;1;7;0;6;2;1;1;A01
201700036665;2;7;0;0;2;1;1;B01
201700036666;1;7;0;0;1;2;1;A01
201700036667;1;7;0;0;1;5;0;A01
201700036668;0;3;0;0;2;3;9;A01
201700036668;0;7;0;0;2;2;15;B01
201700036669;1;10;0;0;2;1;15;Z01
201700036669;1;10;0;0;2;3;1;B01
201700036670;1;34;0;0;2;1;17;A01
201700036670;2;7;0;0;2;3;15;B01
201700036671;1;7;0;0;2;1;0;A01
201700036671;2;10;0;0;2;2;0;C01
201700036671;1;10;0;0;2;3;0;B01
201700036672;1;7;0;0;2;1;1;A01
201700036672;2;7;0;0;2;6;15;B01
201700036673;1;37;0;0;1;3;0;A01
201700036674;1;33;0;0;2;0;17;B01
201700036674;1;7;0;0;0;0;15;A01
201700036675;1;7;0;0;2;1;15;A01
201700036675;2;7;0;0;2;3;1;B01
201700036676;2;7;0;2;0;2;0;A01
201700036677;1;2;0;0;2;1;21;A01
201700036677;1;7;0;0;2;4;21;B01
201700036678;1;7;0;0;1;3;0;A01
201700036679;2;32;0;0;2;2;17;A01
201700036679;2;7;0;0;9;6;2;B01
201700036680;2;7;0;0;0;3;1;B01
201700036680;1;7;0;0;0;3;13;A01
201700036681;1;7;0;0;1;0;0;A01
201700036682;1;7;0;0;2;3;1;A01
201700036682;2;1;0;0;2;3;0;B01
201700036683;0;33;0;0;2;1;1;B01
201700036683;0;7;0;0;2;3;17;A01
201700036683;0;33;0;0;2;0;1;C01
201700036684;1;10;0;0;1;0;0;A01
201700036685;1;30;0;0;2;1;5;A01
201700036685;1;7;0;0;2;7;1;B01
201700036686;1;7;0;0;1;1;15;A01
201700036687;1;7;0;0;2;3;10;A01
201700036687;1;2;0;0;2;1;2;B01
201700036688;1;31;0;0;2;1;9;A01
201700036688;1;7;0;0;2;8;0;B01
201700036689;1;37;0;0;0;0;1;A01
201700036690;1;7;0;0;2;1;19;B01
201700036690;1;1;0;0;2;1;19;A01
201700036691;2;7;0;13;0;9;16;A01
201700036692;2;20;0;0;2;7;0;B01
201700036692;2;10;0;0;2;1;9;A01
201700036693;2;2;0;0;2;1;17;B01
201700036693;1;7;0;0;2;1;15;A01
201700036694;1;10;0;0;2;2;1;B01
201700036694;1;33;0;0;2;3;15;A01
201700036695;1;31;0;0;2;1;13;A01
201700036695;2;7;0;0;2;3;0;B01
201700036696;1;7;0;15;0;1;14;A01
201700036697;1;1;0;0;2;6;0;B01
201700036697;1;7;0;0;9;2;17;A01
201700036698;1;7;0;0;0;9;1;A01
201700036699;1;7;0;6;0;1;13;A01
201700036700;0;31;0;14;0;1;19;A01
201700036701;1;1;0;0;2;7;1;A01
201700036701;1;7;0;0;2;1;15;B01
201700036702;1;7;0;0;1;3;1;A01
201700036703;1;7;0;0;1;0;24;A01
201700036704;2;99;0;0;2;1;16;B01
201700036704;2;7;0;0;9;3;9;A01
201700036705;1;7;0;0;1;1;0;A01
201700036706;2;7;0;0;1;1;16;A01
201700036707;1;7;0;0;1;4;4;A01
201700036708;1;7;0;6;0;3;13;A01
201700036709;1;7;0;0;1;2;21;A01
201700036710;0;7;0;0;1;1;1;A01
201700036711;2;33;0;0;0;0;1;A01
201700036712;0;7;0;0;1;3;1;A01
201700036713;2;7;0;0;0;2;9;B01
201700036713;2;7;0;0;0;2;5;A01
201700036714;2;7;0;0;1;1;15;A01
201700036715;2;33;0;14;0;1;6;A01
201700036716;1;7;0;15;0;2;14;A01
201700036717;1;7;0;0;1;7;19;A01
201700036718;1;99;0;0;2;1;12;B01
201700036718;1;7;0;0;2;3;2;A01
201700036719;1;7;0;0;1;5;1;A01
201700036720;1;31;0;0;2;1;17;A01
201700036720;2;7;0;0;2;1;15;B01
201700036721;1;7;0;0;2;5;15;A01
201700036721;1;33;0;0;2;1;1;B01
201700036722;0;7;0;0;1;2;1;Z01
201700036723;2;7;0;0;1;1;2;A01
201700036724;1;7;0;0;2;1;1;B01
201700036724;1;7;0;0;0;2;10;A01
201700036725;2;7;0;0;1;2;15;A01
201700036726;2;7;0;0;2;1;1;B01
201700036726;1;7;0;0;2;1;13;A01
201700036727;1;7;0;0;1;1;19;A01
201700036728;1;1;0;14;2;1;0;B01
201700036728;1;7;0;0;9;3;19;A01
201700036729;1;7;0;0;2;3;19;A01
201700036729;2;31;0;0;2;8;1;B01
201700036730;1;7;0;0;1;1;1;B01
201700036731;1;33;0;1;2;8;1;B01
201700036731;0;7;0;0;2;2;19;A01
201700036732;1;30;0;1;2;6;23;A01
201700036732;1;7;0;1;0;0;24;B01
201700036733;1;7;0;0;2;1;15;A01
201700036733;2;7;0;0;2;1;1;B01
201700036734;1;7;0;0;1;1;1;A01
201700036735;2;7;0;0;1;3;1;A01
201700036736;1;31;0;8;0;1;1;A01
201700036737;0;7;0;8;0;2;0;A01
201700036738;1;7;0;2;0;1;8;A01
201700036739;1;7;0;1;2;6;2;A01
201700036739;1;7;0;1;2;2;2;B01
201700036740;1;7;0;0;2;4;15;B01
201700036740;1;33;0;0;2;1;3;A01
201700036741;1;7;0;1;0;1;2;A01
201700036741;1;7;0;0;2;4;23;B01
201700036742;1;1;0;0;2;4;1;B01
201700036742;1;7;0;0;9;2;2;A01
201700036743;1;1;0;0;2;4;1;B02
201700036743;1;7;0;0;1;2;2;A01
201700036744;1;7;0;0;2;7;0;B01
201700036744;1;7;0;2;2;1;0;A01
201700036744;1;7;0;0;9;0;0;C01
201700036745;2;33;0;0;2;1;2;B01
201700036745;2;33;0;0;2;1;2;C01
201700036745;2;7;0;0;2;6;11;A01
201700036746;2;15;0;0;1;1;1;A01
201700036747;1;7;0;1;0;2;9;A01
201700036747;2;33;0;0;2;1;1;B01
201700036748;1;7;0;0;2;4;23;B01
201700036748;1;31;0;0;2;1;2;A01
201700036749;0;7;0;0;1;4;4;A01
201700036750;2;20;0;0;1;1;14;A01
201700036751;1;7;0;0;2;6;13;B01
201700036751;1;33;0;0;2;1;1;A01
201700036752;0;7;0;0;2;7;1;A01
201700036752;0;7;0;0;2;1;1;B01
201700036753;1;7;0;0;6;6;13;B01
201700036753;2;7;0;8;0;6;2;A01
201700036754;1;30;0;0;2;2;3;A01
201700036754;1;10;0;0;2;6;13;B01
201700036755;2;7;0;0;2;1;2;B01
201700036755;2;7;0;0;2;8;10;A01
201700036756;2;33;0;0;2;1;21;B01
201700036756;1;7;0;0;2;6;10;A01
201700036757;2;7;0;0;2;3;21;B01
201700036757;2;13;0;0;2;3;19;A01
201700036758;1;33;0;0;2;8;2;C01
201700036758;1;7;0;0;2;2;15;A01
201700036758;1;33;0;0;2;8;2;B01
201700036759;2;7;0;0;1;1;2;A01
201700036760;1;7;0;0;1;1;1;A01
201700036761;0;7;0;0;2;2;1;B01
201700036761;0;7;0;14;0;3;1;A01
201700036762;2;7;0;0;1;1;1;A01
201700036763;2;7;0;0;1;3;15;A01
201700036764;1;7;0;0;1;1;15;A01
201700036765;1;7;0;0;1;1;2;A01
201700036766;1;37;0;0;2;3;1;B01
201700036766;1;30;0;0;2;1;9;A01
201700036767;1;32;0;14;0;3;6;A01
201700036768;2;30;0;0;2;1;1;B01
201700036768;1;7;0;0;2;3;1;A01
201700036769;2;2;0;0;2;5;17;A01
201700036769;2;7;0;0;2;0;15;B01
201700036770;1;7;0;0;2;8;19;B01
201700036770;1;33;0;1;2;7;17;A01
201700036771;1;7;0;1;1;2;21;A01
201700036772;1;7;0;1;0;9;1;A01
201700036773;2;7;0;0;2;1;15;B01
201700036773;1;7;0;0;2;2;1;A01
201700036774;1;33;0;0;2;1;1;B01
201700036774;1;10;0;0;2;1;23;A01
201700036775;1;7;0;0;2;2;13;A01
201700036775;2;31;0;0;2;1;1;B01
201700036776;1;33;0;0;2;2;1;B01
201700036776;2;7;0;0;2;2;15;A01
201700036777;2;34;0;4;0;1;9;A01
201700036778;1;7;0;0;2;3;15;B01
201700036778;1;10;0;0;2;2;1;A01
201700036779;2;7;0;0;1;3;21;A01
201700036780;1;7;0;0;2;6;1;B01
201700036780;1;33;0;0;2;1;2;A01
201700036781;2;7;0;0;9;2;17;A01
201700036781;2;1;0;0;2;3;1;B01
201700036782;1;34;0;0;2;1;1;A01
201700036782;0;7;0;0;2;7;15;B01
201700036783;1;7;0;0;2;3;16;A01
201700036783;1;34;0;0;2;3;1;B01
201700036784;1;33;0;0;2;6;1;A01
201700036784;2;7;0;0;2;3;19;B01
201700036785;1;34;0;0;2;1;13;B01
201700036785;2;7;0;0;2;1;15;A01
201700036786;2;7;0;0;2;3;15;A01
201700036786;2;13;0;0;2;1;1;B01
201700036787;2;30;0;0;2;1;1;A01
201700036787;1;7;0;0;2;3;16;B01
201700036788;2;10;0;0;1;6;4;A01
201700036789;2;30;0;0;2;1;2;A01
201700036789;1;7;0;0;2;7;19;B01
201700036790;1;30;0;15;0;8;1;A01
201700036791;0;33;0;0;1;1;1;A01
201700036792;0;7;0;0;2;1;1;A01
201700036792;0;31;0;0;2;4;1;B01
201700036793;0;14;0;0;1;7;1;A01
201700036794;0;7;0;0;1;1;15;A01
201700036795;0;10;0;0;2;2;1;A01
201700036795;0;33;0;0;2;8;1;B01
201700036796;1;32;0;0;1;1;21;A01
201700036797;2;7;0;0;2;7;0;B01
201700036797;0;33;0;0;2;8;9;A01
201700036798;1;7;0;0;1;1;1;B01
201700036798;1;15;0;0;1;1;1;A01
201700036799;1;7;0;0;2;1;15;A01
201700036799;1;33;0;0;2;6;9;B01
201700036800;1;7;0;0;2;3;1;B01
201700036800;1;30;0;0;2;7;1;A01
201700036801;2;32;0;0;2;1;1;B01
201700036801;1;7;0;0;2;3;15;A01
201700036802;0;33;0;0;2;1;1;B01
201700036802;0;7;0;0;2;2;15;A01
201700036803;0;33;0;0;2;1;1;B01
201700036803;0;7;0;0;2;1;15;A01
201700036803;0;7;0;0;0;4;24;C01
201700036804;0;7;0;0;2;3;1;B01
201700036804;0;32;0;0;2;2;1;A01
201700036805;0;7;0;0;1;1;1;A01
201700036806;0;7;0;0;1;1;1;A01
201700036807;2;34;0;1;0;2;14;A01
201700036808;1;7;0;0;1;1;0;A01
201700036809;0;7;0;0;1;1;1;A01
201700036810;0;7;0;0;2;1;1;A01
201700036810;0;1;0;0;2;8;19;B01
201700036811;0;33;0;0;2;1;1;B01
201700036811;0;7;0;0;2;3;19;A01
201700036812;2;1;0;0;2;1;1;B01
201700036812;1;7;0;0;2;7;15;A01
201700036813;1;7;0;0;1;1;16;A01
201700036814;1;7;0;0;2;4;23;B01
201700036814;1;30;0;0;2;1;2;A01
201700036815;0;7;0;0;2;8;15;A01
201700036815;0;33;0;0;2;1;0;B01
201700036816;0;7;0;0;1;2;1;B01
201700036816;0;10;0;0;0;0;0;C01
201700036817;0;30;0;0;2;1;1;A01
201700036817;0;7;0;0;2;3;1;B01
201700036818;1;33;0;0;2;1;1;A01
201700036818;1;17;0;0;2;6;10;B01
201700036819;0;33;0;0;2;1;1;B01
201700036819;0;10;0;0;2;3;15;A01
201700036819;0;7;0;0;2;8;23;C01
201700036820;0;33;0;0;2;1;1;A01
201700036820;0;7;0;0;2;2;15;B01
201700036821;0;1;0;0;2;8;1;B01
201700036821;0;7;0;0;2;7;1;A01
201700036822;0;33;0;0;1;1;1;A01
201700036823;2;30;0;0;2;8;1;A01
201700036823;1;7;0;0;2;1;15;B01
201700036824;2;33;0;0;2;1;17;B01
201700036824;2;7;0;0;2;8;11;A01
201700036825;0;7;0;0;2;2;9;A01
201700036825;0;2;0;0;2;1;1;B01
201700036826;1;37;0;0;1;3;1;A01
201700036827;0;7;0;0;2;8;15;A01
201700036827;0;31;0;0;2;1;1;B01
201700036828;1;7;0;0;1;1;1;A01
201700036829;0;7;0;0;1;1;1;A01
201700036830;1;7;0;0;1;1;1;A01
201700036831;0;30;0;0;1;1;21;A01
201700036832;0;10;0;0;1;1;15;A01
201700036833;0;30;0;0;2;1;17;A01
201700036833;0;7;0;0;2;3;10;B01
201700036834;0;1;0;0;2;1;1;B01
201700036834;0;7;0;0;2;7;15;A01
201700036835;0;7;0;0;1;1;1;A01
201700036836;0;31;0;0;1;1;17;A01
201700036837;1;31;0;0;2;1;3;A01
201700036837;2;7;0;0;2;3;19;B01
201700036838;1;7;0;0;1;3;1;A01
201700036839;0;7;0;0;2;7;22;A01
201700036839;0;1;0;0;2;1;1;B01
201700036840;0;7;0;0;1;2;16;A01
201700036841;0;7;0;0;1;1;1;A01
201700036842;0;1;0;0;2;0;1;B01
201700036842;0;7;0;0;0;0;10;A01
201700036843;0;1;0;0;2;1;1;B01
201700036843;0;7;0;0;2;7;15;A01
201700036844;0;7;0;0;1;4;4;A01
201700036845;1;38;0;0;1;1;15;A01
201700036846;1;7;0;0;2;1;1;B01
201700036846;2;7;0;0;2;8;15;A01
201700036847;0;33;0;0;2;1;1;B01
201700036847;0;7;0;0;2;3;17;A01
201700036848;0;7;0;0;1;3;1;A01
201700036849;0;7;0;0;1;1;1;A01
201700036850;1;31;0;0;2;1;1;B01
201700036850;2;7;0;0;2;3;17;A01
201700036851;1;7;0;0;1;1;1;A01
201700036852;0;7;0;0;1;1;1;Z01
201700036853;0;7;0;0;1;7;1;Z01
201700036854;1;1;0;0;2;7;2;B01
201700036854;1;7;0;0;2;1;9;A01
201700036855;0;7;0;0;1;3;1;A01
201700036856;0;31;0;0;9;0;1;B01
201700036856;0;1;0;0;2;0;19;A01
201700036857;2;32;0;0;2;1;1;B01
201700036857;1;7;0;0;2;3;19;A01
201700036858;0;7;0;14;1;1;1;A01
201700036859;0;1;0;1;0;2;1;B01
201700036859;0;7;0;0;2;8;24;A01
201700036860;1;7;0;0;2;3;5;A01
201700036860;2;7;0;0;2;3;1;B01
201700036861;1;7;0;0;2;3;15;B01
201700036861;1;33;0;0;2;2;17;A01
201700036862;2;30;0;0;1;2;0;A01
201700036863;0;14;0;0;2;6;1;B01
201700036863;0;7;0;0;2;3;13;A01
201700036864;0;7;0;0;1;0;1;A01
201700036865;2;33;0;0;2;3;1;B01
201700036865;0;7;0;0;2;1;19;A01
201700036866;0;7;0;0;0;0;0;B01
201700036866;;30;0;0;2;1;19;A01
201700036867;1;7;0;0;2;2;15;B01
201700036867;2;1;0;0;2;1;1;A01
201700036868;0;7;0;0;2;1;1;A01
201700036868;0;7;0;14;2;3;1;B01
201700036868;0;7;0;0;2;7;1;C01
201700036869;0;1;0;0;2;1;19;B01
201700036869;0;7;0;0;2;3;1;A01
201700036870;2;7;0;0;2;2;13;A01
201700036870;1;7;0;0;9;2;1;C01
201700036870;1;7;0;0;2;1;1;B01
201700036871;0;7;0;0;2;1;1;A01
201700036871;0;7;0;0;2;4;1;B01
201700036872;0;7;0;0;1;3;13;A01
201700036873;1;2;0;0;2;1;1;B01
201700036873;1;7;0;0;2;3;19;A01
201700036874;2;30;0;0;2;1;1;B01
201700036874;1;7;0;0;2;2;15;A01
201700036875;2;33;0;0;2;1;1;B01
201700036875;0;7;0;0;2;3;15;A01
201700036876;2;1;0;0;2;0;21;B01
201700036876;2;7;0;0;2;8;9;A01
201700036877;0;7;0;0;2;2;15;A01
201700036877;0;33;0;0;2;2;1;B01
201700036878;0;33;0;0;2;1;17;B01
201700036878;0;7;0;0;2;8;15;A01
201700036879;0;7;0;0;2;2;15;A01
201700036879;0;33;0;0;2;1;1;B01
201700036880;0;33;0;15;0;1;14;A01
201700036881;0;33;0;0;2;1;17;A01
201700036881;0;7;0;0;2;2;15;B01
201700036882;0;7;0;0;2;3;24;A01
201700036882;0;1;0;1;0;2;1;B01
201700036883;2;2;0;0;2;1;2;A01
201700036883;2;7;0;0;2;6;15;B01
201700036884;0;30;0;15;0;2;1;A01
201700036885;2;7;0;0;1;1;1;A01
201700036886;2;7;0;2;0;1;1;A01
201700036887;2;7;0;0;1;1;0;A01
201700036888;2;7;0;0;2;1;1;C01
201700036888;0;7;0;0;2;8;1;B01
201700036888;0;7;0;0;2;1;16;A01
201700036889;0;7;0;0;2;3;1;A01
201700036889;0;7;0;0;2;7;1;B01
201700036890;0;7;0;0;1;0;4;A01
201700036891;2;15;0;0;1;1;1;A01
201700036892;0;1;0;0;2;0;1;B01
201700036892;0;7;0;0;2;3;1;A01
201700036893;0;7;0;1;0;3;13;A01
201700036893;0;7;0;0;2;4;24;B01
201700036894;0;7;0;0;1;1;1;A01
201700036895;0;33;0;0;2;1;1;B01
201700036895;0;7;0;0;2;2;1;A01
201700036896;0;30;0;0;2;6;0;A01
201700036896;0;7;0;0;2;2;1;B01
201700036897;1;3;0;0;2;1;14;A01
201700036897;1;2;0;0;2;2;1;B01
201700036898;1;3;0;0;2;3;9;A01
201700036898;2;1;0;0;2;1;1;B01
201700036899;1;10;0;0;2;3;9;A01
201700036899;1;7;0;0;2;2;1;B01
201700036900;2;7;0;2;0;3;19;A01
201700036901;0;1;0;0;2;4;23;A01
201700036901;0;7;0;0;2;1;1;B01
201700036902;0;31;0;0;0;0;1;A01
201700036903;1;7;0;0;2;1;2;A01
201700036903;1;3;0;0;2;4;23;B01
201700036904;1;15;0;0;2;2;1;B01
201700036904;0;7;0;0;2;3;15;A01
201700036905;2;33;0;0;2;1;1;B01
201700036905;1;7;0;0;2;7;15;A01
201700036906;0;7;0;0;2;3;20;A01
201700036906;0;2;0;0;2;1;17;B01
201700036907;0;3;0;0;1;2;1;A01
201700036908;2;7;0;0;1;1;15;A01
201700036909;0;30;0;0;2;1;1;B01
201700036909;0;7;0;0;2;7;15;A01
201700036910;0;7;0;1;0;2;17;A01
201700036911;1;3;0;0;2;4;1;B01
201700036911;1;10;0;0;2;1;2;A01
201700036912;2;7;0;0;2;3;9;A01
201700036912;2;2;0;0;2;1;1;B01
201700036913;1;7;0;0;1;1;1;A01
201700036914;2;7;0;0;1;1;9;A01
201700036915;1;7;0;0;0;0;0;A01
201700036916;1;7;0;0;2;2;9;A01
201700036916;2;31;0;0;2;7;1;B01
201700036917;1;2;0;14;0;1;1;A01
201700036918;1;7;0;0;2;4;17;A01
201700036918;1;2;0;0;2;1;1;B01
201700036919;1;7;0;0;1;1;0;A01
201700036920;1;7;0;15;1;2;15;A01
201700036921;1;33;0;0;2;1;21;A01
201700036921;2;7;0;0;2;3;15;B01
201700036922;1;7;0;0;1;1;7;A01
201700036923;0;7;0;0;1;1;15;A01
201700036924;0;7;0;0;1;3;15;A01
201700036925;0;7;0;0;0;0;0;B01
201700036925;0;7;0;0;2;0;0;A01
201700036926;0;7;0;0;2;1;1;A01
201700036926;0;10;0;0;2;4;1;B01
201700036927;0;7;0;0;2;0;0;B01
201700036927;0;7;0;0;2;1;0;A01
201700036928;0;7;0;0;2;2;1;A01
201700036928;0;2;0;0;2;3;1;B01
201700036929;0;2;0;0;2;1;0;A01
201700036929;0;7;0;0;0;3;0;B01
201700036930;0;7;0;0;2;4;4;A01
201700036930;0;2;0;0;2;1;1;B01
201700036931;0;2;0;0;1;7;0;A01
201700036932;0;1;0;0;2;7;19;A01
201700036932;0;7;0;0;2;1;1;B01
201700036933;0;2;0;0;2;1;0;A01
201700036933;0;7;0;0;2;6;0;B01
201700036934;0;7;0;10;0;1;1;A01
201700036935;0;2;0;1;0;0;0;A01
201700036936;0;7;0;0;2;1;15;A01
201700036936;0;7;0;0;2;7;1;B01
201700036937;0;7;0;0;1;2;0;A01
201700036938;0;33;0;0;2;1;1;A01
201700036938;0;7;0;0;2;4;1;B01
201700036939;0;7;0;0;1;0;0;A01
201700036940;2;33;0;0;2;1;1;A01
201700036940;1;7;0;0;2;1;1;B01
201700036941;0;31;0;0;2;1;0;B01
201700036941;0;7;0;0;2;4;0;A01
201700036942;0;7;0;8;0;1;1;A01
201700036943;1;7;0;0;2;3;0;A01
201700036943;1;7;0;0;2;8;0;B01
201700036944;0;7;0;0;2;2;0;A01
201700036944;0;7;0;0;2;0;0;B01
201700036945;0;7;0;0;1;8;0;A01
201700036946;0;1;0;0;9;0;0;B01
201700036946;0;1;0;0;9;4;0;A01
201700036947;0;7;0;0;1;1;0;A01
201700036948;1;7;0;0;2;1;0;A01
201700036948;2;7;0;0;2;1;0;B01
201700036949;1;7;0;1;0;1;0;A01
201700036950;0;33;0;1;0;1;0;A01
201700036951;0;7;0;0;2;2;0;A01
201700036951;0;7;0;0;2;8;0;B01
201700036952;0;7;0;0;2;2;0;A01
201700036952;0;7;0;0;2;1;0;B01
201700036952;0;7;0;0;2;1;0;C01
201700036952;0;7;0;0;2;4;0;D01
201700036953;2;33;0;0;2;1;0;A01
201700036953;2;7;0;0;2;6;0;B01
201700036953;2;7;0;0;2;5;0;C01
201700036954;0;7;0;0;2;1;0;A01
201700036954;0;7;0;0;2;1;0;B01
201700036955;0;7;0;0;2;2;0;A01
201700036955;0;33;0;0;2;1;0;B01
201700036956;0;7;0;0;2;2;0;A01
201700036956;0;1;0;0;2;0;0;B01
201700036957;0;7;0;9;0;1;0;A01
201700036958;0;2;0;0;2;1;0;B01
201700036958;0;7;0;0;2;7;0;A01
201700036959;0;7;0;0;1;0;0;A01
201700036960;0;7;0;9;0;5;0;A01
201700036960;0;7;0;0;2;1;0;B01
201700036961;0;32;0;0;2;1;0;A01
201700036961;0;7;0;0;2;1;0;B01
201700036962;0;15;0;0;2;0;0;B01
201700036962;0;33;0;0;2;1;0;A01
201700036963;1;2;0;0;2;1;0;A01
201700036963;1;7;0;0;2;5;0;B01
201700036964;1;7;0;14;0;1;0;A01
201700036965;0;7;0;1;2;8;0;B01
201700036965;0;7;0;0;2;1;0;A01
201700036966;0;33;0;0;2;1;0;A01
201700036966;0;7;0;0;2;8;0;B01
201700036967;0;7;0;0;1;0;0;A01
201700036968;0;7;0;0;2;3;0;B01
201700036968;0;30;0;0;2;1;0;A01
201700036969;0;7;0;0;1;8;0;A01
201700036970;1;7;0;0;2;1;0;A01
201700036970;1;2;0;0;2;8;0;B01
201700036971;0;7;0;0;2;1;0;A01
201700036971;0;7;0;0;2;1;0;B01
201700036972;1;7;0;0;2;1;0;A01
201700036972;1;7;0;14;0;4;0;B01
201700036973;0;7;0;0;1;1;0;A01
201700036974;0;7;0;0;1;0;0;A01
201700036975;0;7;0;0;1;0;0;A01
201700036976;0;7;0;0;2;3;0;B01
201700036976;0;7;0;0;2;1;0;A01
201700036977;0;3;0;0;1;7;0;A01
201700036978;0;7;0;0;2;1;0;A01
201700036978;0;7;0;0;2;3;0;B01
201700036978;0;7;0;0;2;7;0;C01
201700036979;0;7;0;8;0;1;0;A01
201700036980;0;33;0;0;2;1;0;B01
201700036980;0;7;0;0;2;1;0;A01
201700036981;2;7;0;4;0;0;0;A01
201700036982;0;30;0;0;2;1;0;A01
201700036982;0;7;0;0;2;2;1;B01
201700036983;0;7;0;0;2;1;0;A01
201700036983;0;31;0;0;2;1;0;B01
201700036984;0;1;0;0;1;0;0;A01
201700036985;0;7;0;0;2;1;0;A01
201700036985;0;7;0;0;2;8;0;B01
201700036986;1;7;0;0;2;5;0;A01
201700036986;1;7;0;0;2;0;0;B01
201700036987;0;7;0;8;0;7;0;A01
201700036988;1;2;0;0;2;1;0;A01
201700036988;1;30;0;0;2;4;0;B01
201700036989;0;7;0;6;0;1;0;A01
201700036990;0;33;0;0;1;0;0;A01