num_acc;senc;catv;occutc;obs;obsm;choc;manv;num_veh
201700036991;0;7;0;0;2;1;0;A01
201700036991;0;7;0;0;2;3;0;B01
201700036992;0;34;0;0;1;2;1;A01
201700036993;1;7;0;0;2;1;0;A01
201700036993;0;7;0;0;2;3;0;B01
201700036994;0;2;0;0;2;2;0;A01
201700036994;0;7;0;0;2;2;0;B01
201700036995;0;7;0;0;2;3;0;A01
201700036995;0;33;0;0;2;1;0;B01
201700036996;0;7;0;0;2;6;0;A01
201700036996;0;2;0;0;2;1;0;B01
201700036997;0;7;0;0;1;3;0;A01
201700036998;0;7;0;0;1;0;16;A01
201700036999;0;31;0;0;2;0;9;A01
201700036999;0;7;0;0;2;3;21;B01
201700037000;0;7;0;0;1;1;16;A01
201700037001;0;32;0;0;2;1;19;A01
201700037001;0;7;0;0;2;1;16;B01
201700037002;0;34;0;0;1;0;19;A01
201700037003;0;7;0;0;1;0;19;A01
201700037004;0;7;0;0;2;6;9;A01
201700037004;0;33;0;0;2;8;9;B01
201700037005;0;7;0;0;2;1;19;A01
201700037005;0;7;0;0;2;4;19;B01
201700037006;0;7;0;0;1;1;19;A01
201700037007;0;7;0;9;2;2;19;A01
201700037007;0;7;0;0;2;1;16;B01
201700037008;0;7;0;0;1;0;19;A01
201700037009;0;7;0;0;1;1;9;A01
201700037010;0;34;0;1;2;1;19;A01
201700037010;0;7;0;0;2;1;19;B01
201700037010;0;7;0;0;2;3;19;C01
201700037011;0;34;0;0;0;0;19;A01
201700037011;0;7;0;0;0;0;19;B01
201700037012;0;7;0;0;1;0;19;A01
201700037013;0;7;0;0;2;1;19;B01
201700037013;0;7;0;0;2;7;19;A01
201700037014;0;7;0;0;1;0;19;A01
201700037015;0;7;0;0;2;0;15;A01
201700037015;0;33;0;0;2;0;19;B01
201700037016;0;33;0;0;2;0;19;B01
201700037016;0;7;0;0;2;3;16;A01
201700037017;1;33;0;0;2;1;19;A01
201700037017;1;7;0;0;2;6;19;B01
201700037018;0;7;0;0;1;1;19;A01
201700037019;1;7;0;14;0;0;19;B01
201700037019;0;7;0;0;2;0;19;A01
201700037020;0;7;0;0;2;1;19;A01
201700037020;0;7;0;0;2;1;19;B01
201700037021;1;7;0;0;2;1;19;A01
201700037021;1;7;0;0;2;4;19;B01
201700037021;1;7;0;0;2;4;19;C01
201700037022;0;31;0;0;2;1;19;A01
201700037022;0;7;0;0;2;0;19;B01
201700037023;0;7;0;0;1;2;19;A01
201700037024;0;33;0;0;2;1;19;B01
201700037024;0;7;0;1;2;1;19;A01
201700037025;0;7;0;0;2;5;19;A01
201700037025;0;32;0;0;2;1;19;B01
201700037026;0;34;0;14;2;1;19;A01
201700037027;0;7;0;0;9;3;19;A01
201700037027;0;1;0;0;2;1;19;B01
201700037028;0;7;0;0;2;1;15;A01
201700037028;0;7;0;0;2;3;2;B01
201700037029;0;7;0;0;1;4;4;A01
201700037030;0;33;0;0;2;1;19;A01
201700037030;0;7;0;0;2;3;1;B01
201700037031;0;2;0;0;2;1;17;A01
201700037031;0;7;0;0;2;1;9;B01
201700037032;0;7;0;0;1;3;1;A01
201700037033;0;7;0;0;2;8;1;B01
201700037033;0;7;0;0;2;1;16;A01
201700037034;0;7;0;0;2;1;1;A01
201700037034;0;1;0;0;2;4;1;B01
201700037035;0;7;0;0;1;1;1;A01
201700037036;0;7;0;0;2;2;1;A01
201700037036;0;33;0;0;2;3;1;B01
201700037037;1;30;0;0;2;1;1;A01
201700037037;0;7;0;0;2;8;1;B01
201700037038;0;7;0;0;2;3;1;A01
201700037038;0;30;0;0;2;1;1;B01
201700037039;0;7;0;0;2;1;1;A01
201700037039;0;7;0;0;2;4;1;B01
201700037040;0;33;0;0;2;1;1;A01
201700037040;0;7;0;0;2;8;15;B01
201700037041;0;7;0;0;1;1;1;A01
201700037042;0;7;0;0;2;1;1;A01
201700037042;0;7;0;0;2;4;1;B01
201700037042;0;7;0;0;2;4;1;C01
201700037043;0;7;0;2;0;1;1;A01
201700037044;0;7;0;0;2;3;9;A01
201700037044;0;7;0;0;2;2;1;B01
201700037045;0;30;0;0;2;1;5;A01
201700037045;0;7;0;0;2;1;1;B01
201700037046;0;7;0;0;2;1;15;A01
201700037046;0;30;0;0;2;1;1;B01
201700037047;0;7;0;0;2;3;1;A01
201700037047;0;2;0;0;2;1;15;B01
201700037047;0;7;0;0;2;3;1;C01
201700037048;0;7;0;0;1;1;16;A01
201700037049;0;30;0;1;1;1;1;A01
201700037050;0;7;0;0;2;7;15;A01
201700037050;0;7;0;0;2;1;1;B01
201700037051;0;7;0;0;1;1;1;A01
201700037052;0;1;0;0;2;4;19;A01
201700037052;0;7;0;0;2;2;1;B01
201700037053;0;7;0;0;1;3;1;A01
201700037054;0;7;0;0;2;8;10;A01
201700037054;0;30;0;0;2;1;7;B01
201700037055;1;7;0;0;2;1;17;A01
201700037055;2;7;0;0;2;1;1;B01
201700037056;1;7;0;0;2;2;9;A01
201700037056;2;7;0;0;2;6;9;B01
201700037057;0;10;0;0;2;1;1;A01
201700037057;0;7;0;0;2;4;1;B01
201700037058;0;7;0;0;2;2;1;B01
201700037058;0;7;0;0;2;3;9;A01
201700037059;0;7;0;0;2;7;1;A01
201700037059;0;7;0;0;2;1;1;B01
201700037060;0;7;0;0;1;1;1;A01
201700037061;0;7;0;0;2;1;1;A01
201700037061;0;7;0;0;2;8;16;B01
201700037062;0;1;0;0;2;5;19;A01
201700037062;0;7;0;0;2;1;16;B01
201700037063;0;7;0;0;2;3;1;B01
201700037063;0;30;0;0;2;6;1;A01
201700037064;0;7;0;0;2;5;15;A01
201700037064;0;33;0;0;2;1;1;B01
201700037065;0;7;0;0;2;1;1;A01
201700037065;0;7;0;1;2;1;1;B01
201700037066;0;7;0;0;1;2;0;A01
201700037067;0;7;0;1;1;2;1;A01
201700037068;0;7;0;0;2;3;1;A01
201700037068;0;7;0;0;2;1;1;B01
201700037069;0;7;0;0;2;3;15;A01
201700037069;0;2;0;0;2;1;1;B01
201700037070;0;7;0;0;1;1;1;A01
201700037071;0;7;0;1;0;1;1;A01
201700037072;0;7;0;0;2;1;15;A01
201700037072;0;7;0;0;2;7;1;B01
201700037073;0;10;0;0;2;1;1;A01
201700037073;0;7;0;0;2;4;1;B01
201700037074;0;1;0;0;2;8;1;A01
201700037074;0;7;0;0;2;1;1;B01
201700037075;0;7;0;0;1;1;10;A01
201700037076;0;7;0;0;2;1;1;A01
201700037076;0;7;0;0;2;4;1;C01
201700037076;0;7;0;0;2;4;1;B01
201700037077;0;7;0;0;2;2;1;A01
201700037077;0;7;0;0;2;3;9;B01
201700037077;0;7;0;0;2;3;1;C01
201700037078;1;7;0;10;2;2;1;A01
201700037078;1;10;0;0;2;2;1;B01
201700037078;1;7;0;0;2;7;1;C01
201700037078;1;14;0;0;2;5;1;D01
201700037079;1;7;0;0;2;8;9;A01
201700037079;1;10;0;0;2;2;1;B01
201700037080;0;7;0;0;1;2;1;A01
201700037081;0;10;0;0;2;1;15;A01
201700037081;0;2;0;0;2;6;1;B01
201700037082;0;7;0;0;2;3;15;A01
201700037082;0;7;0;0;2;1;1;B01
201700037083;0;7;0;0;2;1;13;A01
201700037083;0;7;0;0;2;1;1;B01
201700037084;0;7;0;0;1;1;1;A01
201700037085;0;7;0;0;2;3;15;A01
201700037085;0;7;0;0;2;5;1;B01
201700037086;0;7;0;0;2;1;1;A01
201700037086;0;7;0;0;2;3;15;B01
201700037087;0;2;0;0;2;1;15;A01
201700037087;0;7;0;0;2;3;1;B01
201700037088;0;7;0;16;0;1;1;A01
201700037089;0;7;0;0;1;1;1;A01
201700037090;0;7;0;0;2;1;1;A01
201700037090;0;7;0;0;2;1;1;B01
201700037090;0;7;0;0;2;7;1;C01
201700037091;0;1;0;0;2;1;1;A01
201700037091;0;7;0;0;2;4;1;B01
201700037092;0;7;0;1;0;1;1;A01
201700037093;0;7;0;0;2;1;1;A01
201700037093;0;7;0;0;2;4;1;B01
201700037094;0;7;0;0;1;1;15;A01
201700037095;0;7;0;0;2;1;1;A01
201700037095;0;7;0;0;2;5;16;B01
201700037096;0;7;0;0;2;4;1;A01
201700037096;0;7;0;0;2;4;1;B01
201700037096;0;7;0;0;2;4;1;C01
201700037096;0;7;0;0;2;4;1;D01
201700037096;0;7;0;0;2;1;1;E01
201700037097;0;7;0;0;1;1;1;A01
201700037098;1;7;0;0;1;1;20;A01
201700037099;1;3;0;0;1;1;1;A01
201700037100;2;30;0;0;0;0;0;B01
201700037100;1;7;0;0;2;2;15;A01
201700037101;1;7;0;0;1;1;1;A01
201700037102;1;2;0;0;2;2;12;B01
201700037102;1;7;0;0;2;3;13;A01
201700037103;1;7;0;0;2;0;0;C01
201700037103;1;7;0;0;0;0;0;B01
201700037103;1;1;0;0;0;0;0;D01
201700037103;1;7;0;0;2;1;1;A01
201700037104;1;33;0;0;0;0;0;B01
201700037104;1;7;0;0;2;6;15;A01
201700037105;2;7;0;1;2;2;1;A01
201700037105;1;2;0;0;2;7;1;B01
201700037106;0;7;0;0;2;3;1;B01
201700037106;0;1;0;0;2;8;15;A01
201700037107;1;7;0;0;2;5;17;A01
201700037107;1;1;0;0;2;3;2;B01
201700037108;1;7;0;0;2;7;1;A01
201700037108;1;7;0;0;2;1;15;B01
201700037109;1;7;0;1;0;3;13;A01
201700037110;2;33;0;0;2;8;21;B01
201700037110;1;14;0;0;2;3;15;A01
201700037111;1;33;0;0;2;7;21;B01
201700037111;1;10;0;0;2;1;15;A01
201700037112;1;7;0;2;0;8;2;A01
201700037113;1;7;0;0;0;2;5;A01
201700037113;2;7;0;0;0;1;1;B01
201700037114;1;2;0;0;2;1;1;B01
201700037114;2;7;0;0;2;1;5;A01
201700037115;1;7;0;16;2;1;1;A01
201700037115;1;31;0;16;2;1;1;B01
201700037116;1;7;0;0;0;9;13;A01
201700037117;1;7;0;0;1;1;15;A01
201700037118;0;2;0;0;0;0;0;A01
201700037119;1;7;0;13;0;1;0;A01
201700037120;0;7;0;0;2;3;15;A01
201700037120;0;7;0;0;2;3;1;B01
201700037121;1;7;0;0;2;1;2;A01
201700037121;1;7;0;0;2;4;0;B01
201700037122;2;3;0;15;0;1;1;A01
201700037123;1;14;0;0;2;5;16;B01
201700037123;1;33;0;0;2;3;1;A01
201700037124;1;33;0;0;0;3;1;A01
201700037125;0;33;0;0;2;1;1;A01
201700037125;0;7;0;0;0;3;15;B01
201700037126;2;7;0;0;2;3;9;A01
201700037126;1;33;0;0;2;7;1;B01
201700037127;1;7;0;13;0;2;2;A01
201700037128;2;7;0;0;2;1;2;A01
201700037128;2;7;0;0;2;4;2;B01
201700037129;1;7;0;6;2;2;17;A01
201700037129;1;7;0;0;2;3;15;B01
201700037130;1;7;0;6;0;2;14;A01
201700037131;2;15;0;0;2;5;13;A01
201700037131;2;1;0;0;2;3;13;B01
201700037132;2;7;0;9;0;1;19;A01
201700037133;2;7;0;6;0;8;14;A01
201700037134;1;7;0;1;0;1;24;A01
201700037135;1;10;0;0;2;5;9;A01
201700037135;1;33;0;0;2;1;21;B01
201700037136;1;7;0;1;1;3;1;A01
201700037137;0;7;0;7;2;9;0;A01
201700037138;0;7;0;0;1;3;1;A01
201700037139;0;7;0;0;1;3;1;A01
201700037140;2;7;0;0;2;3;9;A01
201700037140;0;1;0;0;2;1;1;B01
201700037141;0;15;0;0;1;7;1;A01
201700037142;2;7;0;0;2;1;13;A01
201700037142;1;7;0;3;2;1;1;B01
201700037143;0;7;0;6;2;1;1;B01
201700037143;0;1;0;0;0;8;19;A01
201700037144;0;33;0;13;0;0;0;A01
201700037145;1;7;0;0;2;3;13;A01
201700037145;2;7;0;0;2;1;1;B01
201700037146;0;7;0;2;0;0;13;A01
201700037147;0;31;0;0;2;0;15;B01
201700037147;0;7;0;0;2;2;16;A01
201700037148;2;7;0;0;1;2;16;A01
201700037149;1;33;0;0;0;8;14;A01
201700037150;2;7;0;0;1;2;1;A01
201700037151;2;10;0;0;2;1;1;A01
201700037151;2;7;0;3;2;9;1;B01
201700037152;2;7;0;11;2;1;13;A01
201700037152;1;7;0;0;2;1;1;B01
201700037153;0;30;0;0;2;8;1;B01
201700037153;0;7;0;0;2;6;19;A01
201700037154;2;7;0;0;2;2;1;A01
201700037154;1;7;0;0;2;1;15;B01
201700037155;2;7;0;0;2;1;1;A01
201700037155;2;7;0;0;2;4;1;B01
201700037155;2;7;0;0;2;4;1;C01
201700037156;1;10;0;0;1;2;1;A01
201700037157;1;2;0;0;0;0;1;A01
201700037158;1;7;0;0;2;3;15;A01
201700037158;2;1;0;12;2;7;1;B01
201700037159;2;7;0;0;2;1;1;A01
201700037159;1;2;0;0;2;8;15;B01
201700037160;1;7;0;0;1;2;15;A01
201700037161;2;7;0;0;1;1;1;A01
201700037162;2;32;0;0;2;1;1;B01
201700037162;1;7;0;0;2;2;15;A01
201700037163;1;7;0;0;2;1;1;B01
201700037163;2;10;0;0;2;1;1;A01
201700037164;0;7;0;0;9;1;2;A01
201700037164;0;1;0;0;0;0;0;B01
201700037165;2;30;0;0;2;2;0;B01
201700037165;2;7;0;0;2;3;0;A01
201700037166;0;7;0;0;0;1;0;B01
201700037166;1;7;0;0;2;1;13;A01
201700037167;2;2;0;2;0;1;1;A01
201700037168;1;7;0;0;0;8;11;A01
201700037168;2;33;0;0;2;0;0;B01
201700037169;1;36;0;0;0;1;13;A01
201700037170;1;7;0;0;0;6;1;B01
201700037170;1;33;0;0;0;1;17;A01
201700037170;2;7;0;0;0;1;1;C01
201700037171;2;7;0;0;2;1;1;B01
201700037171;0;7;0;0;2;3;16;A01
201700037172;1;33;0;0;2;4;23;A01
201700037172;1;7;0;0;2;2;2;B01
201700037173;1;33;0;0;2;7;17;A01
201700037173;1;7;0;0;2;8;11;B01
201700037174;1;34;0;0;0;0;21;A01
201700037175;1;2;0;0;2;0;1;B01
201700037175;0;7;0;0;2;7;16;A01
201700037176;2;7;0;0;9;1;5;C01
201700037176;1;7;0;0;2;6;2;B01
201700037176;1;33;0;0;2;1;2;A01
201700037177;1;7;0;0;1;0;19;A01
201700037178;1;7;0;0;2;1;11;A01
201700037178;2;14;0;0;2;3;21;B01
201700037179;1;1;0;0;2;1;2;A01
201700037179;1;7;0;0;2;3;2;B01
201700037180;0;2;0;0;0;7;0;A01
201700037180;0;7;0;0;0;1;0;B01
201700037181;2;31;0;0;2;1;1;B01
201700037181;1;7;0;0;2;4;4;A01
201700037182;0;1;0;0;1;1;1;A01
201700037183;1;33;0;6;0;1;19;A01
201700037184;2;7;0;0;2;1;1;B01
201700037184;1;3;0;0;2;7;15;A01
201700037185;2;7;0;0;2;1;1;B01
201700037185;1;33;0;0;2;1;0;A01
201700037186;1;7;0;0;2;2;15;A01
201700037186;1;1;0;0;2;3;0;B01
201700037187;1;37;0;0;1;3;0;A01
201700037188;1;7;0;0;2;0;0;B01
201700037188;1;2;0;0;2;7;0;A01
201700037189;1;7;0;0;1;1;1;A01
201700037190;1;33;0;15;2;7;17;A01
201700037190;1;7;0;0;2;8;15;B01
201700037191;1;33;0;0;2;1;1;A01
201700037191;2;10;0;0;2;1;1;B01
201700037192;2;7;0;0;2;6;9;B01
201700037192;2;33;0;0;2;6;1;A01
201700037193;0;33;0;0;1;1;1;A01
201700037194;1;7;0;0;1;3;1;A01
201700037195;2;33;0;10;2;1;1;A01
201700037195;1;33;0;0;2;1;1;B01
201700037196;1;31;0;15;1;1;1;A01
201700037197;1;33;0;0;2;1;21;B01
201700037197;2;3;0;0;2;6;23;A01
201700037198;1;7;0;11;0;2;15;A01
201700037198;1;7;0;5;0;6;9;B01
201700037199;1;33;0;0;2;1;21;B01
201700037199;1;30;0;0;2;8;9;A01
201700037200;1;7;0;0;2;7;2;A01
201700037200;1;34;0;0;2;2;14;B01
201700037201;2;7;0;0;1;1;2;B01
201700037201;2;7;0;0;2;1;2;A01
201700037202;1;7;0;2;0;9;1;A01
201700037203;2;33;0;0;1;2;17;A01
201700037204;2;7;0;0;1;1;1;A01
201700037204;1;7;0;0;1;3;1;B01
201700037205;1;7;0;0;1;4;20;A01
201700037206;2;7;0;0;1;7;16;A01
201700037207;1;1;0;0;2;2;14;B01
201700037207;2;7;0;0;9;3;9;A01
201700037208;1;33;0;16;0;9;1;A01
201700037209;2;7;0;0;1;1;1;A01
201700037210;1;99;0;0;1;0;0;A01
201700037211;2;7;0;0;1;3;21;A01
201700037212;1;7;0;0;2;3;18;A01
201700037212;1;30;0;0;2;5;12;B01
201700037213;1;7;0;0;2;3;13;A01
201700037213;2;7;0;0;2;3;1;B01
201700037214;2;7;0;0;2;0;0;B01
201700037214;1;7;0;0;2;3;0;A01
201700037215;1;7;0;13;0;1;1;A01
201700037216;2;33;0;12;0;1;1;A01
201700037217;1;10;0;0;1;1;1;A01
201700037218;1;7;0;0;2;1;15;A01
201700037218;2;33;0;0;2;3;1;B01
201700037219;2;37;0;9;1;1;14;A01
201700037220;1;2;0;0;2;1;0;B01
201700037220;1;10;0;0;2;6;0;A01
201700037221;1;7;0;0;1;2;1;A01
201700037222;1;7;0;0;1;1;1;A01
201700037223;1;1;0;0;2;1;3;B01
201700037223;1;7;0;0;9;3;15;A01
201700037224;1;7;0;0;1;1;1;A01
201700037225;1;33;0;0;2;4;13;B01
201700037225;1;7;0;0;2;1;2;A01
201700037226;1;7;0;0;1;1;0;A01
201700037227;0;7;0;0;1;1;1;A01
201700037228;1;32;0;0;2;1;17;B01
201700037228;1;7;0;0;2;3;15;A01
201700037229;2;7;0;0;2;0;0;B01
201700037229;2;34;0;0;2;1;2;A01
201700037230;1;31;0;0;2;1;1;A01
201700037230;2;7;0;0;2;3;19;B01
201700037231;2;32;0;0;2;1;2;B01
201700037231;2;7;0;0;2;8;0;A01
201700037232;1;7;0;0;0;0;0;A01
201700037232;2;33;0;0;0;0;0;B01
201700037233;2;7;0;0;1;0;14;A01
201700037234;1;1;0;0;9;1;2;A01
201700037235;1;2;0;0;2;1;13;A01
201700037235;2;7;0;0;2;3;1;B01
201700037236;1;7;0;15;0;9;1;A01
201700037237;1;30;0;1;0;4;13;A01
201700037238;1;7;0;0;2;6;16;B01
201700037238;1;34;0;1;0;1;17;A01
201700037239;1;10;0;0;2;4;0;A01
201700037239;1;2;0;0;2;1;0;B01
201700037240;2;7;0;14;0;4;23;A01
201700037240;2;7;0;14;0;1;1;B01
201700037241;2;30;0;0;2;1;1;A01
201700037241;2;7;0;0;2;3;9;B01
201700037242;1;7;0;0;9;0;0;A01
201700037242;1;33;0;0;0;0;0;B01
201700037243;1;7;0;0;2;3;13;A01
201700037243;2;2;0;0;2;8;16;B01
201700037244;1;33;0;0;2;7;17;B01
201700037244;2;7;0;0;2;3;15;A01
201700037245;2;7;0;0;2;1;21;B01
201700037245;1;7;0;0;2;1;13;A01
201700037246;2;7;0;0;1;1;0;A01
201700037247;2;7;0;0;1;0;9;A01
201700037248;1;7;0;0;1;1;9;A01
201700037249;1;31;0;0;0;1;0;A01
201700037250;2;1;0;0;2;7;19;B01
201700037250;2;7;0;0;2;1;9;A01
201700037251;1;7;0;0;2;4;2;C01
201700037251;1;7;0;0;2;1;2;B01
201700037251;1;7;0;0;2;1;2;A01
201700037252;1;7;0;2;0;1;14;A01
201700037253;1;31;0;0;0;0;21;A01
201700037254;1;34;0;0;0;8;9;A01
201700037255;1;7;0;0;2;4;2;B01
201700037255;1;7;0;0;2;1;2;A01
201700037256;2;33;0;0;2;3;17;A01
201700037256;1;7;0;0;2;3;1;B01
201700037256;1;7;0;0;2;7;1;C01
201700037257;2;33;0;2;0;8;14;A01
201700037258;1;1;0;0;2;2;15;B01
201700037258;1;7;0;12;9;3;9;A01
201700037259;2;33;0;6;0;1;19;A01
201700037260;1;7;0;0;2;7;12;A01
201700037260;1;31;0;0;2;3;21;B01
201700037261;1;7;0;8;0;1;0;A01
201700037262;2;33;0;2;0;1;17;A01
201700037263;1;7;0;0;2;1;13;A01
201700037263;1;7;0;10;9;1;0;B01
201700037264;1;7;0;0;2;8;10;A01
201700037264;1;31;0;0;2;1;1;B01
201700037265;1;7;0;0;1;1;1;A01
201700037266;2;7;0;0;0;0;0;B01
201700037266;1;7;0;0;1;1;1;A01
201700037267;2;7;0;0;1;2;19;A01
201700037268;1;31;0;0;2;1;19;A01
201700037268;1;7;0;0;2;2;19;B01
201700037269;2;7;0;0;2;3;13;A01
201700037269;1;7;0;1;2;9;13;B01
201700037270;2;2;0;0;2;1;1;B01
201700037270;1;7;0;0;2;1;15;A01
201700037271;1;7;0;0;2;1;13;A01
201700037271;2;7;0;0;2;1;1;B01
201700037272;1;7;0;0;2;5;17;A01
201700037272;1;30;0;0;2;8;1;B01
201700037273;2;7;0;0;2;0;19;B01
201700037273;1;7;0;0;2;0;15;A01
201700037274;2;7;0;1;0;2;1;A01
201700037274;2;7;0;0;2;8;22;B01
201700037275;2;15;0;0;1;5;21;A01
201700037276;1;7;0;0;1;1;16;A01
201700037277;2;7;0;0;1;1;15;A01
201700037278;0;30;0;0;2;2;2;A01
201700037278;0;7;0;0;2;6;1;B01
201700037279;1;7;0;0;2;4;2;B01
201700037279;2;7;0;0;2;1;2;A01
201700037280;1;1;0;0;2;1;2;A01
201700037280;1;1;0;0;2;4;2;B01
201700037281;2;31;0;11;0;1;17;A01
201700037282;1;2;0;0;2;4;2;A01
201700037282;1;7;0;0;2;4;2;B01
201700037283;2;10;0;0;1;1;16;A01
201700037284;1;10;0;8;0;1;14;A01
201700037285;1;17;0;0;2;5;17;B01
201700037285;1;30;0;0;2;0;1;A01
201700037286;2;7;0;0;9;6;9;A01
201700037286;1;1;0;0;2;1;1;B01
201700037287;2;13;0;2;9;1;13;A01
201700037288;1;2;0;14;9;3;13;A01
201700037288;2;35;0;14;9;3;13;B01
201700037289;1;7;0;0;9;4;23;A01
201700037289;1;1;0;0;2;1;0;B01
201700037290;2;7;0;0;2;1;14;B01
201700037290;1;7;0;0;2;1;15;A01
201700037291;1;1;0;15;0;1;1;B01
201700037291;2;7;0;0;9;0;23;A01
201700037292;2;7;0;0;2;1;21;A01
201700037292;2;7;0;2;0;8;10;B01
201700037293;2;7;0;0;1;1;1;A01
201700037294;1;10;0;0;2;4;23;C01
201700037294;1;7;0;0;2;1;1;A01
201700037294;1;7;0;0;2;4;23;B01
201700037294;1;7;0;0;2;4;23;D01
201700037295;1;7;0;0;1;1;1;A01
201700037296;1;7;0;0;1;2;1;A01
201700037297;1;7;0;0;2;4;2;B01
201700037297;1;7;0;0;2;1;2;A01
201700037298;1;7;0;0;2;8;10;B01
201700037298;1;38;1;0;2;1;2;A01
201700037299;1;31;0;0;2;3;13;B01
201700037299;1;33;0;0;2;2;17;A01
201700037300;1;31;0;0;2;2;15;B01
201700037300;2;31;0;0;2;1;1;A01
201700037301;1;7;0;0;6;4;23;A01
201700037301;1;10;0;0;2;1;1;B01
201700037302;1;7;0;0;2;3;9;A01
201700037302;1;33;0;0;2;7;21;B01
201700037303;1;7;0;1;0;2;14;A01
201700037304;1;34;0;0;2;1;1;B01
201700037304;2;10;0;0;2;1;15;A01
201700037305;1;7;0;1;0;3;19;A01
201700037306;1;7;0;0;1;2;9;A01
201700037307;1;1;0;0;2;8;1;A01
201700037307;1;7;0;0;2;7;16;B01
201700037308;1;7;0;0;1;1;9;A01
201700037309;1;7;0;0;2;3;1;B01
201700037309;2;7;0;0;2;3;13;A01
201700037310;2;1;0;0;2;7;1;B01
201700037310;2;10;0;0;2;1;16;A01
201700037311;1;7;0;0;1;2;0;A01
201700037312;2;7;0;0;2;4;16;B01
201700037312;2;7;0;0;2;1;2;A01
201700037313;2;7;0;7;2;1;1;B01
201700037313;2;7;0;7;2;8;15;A01
201700037314;2;7;0;0;2;1;1;B01
201700037314;1;33;0;0;2;7;15;A01
201700037315;1;1;0;1;0;7;17;B01
201700037315;1;10;0;0;2;8;24;A01
201700037316;2;33;0;0;2;1;1;B01
201700037316;1;7;0;0;2;7;15;A01
201700037317;1;7;0;0;2;8;1;B01
201700037317;1;33;0;0;2;3;13;A01
201700037318;1;7;0;0;2;2;1;B01
201700037318;2;7;0;0;2;1;15;A01
201700037319;1;7;0;0;2;8;0;A01
201700037319;2;31;0;0;2;3;16;B01
201700037320;1;7;0;0;2;1;1;A01
201700037320;1;30;0;0;2;7;1;B01
201700037321;2;1;0;0;1;0;0;A01
201700037322;1;7;0;0;0;3;15;A01
201700037322;2;30;0;0;2;2;1;B01
201700037323;2;7;0;0;1;2;1;A01
201700037324;0;7;0;0;2;1;1;A01
201700037324;2;7;0;0;2;4;1;B01
201700037324;2;7;0;0;2;0;1;C01
201700037325;2;7;0;0;0;0;10;A01
201700037325;2;33;0;0;0;0;1;B01
201700037326;2;33;0;14;0;1;1;A01
201700037327;2;7;0;0;1;4;4;A01
201700037328;2;30;0;0;2;4;0;B01
201700037328;2;7;0;0;2;1;0;A01
201700037329;2;33;0;0;2;1;1;B01
201700037329;1;7;0;0;2;2;15;A01
201700037330;1;7;0;0;2;1;2;A01
201700037330;1;20;0;0;2;4;2;B01
201700037331;1;33;0;0;2;1;1;A01
201700037331;1;7;0;0;2;3;15;B01
201700037332;2;1;0;0;2;1;13;A01
201700037332;2;7;0;0;2;7;1;B01
201700037333;1;31;0;0;2;2;1;B01
201700037333;1;7;0;0;2;6;20;A01
201700037334;2;7;0;0;2;3;9;A01
201700037334;2;31;0;0;2;9;1;B01
201700037335;2;7;0;0;2;3;1;B01
201700037335;1;7;0;0;2;1;17;A01
201700037336;1;33;0;0;2;1;17;A01
201700037336;1;7;0;0;2;3;13;B01
201700037337;1;34;0;0;2;9;17;A01
201700037337;1;7;0;0;2;3;15;B01
201700037338;1;7;0;0;2;2;21;A01
201700037338;1;33;0;0;1;1;2;B01
201700037339;1;7;0;0;2;4;2;B01
201700037339;1;30;0;0;2;1;2;A01
201700037340;1;7;0;0;2;2;12;B01
201700037340;1;7;0;0;2;6;1;A01
201700037341;2;33;0;0;2;7;1;B01
201700037341;2;7;0;0;2;1;15;A01
201700037342;2;7;0;0;2;1;1;A01
201700037342;1;7;0;0;2;7;1;B01
201700037343;1;34;0;0;2;1;1;B01
201700037343;1;7;0;0;2;2;15;A01
201700037344;2;7;0;0;2;8;1;B01
201700037344;1;7;0;0;2;1;13;A01
201700037345;1;7;0;0;1;2;16;A01
201700037346;1;33;0;0;2;1;13;A01
201700037346;2;7;0;0;2;6;1;B01
201700037346;2;7;0;0;2;3;1;C01
201700037347;2;1;0;0;1;1;1;B01
201700037347;2;1;0;0;1;1;1;A01
201700037348;2;31;0;0;2;1;15;A01
201700037348;1;7;0;0;2;1;15;B01
201700037349;1;7;0;0;2;1;2;A01
201700037349;1;33;0;0;2;4;1;B01
201700037350;2;7;0;0;2;3;1;C01
201700037350;1;7;0;0;2;2;1;B01
201700037350;1;7;0;0;2;2;9;A01
201700037351;2;33;0;0;2;4;1;B01
201700037351;0;7;0;0;2;1;2;A01
201700037352;1;31;0;14;0;1;15;A01
201700037353;1;33;0;0;2;1;1;B01
201700037353;2;3;0;0;2;7;15;A01
201700037354;1;33;0;0;2;1;17;A01
201700037354;2;7;0;0;2;3;1;B01
201700037355;1;7;0;0;2;3;13;A01
201700037355;2;7;0;0;2;3;1;B01
201700037356;1;7;0;0;1;1;1;A01
201700037357;2;7;0;0;2;8;19;A01
201700037357;1;31;0;0;2;1;19;B01
201700037358;1;7;0;0;1;8;1;A01
201700037359;2;7;0;0;2;4;15;B01
201700037359;2;34;0;0;2;1;2;A01
201700037360;2;7;0;0;1;3;1;A01
201700037361;1;34;0;0;2;1;1;B01
201700037361;1;7;0;0;2;3;10;A01