num_acc;senc;catv;occutc;obs;obsm;choc;manv;num_veh
201700037362;1;1;0;0;2;8;0;B01
201700037362;1;7;0;0;2;0;1;A01
201700037363;2;1;0;0;2;7;19;B01
201700037363;1;7;0;0;2;1;1;A01
201700037364;1;99;0;0;2;1;7;B01
201700037364;1;7;0;0;2;7;16;A01
201700037365;1;33;0;0;1;1;2;A01
201700037366;1;7;0;0;1;0;0;A01
201700037366;1;7;0;0;2;0;0;B01
201700037367;1;7;0;0;1;1;0;B01
201700037367;1;7;0;1;0;3;15;A01
201700037368;1;2;0;0;0;0;0;A01
201700037369;2;30;0;0;2;3;1;B01
201700037369;1;7;0;0;2;3;0;A01
201700037370;2;7;0;0;1;4;4;A01
201700037371;2;10;0;0;2;3;1;B01
201700037371;1;7;0;0;2;3;13;A01
201700037372;1;33;0;0;0;0;0;B01
201700037372;1;7;0;0;2;3;9;A01
201700037373;1;7;0;0;2;4;4;A01
201700037373;1;2;0;0;2;1;2;B01
201700037374;1;2;0;0;2;1;1;A01
201700037374;1;7;0;0;2;3;1;B01
201700037375;1;7;0;0;2;3;15;A01
201700037375;2;33;0;0;2;1;1;B01
201700037376;1;7;0;0;2;3;2;A01
201700037376;1;30;0;0;2;1;2;B01
201700037377;1;33;0;1;0;1;2;A01
201700037377;1;7;0;10;0;4;0;B01
201700037378;1;7;0;0;1;1;1;A01
201700037379;2;14;0;0;2;7;2;A01
201700037379;2;1;0;0;2;8;2;B01
201700037380;2;33;0;0;2;1;13;A01
201700037380;1;37;0;0;2;1;1;B01
201700037381;1;33;0;0;2;1;1;B01
201700037381;2;7;0;0;2;2;15;A01
201700037382;2;33;0;0;2;3;2;B01
201700037382;1;2;0;0;2;1;15;A01
201700037383;2;7;0;0;2;7;15;A01
201700037383;1;33;0;0;2;1;1;B01
201700037384;1;32;0;0;2;2;1;B01
201700037384;2;7;0;0;2;2;15;A01
201700037385;1;7;0;0;2;1;1;A01
201700037385;1;1;0;0;2;5;1;V01
201700037386;2;7;0;0;1;1;1;A01
201700037387;1;7;0;0;2;3;0;A01
201700037387;2;33;0;0;2;1;0;B01
201700037388;1;3;0;0;2;3;1;B01
201700037388;1;30;0;0;9;2;14;A01
201700037389;2;34;0;0;2;1;1;B01
201700037389;1;7;0;2;2;1;15;A01
201700037390;1;7;0;0;1;1;1;A01
201700037391;1;7;0;0;2;2;15;A01
201700037391;1;33;0;0;2;1;2;B01
201700037392;1;1;0;0;2;7;19;B01
201700037392;2;7;0;0;2;1;1;A01
201700037393;1;7;0;0;2;8;2;C01
201700037393;1;32;0;1;2;3;17;A01
201700037393;1;7;0;0;2;5;0;D01
201700037393;1;7;0;0;2;4;20;B01
201700037394;1;7;0;1;0;1;14;A01
201700037394;1;15;0;1;0;4;24;B01
201700037395;1;7;0;0;2;4;11;A01
201700037395;1;33;0;8;2;3;1;B01
201700037396;1;7;0;0;2;2;2;A01
201700037396;1;7;0;0;2;3;2;B01
201700037397;1;7;0;0;2;4;2;B01
201700037397;1;32;0;0;2;1;2;A01
201700037398;1;32;0;8;0;1;14;A01
201700037399;1;7;0;0;1;3;15;A01
201700037400;2;7;0;0;1;1;1;A01
201700037401;1;7;0;0;1;1;1;A01
201700037402;1;7;0;0;1;1;2;A01
201700037403;0;10;0;0;1;1;16;A01
201700037404;1;7;0;0;1;1;0;A01
201700037405;0;33;0;0;2;7;9;B01
201700037405;0;10;0;0;0;0;0;A01
201700037405;0;7;0;0;2;1;2;C01
201700037406;1;2;0;0;2;8;9;B01
201700037406;1;2;0;0;2;8;19;A01
201700037407;2;33;0;1;2;1;0;A01
201700037407;2;7;0;0;2;2;0;B01
201700037408;1;10;0;1;0;1;1;A01
201700037409;1;33;0;0;2;0;0;A01
201700037409;0;7;0;0;0;0;0;Z01
201700037410;1;7;0;0;2;8;19;A01
201700037410;2;31;0;0;2;1;1;B01
201700037411;2;7;0;15;0;6;19;B01
201700037411;1;7;0;0;2;3;19;A01
201700037412;1;7;0;0;2;3;10;A01
201700037412;1;33;0;0;2;1;1;B01
201700037413;1;30;0;0;2;7;1;B01
201700037413;2;7;0;0;2;1;15;A01
201700037414;1;7;0;0;2;3;1;A01
201700037414;2;7;0;0;2;3;13;Z01
201700037415;2;7;0;0;2;8;9;B01
201700037415;2;7;0;0;2;1;0;A01
201700037416;2;30;0;1;0;1;13;A01
201700037417;1;37;1;0;2;0;0;B01
201700037417;1;7;0;0;2;0;16;A01
201700037418;1;10;0;0;1;6;4;A01
201700037419;2;7;0;0;1;1;15;A01
201700037420;0;7;0;0;1;3;1;A01
201700037421;1;2;0;0;2;1;17;A01
201700037421;1;7;0;0;2;3;15;B01
201700037422;0;1;0;0;2;7;5;A01
201700037422;0;7;0;0;2;1;1;B01
201700037423;1;7;0;0;2;2;9;A01
201700037423;1;33;0;0;2;1;1;C01
201700037423;1;33;0;0;2;1;1;B01
201700037424;2;7;0;0;2;8;2;B01
201700037424;2;33;0;0;2;7;17;A01
201700037425;1;7;0;0;1;1;1;A01
201700037426;1;7;0;0;1;3;18;A01
201700037427;1;2;0;0;2;1;17;A01
201700037427;1;7;0;0;2;3;0;B01
201700037428;0;2;0;0;1;1;1;Z01
201700037429;1;7;0;0;1;1;1;A01
201700037430;2;32;0;0;2;1;0;B01
201700037430;1;7;0;0;2;1;1;C01
201700037430;1;7;0;0;2;3;15;A01
201700037431;0;32;0;0;2;1;13;A01
201700037431;0;7;0;0;0;3;1;B01
201700037432;1;1;0;14;0;1;0;B01
201700037432;1;20;0;0;2;1;0;A01
201700037433;2;7;0;0;2;1;1;A01
201700037433;1;7;0;0;2;3;20;B01
201700037434;0;7;0;0;1;1;1;A01
201700037435;1;7;0;0;1;1;1;A01
201700037436;1;7;0;0;0;4;15;B01
201700037436;1;33;0;0;2;1;2;A01
201700037437;1;7;0;0;2;7;1;A01
201700037437;1;33;0;0;2;1;1;B01
201700037438;2;33;0;0;2;8;0;B01
201700037438;1;10;0;0;2;2;19;A01
201700037439;0;31;0;0;1;1;1;A01
201700037440;1;7;0;14;0;1;1;B01
201700037440;1;30;0;0;2;1;1;A01
201700037440;1;7;0;0;2;1;0;Y01
201700037441;2;7;0;0;2;1;1;B01
201700037441;1;7;0;0;2;2;15;A01
201700037442;1;7;0;1;1;1;0;Z01
201700037443;1;33;0;0;1;3;1;A01
201700037444;1;7;0;0;2;1;1;B01
201700037444;1;7;0;0;2;1;1;A01
201700037445;2;37;0;0;1;1;1;A01
201700037446;2;7;0;0;2;8;2;B01
201700037446;1;7;0;0;2;1;15;A01
201700037447;1;30;0;0;0;0;0;B01
201700037447;1;30;0;0;0;0;0;A01
201700037448;2;2;0;0;2;2;17;A01
201700037448;1;7;0;0;2;0;0;B01
201700037449;1;1;0;1;0;1;2;A01
201700037450;1;3;0;0;1;2;1;A01
201700037451;1;32;0;0;0;0;0;A01
201700037451;1;7;0;0;0;0;0;B01
201700037452;1;7;0;0;2;1;2;A01
201700037452;1;7;0;0;2;4;2;C01
201700037452;1;7;0;0;2;4;2;B01
201700037453;1;7;0;0;2;1;11;A01
201700037453;1;32;0;0;2;1;1;B01
201700037454;1;7;0;0;2;3;15;A01
201700037454;1;2;0;0;2;2;1;B01
201700037455;1;7;0;0;2;3;1;B01
201700037455;1;7;0;0;2;0;16;Z01
201700037456;1;7;0;0;0;6;15;B01
201700037456;1;2;0;0;2;1;2;A01
201700037457;1;7;0;0;2;4;23;B01
201700037457;1;2;0;0;2;1;2;A01
201700037458;1;7;0;0;1;1;0;A01
201700037459;2;7;0;1;2;1;14;A01
201700037460;0;7;0;0;1;3;15;Z01
201700037461;1;7;0;0;2;0;0;C01
201700037461;1;7;0;0;2;1;1;B01
201700037461;1;7;0;0;2;1;11;A01
201700037461;1;7;0;0;2;3;1;D01
201700037462;2;7;0;0;2;5;2;B01
201700037462;2;2;0;0;2;1;2;A01
201700037463;1;7;0;0;2;4;2;D01
201700037463;1;7;0;0;2;6;2;B01
201700037463;1;7;0;0;2;2;2;A01
201700037463;1;7;0;0;2;6;2;C01
201700037464;1;7;0;0;1;1;1;Z01
201700037465;1;33;0;0;2;1;14;A01
201700037465;1;33;0;0;2;7;23;B01
201700037466;1;34;0;1;0;1;1;A01
201700037466;1;7;0;0;2;6;23;B01
201700037467;1;7;0;0;2;1;9;A01
201700037467;1;34;0;0;2;1;1;B01
201700037468;2;7;0;0;1;1;1;A01
201700037469;0;30;0;0;0;0;0;A01
201700037469;0;7;0;0;2;2;1;B01
201700037470;1;33;0;0;2;3;1;B01
201700037470;0;7;0;0;2;0;15;A01
201700037471;0;7;0;0;1;0;0;A01
201700037472;1;32;0;0;0;3;1;A01
201700037473;0;7;0;0;2;7;1;B01
201700037473;1;7;0;0;2;0;19;A01
201700037474;2;7;0;0;2;1;11;A01
201700037474;2;7;0;0;2;3;1;B01
201700037475;2;7;0;0;2;8;10;B01
201700037475;2;2;0;0;2;1;17;A01
201700037476;1;7;0;0;1;2;1;A01
201700037477;1;7;0;0;2;3;15;B01
201700037477;1;32;0;1;2;2;1;A01
201700037478;2;7;0;0;2;8;1;A01
201700037478;2;31;0;0;2;1;1;B01
201700037479;0;31;0;0;2;5;1;B01
201700037479;1;7;0;0;2;2;1;A01
201700037480;1;7;0;0;2;1;15;B01
201700037480;1;7;0;0;2;2;0;A01
201700037481;2;2;0;0;2;3;2;A01
201700037481;1;7;0;0;2;2;2;B01
201700037482;1;2;0;11;2;2;17;A01
201700037482;1;7;0;11;2;3;16;B01
201700037483;2;7;0;0;0;5;15;B01
201700037483;2;30;0;0;2;1;0;A01
201700037484;1;7;0;0;2;2;1;B01
201700037484;1;2;0;0;2;7;0;A01
201700037485;1;31;0;0;2;3;1;B01
201700037485;2;7;0;0;2;1;19;A01
201700037486;2;7;0;0;2;1;21;A01
201700037486;1;7;0;0;2;5;10;B01
201700037487;2;7;0;0;2;1;1;B01
201700037487;1;33;0;0;2;1;13;A01
201700037488;2;33;0;0;2;1;1;B01
201700037488;1;7;0;0;2;2;15;A01
201700037489;1;7;0;0;2;3;15;A01
201700037489;2;7;0;0;2;1;1;B01
201700037490;1;31;0;0;2;1;0;B01
201700037490;1;7;0;0;2;3;15;A01
201700037491;1;7;0;0;2;3;9;A01
201700037491;1;7;0;0;2;2;0;B01
201700037492;1;33;0;0;1;1;1;A01
201700037493;0;33;0;0;1;8;1;Z01
201700037494;1;7;0;1;0;4;23;C01
201700037494;1;7;0;1;0;1;1;A01
201700037494;1;7;0;1;0;4;23;B01
201700037494;1;7;0;0;2;4;23;D01
201700037495;0;7;0;0;1;7;1;A01
201700037496;2;7;0;0;2;6;1;B01
201700037496;2;33;0;0;2;1;2;A01
201700037497;1;31;0;0;2;6;1;B01
201700037497;1;7;0;0;2;1;1;A01
201700037498;1;7;0;0;2;1;0;A01
201700037498;1;7;0;0;1;4;23;B01
201700037499;1;33;0;14;2;8;1;B01
201700037499;1;10;0;0;2;7;12;A01
201700037500;1;7;0;0;2;1;7;B01
201700037500;1;33;0;0;2;1;1;A01
201700037501;2;33;0;0;2;3;16;A01
201700037501;1;7;0;0;2;1;21;B01
201700037502;1;7;0;0;2;7;15;A01
201700037502;2;33;0;15;2;7;21;B01
201700037503;1;7;0;0;2;3;15;B01
201700037503;1;31;0;0;2;1;17;A01
201700037504;1;10;0;0;2;1;1;A01
201700037504;1;7;0;0;2;5;1;B01
201700037505;1;1;0;0;2;8;19;B01
201700037505;1;31;0;0;2;1;17;A01
201700037506;1;31;0;8;0;2;1;A01
201700037507;1;30;0;0;1;1;21;A01
201700037508;1;31;0;0;2;3;13;A01
201700037508;1;31;0;0;2;3;13;B01
201700037509;2;33;0;0;1;7;17;A01
201700037510;1;7;0;0;9;1;1;A01
201700037510;2;1;0;0;2;1;13;B01
201700037511;0;37;1;0;2;8;2;B01
201700037511;1;7;0;0;2;1;19;A01
201700037512;1;33;0;16;0;8;1;A01
201700037512;1;7;0;0;2;8;11;B01
201700037513;1;2;0;0;2;5;1;B01
201700037513;2;7;0;0;2;1;9;Z01
201700037514;1;7;0;0;1;1;15;A01
201700037515;2;33;0;0;2;1;1;B01
201700037515;2;7;0;0;2;5;15;A01
201700037516;2;7;0;0;2;1;16;A01
201700037516;2;1;0;0;2;5;1;B01
201700037517;2;7;0;0;1;1;16;A01
201700037518;1;7;0;0;1;1;2;A01
201700037519;2;7;0;0;1;2;1;A01
201700037520;1;7;0;0;2;3;15;B01
201700037520;1;7;0;0;2;2;2;A01
201700037521;1;7;0;0;2;5;15;A01
201700037521;2;31;0;0;2;1;21;B01
201700037522;1;7;0;0;1;3;1;A01
201700037523;1;34;0;0;2;1;1;Z01
201700037523;1;7;0;0;9;4;1;A01
201700037524;0;7;0;0;1;1;0;A01
201700037525;1;31;0;0;2;1;9;B01
201700037525;2;37;0;0;2;2;7;A01
201700037526;1;34;0;0;2;1;13;B01
201700037526;1;7;0;0;2;3;13;A01
201700037527;1;34;0;0;2;4;23;A01
201700037527;1;7;0;0;2;1;2;Z01
201700037528;2;31;0;0;2;2;17;A01
201700037528;2;7;0;0;2;6;15;B01
201700037529;1;31;0;11;0;1;14;A01
201700037530;2;7;0;0;2;6;20;A01
201700037530;2;7;0;0;2;2;0;B01
201700037531;1;7;0;0;2;3;15;B01
201700037531;1;33;0;0;2;2;17;A01
201700037532;1;7;0;0;1;1;1;A01
201700037533;2;33;0;0;2;1;17;B01
201700037533;1;7;0;0;2;3;19;A01
201700037534;2;7;0;0;2;8;1;B01
201700037534;1;15;0;0;2;1;0;A01
201700037535;2;7;0;;2;3;15;A01
201700037535;2;31;0;0;2;2;1;B01
201700037536;1;7;0;0;0;0;15;B01
201700037536;1;32;0;0;2;0;0;A01
201700037537;1;7;0;0;2;1;2;A01
201700037537;1;7;0;0;2;4;1;B01
201700037537;1;33;0;0;2;4;2;C01
201700037538;1;7;0;0;2;3;15;Z01
201700037538;1;30;0;0;2;3;1;B01
201700037539;1;7;0;0;1;3;2;A01
201700037540;0;7;0;0;2;2;19;A01
201700037540;0;34;0;0;2;1;17;B01
201700037541;2;7;0;0;1;2;0;A01
201700037542;1;7;0;0;1;3;0;A01
201700037543;2;7;0;0;1;1;1;Z01
201700037544;1;1;0;0;1;8;1;A01
201700037545;2;7;0;0;2;2;17;A01
201700037545;2;7;0;0;2;3;9;B01
201700037546;1;7;0;0;2;1;1;A01
201700037546;1;7;0;0;2;4;15;B01
201700037547;2;7;0;0;2;3;9;B01
201700037547;1;7;0;0;2;2;15;A01
201700037548;1;33;0;0;2;4;2;B01
201700037548;1;7;0;0;2;1;2;A01
201700037549;0;7;0;0;9;1;1;B01
201700037549;0;1;0;0;2;1;5;A01
201700037550;1;7;0;8;0;1;13;A01
201700037551;1;7;0;0;1;2;1;A01
201700037552;1;7;0;0;1;1;1;A01
201700037553;2;7;0;0;2;1;2;A01
201700037553;2;7;0;0;2;4;23;B01
201700037554;1;7;0;0;1;8;1;A01
201700037555;2;7;0;0;1;2;1;A01
201700037556;2;34;0;0;2;1;21;B01
201700037556;1;7;0;0;2;1;13;Z01
201700037557;1;33;0;0;2;2;2;B01
201700037557;1;7;0;0;9;3;15;A01
201700037558;0;31;0;1;2;1;19;A01
201700037558;0;31;0;0;2;1;19;B01
201700037559;0;30;0;0;2;7;17;A01
201700037559;0;7;0;0;2;2;19;B01
201700037560;1;7;0;0;2;1;9;A01
201700037560;1;7;0;0;2;5;1;B01
201700037561;2;1;0;0;2;3;1;B01
201700037561;1;7;0;0;2;2;11;A01
201700037562;2;7;0;0;1;1;1;A01
201700037563;1;7;0;0;2;2;21;B01
201700037563;1;7;0;0;2;3;20;A01
201700037564;1;7;0;0;1;2;9;A01
201700037565;2;7;0;0;2;1;0;A01
201700037565;2;7;0;0;0;4;0;B01
201700037566;1;7;0;0;1;2;1;A01
201700037567;2;7;0;0;1;3;1;A01
201700037568;2;7;0;0;1;7;1;A01
201700037569;1;7;0;0;1;3;1;A01
201700037570;1;7;0;0;2;1;5;A01
201700037570;2;7;0;0;2;1;1;B01
201700037571;2;31;0;0;0;9;1;A01
201700037572;1;7;0;0;2;1;0;B01
201700037572;2;7;0;0;2;3;21;A01
201700037573;1;7;0;0;2;8;10;A01
201700037573;1;7;0;0;2;1;1;B01
201700037574;2;31;0;12;2;2;1;B01
201700037574;0;7;0;0;2;2;19;A01
201700037575;2;10;0;0;2;3;2;B01
201700037575;2;34;0;9;2;1;2;A01
201700037576;2;7;0;0;1;2;1;A01
201700037577;1;31;0;0;2;1;1;A01
201700037577;2;7;0;0;2;1;15;Z01
201700037578;0;1;0;0;2;1;5;A01
201700037578;1;7;0;0;2;1;1;B01
201700037579;1;7;0;0;1;2;1;A01
201700037580;1;7;0;0;2;1;2;Z01
201700037580;1;7;0;0;2;4;2;B01
201700037581;1;7;0;0;2;1;2;A01
201700037581;1;7;0;0;2;4;2;B01
201700037582;1;10;0;0;2;3;1;A01
201700037582;1;7;0;0;2;8;19;B01
201700037583;2;33;0;0;2;1;1;B01
201700037583;1;7;0;0;2;2;10;A01
201700037584;1;10;0;0;1;2;1;A01
201700037585;2;7;0;0;2;7;2;A01
201700037585;2;33;0;0;2;3;1;B01
201700037586;1;7;0;0;1;3;1;A01
201700037587;2;7;0;0;1;0;1;A01
201700037588;1;7;0;0;1;1;1;A01
201700037589;1;7;0;0;1;2;1;A01
201700037590;2;37;1;0;1;7;9;A01
201700037591;1;7;0;0;1;0;0;A01
201700037592;2;7;0;0;2;3;1;B01
201700037592;1;7;0;0;2;7;15;A01
201700037593;1;7;0;0;1;3;0;A01
201700037594;1;31;0;6;2;1;1;A01
201700037594;2;7;0;0;2;3;9;B01
201700037595;1;7;0;14;2;2;1;A01
201700037595;2;7;0;0;2;1;1;B01
201700037596;1;7;0;0;2;3;19;A01
201700037596;2;37;2;0;2;2;1;B01
201700037597;1;7;0;0;2;2;2;A01
201700037597;1;1;0;0;2;4;2;B01
201700037598;1;7;0;0;2;7;2;A01
201700037598;0;33;0;0;2;6;2;B01
201700037599;2;7;0;0;2;5;20;B01
201700037599;2;7;0;0;2;1;18;A01
201700037600;2;7;0;3;2;3;13;A01
201700037600;1;10;0;0;2;3;1;B01
201700037601;1;7;0;0;2;5;23;B01
201700037601;1;7;0;0;2;7;23;C01
201700037601;1;7;0;0;2;8;14;A01
201700037602;2;10;0;0;1;4;4;A01
201700037603;2;7;0;0;2;6;10;A01
201700037603;2;33;0;0;2;2;1;B01
201700037604;1;37;0;0;1;2;0;A01
201700037605;1;7;0;0;1;1;1;A01
201700037606;1;7;0;0;1;1;1;A01
201700037607;1;7;0;0;0;0;0;A01
201700037607;1;7;0;0;0;0;0;B01
201700037608;1;38;1;1;0;2;15;A01
201700037608;1;20;0;0;2;8;24;B01
201700037609;1;7;0;0;1;1;1;A01
201700037610;2;7;0;0;9;1;17;A01
201700037610;1;1;0;0;2;1;1;B01
201700037611;1;33;0;6;2;1;1;A01
201700037611;1;34;0;0;2;5;1;B01
201700037612;2;10;0;0;2;4;0;C01
201700037612;2;10;0;0;2;2;2;B01
201700037612;2;10;0;0;2;4;0;D01
201700037612;2;7;0;13;0;1;1;A01
201700037613;1;33;0;0;2;2;1;A01
201700037613;2;7;0;0;2;8;1;B01
201700037614;2;7;0;0;1;1;1;A01
201700037615;1;7;0;0;2;3;2;B01
201700037615;1;7;0;0;2;8;2;A01
201700037615;2;7;0;0;2;1;19;C01
201700037616;1;37;1;0;1;2;16;A01
201700037617;1;10;0;0;2;2;9;A01
201700037617;1;7;0;0;2;1;1;B01
201700037618;1;30;0;0;1;4;14;A01
201700037619;1;7;0;0;1;6;15;A01
201700037620;2;33;0;9;0;1;1;A01
201700037621;1;31;0;0;2;1;1;B01
201700037621;2;7;0;0;2;2;15;A01
201700037622;1;7;0;0;1;1;1;A01
201700037623;2;7;0;0;1;1;1;B01
201700037624;1;7;0;1;0;3;14;A01
201700037625;1;7;0;0;1;8;9;F02
201700037625;1;7;0;3;0;1;9;A01
201700037625;1;7;0;0;1;1;1;E01
201700037625;1;7;0;16;0;4;23;B01
201700037625;1;7;0;1;0;1;2;C01
201700037626;2;7;0;0;1;1;16;A01
201700037627;1;33;0;0;2;1;1;A01
201700037627;2;7;0;0;2;1;2;B01
201700037628;1;7;0;1;0;1;14;A01
201700037628;1;20;0;0;2;6;24;B01
201700037629;2;7;0;0;2;3;15;A01
201700037629;2;7;0;0;2;1;1;B01
201700037630;2;7;0;0;9;1;2;B01
201700037630;2;2;0;0;2;6;2;A01
201700037631;1;33;0;0;2;1;1;B01
201700037631;1;7;0;0;2;1;15;A01
201700037632;2;7;0;0;1;1;1;A01
201700037633;1;7;0;6;0;1;13;A01
201700037634;1;7;0;0;1;2;17;A01
201700037635;2;33;0;0;2;1;1;B01
201700037635;1;7;0;0;2;7;16;A01
201700037636;2;7;0;0;2;7;9;A01
201700037636;1;7;0;0;2;1;1;B01
201700037637;1;7;0;1;0;1;13;A01
201700037638;2;7;0;8;0;8;17;A01
201700037639;1;7;0;0;2;1;19;A01
201700037639;1;7;0;0;2;3;1;B01
201700037640;1;7;0;0;2;7;15;A01
201700037640;2;31;0;0;2;1;1;B01
201700037641;2;31;0;0;2;4;21;B01
201700037641;2;7;0;0;2;2;9;A01
201700037642;1;7;0;0;2;7;15;A01
201700037642;2;31;0;0;2;1;1;B01
201700037643;1;7;0;0;2;5;16;A01
201700037643;1;33;0;0;2;5;16;B01
201700037644;1;7;0;1;0;4;24;A01
201700037644;1;1;0;1;0;4;24;B01
201700037645;2;33;0;0;2;1;1;A01
201700037645;1;7;0;0;2;2;15;B01
201700037646;1;7;0;0;1;1;16;A01
201700037647;1;7;0;0;2;1;2;A01
201700037647;1;7;0;0;2;7;2;B01
201700037648;2;7;0;0;2;1;15;A01
201700037648;1;33;0;0;2;3;1;B01
201700037649;2;33;0;0;2;8;1;A01
201700037649;2;7;0;0;2;2;9;B01
201700037650;1;31;0;0;2;1;1;A01
201700037650;2;7;0;0;2;7;15;B01
201700037651;1;7;0;6;0;1;1;A01
201700037652;1;7;0;0;1;1;1;A01
201700037653;1;7;0;0;2;8;15;A01
201700037653;2;2;0;0;2;1;17;B01
201700037654;1;7;0;0;2;3;9;A01
201700037654;1;31;0;0;2;0;21;B01
201700037655;2;7;0;0;2;3;13;A01
201700037655;1;7;0;0;2;3;1;B01
201700037656;1;33;0;0;2;9;1;B01
201700037656;1;7;0;0;2;1;9;A01
201700037656;2;7;0;0;2;3;1;C01
201700037657;1;1;0;0;2;1;2;A01
201700037657;1;15;0;0;9;5;23;B01
201700037658;1;7;0;0;2;2;1;A01
201700037658;1;1;0;13;2;4;23;B01
201700037659;1;7;0;0;2;2;13;A01
201700037659;2;7;0;0;2;2;1;B01
201700037660;0;7;0;0;1;1;1;A01
201700037661;2;33;0;0;2;1;1;B01
201700037661;2;7;0;0;2;3;15;A01
201700037662;1;7;0;0;9;8;15;A01
201700037662;1;1;0;0;2;3;1;B01
201700037663;1;33;0;14;2;1;1;A01
201700037663;2;7;0;0;2;0;0;B01
201700037664;0;33;0;0;2;3;13;A01
201700037664;0;7;0;0;2;6;1;B01
201700037665;1;7;0;0;2;8;9;B01
201700037665;1;7;0;0;2;3;1;A01
201700037666;1;31;0;0;2;1;1;B01
201700037666;2;7;0;0;2;8;15;A01
201700037667;1;30;0;0;2;1;1;A01
201700037667;1;7;0;0;2;2;1;B01
201700037668;2;7;0;0;2;1;13;A01
201700037668;1;7;0;13;2;3;1;B01
201700037669;2;10;0;6;0;3;0;A01
201700037670;2;7;0;13;0;2;0;A01
201700037671;2;7;0;2;0;1;14;A01
201700037672;2;7;0;15;0;1;14;A01
201700037673;2;7;0;0;2;2;15;A01
201700037673;1;2;0;0;2;1;9;B01
201700037674;1;7;0;0;2;2;15;A01
201700037674;2;7;0;0;2;3;1;B01
201700037675;1;7;0;0;1;3;1;A01
201700037676;1;7;0;0;1;1;0;A01
201700037677;1;7;0;0;0;0;0;A01
201700037678;1;7;0;13;0;9;14;A01
201700037679;1;7;0;0;2;3;15;A01
201700037679;2;31;0;0;2;1;0;B01
201700037680;2;7;0;0;2;2;2;A01
201700037680;2;7;0;0;2;6;2;B01
201700037681;1;7;0;0;2;1;15;A01
201700037681;1;7;0;0;2;8;1;B01
201700037682;1;7;0;0;2;1;1;B01
201700037682;1;7;0;0;2;8;15;A01
201700037683;1;7;0;0;2;0;0;A01
201700037683;1;7;0;0;2;3;1;B01
201700037684;2;33;0;0;2;4;2;B01
201700037684;2;7;0;0;2;2;2;A01
201700037685;1;7;0;0;2;7;15;A01
201700037685;2;34;0;0;2;1;1;B01
201700037686;1;7;0;0;2;4;2;B01
201700037686;1;7;0;0;0;0;0;A01
201700037687;0;7;0;0;2;1;1;B01
201700037687;1;2;0;0;2;7;9;A01
201700037688;2;7;0;0;2;3;1;B01
201700037688;1;7;0;0;2;3;13;A01
201700037689;2;10;0;0;2;8;1;B01
201700037689;1;30;0;6;2;1;18;A01
201700037690;1;7;0;0;2;5;10;A01
201700037690;2;7;0;0;2;1;1;B01
201700037691;1;30;0;0;2;1;2;A01
201700037691;1;7;0;0;2;4;2;B01
201700037692;1;10;0;0;2;1;1;A01
201700037692;1;7;0;0;2;1;13;B01
201700037693;1;7;0;0;2;1;9;B01
201700037693;1;7;0;9;2;3;9;A01
201700037694;1;10;0;0;2;5;15;A01
201700037694;1;2;0;0;2;1;1;B01
201700037695;1;7;0;0;2;3;2;B01
201700037695;1;7;0;0;2;4;23;A01
201700037696;1;33;0;8;0;9;1;A01
201700037697;1;7;0;0;9;1;1;B01
201700037697;2;10;0;0;2;1;13;A01
201700037698;1;7;0;0;2;1;5;A01
201700037698;2;7;0;0;2;1;1;B01
201700037699;1;7;0;0;1;1;1;A01
201700037700;1;7;0;0;0;9;14;A01
201700037701;1;7;0;0;2;1;0;A01
201700037701;1;10;0;0;2;2;1;B01
201700037702;2;1;0;0;2;3;13;B01
201700037702;2;7;0;0;9;2;21;A01
201700037703;1;7;0;0;1;3;0;A01
201700037703;2;10;0;0;2;1;1;B01
201700037704;1;33;0;0;1;3;1;A01
201700037705;1;2;0;0;2;1;3;A01
201700037705;2;7;0;0;2;5;15;B01
201700037705;2;7;0;0;2;3;1;C01
201700037706;1;34;0;0;2;1;1;A01
201700037706;1;7;0;0;2;3;1;B01
201700037707;1;7;0;0;1;1;1;A01
201700037708;1;7;0;0;1;3;1;A01
201700037709;2;7;0;0;1;2;17;A01
201700037710;1;10;0;0;1;3;1;A01
201700037711;1;7;0;0;2;1;2;A01
201700037711;1;7;0;0;2;4;2;B01
201700037711;1;7;0;0;2;4;2;C01
201700037712;2;38;10;0;2;7;16;A01
201700037712;2;1;0;0;2;8;1;B01
201700037713;1;7;0;0;0;1;13;A01
201700037714;2;7;0;0;2;1;1;B01
201700037714;2;1;0;0;2;7;19;A01
201700037715;1;7;0;0;1;1;1;A01
201700037716;1;7;0;13;0;3;13;A01
201700037717;2;7;0;0;2;1;1;B01
201700037717;1;7;0;0;2;1;13;A01
201700037718;1;7;0;0;1;2;1;A01
201700037719;0;7;0;0;2;1;1;A01
201700037719;2;30;0;0;0;0;0;B01
201700037720;2;7;0;14;0;1;9;A01
201700037721;2;7;0;0;2;4;13;A01
201700037721;2;7;0;9;2;1;17;B01
201700037722;1;30;0;0;2;7;1;B01
201700037722;1;7;0;0;2;8;13;A01
201700037723;2;33;0;0;2;1;1;B01
201700037723;1;7;0;0;2;2;15;A01
201700037724;2;7;0;15;0;1;13;A01
201700037725;0;1;0;0;2;3;2;A01
201700037725;0;1;0;0;2;2;16;B01
201700037726;1;7;0;0;2;2;15;A01
201700037726;1;33;0;0;2;1;1;B01