num_acc;senc;catv;occutc;obs;obsm;choc;manv;num_veh
201700038080;1;7;0;0;1;7;1;A01
201700038081;2;7;0;0;2;4;2;B01
201700038081;2;7;0;0;2;1;2;A01
201700038082;1;7;0;0;2;1;1;B01
201700038082;2;7;0;0;2;2;1;A01
201700038083;1;7;0;0;2;5;16;A01
201700038083;1;1;0;0;2;8;16;B01
201700038084;2;33;0;0;2;7;15;B01
201700038084;2;7;0;0;2;6;15;A01
201700038085;2;7;0;0;2;1;15;A01
201700038085;2;32;0;0;2;3;1;B01
201700038086;1;7;0;0;2;1;1;B01
201700038086;2;7;0;0;2;8;19;A01
201700038087;2;2;0;0;9;0;1;A01
201700038088;1;7;0;0;2;1;9;A01
201700038088;1;10;0;0;2;8;1;B01
201700038089;1;7;0;0;1;4;20;A01
201700038090;2;7;0;0;2;2;9;A01
201700038090;1;7;0;9;2;3;1;B01
201700038091;1;30;0;0;0;8;1;A01
201700038092;2;33;0;0;2;7;1;B01
201700038092;1;7;0;0;2;1;15;A01
201700038093;2;17;0;0;2;1;2;A01
201700038093;2;17;0;0;2;4;2;B01
201700038094;2;7;0;0;2;1;1;B01
201700038094;1;7;0;0;2;5;9;A01
201700038095;1;7;0;0;2;3;15;A01
201700038095;2;33;0;0;2;1;1;B01
201700038096;2;32;0;0;2;3;16;A01
201700038096;1;7;0;0;2;8;1;B01
201700038097;1;31;0;0;2;1;1;A01
201700038097;2;7;0;0;2;8;1;B01
201700038098;2;7;0;0;2;4;2;B01
201700038098;2;7;0;0;2;1;2;A01
201700038099;2;10;0;0;2;1;1;A01
201700038099;2;30;0;0;2;7;1;B01
201700038100;1;7;0;0;2;4;2;D01
201700038100;1;7;0;0;2;1;2;B01
201700038100;1;7;0;0;2;1;2;A01
201700038100;1;7;0;0;2;4;2;C01
201700038101;1;7;0;0;2;6;1;B01
201700038101;1;7;0;0;2;1;2;A01
201700038102;1;7;0;0;2;7;16;B01
201700038102;1;33;0;0;2;8;21;A01
201700038103;2;7;0;0;1;6;4;A01
201700038104;1;7;0;0;2;3;1;B01
201700038104;2;7;0;0;2;3;15;A01
201700038105;2;7;0;0;2;1;1;B01
201700038105;1;7;0;0;2;1;9;A01
201700038106;1;7;0;0;2;3;13;A01
201700038106;2;17;0;0;2;3;1;B01
201700038107;2;7;0;6;0;1;16;A01
201700038108;2;7;0;0;2;8;1;B01
201700038108;1;30;0;0;2;1;13;A01
201700038109;2;7;0;13;0;2;14;A01
201700038110;1;7;0;0;2;5;1;B01
201700038110;2;7;0;0;2;3;9;A01
201700038111;1;7;0;13;0;1;21;A01
201700038112;1;7;0;0;2;3;16;A01
201700038112;1;2;0;0;2;1;1;B01
201700038113;2;7;0;0;2;1;9;Z01
201700038113;1;2;0;0;2;8;1;A01
201700038114;2;7;0;6;0;3;15;A01
201700038114;1;7;0;0;0;0;16;B01
201700038115;0;7;0;0;0;0;0;A01
201700038116;2;33;0;0;0;2;1;A01
201700038117;2;30;0;0;2;8;1;A01
201700038117;1;7;0;0;2;2;1;B01
201700038118;2;7;0;0;2;1;13;A01
201700038118;1;7;0;0;2;7;21;B01
201700038119;1;7;0;0;0;0;9;A01
201700038119;2;30;0;0;0;8;21;B01
201700038120;2;30;0;8;0;1;0;A01
201700038121;2;10;0;0;2;2;9;A01
201700038121;2;7;0;0;2;3;1;B01
201700038122;1;7;0;1;0;2;15;A01
201700038123;1;33;0;13;0;1;0;A01
201700038124;0;7;0;0;1;3;15;A01
201700038125;2;7;0;0;1;3;1;A01
201700038126;2;7;0;0;2;1;1;D01
201700038126;1;7;0;0;2;6;1;E01
201700038126;2;7;0;2;2;4;1;B01
201700038126;2;7;0;0;2;2;14;A01
201700038126;2;7;0;0;2;1;1;C01
201700038127;1;7;0;0;1;2;1;A01
201700038128;1;7;0;2;0;3;14;A01
201700038129;0;30;0;0;0;8;1;A01
201700038130;0;33;0;0;2;1;1;A01
201700038130;0;7;0;0;2;8;1;B01
201700038131;0;32;0;12;0;7;1;A01
201700038132;0;7;0;0;2;6;23;B01
201700038132;0;7;0;0;2;2;2;A01
201700038133;2;7;0;0;2;2;1;A01
201700038133;1;7;0;0;2;3;1;B01
201700038134;2;33;0;0;2;1;18;B01
201700038134;2;7;0;0;2;2;16;A01
201700038135;2;1;0;0;2;1;1;B01
201700038135;2;7;0;0;2;7;15;A01
201700038136;1;7;0;0;1;1;1;A01
201700038137;1;7;0;0;2;3;1;A01
201700038137;1;7;0;0;2;1;1;B01
201700038138;1;7;0;7;1;4;4;A01
201700038139;1;7;0;0;2;5;23;B01
201700038139;1;10;0;0;2;3;21;A01
201700038140;2;7;0;0;2;1;2;A01
201700038140;0;7;0;0;2;4;23;B01
201700038141;2;7;0;0;2;4;23;B01
201700038141;2;7;0;0;2;4;1;C01
201700038141;2;7;0;0;2;1;2;A01
201700038142;2;7;0;15;0;1;13;A01
201700038143;1;7;0;0;2;3;1;B01
201700038143;2;7;0;0;2;2;1;A01
201700038144;0;7;0;0;2;0;10;Z01
201700038144;0;7;0;0;2;6;23;B01
201700038145;2;7;0;13;0;1;1;A01
201700038146;1;30;0;11;0;1;0;A01
201700038147;1;7;0;6;0;1;10;A01
201700038148;1;7;0;0;2;0;16;A01
201700038148;1;30;0;0;2;1;1;B01
201700038149;2;33;0;0;0;8;21;A01
201700038150;2;7;0;6;0;1;0;A01
201700038151;2;10;0;11;0;7;1;A01
201700038152;2;7;0;0;2;1;1;B01
201700038152;1;7;0;0;2;1;15;A01
201700038153;1;7;0;0;2;4;2;B01
201700038153;1;7;0;0;2;1;2;A01
201700038154;1;33;0;16;9;7;1;A01
201700038155;2;7;0;0;2;1;1;A01
201700038155;2;31;0;0;2;7;1;B01
201700038156;2;7;0;6;2;4;2;B01
201700038156;2;10;0;8;2;1;2;A01
201700038157;2;30;0;12;0;0;0;A01
201700038158;0;7;0;0;1;4;4;A01
201700038159;0;7;0;0;2;1;1;B01
201700038159;0;7;0;0;2;1;5;A01
201700038160;2;33;0;0;0;1;1;A01
201700038161;2;7;0;0;2;7;9;B01
201700038161;2;7;0;0;2;1;1;A01
201700038162;2;2;0;0;2;1;15;A01
201700038162;2;7;0;0;2;3;1;B01
201700038163;1;33;0;0;2;1;1;B01
201700038163;2;7;0;0;2;2;16;A01
201700038164;2;33;0;0;0;7;16;A01
201700038165;1;7;0;0;2;4;2;B01
201700038165;1;30;0;0;2;1;2;C01
201700038165;1;10;0;0;2;1;2;A01
201700038166;2;7;0;0;1;3;1;A01
201700038167;2;33;0;6;0;1;14;A01
201700038168;1;7;0;2;0;1;9;A01
201700038169;2;7;0;2;0;3;1;A01
201700038170;1;1;0;1;0;1;14;A01
201700038171;1;7;0;0;1;1;1;Z01
201700038172;1;7;0;6;0;8;16;A01
201700038173;1;30;0;0;0;7;16;A01
201700038174;1;7;0;0;2;4;2;B01
201700038174;1;7;0;0;2;4;2;D01
201700038174;1;10;0;0;2;1;2;A01
201700038174;1;7;0;0;2;4;2;C01
201700038175;1;33;0;0;2;1;2;A01
201700038175;1;7;0;0;2;6;1;B01
201700038176;2;30;0;0;0;8;1;A01
201700038177;2;7;0;0;2;1;2;A01
201700038177;2;7;0;0;2;4;23;B01
201700038178;1;7;0;0;2;8;1;B01
201700038178;0;14;0;0;2;2;12;A01
201700038179;1;7;0;0;1;7;1;A01
201700038180;2;7;0;0;2;1;2;A01
201700038180;2;7;0;0;2;4;2;B01
201700038181;2;33;0;0;2;3;1;B01
201700038181;1;33;0;0;2;1;13;A01
201700038182;2;1;0;0;2;8;1;B01
201700038182;2;7;0;0;2;1;15;A01
201700038183;2;7;0;0;2;3;10;A01
201700038183;1;33;0;0;2;1;1;B01
201700038184;2;7;0;0;2;1;2;A01
201700038184;2;7;0;0;2;4;1;B01
201700038185;1;7;0;0;2;2;1;B01
201700038185;2;30;0;0;2;2;19;A01
201700038186;2;7;0;0;2;1;9;B01
201700038186;1;7;0;8;2;1;9;A01
201700038187;2;7;0;3;2;1;9;A01
201700038187;2;7;0;4;2;1;1;C01
201700038187;2;14;0;3;2;1;1;B01
201700038188;2;7;0;0;2;8;1;C01
201700038188;2;7;0;0;2;2;15;A01
201700038188;1;33;0;0;2;1;1;B01
201700038189;2;2;0;0;0;8;15;A01
201700038190;2;1;0;0;2;2;12;B01
201700038190;2;33;0;0;2;3;11;A01
201700038191;0;1;0;0;2;2;19;A01
201700038191;1;7;0;0;2;3;1;B01
201700038192;2;7;0;0;2;3;13;A01
201700038192;1;7;0;0;2;3;21;B01
201700038193;1;7;0;0;1;3;1;A01
201700038194;1;2;0;0;2;1;2;A01
201700038194;1;7;0;0;2;6;1;B01
201700038195;1;2;0;0;2;1;1;B01
201700038195;2;7;0;0;2;3;9;A01
201700038196;2;7;0;0;1;3;9;A01
201700038197;2;7;0;0;2;1;13;A01
201700038197;1;7;0;0;2;1;1;B01
201700038198;0;7;0;0;2;8;1;B01
201700038198;1;7;0;0;2;1;1;A01
201700038199;2;7;0;0;2;4;23;C01
201700038199;2;7;0;0;2;4;23;B01
201700038199;2;37;7;0;2;1;2;A01
201700038199;2;7;0;0;2;4;23;D01
201700038200;1;7;0;0;2;2;15;A01
201700038200;2;30;0;0;2;1;1;B01
201700038201;1;30;0;0;2;1;1;B01
201700038201;2;7;0;0;2;3;9;A01
201700038202;1;7;0;0;2;1;9;B01
201700038202;2;7;0;0;2;1;9;A01
201700038203;2;30;0;0;0;7;1;A01
201700038204;1;7;0;0;2;1;15;A01
201700038204;2;30;0;0;2;1;1;B01
201700038205;2;33;0;0;2;1;1;B01
201700038205;1;7;0;0;2;6;9;A01
201700038206;1;7;0;0;2;6;2;B01
201700038206;1;30;0;0;2;2;2;A01
201700038207;2;2;0;0;2;1;13;A01
201700038207;1;7;0;1;2;1;1;B01
201700038208;2;7;0;0;1;3;1;A01
201700038209;2;7;0;0;2;1;0;B01
201700038209;2;7;0;0;2;3;9;A01
201700038210;2;7;0;0;1;2;1;A01
201700038211;2;7;0;0;2;3;1;A01
201700038211;1;7;0;0;2;1;1;B01
201700038212;2;10;0;0;2;3;2;B01
201700038212;2;7;0;0;2;1;2;A01
201700038213;1;7;0;12;0;2;1;A01
201700038214;1;7;0;0;2;3;2;A01
201700038214;1;7;0;0;2;5;2;B01
201700038215;1;7;0;0;2;3;1;A01
201700038215;2;32;0;0;2;1;1;B01
201700038216;1;7;0;0;2;7;1;B01
201700038216;2;7;0;0;2;1;9;A01
201700038217;1;10;0;0;2;2;14;A01
201700038217;1;7;0;0;2;3;1;B01
201700038218;1;10;0;0;2;1;9;A01
201700038218;1;7;0;0;2;7;1;B01
201700038219;1;7;0;0;2;6;16;B01
201700038219;1;7;0;0;2;1;2;A01
201700038220;2;7;0;0;0;0;9;Z01
201700038220;1;7;0;1;0;5;13;A01
201700038221;2;30;0;0;2;8;15;A01
201700038221;2;7;0;0;2;7;17;Z01
201700038222;1;2;0;0;0;8;0;A01
201700038223;0;7;0;0;2;1;15;A01
201700038223;1;7;0;0;2;3;1;B01
201700038224;2;7;0;4;0;9;17;A01
201700038225;2;10;0;0;1;3;15;A01
201700038226;2;7;0;13;0;3;1;A01
201700038227;2;7;0;0;2;1;1;A01
201700038227;1;7;0;0;2;8;1;B01
201700038228;1;7;0;6;0;3;16;A01
201700038229;2;7;0;0;2;3;10;A01
201700038229;1;30;0;0;2;1;1;B01
201700038230;2;7;0;0;1;3;15;A01
201700038231;2;7;0;0;2;1;2;A01
201700038231;2;7;0;0;2;4;2;D01
201700038231;2;7;0;0;2;4;2;B01
201700038231;2;7;0;0;2;4;2;C01
201700038232;2;7;0;0;2;8;1;A01
201700038232;2;7;0;3;2;2;1;B01
201700038233;2;7;0;0;0;0;9;B01
201700038233;2;1;0;0;0;0;9;A01
201700038234;2;7;0;0;2;2;15;A01
201700038234;1;1;0;0;2;1;1;B01
201700038235;2;10;0;12;0;1;21;A01
201700038236;2;7;0;0;1;1;1;A01
201700038237;1;37;19;0;2;3;1;B01
201700038237;2;7;0;0;2;1;20;A01
201700038238;1;7;0;0;2;1;2;A01
201700038238;1;7;0;0;2;4;2;C01
201700038238;1;7;0;0;2;4;2;B01
201700038239;1;7;0;0;1;7;1;A01
201700038240;0;33;0;0;2;3;24;B01
201700038240;0;7;0;1;0;5;4;A01
201700038241;2;7;0;0;2;2;1;A01
201700038241;1;10;0;0;2;3;1;B01
201700038242;1;7;0;11;2;3;15;A01
201700038242;2;7;0;0;2;1;1;B01
201700038243;2;7;0;0;2;2;1;B01
201700038243;2;7;0;0;2;3;15;A01
201700038244;1;10;0;0;2;1;15;A01
201700038244;2;33;0;0;2;3;1;B01
201700038245;2;34;0;0;2;7;1;B01
201700038245;2;7;0;0;2;3;15;A01
201700038246;1;7;0;0;2;2;15;B01
201700038246;2;30;0;0;2;3;0;A01
201700038247;2;31;0;0;0;8;1;A01
201700038248;2;7;0;0;2;7;15;A01
201700038248;1;33;0;0;2;1;1;B01
201700038249;2;7;0;0;2;1;12;A01
201700038249;2;7;0;0;2;4;1;B01
201700038250;1;31;0;0;0;8;1;A01
201700038251;1;7;0;0;2;1;2;A01
201700038251;1;7;0;0;2;4;2;B01
201700038252;0;7;0;0;2;4;23;C01
201700038252;0;7;0;0;2;4;23;B01
201700038252;0;7;0;0;2;1;2;A01
201700038253;2;7;0;0;2;3;1;B01
201700038253;2;7;0;0;2;1;9;A01
201700038254;1;10;0;6;2;8;9;A01
201700038254;2;7;0;0;2;1;1;B01
201700038255;2;7;0;0;2;1;15;A01
201700038255;1;7;0;0;2;1;1;B01
201700038256;1;7;0;0;2;8;11;A01
201700038256;1;7;0;0;2;2;1;B01
201700038257;1;7;0;0;1;1;15;A01
201700038258;1;7;0;0;2;3;1;B01
201700038258;2;7;0;0;2;2;15;A01
201700038259;2;7;0;0;2;1;21;A01
201700038259;1;7;0;0;2;1;1;B01
201700038260;1;7;0;0;2;5;1;A01
201700038260;2;10;0;0;2;3;1;B01
201700038261;1;33;0;0;2;1;1;B01
201700038261;0;7;0;0;2;2;19;A01
201700038262;1;33;0;3;2;1;14;A01
201700038262;1;10;0;0;2;5;1;B01
201700038262;1;7;0;0;2;2;1;C01
201700038263;2;7;0;0;2;8;23;C01
201700038263;1;7;0;0;2;1;9;A01
201700038263;2;7;0;0;2;3;1;B01
201700038264;2;2;0;12;0;7;18;A01
201700038265;1;7;0;0;2;3;9;A01
201700038265;1;7;0;0;2;2;1;B01
201700038266;2;7;0;0;1;2;17;A01
201700038267;1;2;0;1;2;2;14;A01
201700038268;1;7;0;0;2;8;1;B01
201700038268;2;7;0;0;2;1;1;A01
201700038269;1;7;0;6;0;1;1;A01
201700038270;2;2;0;0;0;1;1;A01
201700038271;1;7;0;0;2;4;2;C01
201700038271;1;7;0;0;2;1;2;A01
201700038271;1;7;0;0;2;4;2;B01
201700038272;1;7;0;6;0;1;1;A01
201700038273;1;30;0;0;0;7;9;A01
201700038274;2;7;0;0;1;7;1;A01
201700038275;2;7;0;13;0;9;0;A01
201700038276;1;7;0;11;0;1;13;A01
201700038277;1;1;0;0;2;3;0;A01
201700038277;2;1;0;0;2;3;1;B01
201700038278;0;7;0;0;1;4;4;A01
201700038279;1;7;0;0;2;3;10;B01
201700038279;1;7;0;2;2;1;17;A01
201700038280;2;7;0;0;2;3;2;A01
201700038280;2;7;0;3;2;4;1;B01
201700038281;2;10;0;0;1;1;1;A01
201700038282;1;7;0;0;1;2;1;A01
201700038283;1;7;0;0;1;2;1;A01
201700038284;1;7;0;0;1;1;1;A01
201700038285;1;7;0;13;0;1;14;A01
201700038286;2;10;0;1;2;1;9;A01
201700038286;1;7;0;0;2;2;1;B01
201700038287;1;7;0;0;2;2;1;B01
201700038287;2;7;0;0;2;5;15;A01
201700038288;2;7;0;0;2;4;23;C01
201700038288;2;7;0;0;2;4;23;B01
201700038288;2;30;0;0;2;4;23;D01
201700038288;2;7;0;0;2;1;2;A01
201700038289;2;7;0;13;0;1;1;A01
201700038290;2;7;0;0;2;4;2;C01
201700038290;2;10;0;0;2;1;2;A01
201700038290;2;7;0;0;2;4;2;B01
201700038291;1;30;0;12;0;7;0;A01
201700038292;1;7;0;0;2;1;2;A01
201700038292;1;7;0;0;2;4;23;B01
201700038293;1;7;0;0;2;1;2;A01
201700038293;1;7;0;0;2;4;2;B01
201700038294;2;2;0;0;2;7;10;A01
201700038294;1;7;0;0;2;3;1;B01
201700038295;2;7;0;0;2;1;2;A01
201700038295;2;7;0;0;2;4;23;B01
201700038296;2;7;0;0;2;7;15;B01
201700038296;1;32;0;0;2;8;8;A01
201700038297;0;7;0;0;2;8;1;A01
201700038297;1;7;0;0;2;1;1;B01
201700038298;1;7;0;13;0;2;1;A01
201700038299;2;7;0;0;2;1;2;A01
201700038299;2;7;0;0;2;6;2;B01
201700038300;2;7;0;3;0;1;1;A01
201700038301;1;7;0;0;2;8;20;C01
201700038301;1;32;0;0;2;4;23;B01
201700038301;1;7;0;0;2;3;2;A01
201700038302;2;7;0;0;1;1;1;A01
201700038303;2;7;0;3;0;1;14;A01
201700038304;0;37;8;0;1;2;1;A01
201700038305;1;7;0;0;1;2;1;A01
201700038306;2;7;0;0;1;2;1;A01
201700038307;2;7;0;0;2;1;1;A01
201700038307;2;7;0;0;2;3;9;B01
201700038308;2;7;0;0;2;1;2;A01
201700038308;2;7;0;0;2;4;2;B01
201700038309;2;7;0;0;2;6;9;A01
201700038309;2;2;0;0;2;1;1;B01
201700038310;0;7;0;0;1;1;0;A01
201700038311;2;7;0;0;2;4;23;B01
201700038311;2;7;0;0;2;1;2;A01
201700038312;0;33;0;12;0;1;10;A01
201700038313;1;33;0;7;0;1;17;A01
201700038314;1;7;0;0;2;1;2;B01
201700038314;2;7;0;0;2;7;13;A01
201700038315;2;7;0;0;1;1;16;A01
201700038316;1;3;0;0;2;7;1;B01
201700038316;1;7;0;8;0;1;1;A01
201700038317;1;7;0;0;1;1;1;A01
201700038318;1;31;0;0;1;1;17;A01
201700038319;;1;0;;2;1;1;A02
201700038319;1;7;0;0;2;1;1;A01
201700038320;2;7;0;15;0;1;2;A01
201700038321;1;7;0;9;0;9;5;A01
201700038322;1;7;0;0;1;1;15;A01
201700038323;1;7;0;0;1;2;1;A01
201700038324;2;7;0;0;1;1;1;A01
201700038325;1;10;0;12;0;3;13;A01
201700038326;1;7;0;0;1;3;1;A01
201700038327;2;7;0;0;2;2;17;B01
201700038327;1;7;0;0;2;1;5;A01
201700038328;2;7;0;0;2;3;15;A01
201700038328;1;2;0;0;2;0;17;B01
201700038329;2;7;0;0;2;6;19;A01
201700038329;2;17;0;0;2;1;1;B01
201700038330;2;7;0;13;0;9;1;A01
201700038331;2;7;0;0;2;3;1;A01
201700038331;1;7;0;15;2;3;1;B01
201700038332;2;2;0;0;2;1;2;A01
201700038332;0;7;0;0;2;4;16;B01
201700038333;2;7;0;0;1;7;21;A01
201700038334;2;1;0;6;0;3;13;A01
201700038335;2;7;0;0;2;2;2;A01
201700038335;2;1;0;0;2;4;13;B01
201700038336;1;1;0;0;2;4;16;B01
201700038336;1;7;0;0;2;1;15;A01
201700038337;2;31;0;0;1;1;2;A01
201700038338;2;2;0;0;2;1;1;B01
201700038338;2;7;0;0;2;2;15;A01
201700038339;1;31;0;15;0;1;16;A01
201700038340;2;33;0;13;0;2;1;A01
201700038341;2;7;0;14;2;6;2;B01
201700038341;2;33;0;14;2;5;2;A01
201700038342;1;31;0;11;0;1;14;A01
201700038343;2;1;0;0;0;7;0;A01
201700038344;2;7;0;0;0;3;22;C01
201700038344;2;7;0;0;2;3;21;A01
201700038344;2;7;0;0;2;2;19;B01
201700038345;1;7;0;0;2;6;13;A01
201700038345;2;7;0;0;2;6;21;B01
201700038346;2;7;0;14;0;1;16;A01
201700038347;1;7;0;0;2;2;1;A01
201700038347;1;10;0;0;2;3;1;B01
201700038348;1;7;0;0;2;8;9;A01
201700038348;2;1;0;0;2;7;1;B01
201700038349;1;1;0;0;2;0;16;B01
201700038349;2;7;0;0;9;0;15;A01
201700038350;1;7;0;0;2;1;1;B01
201700038350;2;7;0;0;2;1;13;A01
201700038351;2;7;0;0;1;7;1;A01
201700038352;2;7;0;0;2;1;13;A01
201700038352;1;7;0;0;2;1;21;B01
201700038353;2;7;0;0;2;4;2;C01
201700038353;2;7;0;0;2;1;2;A01
201700038353;2;7;0;0;2;4;2;B01
201700038353;2;7;0;0;2;4;2;D01
201700038354;2;7;0;0;1;0;1;Z01
201700038355;1;7;0;0;2;1;15;A01
201700038355;1;1;0;0;2;1;1;B01
201700038356;1;7;0;0;2;8;10;A01
201700038356;1;2;0;0;2;1;1;B01
201700038357;0;3;0;0;1;4;0;A01
201700038358;1;7;0;0;1;1;1;A01
201700038359;1;31;0;0;1;1;1;A01
201700038360;2;7;0;0;1;8;1;A01
201700038361;1;2;0;0;2;1;1;A01
201700038361;1;7;0;0;2;4;23;B01
201700038362;2;7;0;0;1;2;0;A01
201700038363;2;34;0;0;2;1;1;B01
201700038363;2;7;0;0;2;2;15;A01
201700038364;1;7;0;0;1;2;1;A01
201700038365;1;7;0;0;1;1;0;A01
201700038366;1;7;0;0;1;3;1;A01
201700038367;1;7;0;0;1;1;1;A01
201700038368;1;10;0;0;2;1;19;A01
201700038368;2;10;0;0;2;2;1;B01
201700038368;2;7;0;0;2;3;1;C01
201700038369;1;7;0;1;1;1;1;A01
201700038370;2;7;0;0;1;2;16;A01
201700038371;1;7;0;6;0;1;1;A01
201700038372;0;7;0;;2;1;9;A01
201700038372;1;30;0;0;2;5;1;B01
201700038373;2;7;0;0;2;7;1;A01
201700038373;2;7;0;0;2;1;1;B01
201700038374;1;30;0;0;2;0;0;A01
201700038374;1;7;0;0;2;0;0;B01
201700038375;1;7;0;0;1;8;4;A01
201700038376;2;7;0;0;1;1;1;A01
201700038377;1;2;0;0;2;0;0;A01
201700038377;2;7;0;0;2;0;0;B01
201700038378;2;7;0;0;2;2;17;A01
201700038378;2;1;0;0;2;5;13;B01
201700038379;2;2;0;0;2;0;0;B01
201700038379;1;7;0;0;2;0;0;A01
201700038380;1;7;0;0;9;1;1;A01
201700038381;1;31;0;14;0;0;1;A01
201700038381;1;7;0;0;2;3;0;B01
201700038382;1;1;0;0;2;1;1;A01
201700038382;1;7;0;0;2;4;23;B01
201700038383;1;7;0;0;2;1;2;A01
201700038383;1;7;0;0;2;4;2;B01
201700038384;1;7;0;0;2;1;2;A01
201700038384;1;7;0;0;2;0;2;B01
201700038384;1;7;0;0;2;4;2;C01
201700038385;2;7;0;3;0;0;1;A01
201700038386;1;31;0;0;1;0;0;A01
201700038387;1;7;0;0;2;2;0;A01
201700038387;1;7;0;0;2;3;0;B01
201700038388;1;2;0;0;2;1;2;A01
201700038388;1;10;0;0;2;4;2;B01
201700038389;1;1;0;0;2;1;1;A01
201700038389;1;7;0;0;2;3;15;B01
201700038390;1;7;0;0;2;1;13;A01
201700038390;2;33;0;0;2;1;1;B01
201700038391;1;13;0;0;2;1;13;A01
201700038391;1;7;0;0;2;6;1;B01
201700038391;2;7;0;0;2;1;1;C01
201700038392;1;7;0;0;2;7;1;B01
201700038392;1;7;0;0;2;1;9;A01
201700038393;1;7;0;15;0;1;16;A01
201700038394;2;7;0;0;2;8;9;A01
201700038394;2;7;0;0;2;3;1;B01
201700038395;1;7;0;0;2;9;19;A01
201700038395;2;15;0;0;2;8;1;B01
201700038395;2;7;0;0;2;9;1;C01
201700038396;2;10;0;0;9;7;15;B01
201700038396;1;33;0;0;2;1;1;A01
201700038397;2;30;0;0;2;1;2;A01
201700038397;2;7;0;0;2;4;1;B01
201700038398;2;7;0;0;2;7;15;A01
201700038398;1;30;0;0;2;1;5;B01
201700038399;1;31;0;0;2;1;1;A01
201700038399;2;7;0;0;2;2;15;B01
201700038400;1;7;0;0;2;1;2;A01
201700038400;1;7;0;15;2;4;2;B01
201700038401;2;1;0;0;2;7;12;A01
201700038401;0;7;0;0;9;3;1;B01
201700038402;2;7;0;2;1;1;17;A01
201700038403;1;37;1;0;1;2;1;A01
201700038404;0;7;0;0;1;3;16;A01
201700038405;1;7;0;0;2;3;17;A01
201700038405;1;2;0;0;2;1;1;B01
201700038406;0;7;0;0;9;2;15;A01
201700038406;0;1;0;0;2;7;1;B01
201700038407;1;7;0;1;0;2;1;A01
201700038408;0;7;0;1;1;3;1;A01
201700038409;1;7;0;0;2;1;19;A01
201700038409;1;7;0;0;2;7;2;B01
201700038410;2;7;0;0;2;3;0;B01
201700038410;1;30;0;0;2;1;13;A01
201700038411;1;7;0;0;0;1;17;A01
201700038411;1;7;0;0;2;0;0;B01
201700038412;0;7;0;0;1;2;2;A01
201700038413;1;7;0;0;2;0;0;B01
201700038413;1;7;0;0;2;1;1;A01
201700038414;1;30;0;0;2;2;0;A01
201700038414;1;7;0;0;2;7;2;B01
201700038415;0;7;0;0;0;2;16;A01
201700038415;0;1;0;0;2;1;1;B01
201700038416;1;33;0;0;1;1;1;A01
201700038417;1;7;0;0;2;1;0;A01
201700038417;2;7;0;0;2;1;1;B01
201700038418;1;1;0;0;2;1;1;M01
201700038418;0;7;0;0;2;3;15;A01
201700038419;1;7;0;0;1;4;20;A01
201700038420;2;7;0;8;2;1;2;A01
201700038420;2;7;0;0;2;4;2;B01
201700038420;2;7;0;0;2;4;2;C01
201700038421;1;1;0;0;2;4;1;B01
201700038421;1;7;0;0;2;1;0;A01
201700038422;1;32;0;0;2;8;13;A01
201700038422;1;14;0;0;9;2;1;B01
201700038423;0;7;0;0;1;1;15;A01
201700038424;0;7;0;0;0;9;13;A01
201700038425;1;7;0;0;1;3;1;A01
201700038426;1;7;0;0;1;3;15;A01
201700038427;1;7;0;0;9;3;2;C01
201700038427;1;33;0;0;2;3;13;A01
201700038427;1;7;0;0;9;6;2;B01
201700038428;1;7;0;0;1;3;1;A01
201700038429;1;7;0;0;1;2;1;A01
201700038430;2;7;0;6;0;3;15;A01
201700038431;1;7;0;4;0;9;15;A01
201700038432;2;7;0;0;1;1;15;A01
201700038433;0;7;0;0;2;4;1;B01
201700038433;0;7;0;0;2;1;1;A01
201700038434;2;7;0;0;2;4;2;C01
201700038434;2;7;0;0;2;4;2;B01
201700038434;2;7;0;0;2;1;1;A01
201700038435;1;7;0;1;0;0;1;A01
201700038436;0;14;0;0;2;4;1;B01
201700038436;0;7;0;0;2;1;1;A01
201700038437;0;7;0;2;0;1;1;A01
201700038438;1;7;0;0;2;4;2;C01
201700038438;1;7;0;0;2;4;2;B01
201700038438;1;31;0;0;2;1;1;A01
201700038439;2;7;0;4;0;3;1;A01
201700038440;1;7;0;0;0;0;0;A01
201700038441;1;1;0;0;2;8;1;A01
201700038441;1;7;0;0;2;7;0;Z01
201700038442;0;33;0;0;2;2;1;A01
201700038442;0;7;0;0;2;4;1;B01
201700038443;0;7;0;0;2;0;0;A01
201700038443;0;33;0;0;2;2;0;B01
201700038444;1;3;0;1;0;1;10;A01
201700038445;0;7;0;0;2;4;1;B01
201700038445;0;30;0;0;2;1;1;A01
201700038446;0;10;0;0;2;1;1;A01
201700038446;0;7;0;14;2;4;1;B01
201700038447;1;7;0;1;0;2;14;A01
201700038448;1;7;0;0;1;1;1;A01
201700038449;1;10;0;0;2;1;2;C01
201700038449;1;7;0;0;2;4;1;A01
201700038449;1;7;0;0;2;1;2;B01
201700038450;2;7;0;0;2;8;1;B01
201700038450;1;7;0;0;2;7;1;A01
201700038451;2;7;0;0;2;5;14;B01
201700038451;2;33;0;0;2;1;3;A01
201700038451;2;15;0;0;2;8;21;Z01
201700038452;1;7;0;4;0;1;1;A01
201700038453;2;33;0;0;0;8;1;A01
201700038454;0;7;0;0;2;4;2;B01
201700038454;0;7;0;0;2;1;1;A01
201700038455;0;7;0;0;1;1;15;A01