num_acc;senc;catv;occutc;obs;obsm;choc;manv;num_veh
201700038846;1;7;0;0;2;3;9;A01
201700038846;1;1;0;0;2;1;15;B01
201700038847;1;7;0;0;2;1;15;B01
201700038847;1;31;0;0;2;1;21;A01
201700038848;2;1;0;0;2;6;19;C01
201700038848;2;1;0;0;2;8;19;B01
201700038848;1;7;0;0;2;1;1;A01
201700038849;1;7;0;0;1;1;1;A01
201700038850;1;10;0;0;2;4;1;A01
201700038850;1;7;0;0;2;1;2;B01
201700038851;1;10;0;15;2;3;9;B01
201700038851;1;7;0;0;2;2;1;A01
201700038852;1;7;0;0;1;1;1;A01
201700038853;1;7;0;1;0;2;1;A01
201700038854;1;7;0;0;2;2;15;A01
201700038854;1;31;0;0;2;1;9;B01
201700038855;1;33;0;0;1;1;21;A01
201700038856;0;31;0;0;2;7;5;B01
201700038856;0;7;0;0;2;3;15;A01
201700038857;1;7;0;15;0;1;1;A01
201700038858;1;33;0;0;2;1;1;A01
201700038858;0;31;0;0;2;4;2;B01
201700038858;0;7;0;0;2;8;5;D01
201700038858;0;7;0;0;2;4;2;C01
201700038859;1;7;0;14;0;2;1;A01
201700038860;1;7;0;0;2;3;13;A01
201700038860;0;31;0;0;2;1;1;B01
201700038861;1;7;0;0;1;3;9;A01
201700038862;2;31;0;0;1;1;1;A01
201700038863;1;7;0;0;1;3;1;A01
201700038864;1;7;0;0;1;1;17;A01
201700038865;1;7;0;0;1;1;1;A01
201700038866;1;14;0;0;2;7;1;A01
201700038866;1;7;0;13;2;1;1;B01
201700038867;1;7;0;8;2;1;14;A01
201700038868;0;7;0;0;1;1;1;A01
201700038869;0;7;0;0;1;3;1;A01
201700038870;1;7;0;0;2;8;15;B01
201700038870;1;31;0;0;2;2;17;A01
201700038871;1;7;0;6;0;1;22;A01
201700038872;2;7;0;0;1;1;1;A01
201700038873;1;37;3;0;1;1;7;A01
201700038874;0;30;0;0;2;7;1;B01
201700038874;0;7;0;0;2;8;18;A01
201700038875;2;7;0;0;2;3;15;A01
201700038875;2;7;0;0;2;1;1;B01
201700038876;1;7;0;0;2;8;19;B01
201700038876;1;7;0;0;2;1;1;A01
201700038877;1;7;0;0;2;1;1;A01
201700038877;1;1;0;0;2;4;2;B01
201700038878;2;7;0;0;1;3;15;A01
201700038879;1;7;0;0;1;3;1;A01
201700038880;1;1;0;0;1;1;1;A01
201700038881;0;7;0;0;2;1;1;A01
201700038881;0;7;0;0;2;4;23;B01
201700038882;0;7;0;0;2;1;13;B01
201700038882;0;14;0;0;2;1;1;A01
201700038883;1;7;0;15;0;1;1;A01
201700038884;1;7;0;0;1;1;1;A01
201700038885;0;7;0;0;2;1;1;B01
201700038885;0;7;0;0;2;4;1;A01
201700038886;0;30;0;0;0;7;1;A01
201700038887;1;7;0;0;2;1;1;A01
201700038887;1;7;0;0;2;4;2;B01
201700038888;0;7;0;12;1;3;1;A01
201700038889;0;7;0;0;2;2;15;A01
201700038889;0;7;0;0;2;6;2;B01
201700038890;2;15;0;0;2;1;21;B01
201700038890;1;7;0;0;2;3;19;A01
201700038891;1;7;0;0;2;1;15;A01
201700038891;1;7;0;0;2;5;2;B01
201700038892;1;7;0;0;1;2;1;A01
201700038893;1;7;0;0;2;4;2;B01
201700038893;1;7;0;0;2;4;2;C01
201700038893;1;7;0;0;2;1;1;A01
201700038894;2;33;0;0;2;1;1;Z01
201700038894;1;33;0;0;2;1;17;A01
201700038895;1;7;0;0;2;1;1;A01
201700038895;1;34;0;0;2;4;23;B01
201700038896;1;37;2;1;0;5;16;A01
201700038896;2;7;0;1;2;4;24;C01
201700038897;0;7;0;0;1;1;15;A01
201700038898;0;7;0;0;2;4;1;A01
201700038898;0;1;0;0;2;1;1;B01
201700038899;1;7;0;0;2;8;9;A01
201700038899;1;1;0;0;2;1;1;B01
201700038900;1;37;1;0;1;2;15;A01
201700038901;1;7;0;0;2;1;13;A01
201700038901;2;7;0;0;2;1;13;B01
201700038902;2;33;0;0;2;2;17;B01
201700038902;2;7;0;0;2;3;15;A01
201700038903;1;7;0;0;1;2;1;A01
201700038904;1;7;0;0;1;1;14;A01
201700038905;1;10;0;0;1;3;15;A01
201700038906;1;7;0;0;2;3;1;B01
201700038906;2;7;0;0;2;3;13;A01
201700038907;1;7;0;0;2;1;10;A01
201700038907;1;14;0;0;2;6;1;B01
201700038907;2;7;0;0;2;1;17;C01
201700038908;1;7;0;0;2;1;1;A01
201700038908;1;10;0;0;2;2;1;B01
201700038909;1;7;0;0;2;3;1;A01
201700038909;2;10;0;0;2;1;1;B01
201700038910;2;7;0;0;2;4;1;A01
201700038910;2;37;1;0;2;1;2;B01
201700038911;1;7;0;8;0;1;1;A01
201700038912;1;7;0;0;2;1;20;A01
201700038912;1;7;0;0;2;1;2;C01
201700038912;2;7;0;0;2;1;1;B01
201700038913;2;7;0;0;2;1;1;A01
201700038913;2;15;0;0;2;4;23;B01
201700038914;1;10;0;12;0;2;1;A01
201700038915;1;7;0;0;2;2;1;A01
201700038915;1;2;0;0;2;3;1;B01
201700038916;1;37;1;0;2;3;1;B01
201700038916;2;7;0;0;2;6;16;A01
201700038917;1;7;0;0;2;4;1;A01
201700038917;1;33;0;0;2;1;2;B01
201700038918;1;7;0;0;2;1;1;A01
201700038918;1;7;0;0;2;8;0;B01
201700038919;2;7;0;0;2;2;15;A01
201700038919;1;7;0;0;2;1;1;B01
201700038920;1;10;0;0;2;3;1;A01
201700038920;2;37;1;0;2;3;1;B01
201700038921;1;33;0;0;2;1;1;A01
201700038921;1;7;0;0;2;4;2;Z01
201700038922;2;7;0;0;2;4;23;B01
201700038922;2;7;0;0;2;1;1;A01
201700038923;2;7;0;0;1;2;1;A01
201700038924;2;10;0;0;2;2;1;A01
201700038924;2;1;0;0;2;4;2;B01
201700038925;2;7;0;0;1;1;1;A01
201700038926;1;1;0;0;2;1;19;B01
201700038926;1;3;0;0;2;1;1;A01
201700038927;1;7;0;0;2;1;1;A01
201700038927;1;7;0;0;2;4;2;B01
201700038928;2;7;0;4;2;7;1;C01
201700038928;2;7;0;0;2;1;18;A01
201700038928;2;3;0;0;2;4;1;B01
201700038929;2;7;0;0;2;2;1;A01
201700038929;2;7;0;0;2;3;1;B01
201700038930;2;7;0;0;2;1;1;A01
201700038930;1;1;0;0;2;1;1;B01
201700038931;2;7;0;4;0;3;13;A01
201700038932;1;7;0;0;2;1;2;B01
201700038932;1;7;0;0;2;4;1;A01
201700038933;1;7;0;0;2;4;2;B01
201700038933;1;7;0;0;2;4;2;C01
201700038933;1;7;0;0;2;1;1;A01
201700038934;2;7;0;0;2;4;2;B01
201700038934;2;33;0;0;2;1;1;A01
201700038935;1;7;0;0;2;1;1;A01
201700038935;1;7;0;0;2;4;2;C01
201700038935;1;7;0;0;2;4;2;B01
201700038936;2;34;0;0;1;1;1;A01
201700038937;1;7;0;0;1;1;1;A01
201700038938;1;7;0;0;2;4;1;A01
201700038938;1;7;0;0;2;1;1;B01
201700038939;1;7;0;0;1;1;1;A01
201700038940;1;7;0;0;2;4;23;C01
201700038940;1;10;0;0;2;4;23;B01
201700038940;1;10;0;0;2;2;1;A01
201700038940;1;7;0;0;2;7;1;D01
201700038941;1;37;1;0;2;1;1;B01
201700038941;2;7;0;2;2;1;1;A01
201700038942;2;7;0;0;1;1;1;A01
201700038943;1;7;0;0;2;1;1;A01
201700038943;1;7;0;0;2;4;2;B01
201700038944;2;7;0;0;2;1;19;B01
201700038944;2;7;0;0;2;7;19;A01
201700038945;1;7;0;0;2;2;1;A01
201700038945;1;1;0;0;2;1;1;B01
201700038946;1;7;0;0;0;2;11;A01
201700038947;2;7;0;0;2;3;1;B01
201700038947;1;7;0;0;2;3;1;A01
201700038948;1;7;0;0;2;1;1;B01
201700038948;2;7;0;0;2;1;5;A01
201700038949;2;1;0;0;2;8;19;B01
201700038949;2;13;0;0;2;2;16;A01
201700038950;1;7;0;6;0;1;15;A01
201700038951;1;7;0;0;2;2;1;B01
201700038951;1;7;0;0;2;3;19;A01
201700038952;2;37;1;0;2;4;2;B01
201700038952;2;7;0;0;2;1;1;A01
201700038953;1;7;0;0;2;7;1;B01
201700038953;1;99;0;0;2;1;3;A01
201700038954;1;7;0;0;1;1;1;A01
201700038955;1;7;0;0;1;1;1;A01
201700038956;1;7;0;0;2;1;5;A01
201700038956;1;7;0;0;2;1;1;B01
201700038957;1;7;0;0;2;1;1;A01
201700038957;2;33;0;0;2;4;2;B01
201700038958;1;7;0;15;0;1;1;A01
201700038959;2;7;0;0;2;1;1;A01
201700038959;2;7;0;0;2;7;10;B01
201700038960;2;10;0;0;2;4;23;B01
201700038960;2;7;0;0;2;1;1;A01
201700038961;2;7;0;0;2;1;9;A01
201700038961;1;1;0;0;2;7;1;B01
201700038962;2;34;0;0;2;1;1;B01
201700038962;1;7;0;0;2;5;15;A01
201700038963;2;7;0;0;1;1;1;A01
201700038964;1;30;0;0;2;1;5;A01
201700038964;2;7;0;0;2;1;1;B01
201700038965;1;1;0;0;2;7;19;B01
201700038965;2;7;0;0;2;3;1;A01
201700038966;1;31;0;0;1;1;17;A01
201700038967;2;30;0;0;1;1;1;A01
201700038968;1;7;0;0;1;1;1;A01
201700038969;1;7;0;0;2;1;1;A01
201700038969;1;7;0;0;2;4;2;B01
201700038970;2;34;0;0;2;7;3;A01
201700038970;2;7;0;0;2;8;1;B01
201700038971;2;10;0;0;2;1;1;B01
201700038971;1;10;0;0;2;1;1;A01
201700038972;1;7;0;0;2;2;15;A01
201700038972;2;32;0;0;2;1;1;B01
201700038973;2;7;0;0;1;1;19;A01
201700038974;2;10;0;0;2;4;2;B01
201700038974;2;7;0;0;2;1;1;A01
201700038975;1;7;0;0;1;1;1;A01
201700038976;1;7;0;0;1;1;9;A01
201700038977;2;10;0;0;1;1;15;A01
201700038978;2;7;0;0;1;1;1;A01
201700038979;1;31;0;0;2;1;1;A01
201700038979;1;10;0;0;2;3;15;B01
201700038980;1;7;0;0;2;4;2;B01
201700038980;1;7;0;0;2;1;1;A01
201700038980;1;7;0;0;2;4;2;C01
201700038981;2;7;0;0;2;6;10;B01
201700038981;2;32;0;0;2;1;3;A01
201700038982;2;30;0;0;2;3;1;A01
201700038982;2;7;0;0;2;4;2;C01
201700038982;1;7;0;0;2;3;16;B01
201700038983;2;7;0;0;0;0;1;A01
201700038984;2;31;0;0;2;1;1;A01
201700038984;1;10;0;0;2;3;16;B01
201700038985;2;7;0;0;2;1;19;B01
201700038985;1;2;0;0;2;1;15;A01
201700038986;1;7;0;1;0;1;1;A01
201700038987;1;7;0;0;1;3;1;A01
201700038988;1;34;0;0;0;0;1;E01
201700038989;1;30;0;1;0;1;17;B01
201700038989;1;7;0;0;2;8;22;A01
201700038990;2;7;0;0;1;1;1;A01
201700038991;2;7;0;8;0;1;14;A01
201700038992;1;34;0;0;0;7;0;A01
201700038993;1;7;0;0;2;4;1;A01
201700038993;1;7;0;0;2;1;2;Z01
201700038994;2;33;0;0;0;0;16;A01
201700038995;1;7;0;0;1;1;1;A01
201700038996;2;7;0;0;1;1;15;A01
201700038997;1;7;0;0;2;4;23;A01
201700038997;1;7;0;0;2;1;1;Z01
201700038998;1;10;0;4;0;9;15;A01
201700038999;1;7;0;0;2;3;16;B01
201700038999;1;7;0;0;2;1;2;A01
201700039000;0;10;0;0;1;2;15;A01
201700039001;1;7;0;0;1;2;16;A01
201700039002;1;30;0;0;2;1;2;B01
201700039002;2;7;0;0;2;2;15;A01
201700039003;0;30;0;0;2;1;1;A01
201700039003;0;7;0;0;2;6;23;B01
201700039004;1;7;0;0;1;0;2;A01
201700039005;1;2;0;0;0;0;0;A01
201700039006;0;7;0;0;1;2;1;A01
201700039007;1;7;0;0;1;7;15;A01
201700039008;1;7;0;0;2;2;17;A01
201700039008;0;1;0;0;2;8;1;B01
201700039009;1;10;0;0;9;6;14;A01
201700039009;1;1;0;0;2;6;15;B01
201700039010;1;10;0;0;2;1;1;D01
201700039010;0;15;0;0;2;1;1;B01
201700039010;1;15;0;0;2;4;2;C01
201700039010;0;14;0;0;2;1;1;A01
201700039011;1;7;0;0;2;3;1;B01
201700039011;1;7;0;0;2;1;13;A01
201700039012;1;7;0;0;2;3;15;A01
201700039012;0;33;0;0;2;2;21;B01
201700039013;1;7;0;0;2;1;2;B01
201700039013;1;7;0;0;2;4;1;A01
201700039014;2;7;0;0;2;8;15;B01
201700039014;2;7;0;6;2;7;17;A01
201700039015;0;7;0;0;2;2;1;A01
201700039015;0;7;0;0;2;6;2;B01
201700039016;1;7;0;0;2;8;15;A01
201700039016;1;33;0;0;2;7;17;B01
201700039017;2;7;0;0;2;8;1;C01
201700039017;1;21;0;0;2;6;1;B01
201700039017;1;33;0;0;2;1;3;A01
201700039018;1;7;0;0;2;1;2;B01
201700039018;1;34;0;0;2;4;1;A01
201700039019;2;7;0;0;2;4;1;A01
201700039019;2;7;0;0;2;1;2;B01
201700039020;1;7;0;0;1;1;1;A01
201700039021;1;13;0;0;2;4;2;B01
201700039021;1;13;0;0;2;1;1;A01
201700039022;1;33;0;0;2;8;1;B01
201700039022;1;33;0;0;2;8;1;A01
201700039023;0;33;0;0;0;0;0;A01
201700039024;0;7;0;0;2;4;2;B01
201700039024;0;7;0;0;2;1;1;A01
201700039025;1;7;0;0;2;1;1;A01
201700039025;1;7;0;0;2;4;2;C01
201700039025;1;33;0;0;2;4;2;B01
201700039026;2;7;0;0;2;8;15;B01
201700039026;2;33;0;0;2;1;17;A01
201700039027;1;14;0;0;2;3;13;A01
201700039027;2;1;0;0;2;1;1;B01
201700039028;1;7;0;0;2;6;2;B01
201700039028;1;7;0;0;2;2;1;A01
201700039029;1;7;0;4;0;3;1;A01
201700039030;1;7;0;0;2;1;1;B01
201700039030;1;2;0;0;2;8;6;A01
201700039031;1;31;0;0;2;3;2;B01
201700039031;1;7;0;0;2;2;1;A01
201700039032;2;1;0;0;2;1;1;B01
201700039032;1;7;0;0;2;1;15;A01
201700039033;2;7;0;0;1;1;1;A01
201700039034;1;7;0;0;2;1;1;A01
201700039034;1;7;0;0;2;4;2;B01
201700039035;1;1;0;0;1;1;1;A01
201700039036;1;33;0;0;2;1;1;B01
201700039036;1;7;0;0;2;2;1;A01
201700039037;1;7;0;0;2;6;2;B01
201700039037;1;7;0;0;2;2;1;A01
201700039038;1;7;0;0;2;2;16;A01
201700039038;1;1;0;0;2;8;16;B01
201700039039;1;7;0;0;1;1;1;A01
201700039040;1;7;0;0;1;1;1;A01
201700039041;2;34;0;0;2;2;16;B01
201700039041;1;7;0;0;2;2;16;A01
201700039042;1;7;0;0;2;5;2;C01
201700039042;1;7;0;0;2;2;12;A01
201700039042;1;33;0;0;2;3;3;B01
201700039043;1;33;0;8;0;2;7;A01
201700039044;1;7;0;0;2;3;9;A01
201700039044;1;33;0;0;2;7;1;B01
201700039045;1;7;0;1;1;1;1;A01
201700039046;1;33;0;0;2;6;21;A01
201700039046;1;7;0;0;2;6;1;B01
201700039047;1;7;0;0;2;5;14;A01
201700039047;1;33;0;2;2;8;1;B01
201700039048;1;7;0;0;2;6;15;B01
201700039048;1;33;0;0;2;1;17;A01
201700039049;1;10;0;1;2;6;2;B01
201700039049;1;2;0;1;0;1;14;A01
201700039050;1;7;0;0;2;2;19;A01
201700039050;1;7;0;0;2;3;9;B01
201700039051;2;7;0;0;2;2;2;B01
201700039051;1;7;0;0;2;1;10;A01
201700039052;1;14;0;0;2;4;2;B01
201700039052;1;7;0;0;2;1;1;A01
201700039053;1;7;0;0;1;2;1;A01
201700039054;1;31;0;0;2;8;1;B01
201700039054;1;7;0;0;2;4;9;A01
201700039055;1;1;0;0;2;8;19;A01
201700039055;1;7;0;0;2;1;1;B01
201700039056;1;10;0;0;2;7;1;B01
201700039056;1;7;0;0;2;3;1;A01
201700039057;0;7;0;0;2;1;1;A01
201700039057;2;7;0;0;2;1;5;B01
201700039058;1;7;0;0;1;7;19;A01
201700039059;1;7;0;0;1;7;19;A01
201700039060;1;7;0;1;0;1;9;A01
201700039061;1;7;0;0;2;4;2;B01
201700039061;1;13;0;0;2;1;1;A01
201700039062;1;34;0;0;2;7;1;B01
201700039062;1;7;0;0;2;3;9;A01
201700039063;1;31;0;0;2;8;2;B01
201700039063;1;7;0;0;2;2;9;A01
201700039064;1;34;0;12;0;1;15;A01
201700039065;1;7;0;0;2;3;15;A01
201700039065;1;33;0;0;2;1;1;B01
201700039066;1;7;0;0;2;1;5;B01
201700039066;2;1;0;0;2;1;5;A01
201700039067;2;33;0;1;2;1;1;B01
201700039067;1;7;0;0;2;1;15;A01
201700039068;1;7;0;0;1;3;1;A01
201700039069;0;33;0;0;2;4;1;A01
201700039069;0;7;0;0;2;1;2;B01
201700039070;0;10;0;0;1;2;1;A01
201700039071;1;7;0;0;1;3;1;A01
201700039072;1;7;0;0;1;2;7;A01
201700039073;1;7;0;0;1;1;17;A01
201700039074;1;33;0;0;1;1;1;A01
201700039075;1;7;0;0;2;1;2;C01
201700039075;1;7;0;0;2;4;23;B01
201700039075;1;7;0;0;2;4;23;A01
201700039076;1;7;0;0;1;1;15;A01
201700039077;0;7;0;0;2;1;1;A01
201700039077;0;1;0;0;2;8;1;B01
201700039078;1;7;0;15;2;5;19;A01
201700039078;2;7;0;0;2;2;1;B01
201700039079;2;7;0;2;0;7;13;A01
201700039080;0;7;0;0;2;1;20;A01
201700039080;0;7;0;8;2;1;1;C01
201700039080;0;7;0;1;0;1;23;B01
201700039081;1;7;0;0;2;2;1;A01
201700039081;1;7;0;0;2;8;16;B01
201700039082;2;7;0;0;1;1;1;A01
201700039083;0;10;0;1;2;3;1;B01
201700039083;0;7;0;1;2;6;1;A01
201700039084;1;7;0;0;1;1;1;A01
201700039085;0;7;0;0;2;1;9;A01
201700039085;0;2;0;0;2;7;1;B01
201700039086;2;7;0;0;2;3;1;A01
201700039086;2;1;0;0;2;1;15;B01
201700039087;0;7;0;6;2;1;2;B01
201700039087;0;7;0;0;2;8;16;A01
201700039088;0;7;0;0;1;1;1;A01
201700039089;1;7;0;0;2;3;15;A01
201700039089;0;32;0;0;2;1;1;B01
201700039090;1;7;0;0;1;2;1;A01
201700039091;2;7;0;0;1;1;13;A01
201700039092;2;7;0;0;2;1;15;A01
201700039092;1;33;0;0;2;1;1;B01
201700039093;1;7;0;3;2;5;2;B01
201700039093;1;7;0;0;2;3;1;A01
201700039094;2;31;0;0;1;1;1;A01
201700039095;1;7;0;0;2;1;1;B01
201700039095;2;7;0;0;2;2;15;A01
201700039096;0;7;0;0;1;1;15;A01
201700039097;2;7;0;0;2;3;1;B01
201700039097;1;7;0;0;2;2;15;A01
201700039098;1;7;0;0;2;2;19;A01
201700039098;1;7;0;0;2;3;1;B01
201700039099;1;7;0;0;2;2;16;B01
201700039099;1;7;0;0;2;8;18;A01
201700039099;1;7;0;0;2;1;1;C01
201700039100;1;7;0;1;1;2;1;A01
201700039101;1;7;0;0;1;1;1;A01
201700039102;1;7;0;0;1;1;1;A01
201700039103;1;7;0;0;1;2;1;A01
201700039104;1;33;0;0;2;1;1;A01
201700039104;1;7;0;0;2;3;1;B01
201700039105;1;31;0;0;0;7;1;A01
201700039106;2;7;0;0;2;1;1;A01
201700039106;2;7;0;0;2;4;23;B01
201700039107;1;10;0;0;2;5;15;B01
201700039107;1;2;0;0;2;1;18;A01
201700039108;1;7;0;9;0;2;16;A01
201700039109;1;7;0;0;1;1;15;A01
201700039110;2;7;0;0;0;9;14;A01
201700039111;1;7;0;0;1;2;1;A01
201700039112;1;7;0;0;2;2;1;B01
201700039112;1;7;0;0;2;5;1;A01
201700039113;1;7;0;0;1;2;1;A01
201700039114;1;7;0;0;2;2;1;A01
201700039114;1;7;0;0;2;3;1;B01
201700039115;1;7;0;0;2;3;15;A01
201700039115;2;34;0;0;2;2;1;B01
201700039116;1;7;0;0;2;3;1;A01
201700039116;1;31;0;0;2;1;1;B01
201700039117;1;7;0;0;2;8;1;A01
201700039117;0;7;0;0;2;3;1;B01
201700039118;2;13;0;0;1;5;4;A01
201700039119;1;7;0;0;1;1;15;A01
201700039120;1;7;0;0;1;3;1;A01
201700039121;1;99;0;0;1;0;0;A01
201700039122;2;33;0;0;2;1;17;B01
201700039122;2;7;0;0;2;3;15;A01
201700039123;2;7;0;0;1;3;19;A01
201700039124;1;15;0;0;1;3;15;A01
201700039125;1;1;0;0;1;1;1;A01
201700039126;1;7;0;0;1;2;1;A01
201700039127;2;7;0;0;1;2;1;A01
201700039128;1;7;0;1;0;2;15;A01
201700039129;2;7;0;1;2;9;19;B01
201700039129;1;7;0;0;2;1;1;A01
201700039130;1;7;0;0;1;1;15;A01
201700039131;1;7;0;0;2;2;9;A01
201700039131;2;7;0;0;2;3;1;B01
201700039132;1;7;0;0;1;1;16;A01
201700039133;2;7;0;0;2;1;2;B01
201700039133;2;7;0;0;2;4;1;A01
201700039134;1;7;0;0;2;4;2;B01
201700039134;1;7;0;0;2;1;1;A01
201700039135;1;7;0;0;2;8;10;A01
201700039135;1;7;0;0;2;3;13;B01
201700039135;1;7;0;0;2;8;23;C01
201700039136;2;7;0;6;2;1;19;A01
201700039136;1;7;0;6;2;1;19;B01
201700039137;2;31;0;15;2;1;19;B01
201700039137;1;7;0;0;2;5;15;A01
201700039138;1;7;0;0;1;1;19;A01
201700039139;1;7;0;0;2;2;19;B01
201700039139;2;1;0;0;2;1;19;A01
201700039140;1;7;0;0;9;8;1;A01
201700039141;2;7;0;0;1;1;1;Z01
201700039142;1;7;0;0;1;7;1;A01
201700039143;1;7;0;0;2;1;19;A01
201700039143;1;31;0;0;2;3;19;B01
201700039144;2;7;0;0;2;1;1;A01
201700039144;2;7;0;0;2;4;23;B01
201700039145;2;7;0;0;2;5;1;A01
201700039145;2;7;0;0;2;1;2;B01
201700039146;1;1;0;0;2;4;2;B01
201700039146;1;7;0;0;2;1;2;A01
201700039147;1;7;0;0;1;4;4;A01
201700039148;1;7;0;0;1;2;1;A01
201700039149;1;37;0;0;2;0;1;A01
201700039149;1;7;0;0;2;0;16;B01
201700039150;1;7;0;0;2;7;10;A01
201700039150;1;31;0;0;2;1;1;B01
201700039151;2;7;0;0;2;6;13;A01
201700039151;2;31;0;0;2;1;17;B01
201700039152;1;7;0;0;2;2;1;A01
201700039152;1;7;0;0;2;8;9;B01
201700039153;1;7;0;0;2;3;1;A01
201700039153;1;31;0;0;2;7;1;B01
201700039154;1;7;0;0;2;1;1;A01
201700039155;1;7;0;0;2;1;2;A01
201700039155;2;7;0;0;2;4;1;B01
201700039156;1;7;0;0;2;1;15;A01
201700039156;1;1;0;0;2;8;19;B01
201700039156;1;1;0;0;2;8;19;C01
201700039157;1;10;0;0;2;1;1;A01
201700039157;1;7;0;0;2;7;1;B01
201700039158;2;7;0;0;2;3;1;A01
201700039158;2;1;0;0;2;1;19;B01
201700039159;1;7;0;0;1;8;1;A01
201700039160;1;7;0;0;1;1;1;A01
201700039161;2;31;0;0;1;1;3;A01
201700039162;1;7;0;0;1;1;1;A01
201700039163;1;7;0;0;1;3;1;A01
201700039164;1;32;0;0;2;0;17;A01
201700039164;1;7;0;0;2;6;0;B01
201700039165;2;7;0;1;0;3;13;A01
201700039166;2;33;0;0;2;1;1;A01
201700039166;1;7;0;0;2;6;1;B01
201700039167;1;7;0;0;2;3;15;A01
201700039167;1;30;0;0;2;1;2;B01
201700039168;1;31;0;0;2;1;1;A01
201700039168;1;7;0;0;2;8;15;B01
201700039169;1;7;0;0;2;2;1;A01
201700039170;1;99;0;0;2;8;19;B01
201700039170;1;7;0;0;2;2;1;A01
201700039171;1;1;0;0;2;8;9;B01
201700039171;1;7;0;0;2;2;1;A01
201700039172;1;7;0;0;2;1;2;A01
201700039172;1;7;0;0;2;4;2;B01
201700039173;1;7;0;1;0;1;14;A01
201700039173;1;10;0;0;2;4;24;B01
201700039174;1;7;0;0;1;1;1;A01
201700039175;1;7;0;0;2;2;16;A01
201700039175;1;1;0;0;2;1;1;B01
201700039176;1;7;0;0;1;1;1;A01
201700039177;2;31;0;0;2;1;5;B01
201700039177;1;7;0;0;2;1;1;A01
201700039178;1;1;0;0;2;1;1;B01
201700039178;1;7;0;0;2;2;16;A01
201700039179;1;7;0;0;2;1;23;B01
201700039179;1;10;0;0;2;4;4;A01
201700039180;2;7;0;0;2;1;1;A01
201700039180;2;7;0;0;2;4;0;B01
201700039181;2;7;0;0;1;2;1;A01
201700039182;1;7;0;0;2;4;23;C01
201700039182;1;7;0;0;2;1;1;A01
201700039182;1;7;0;0;2;4;23;B01
201700039183;2;7;0;0;1;4;2;B01
201700039183;2;7;0;0;2;1;2;A01
201700039184;1;7;0;0;2;8;1;B01
201700039184;1;7;0;0;2;1;1;A01
201700039185;1;30;0;0;2;1;1;A01
201700039185;1;30;0;0;2;1;1;C01
201700039185;2;7;0;0;1;3;15;B01
201700039186;2;7;0;0;2;7;10;A01
201700039186;1;33;0;0;2;1;1;B01
201700039187;1;7;0;0;1;1;1;A01
201700039188;2;14;0;0;1;7;1;A01
201700039189;1;7;0;0;1;1;1;A01
201700039190;1;7;0;0;2;1;2;A01
201700039190;1;32;0;0;2;1;2;B01
201700039191;1;7;0;0;2;3;10;A01
201700039191;1;1;0;0;2;1;1;B01
201700039192;0;7;0;0;2;4;2;B01
201700039192;0;7;0;0;2;1;2;A01
201700039193;1;10;0;0;1;1;15;A01
201700039194;2;17;0;0;2;0;1;A01
201700039194;1;1;0;0;2;0;0;B01
201700039195;2;7;0;0;1;1;15;A01
201700039196;1;33;0;0;2;7;1;B01
201700039196;1;7;0;0;2;3;13;A01
201700039197;2;30;0;0;1;1;3;A01
201700039198;0;34;0;0;2;2;1;B01
201700039198;0;7;0;0;2;2;15;A01
201700039199;1;37;0;0;2;1;1;B01
201700039199;1;7;0;0;2;8;13;A01
201700039200;2;1;0;0;2;0;1;B01
201700039200;2;7;0;0;2;1;1;A01
201700039201;0;7;0;0;1;5;1;A01
201700039202;0;7;0;0;2;1;9;A01
201700039202;0;33;0;0;2;1;1;B01
201700039203;2;32;0;0;2;1;1;B01
201700039203;1;7;0;0;2;5;15;A01
201700039204;1;7;0;0;2;1;2;A01
201700039204;1;7;0;0;2;4;1;B01
201700039205;0;7;0;0;2;3;9;A01
201700039205;1;1;0;0;2;1;1;B01
201700039206;2;7;0;0;1;1;15;A01
201700039207;2;7;0;0;2;1;0;B01
201700039207;0;7;0;0;2;0;1;C01
201700039207;0;31;0;0;2;1;1;A01
201700039208;1;7;0;1;0;1;14;A01
201700039209;1;37;12;0;2;8;1;B01
201700039209;2;36;0;0;2;1;16;A01
201700039210;2;7;0;0;1;1;1;A01
201700039211;1;1;0;0;2;1;15;A01
201700039211;1;7;0;0;2;0;1;B01
201700039212;0;7;0;0;1;1;1;Z01
201700039213;0;7;0;0;2;1;2;B01
201700039213;0;7;0;0;2;4;2;A01
201700039214;2;7;0;0;1;1;16;A01
201700039215;0;7;0;0;2;7;16;A01
201700039215;0;1;0;0;2;1;1;B01
201700039216;2;7;0;0;1;1;15;A01
201700039217;0;37;1;0;2;3;1;B01
201700039217;0;2;0;0;2;8;5;A01
201700039218;2;33;0;0;2;0;1;C01
201700039218;1;33;0;0;2;1;1;B01
201700039218;1;7;0;0;2;7;15;A01
201700039219;0;7;0;0;1;1;1;A01
201700039220;1;31;0;0;0;1;1;A01
201700039221;0;7;0;0;1;8;1;A01
201700039222;0;7;0;0;1;3;1;A01
201700039223;1;7;0;0;1;2;16;A01
201700039224;0;30;0;0;2;1;1;B01
201700039224;0;7;0;0;2;8;15;A01
201700039225;1;33;0;0;0;1;1;A01
201700039226;0;10;0;0;2;7;1;A01
201700039226;0;34;0;0;2;1;1;B01