num_acc;senc;catv;occutc;obs;obsm;choc;manv;num_veh
201700039613;1;2;0;0;2;1;2;A01
201700039614;2;30;0;1;0;1;1;A01
201700039615;1;7;0;0;9;8;22;A01
201700039615;1;7;0;0;2;2;1;C01
201700039615;1;1;0;1;0;1;1;B01
201700039616;1;7;0;0;2;3;1;A01
201700039616;1;1;0;0;2;1;15;B01
201700039617;1;7;0;0;2;1;5;A01
201700039617;2;7;0;0;2;1;15;B01
201700039618;2;7;0;0;2;4;23;D01
201700039618;2;10;0;0;2;4;2;B01
201700039618;2;7;0;0;2;1;2;A01
201700039618;2;7;0;0;2;4;2;C01
201700039619;2;7;0;0;1;0;17;A01
201700039620;2;7;0;0;1;1;1;Z01
201700039621;2;7;0;0;1;6;4;A01
201700039622;1;7;0;0;1;2;1;A01
201700039623;2;7;0;0;2;3;1;B01
201700039623;1;7;0;0;2;2;15;A01
201700039624;1;7;0;0;1;3;1;A01
201700039625;1;7;0;0;1;1;1;A01
201700039626;1;33;0;0;2;2;1;B01
201700039626;1;7;0;0;2;8;10;A01
201700039627;1;7;0;0;2;3;15;A01
201700039627;1;34;0;0;2;2;1;B01
201700039628;1;33;0;0;2;1;1;B01
201700039628;1;7;0;0;2;2;15;A01
201700039629;2;7;0;0;1;1;1;A01
201700039630;1;7;0;0;1;1;1;A01
201700039631;1;7;0;0;1;3;1;A01
201700039632;1;7;0;0;1;3;1;A01
201700039633;2;7;0;0;2;8;10;B01
201700039633;2;7;0;0;2;1;1;A01
201700039634;2;7;0;0;2;1;9;A01
201700039634;2;31;0;0;2;7;1;B01
201700039635;1;7;0;8;0;1;2;A01
201700039636;1;7;0;0;1;4;20;A01
201700039637;1;7;0;6;0;1;2;A01
201700039638;0;30;0;0;1;0;1;A01
201700039639;2;10;0;0;1;1;1;A01
201700039640;2;7;0;0;1;3;2;A01
201700039641;1;33;0;14;0;1;2;A01
201700039642;2;7;0;0;2;1;15;A01
201700039642;1;34;0;0;2;6;2;B01
201700039643;0;33;0;0;0;8;1;A01
201700039644;2;34;0;0;0;7;21;A01
201700039645;0;10;0;0;2;1;1;A01
201700039645;0;33;0;0;2;4;23;B01
201700039646;0;10;0;0;1;7;1;A01
201700039647;0;13;0;0;1;3;1;A01
201700039648;2;10;0;0;2;8;16;B01
201700039648;1;33;0;0;2;1;3;A01
201700039649;1;1;0;0;2;4;17;B01
201700039649;1;33;0;0;2;1;2;A01
201700039650;2;7;0;1;0;1;2;A01
201700039651;2;7;0;0;2;4;2;C01
201700039651;2;7;0;0;2;4;2;B01
201700039651;2;7;0;0;2;1;2;A01
201700039652;1;10;0;0;1;1;1;A01
201700039653;2;7;0;0;2;1;15;A01
201700039653;1;31;0;0;2;1;1;B01
201700039654;2;34;0;0;0;0;1;A01
201700039655;2;33;0;14;0;1;1;A01
201700039655;2;7;0;0;2;6;23;B01
201700039656;0;10;0;0;2;1;2;A01
201700039656;0;7;0;0;2;4;2;B01
201700039657;1;33;0;0;2;1;1;A01
201700039657;2;10;0;0;2;8;15;B01
201700039658;1;31;0;0;2;1;1;B01
201700039658;2;7;0;0;2;3;9;A01
201700039659;1;33;0;0;1;1;1;A01
201700039660;1;2;0;0;2;1;1;B01
201700039660;1;7;0;0;2;3;10;A01
201700039661;2;7;0;0;2;1;2;A01
201700039661;2;7;0;0;2;4;1;B01
201700039662;1;7;0;0;1;2;1;A01
201700039663;1;34;0;8;0;1;21;A01
201700039664;1;7;0;0;1;1;1;A01
201700039665;1;33;0;0;2;1;1;B01
201700039665;1;7;0;0;2;6;10;A01
201700039666;1;31;0;0;0;8;21;A01
201700039667;1;7;0;0;2;2;2;A01
201700039667;1;1;0;0;2;1;1;B01
201700039668;1;7;0;0;1;1;1;A01
201700039669;1;10;0;0;1;6;4;A01
201700039670;1;7;0;0;1;3;1;A01
201700039671;1;1;0;0;2;1;1;A01
201700039671;1;7;0;0;2;3;1;B01
201700039672;2;7;0;8;0;1;13;A01
201700039673;1;33;0;0;2;7;1;B01
201700039673;1;20;0;0;2;1;1;A01
201700039674;2;7;0;0;2;6;1;B01
201700039674;2;7;0;0;2;1;1;A01
201700039675;1;7;0;0;9;7;16;A01
201700039675;1;99;0;0;2;8;7;B01
201700039676;2;31;0;14;0;6;7;A01
201700039676;2;99;0;0;2;6;23;B01
201700039677;2;7;0;0;2;6;15;A01
201700039677;2;33;0;0;2;6;7;B01
201700039678;0;7;0;3;0;3;16;A01
201700039679;1;33;0;0;1;0;7;A01
201700039680;2;7;0;1;0;3;13;A01
201700039681;1;7;0;0;2;4;7;A01
201700039681;1;7;0;0;2;4;23;B01
201700039682;1;7;0;0;2;1;15;A01
201700039682;1;33;0;0;2;1;16;B01
201700039683;1;33;0;0;2;8;7;B01
201700039683;1;10;0;0;2;6;19;A01
201700039684;1;7;0;0;2;1;9;A01
201700039684;1;37;0;0;2;2;7;B01
201700039684;2;99;0;0;2;8;19;C01
201700039685;1;7;0;0;0;4;1;A01
201700039686;1;99;0;9;2;3;21;A01
201700039686;2;7;0;0;2;5;23;B01
201700039687;2;10;0;0;1;2;15;A01
201700039688;1;7;0;0;1;1;15;A01
201700039689;1;7;0;0;2;4;23;C01
201700039689;1;7;0;0;2;1;1;A01
201700039689;1;7;0;0;2;4;23;B01
201700039690;0;2;0;0;0;0;1;A01
201700039691;0;13;0;0;2;1;0;A01
201700039691;0;7;0;0;2;4;0;B01
201700039692;0;33;0;0;2;1;2;B01
201700039692;0;7;0;0;2;7;15;A01
201700039693;0;7;0;14;0;1;16;A01
201700039693;0;7;0;0;2;4;16;B01
201700039694;0;7;0;0;2;8;15;A01
201700039694;0;33;0;0;2;1;2;B01
201700039695;0;7;0;0;2;1;2;Z01
201700039695;0;30;0;0;2;7;15;A01
201700039696;0;7;0;1;0;1;1;A01
201700039697;0;7;0;0;1;1;15;A01
201700039698;0;10;0;0;1;7;1;A01
201700039699;0;33;0;0;0;8;1;A01
201700039700;0;10;0;0;2;2;1;A01
201700039700;0;34;0;0;2;1;1;B01
201700039701;0;33;0;0;1;1;1;A01
201700039702;0;2;0;0;0;0;0;A01
201700039703;0;37;1;0;1;5;2;A01
201700039704;0;7;0;0;0;4;1;B01
201700039704;0;7;0;0;2;1;1;A01
201700039705;0;31;0;0;0;0;1;A01
201700039706;0;7;0;2;0;1;21;A01
201700039707;0;10;0;0;2;1;15;A01
201700039707;0;31;0;0;2;1;1;B01
201700039708;0;33;0;0;2;1;2;B01
201700039708;0;7;0;0;2;2;15;A01
201700039709;0;34;0;0;1;0;5;Z01
201700039710;0;2;0;0;0;0;2;A01
201700039711;0;7;0;0;2;8;15;B01
201700039711;0;7;0;0;2;1;2;A01
201700039712;0;10;0;0;2;4;2;C01
201700039712;0;10;0;0;2;4;2;B01
201700039712;0;10;0;0;2;1;2;A01
201700039713;0;10;0;5;0;3;1;A01
201700039714;0;10;0;0;2;2;20;B01
201700039714;0;31;0;0;2;8;2;A01
201700039715;0;37;0;0;2;1;15;A01
201700039715;0;33;0;0;2;1;2;B01
201700039716;0;7;0;0;2;4;2;B01
201700039716;0;14;0;0;2;1;2;A01
201700039717;0;7;0;14;0;2;2;A01
201700039718;0;7;0;14;0;1;1;A01
201700039719;0;7;0;0;2;1;15;A01
201700039719;0;32;0;0;2;1;2;B01
201700039720;0;7;0;0;1;1;16;A01
201700039721;0;10;0;0;1;1;10;A01
201700039722;0;10;0;0;1;3;16;A01
201700039723;0;10;0;0;1;5;0;A01
201700039724;0;7;0;14;2;4;23;B01
201700039724;0;7;0;14;2;4;23;A01
201700039724;0;7;0;14;0;1;2;Z01
201700039725;0;7;0;0;2;1;16;B01
201700039725;0;2;0;0;2;1;2;A01
201700039726;0;7;0;0;2;4;23;C01
201700039726;0;7;0;14;0;1;2;A01
201700039726;0;7;0;14;2;4;23;B01
201700039727;0;7;0;0;2;1;15;A01
201700039727;0;7;0;0;2;3;1;B01
201700039728;0;7;0;0;9;1;15;A01
201700039728;0;1;0;0;2;8;1;B01
201700039729;2;33;0;14;0;1;17;A01
201700039730;0;10;0;0;2;8;1;C01
201700039730;0;10;0;0;2;6;20;A01
201700039730;0;30;0;0;2;1;18;B01
201700039731;0;3;0;8;2;4;2;B01
201700039731;0;31;0;0;2;1;17;A01
201700039732;0;10;0;0;2;5;16;A01
201700039732;0;1;0;0;2;8;1;B01
201700039733;0;7;0;0;1;3;1;A01
201700039734;0;7;0;0;1;1;15;A01
201700039735;0;33;0;0;0;1;1;A01
201700039736;0;7;0;14;0;1;2;A01
201700039736;0;7;0;14;2;4;23;B01
201700039736;0;33;0;0;2;4;23;C01
201700039737;0;7;0;0;0;0;1;A01
201700039738;0;31;0;0;2;3;1;B01
201700039738;0;7;0;0;2;3;16;A01
201700039739;0;7;0;0;1;1;15;A01
201700039740;0;33;0;0;1;1;17;A01
201700039741;0;10;0;0;1;1;1;A01
201700039742;0;7;0;14;0;1;2;A01
201700039742;0;7;0;14;2;4;23;B01
201700039742;0;7;0;14;2;4;23;C01
201700039742;0;7;0;0;2;4;23;D01
201700039743;0;7;0;0;2;2;1;A01
201700039743;0;33;0;0;2;1;1;B01
201700039743;0;7;0;0;2;7;1;C01
201700039743;0;7;0;0;2;8;1;D01
201700039744;0;10;0;0;1;1;16;A01
201700039745;0;10;0;0;2;2;15;A01
201700039745;0;1;0;0;2;1;1;B01
201700039746;1;7;0;0;2;1;1;A01
201700039747;1;7;0;0;2;0;0;Z01
201700039747;1;34;0;0;2;8;1;A01
201700039748;1;10;0;0;1;4;4;A01
201700039749;2;7;0;0;1;3;15;A01
201700039750;1;7;0;0;2;3;15;A01
201700039750;1;34;0;0;2;5;1;B01
201700039751;1;30;0;0;2;1;17;B01
201700039751;2;7;0;0;2;3;15;A01
201700039752;2;10;0;0;1;2;16;A01
201700039753;2;1;0;0;2;8;15;A01
201700039753;2;7;0;0;2;5;1;B01
201700039754;1;7;0;0;1;3;1;A01
201700039755;2;7;0;0;1;3;15;A01
201700039756;2;7;0;0;2;8;1;A01
201700039756;1;33;0;0;2;7;1;B01
201700039756;1;7;0;0;2;4;1;C01
201700039757;1;7;0;0;2;4;1;A01
201700039757;1;31;0;0;2;1;2;B01
201700039758;2;7;0;0;2;2;9;A01
201700039758;2;34;0;0;2;3;1;B01
201700039759;2;30;0;0;2;0;9;A01
201700039760;1;34;0;0;2;8;1;A01
201700039760;2;7;0;0;2;2;1;B01
201700039761;1;31;0;0;2;1;15;B01
201700039761;1;7;0;0;2;3;15;A01
201700039762;1;7;0;0;2;4;2;A01
201700039762;1;7;0;0;2;9;2;B01
201700039762;1;7;0;0;2;1;2;C01
201700039763;1;33;0;0;2;1;1;B01
201700039763;1;1;0;0;2;4;13;A01
201700039764;1;32;0;0;1;1;1;A01
201700039765;2;30;0;0;1;1;17;A01
201700039766;2;7;0;0;2;7;14;A01
201700039766;2;30;0;0;2;8;1;B01
201700039767;1;7;0;0;1;3;15;A01
201700039768;1;34;0;0;0;9;0;A01
201700039769;1;7;0;0;2;4;1;A01
201700039769;1;10;0;0;2;1;1;Z01
201700039770;2;34;0;0;1;0;1;A01
201700039771;1;33;0;0;2;3;1;A01
201700039771;1;7;0;0;2;2;15;B01
201700039772;1;7;0;0;1;1;15;A01
201700039773;1;7;0;0;2;7;15;A01
201700039773;2;33;0;0;2;1;1;B01
201700039774;1;7;0;0;0;1;0;A01
201700039775;1;7;0;0;2;8;1;B01
201700039775;2;7;0;0;2;1;1;A01
201700039776;2;31;0;0;1;1;1;A01
201700039777;1;7;0;0;2;5;16;A01
201700039777;1;31;0;0;2;1;1;B01
201700039778;2;7;0;0;1;1;16;A01
201700039779;2;7;0;0;1;1;1;A01
201700039780;1;33;0;0;1;1;1;A01
201700039781;1;7;0;0;1;8;1;A01
201700039782;2;7;0;0;2;3;15;A01
201700039782;1;1;0;0;2;1;5;B01
201700039783;2;14;0;0;2;2;16;A01
201700039783;2;1;0;0;2;1;1;B01
201700039784;1;7;0;6;0;1;20;A01
201700039785;2;7;0;1;0;1;14;A01
201700039786;2;33;0;0;2;1;17;A01
201700039787;1;7;0;0;1;5;1;A01
201700039788;2;7;0;0;2;2;1;A01
201700039788;2;7;0;0;2;3;1;B01
201700039789;1;7;0;0;2;7;14;A01
201700039789;1;34;0;0;2;8;18;B01
201700039790;2;7;0;0;1;4;4;A01
201700039791;2;7;0;0;2;1;1;B01
201700039791;2;7;0;0;2;7;1;A01
201700039792;1;7;0;1;0;8;1;A01
201700039793;2;1;0;0;2;8;19;B01
201700039793;2;30;0;0;2;1;1;A01
201700039794;1;14;0;0;2;8;22;A01
201700039794;1;7;0;0;2;7;17;B01
201700039795;1;1;0;0;2;1;1;B01
201700039795;2;7;0;0;2;1;9;A01
201700039796;1;30;0;0;2;1;17;A01
201700039796;1;7;0;0;2;2;15;B01
201700039797;1;32;0;0;2;1;17;A01
201700039797;1;7;0;0;2;3;9;B01
201700039798;2;7;0;0;2;0;15;A01
201700039798;1;34;0;0;2;1;17;B01
201700039799;1;34;0;0;2;7;1;A01
201700039799;1;14;0;0;2;3;1;B01
201700039800;2;33;0;0;2;1;18;A01
201700039800;2;7;0;0;2;7;1;B01
201700039801;1;30;0;0;2;1;1;A01
201700039801;1;7;0;0;2;8;15;B01
201700039802;2;34;0;0;2;1;1;B01
201700039802;1;14;0;0;2;5;15;A01
201700039803;1;30;0;0;1;1;5;A01
201700039804;1;7;0;0;1;1;1;A01
201700039805;1;32;0;0;2;4;2;B01
201700039805;1;7;0;0;2;1;2;A01
201700039806;2;7;0;0;2;3;9;A01
201700039806;2;1;0;0;2;4;1;B01
201700039807;2;32;0;0;2;1;1;B01
201700039807;2;7;0;0;2;3;15;A01
201700039808;1;7;0;0;2;1;1;B01
201700039808;1;10;0;0;2;5;2;A01
201700039809;2;10;0;0;2;0;1;A01
201700039809;2;32;0;0;2;0;0;B01
201700039810;2;7;0;0;1;4;4;A01
201700039811;2;7;0;0;1;4;4;A01
201700039812;2;32;0;0;2;1;1;A01
201700039812;2;7;0;0;2;3;15;B01
201700039813;2;32;0;0;1;1;1;A01
201700039814;1;7;0;0;2;5;1;A01
201700039814;1;30;0;0;2;1;2;B01
201700039815;2;37;0;0;1;3;1;A01
201700039816;1;7;0;0;1;4;4;A01
201700039817;1;33;0;0;2;1;1;B01
201700039817;1;7;0;0;2;3;9;A01
201700039818;1;32;0;0;1;1;1;A01
201700039819;1;7;0;0;2;1;1;B01
201700039819;1;33;0;0;2;4;1;A01
201700039820;2;7;0;0;2;1;16;A01
201700039820;2;7;0;0;2;3;16;B01
201700039821;2;7;0;0;2;2;1;B01
201700039821;2;7;0;0;2;8;15;A01
201700039822;1;10;0;0;1;1;1;A01
201700039823;1;7;0;0;2;3;15;B01
201700039823;1;32;0;0;2;5;17;A01
201700039823;1;7;0;0;2;8;24;C01
201700039824;1;7;0;0;0;1;1;A01
201700039825;1;7;0;0;2;3;9;A01
201700039825;1;32;0;0;2;7;1;B01
201700039826;1;33;0;0;2;1;17;A01
201700039826;2;7;0;0;2;3;15;B01
201700039827;0;7;0;0;2;8;15;A01
201700039827;0;32;0;0;2;2;17;B01
201700039828;0;7;0;0;0;1;0;A01
201700039829;0;7;0;0;0;4;1;B01
201700039829;0;7;0;0;0;8;1;C01
201700039829;0;7;0;0;2;1;2;A01
201700039830;0;10;0;0;1;3;15;A01
201700039831;0;32;0;0;2;1;1;A01
201700039831;0;7;0;0;0;4;1;B01
201700039832;0;7;0;0;2;3;9;A01
201700039832;0;7;0;0;2;7;14;B01
201700039833;0;7;0;0;1;1;15;A01
201700039834;0;7;0;0;2;3;1;B01
201700039834;0;30;0;0;2;2;16;A01
201700039835;0;10;0;0;2;5;14;A01
201700039835;0;33;0;0;2;1;1;B01
201700039836;0;7;0;0;2;3;1;A01
201700039836;0;32;0;0;2;2;20;B01
201700039837;0;7;0;0;1;3;1;A01
201700039838;0;7;0;0;1;2;1;A01
201700039839;0;7;0;0;0;7;1;C01
201700039839;0;34;0;0;0;4;16;B01
201700039839;0;7;0;0;2;1;16;A01
201700039840;0;10;0;0;2;2;1;A01
201700039840;0;7;0;0;2;3;1;B01
201700039841;0;32;0;0;2;1;2;B01
201700039841;0;10;0;0;0;6;10;A01
201700039842;0;7;0;0;0;9;1;A01
201700039843;0;7;0;0;2;1;15;A01
201700039843;0;30;0;0;2;1;1;B01
201700039844;0;7;0;0;2;2;15;A01
201700039844;0;33;0;0;2;1;1;B01
201700039845;0;32;0;0;2;1;1;B01
201700039845;0;7;0;0;2;2;15;A01
201700039846;0;7;0;0;0;5;14;B01
201700039846;0;34;0;0;2;1;1;A01
201700039847;0;7;0;0;1;7;1;A01
201700039848;0;7;0;0;0;8;15;A01
201700039848;0;33;0;0;2;1;17;B01
201700039849;0;7;0;0;1;1;15;A01
201700039850;0;30;0;0;2;0;1;Z01
201700039850;0;33;0;0;2;1;1;A01
201700039851;0;7;0;0;1;0;0;Z01
201700039852;0;33;0;1;0;1;0;A01
201700039853;0;7;0;0;2;0;1;B01
201700039853;0;7;0;0;2;7;15;A01
201700039854;0;7;0;0;1;1;0;A01
201700039855;0;7;0;1;0;5;13;A01
201700039856;0;7;0;0;2;0;0;B01
201700039856;0;7;0;0;2;0;0;A01
201700039857;0;7;0;8;1;1;1;A01
201700039858;0;33;0;0;2;0;1;B01
201700039858;0;33;0;0;2;1;15;A01
201700039859;0;37;20;0;0;6;23;B01
201700039859;0;7;0;0;0;2;0;A01
201700039860;0;7;0;0;1;1;1;A01
201700039860;0;1;0;0;2;8;19;B01
201700039861;0;2;0;0;0;0;0;A01
201700039862;0;37;10;0;0;0;2;A01
201700039863;0;7;0;0;0;7;15;A01
201700039863;0;7;0;0;0;1;1;B01
201700039864;0;7;0;0;1;2;16;A01
201700039865;0;32;0;0;2;1;2;B01
201700039865;0;7;0;0;2;1;0;A01
201700039866;0;7;0;0;2;1;2;B01
201700039866;0;7;0;0;2;9;15;A01
201700039867;0;2;0;0;0;1;17;B01
201700039867;0;7;0;0;0;3;15;A01
201700039868;0;7;0;1;0;2;14;A01
201700039869;0;7;0;0;1;2;0;A01
201700039870;0;34;0;0;2;7;1;B01
201700039870;0;7;0;0;2;1;19;A01
201700039871;0;33;0;0;1;1;0;A01
201700039872;0;7;0;0;0;1;1;A01
201700039872;0;7;0;0;0;4;23;C01
201700039872;0;7;0;0;0;4;23;B01
201700039873;0;30;0;16;0;1;1;A01
201700039874;0;7;0;0;1;1;2;A01
201700039875;0;7;0;0;2;4;15;B01
201700039875;0;7;0;0;2;1;2;A01
201700039876;0;1;0;0;2;6;9;B01
201700039877;0;33;0;0;1;0;0;A01
201700039878;0;10;0;0;2;3;0;B01
201700039878;0;33;0;0;2;1;2;A01
201700039879;0;30;0;0;2;1;2;B01
201700039879;0;7;0;0;2;5;15;A01
201700039880;0;33;0;0;2;1;2;B01
201700039880;0;7;0;0;2;4;14;A01
201700039881;0;10;0;0;2;8;15;A01
201700039881;0;33;0;0;2;1;17;B01
201700039882;0;7;0;0;2;3;2;A01
201700039882;0;15;0;0;2;1;2;B01
201700039883;0;7;0;0;2;1;15;B01
201700039883;0;33;0;0;2;0;0;A01
201700039884;0;7;0;0;1;1;0;A01
201700039885;0;32;0;0;9;1;0;B01
201700039885;0;1;0;0;2;1;0;A01
201700039886;0;7;0;0;2;4;2;A01
201700039886;0;7;0;0;2;1;2;B01
201700039887;1;1;0;0;1;1;0;A01
201700039888;0;7;0;0;1;2;0;A01
201700039889;0;7;0;0;2;1;2;A01
201700039889;0;1;0;0;2;1;10;B01
201700039890;0;7;0;0;2;1;0;A01
201700039890;1;34;0;0;2;8;0;B01
201700039891;0;1;0;9;0;1;0;A01
201700039892;0;7;0;0;2;7;2;A01
201700039892;0;13;0;0;2;8;2;B01
201700039893;0;7;0;0;2;1;1;B01
201700039893;0;2;0;0;2;1;19;A01
201700039894;0;33;0;0;2;0;0;A01
201700039894;0;10;0;0;2;1;0;B01
201700039894;0;7;0;0;2;7;0;C01
201700039895;0;2;0;0;2;1;18;A01
201700039895;0;30;0;0;0;5;14;B01
201700039896;0;1;0;0;0;0;0;B01
201700039896;0;7;0;0;9;0;0;A01
201700039897;0;7;0;0;1;1;15;A01
201700039898;0;7;0;0;1;1;0;A01
201700039899;0;7;0;0;2;1;0;A01
201700039899;0;30;0;0;2;7;1;B01
201700039900;0;7;0;0;1;1;2;A01
201700039901;0;33;0;0;2;1;15;A01
201700039901;0;7;0;0;2;1;1;B01
201700039902;0;7;0;2;0;0;0;A01
201700039903;0;30;0;1;0;2;5;A01
201700039904;2;14;0;0;1;8;23;A01
201700039905;0;34;0;0;2;7;17;A01
201700039905;0;10;0;0;2;8;13;B01
201700039906;0;33;0;0;2;0;0;A01
201700039906;0;7;0;0;2;1;0;B01
201700039907;0;7;0;0;0;3;10;A01
201700039907;1;34;0;0;2;2;17;B01
201700039908;2;33;0;0;2;1;2;A01
201700039908;0;1;0;0;0;1;0;B01
201700039909;2;7;0;0;1;1;16;A01
201700039910;1;30;0;0;2;0;0;A01
201700039911;0;32;0;0;2;1;1;A01
201700039911;0;7;0;0;2;2;15;B01
201700039912;1;7;0;1;0;2;2;A01
201700039913;1;7;0;0;2;2;1;A01
201700039913;2;10;0;0;2;3;15;B01
201700039914;1;7;0;0;2;1;1;A01
201700039914;1;1;0;0;2;0;0;B01
201700039915;1;31;0;0;2;4;20;A01
201700039915;1;32;0;0;2;1;1;B01
201700039916;1;7;0;0;1;1;2;A01
201700039917;1;10;0;0;1;2;4;A01
201700039918;1;7;0;0;2;0;1;A01
201700039918;1;7;0;0;2;0;1;B01
201700039919;1;34;0;0;2;1;1;B01
201700039919;1;7;0;0;2;4;10;A01
201700039920;1;34;0;0;2;7;17;B01
201700039920;1;7;0;0;2;8;15;A01
201700039921;1;7;0;0;2;0;0;B01
201700039921;1;30;0;0;2;0;0;A01
201700039922;1;7;0;0;2;1;2;B01
201700039922;1;34;0;0;2;1;1;A01
201700039923;1;15;0;0;9;1;1;A01
201700039923;1;1;0;0;2;9;19;B01
201700039924;1;1;0;0;2;1;1;A01
201700039924;2;7;0;0;2;5;15;B01
201700039925;1;7;0;0;2;1;0;A01
201700039925;1;30;0;0;2;8;2;B01
201700039926;1;7;0;0;2;1;0;A01
201700039926;1;7;0;0;2;0;1;C01
201700039927;1;7;0;1;0;1;2;A01
201700039927;1;7;0;1;2;4;2;B01
201700039927;1;7;0;0;2;4;24;C01
201700039928;1;7;0;0;1;1;23;A01
201700039929;1;33;0;0;1;1;1;A01
201700039930;1;7;0;0;2;2;9;A01
201700039930;1;31;0;0;2;1;2;B01
201700039931;1;7;0;0;2;1;14;A01
201700039931;1;30;0;0;2;1;14;B01
201700039932;1;33;0;0;2;1;1;A01
201700039932;1;7;0;0;2;1;15;B01
201700039933;1;7;0;0;2;1;9;A01
201700039933;1;1;0;0;2;1;1;B01
201700039934;1;7;0;0;2;1;2;A01
201700039934;1;7;0;0;2;8;1;B01
201700039935;1;37;0;0;2;7;17;A01
201700039935;1;1;0;1;2;8;17;B01
201700039936;1;7;0;0;2;1;15;A01
201700039936;1;34;0;0;2;1;1;B01
201700039937;1;7;0;0;2;1;15;A01
201700039937;1;7;0;0;2;0;1;B01
201700039938;1;7;0;0;2;6;9;A01
201700039938;1;33;0;0;2;1;2;B01
201700039939;1;7;0;0;2;3;10;A01
201700039939;1;7;0;0;2;1;1;B01
201700039940;1;7;0;0;2;1;16;A01
201700039940;2;2;0;0;2;1;1;B01
201700039941;1;33;0;0;2;1;1;B01
201700039941;1;7;0;0;2;2;13;A01
201700039942;1;7;0;0;1;1;1;A01
201700039943;1;31;0;0;1;1;9;A01
201700039944;2;2;0;0;2;2;2;A01
201700039944;1;10;0;0;2;3;2;B01
201700039945;1;30;0;0;2;1;1;A01
201700039945;2;7;0;0;2;6;1;B01
201700039946;1;7;0;0;2;1;1;B01
201700039946;2;7;0;0;2;1;15;A01
201700039947;1;10;0;0;1;1;1;A01
201700039948;1;34;0;0;2;1;1;B01
201700039948;1;7;0;0;0;0;10;A01
201700039949;2;7;0;0;1;1;1;A01
201700039950;1;10;0;0;2;3;9;A01
201700039950;1;34;0;0;2;1;13;B01
201700039951;1;7;0;0;2;1;15;A01
201700039951;1;33;0;0;2;1;17;B01
201700039952;1;34;0;0;2;1;1;A01
201700039952;2;33;0;0;2;1;1;B01
201700039953;1;7;0;0;2;1;15;A01
201700039953;1;7;0;0;2;8;1;B01
201700039954;2;7;0;0;2;1;0;A01
201700039954;1;7;0;0;2;1;0;B01
201700039955;1;1;0;0;2;7;2;A01
201700039955;1;33;0;0;2;1;2;B01
201700039956;1;7;0;0;2;8;1;A01
201700039956;2;7;0;0;2;1;1;B01
201700039957;1;7;0;0;2;1;2;A01
201700039957;1;33;0;0;2;1;2;B01
201700039958;2;7;0;0;2;1;10;A01
201700039958;1;7;0;0;2;1;1;B01
201700039959;1;14;0;0;2;5;19;A01
201700039959;1;33;0;0;2;1;13;B01
201700039960;1;7;0;0;2;4;23;B01
201700039960;1;7;0;0;2;1;1;A01
201700039961;1;7;0;0;2;3;15;B01
201700039961;1;33;0;0;2;1;17;A01
201700039962;1;31;0;1;2;1;1;A01
201700039962;1;7;0;0;2;1;0;B01
201700039963;1;7;0;0;9;3;24;A01
201700039963;1;1;0;1;0;1;1;Y01
201700039964;1;7;0;0;2;1;1;B01
201700039964;1;7;0;0;2;1;15;A01
201700039965;1;1;0;0;2;1;1;B01
201700039965;1;7;0;0;2;1;12;A01
201700039966;1;7;0;0;2;2;12;B01
201700039966;1;2;0;0;2;3;18;A01
201700039967;1;7;0;0;2;2;16;A01
201700039967;1;37;0;0;2;3;7;B01
201700039968;1;7;0;0;2;1;1;B01
201700039968;2;7;0;0;2;2;13;A01
201700039969;1;7;0;0;1;1;16;A01
201700039970;1;31;0;0;1;1;1;A01
201700039971;1;7;0;0;2;1;15;A01
201700039971;2;7;0;0;2;6;1;B01
201700039972;2;33;0;0;2;3;0;B01
201700039972;1;7;0;0;2;1;15;A01
201700039973;1;7;0;0;2;6;1;A01
201700039973;1;32;0;0;2;1;17;B01
201700039974;1;7;0;0;1;1;15;A01
201700039975;1;34;0;0;1;1;19;A01
201700039976;1;37;0;0;1;0;1;A01
201700039977;1;33;0;0;1;1;1;A01
201700039978;2;7;0;9;2;1;1;B01
201700039978;1;7;0;0;2;1;1;A01
201700039979;2;7;0;0;1;1;16;A01
201700039980;1;7;0;0;2;3;2;A01
201700039980;1;33;0;0;2;1;1;B01
201700039981;1;33;0;0;1;1;15;A01
201700039982;1;7;0;0;2;1;16;A01
201700039982;1;7;0;0;2;1;1;B01
201700039983;1;31;0;0;2;1;2;A01
201700039983;2;10;0;0;2;1;15;B01
201700039984;1;7;0;0;2;1;15;B01
201700039984;1;30;0;1;2;1;18;A01
201700039985;1;7;0;0;1;1;1;A01
201700039986;2;2;0;0;1;1;1;A01
201700039987;1;31;0;0;2;2;2;B01
201700039987;1;7;0;0;2;1;15;A01
201700039988;1;7;0;0;1;1;1;A01
201700039989;1;7;0;0;2;1;1;B01
201700039989;1;30;0;0;1;1;1;A01
201700039990;1;7;0;0;1;1;16;A01
201700039991;1;31;0;0;2;1;1;B01
201700039991;1;7;0;0;2;1;15;A01
201700039992;1;7;0;0;2;2;1;B01
201700039992;2;32;0;0;2;1;1;A01
201700039993;1;30;0;0;2;1;1;B01
201700039993;1;7;0;0;2;2;15;A01
201700039994;2;7;0;0;1;7;1;A01
201700039995;1;7;0;0;9;4;20;B01
201700039995;1;2;0;0;2;1;1;A01