num_acc;senc;catv;occutc;obs;obsm;choc;manv;num_veh
201700040762;1;7;0;0;2;7;15;A01
201700040763;1;7;0;0;1;1;1;Z01
201700040764;1;7;0;0;1;1;7;A01
201700040765;1;7;0;0;1;1;19;A01
201700040766;1;7;0;0;2;8;15;B01
201700040766;1;31;0;0;2;1;9;A01
201700040767;1;7;0;0;1;1;1;A01
201700040768;2;7;0;0;9;2;0;A01
201700040769;1;7;0;0;2;1;2;A01
201700040769;1;7;0;0;2;4;23;C01
201700040769;1;7;0;0;2;4;23;B01
201700040770;1;1;0;0;2;1;1;B01
201700040770;1;7;0;0;2;8;24;A01
201700040771;1;7;0;0;2;2;15;A01
201700040771;2;31;0;0;2;1;1;B01
201700040772;2;33;0;0;2;3;1;B01
201700040772;2;7;0;0;2;2;16;A01
201700040773;2;31;0;0;2;6;1;A01
201700040773;1;10;0;0;2;1;10;B01
201700040774;1;7;0;0;2;2;17;A01
201700040774;1;31;0;0;2;6;1;B01
201700040775;1;7;0;0;1;4;20;A01
201700040776;2;7;0;0;2;1;1;B01
201700040776;2;7;0;0;2;8;10;A01
201700040777;2;7;0;0;2;1;2;A01
201700040777;2;7;0;0;2;4;2;B01
201700040778;2;31;0;0;2;1;1;B01
201700040778;1;7;0;0;2;5;10;A01
201700040779;1;7;0;0;1;5;16;A01
201700040780;2;10;0;0;2;2;15;A01
201700040780;1;31;0;0;2;1;1;B01
201700040781;1;7;0;0;2;1;2;A01
201700040781;1;33;0;0;2;4;23;B01
201700040782;1;7;0;0;2;1;1;A01
201700040782;1;7;0;0;2;4;23;C01
201700040782;1;7;0;0;2;4;23;B01
201700040783;1;7;0;0;2;7;19;A01
201700040783;1;7;0;0;2;3;19;B01
201700040784;1;31;0;0;2;1;9;B01
201700040784;1;7;0;0;2;2;12;A01
201700040785;2;10;0;0;1;2;16;A01
201700040786;1;7;0;0;2;3;15;B01
201700040786;2;31;0;0;2;2;1;A01
201700040787;1;7;0;0;2;1;9;A01
201700040787;1;31;0;0;0;4;9;B01
201700040788;1;33;0;9;0;1;14;A01
201700040788;1;7;0;9;0;5;14;B01
201700040789;2;7;0;0;2;1;2;A01
201700040789;2;31;0;0;2;8;9;B01
201700040790;1;7;0;0;2;1;2;A01
201700040790;1;7;0;0;2;4;2;B01
201700040791;2;37;0;0;2;6;15;A01
201700040791;2;2;0;0;2;7;17;B01
201700040792;2;2;0;0;0;1;17;B01
201700040792;2;7;0;0;0;3;11;A01
201700040793;1;7;0;1;1;5;23;A01
201700040793;1;34;0;1;0;1;18;B01
201700040794;1;7;0;0;2;2;1;A01
201700040794;1;7;0;0;2;6;0;B01
201700040795;1;7;0;0;1;2;1;A01
201700040796;1;7;0;0;2;1;2;A01
201700040796;1;7;0;0;2;4;2;B01
201700040797;1;7;0;0;1;1;1;A01
201700040798;1;7;0;0;2;1;2;A01
201700040798;1;31;0;0;2;4;2;B01
201700040799;1;7;0;0;2;3;13;A01
201700040799;1;7;0;1;2;1;2;B01
201700040800;1;7;0;0;2;1;1;B01
201700040800;1;7;0;0;2;2;1;A01
201700040801;1;33;0;0;2;1;19;B01
201700040801;1;7;0;0;2;2;15;A01
201700040802;2;34;0;0;1;1;9;A01
201700040803;1;7;0;0;2;3;15;A01
201700040803;1;31;0;0;2;2;17;B01
201700040804;1;34;0;0;1;1;16;A01
201700040805;1;7;0;0;2;1;21;A01
201700040805;1;7;0;0;9;4;21;B01
201700040806;2;7;0;1;0;3;14;A01
201700040807;1;7;0;0;2;3;14;A01
201700040807;1;34;0;0;2;1;21;B01
201700040807;1;7;0;0;2;1;23;C01
201700040808;2;7;0;0;0;0;13;A01
201700040808;2;34;0;0;2;0;21;B01
201700040809;1;33;0;0;2;3;21;B01
201700040809;1;7;0;0;2;2;9;A01
201700040810;2;7;0;0;1;3;19;A01
201700040811;2;7;0;0;2;2;2;A01
201700040811;2;7;0;0;9;4;23;B01
201700040812;1;7;0;1;1;1;13;A01
201700040813;0;7;0;15;1;2;0;A01
201700040814;0;7;0;0;1;1;0;A01
201700040815;0;7;0;0;2;8;10;A01
201700040815;0;33;0;0;2;1;0;B01
201700040816;0;34;0;0;1;2;1;A01
201700040816;0;33;0;0;1;1;1;B01
201700040817;0;1;0;0;1;1;0;A01
201700040818;0;7;0;0;1;5;0;A01
201700040819;0;7;0;0;1;7;16;A01
201700040819;0;30;0;0;2;7;0;B01
201700040820;0;7;0;0;2;1;2;A01
201700040820;0;7;0;0;2;4;0;B01
201700040821;0;32;0;0;2;7;0;B01
201700040821;0;7;0;0;2;8;0;A01
201700040822;0;7;0;0;2;4;23;A01
201700040822;0;7;0;0;2;1;2;B01
201700040823;0;33;0;0;2;1;1;B01
201700040823;0;7;0;0;2;3;10;A01
201700040824;0;7;0;0;1;0;1;A01
201700040825;0;7;0;0;2;3;0;A01
201700040825;0;34;0;0;2;1;1;B01
201700040826;0;7;0;0;2;4;2;B01
201700040826;0;7;0;0;2;1;2;A01
201700040827;0;33;0;0;2;1;3;A01
201700040827;0;7;0;0;2;5;0;B01
201700040828;1;7;0;0;2;1;1;A01
201700040828;0;37;1;0;2;8;1;B01
201700040829;0;31;0;0;2;1;0;B01
201700040829;0;7;0;0;2;2;10;A01
201700040830;0;32;0;0;1;1;1;A01
201700040831;0;7;0;0;1;1;0;A01
201700040832;0;7;0;0;1;3;15;A01
201700040833;0;7;0;0;1;0;4;A01
201700040834;0;30;0;0;1;1;0;A01
201700040835;0;10;0;0;2;8;15;A01
201700040835;0;32;0;0;2;7;0;B01
201700040836;1;7;0;1;0;1;14;A01
201700040837;1;2;0;0;0;7;2;A01
201700040837;1;7;0;0;0;4;0;Z01
201700040838;0;2;0;0;0;7;11;A01
201700040839;0;7;0;0;1;4;16;A01
201700040839;0;7;0;0;2;1;16;C01
201700040839;0;7;0;0;2;9;16;B01
201700040840;2;7;0;0;2;3;11;A01
201700040840;2;34;0;0;2;2;2;B01
201700040841;2;7;0;0;0;4;2;B01
201700040841;2;34;0;0;2;1;2;A01
201700040842;0;7;0;0;2;3;1;B01
201700040842;0;34;0;0;2;7;0;A01
201700040843;0;7;0;0;2;2;1;A01
201700040843;0;7;0;1;2;9;9;B01
201700040844;0;34;0;0;2;1;1;B01
201700040844;0;10;0;0;2;8;10;A01
201700040845;0;7;0;0;2;2;10;A01
201700040845;0;7;0;0;2;1;1;B01
201700040846;2;7;0;0;2;1;0;A01
201700040847;2;7;0;0;2;3;10;A01
201700040847;1;33;0;0;2;7;0;B01
201700040848;2;2;0;0;1;1;1;A01
201700040849;1;7;0;0;1;2;23;A01
201700040850;2;1;0;0;1;1;1;A01
201700040851;1;7;0;0;1;2;1;A01
201700040852;1;7;0;0;2;4;2;B01
201700040852;1;7;0;0;2;1;2;A01
201700040853;0;2;0;0;2;1;2;A01
201700040853;0;7;0;0;2;4;2;B01
201700040854;1;7;0;0;2;6;2;A01
201700040854;1;33;0;0;2;1;2;B01
201700040855;1;7;0;0;2;2;1;B01
201700040855;1;33;0;0;2;1;2;A01
201700040856;1;7;0;0;0;1;1;A01
201700040857;1;31;0;0;2;1;1;A01
201700040857;1;7;0;0;2;8;10;B01
201700040858;1;7;0;0;2;5;1;B01
201700040858;1;2;0;0;2;8;13;A01
201700040859;1;7;0;0;2;4;23;C01
201700040859;1;7;0;0;2;1;1;A01
201700040859;1;7;0;0;2;9;23;B01
201700040860;2;30;0;0;2;1;1;B01
201700040860;1;7;0;0;2;2;15;A01
201700040861;1;33;0;0;2;2;1;B01
201700040861;1;7;0;0;2;3;9;A01
201700040862;2;7;0;0;2;1;2;A01
201700040862;2;7;0;0;2;4;2;C01
201700040862;2;7;0;0;2;1;2;B01
201700040863;1;33;0;0;0;7;9;A01
201700040864;1;7;0;0;2;1;1;A01
201700040864;1;7;0;0;2;4;23;C01
201700040864;1;7;0;0;2;4;23;B01
201700040865;2;31;0;0;2;1;16;A01
201700040866;1;7;0;0;2;1;1;A01
201700040866;1;7;0;0;2;4;1;B01
201700040867;1;33;0;0;1;1;1;A01
201700040868;1;7;0;0;2;2;15;A01
201700040868;1;33;0;0;2;1;1;B01
201700040869;1;7;0;0;2;1;0;A01
201700040869;1;30;0;0;2;4;24;B01
201700040869;1;7;0;0;2;4;23;C01
201700040870;1;7;0;0;1;2;16;A01
201700040871;1;7;0;0;2;6;15;A01
201700040872;1;31;0;0;1;1;1;A01
201700040873;1;31;0;0;2;1;21;A01
201700040873;1;7;0;0;2;5;23;B01
201700040874;2;7;0;0;2;1;1;A01
201700040874;1;37;0;0;2;3;1;B01
201700040875;1;31;0;0;0;7;1;A01
201700040876;1;7;0;0;9;2;21;A01
201700040876;1;99;0;0;2;8;13;B01
201700040877;2;7;0;0;1;2;19;A01
201700040878;2;7;0;0;2;1;15;A01
201700040878;1;34;0;0;2;3;9;B01
201700040879;2;7;0;0;2;2;12;A01
201700040879;1;2;0;0;2;3;1;B01
201700040880;2;34;0;0;1;1;1;A01
201700040881;1;7;0;0;2;6;15;A01
201700040881;1;33;0;0;2;2;2;B01
201700040882;1;7;0;0;1;1;16;A01
201700040883;2;7;0;0;2;8;1;B01
201700040883;1;7;0;12;2;1;1;A01
201700040883;2;7;0;0;2;1;1;C01
201700040884;1;31;0;0;1;1;1;A01
201700040885;1;7;0;0;2;4;23;B01
201700040885;1;7;0;0;2;4;23;D01
201700040885;1;7;0;0;2;4;23;C01
201700040885;1;7;0;0;2;1;2;A01
201700040886;1;7;0;0;2;2;15;A01
201700040886;1;33;0;0;2;3;21;B01
201700040887;0;7;0;0;0;3;10;A01
201700040887;0;2;0;0;2;1;17;B01
201700040888;0;32;0;0;0;8;1;B01
201700040888;0;30;0;0;0;1;1;A01
201700040889;0;37;1;0;2;4;0;B01
201700040889;1;33;0;0;1;1;1;A01
201700040890;0;10;0;0;0;4;1;B01
201700040890;0;7;0;0;2;1;2;A01
201700040891;1;34;0;16;0;7;3;A01
201700040892;0;2;0;0;1;1;17;A01
201700040893;0;32;0;0;0;0;0;B01
201700040893;0;2;0;0;0;1;2;A01
201700040894;0;7;0;0;0;1;2;A01
201700040894;0;7;0;0;0;4;2;B01
201700040895;0;30;0;0;2;1;1;B01
201700040895;0;7;0;0;2;6;9;A01
201700040896;0;7;0;0;2;1;0;A01
201700040896;0;34;0;0;2;7;1;B01
201700040897;0;2;0;0;2;1;1;B01
201700040897;0;7;0;0;2;3;11;A01
201700040898;0;7;0;0;0;4;1;B01
201700040898;0;31;0;0;2;1;2;A01
201700040899;0;7;0;0;2;4;2;B01
201700040899;0;33;0;0;2;1;2;A01
201700040900;0;7;0;0;0;0;2;A01
201700040900;0;33;0;0;0;8;2;B01
201700040901;1;7;0;0;2;2;11;A01
201700040901;2;33;0;0;2;1;1;B01
201700040902;0;33;0;0;2;1;13;A01
201700040903;0;7;0;0;1;3;17;A01
201700040904;0;30;0;8;0;1;9;A01
201700040905;0;7;0;0;1;2;1;A01
201700040906;0;14;0;0;0;1;2;A01
201700040906;0;7;0;0;0;4;1;B01
201700040907;0;33;0;0;2;1;1;B01
201700040907;0;7;0;0;2;5;10;A01
201700040908;0;7;0;0;2;1;2;A01
201700040908;0;7;0;0;2;4;1;B01
201700040909;0;7;0;0;2;4;1;B01
201700040909;0;7;0;0;2;1;1;A01
201700040910;0;7;0;0;2;1;1;A01
201700040910;0;7;0;0;2;1;1;B01
201700040911;1;34;0;0;2;1;2;A01
201700040911;1;31;0;0;2;4;2;B01
201700040912;2;33;0;0;2;1;1;B01
201700040912;1;7;0;0;2;7;15;A01
201700040913;1;7;0;0;2;4;11;A01
201700040913;1;14;0;0;2;1;1;B01
201700040914;1;7;0;0;1;3;15;A01
201700040915;1;7;0;0;2;4;2;A01
201700040915;1;7;0;0;2;1;2;B01
201700040916;1;7;0;0;1;2;1;A01
201700040917;2;33;0;0;2;1;2;A01
201700040917;2;10;0;0;2;4;2;B01
201700040918;1;32;0;0;2;1;1;C01
201700040918;1;7;0;0;2;2;1;A01
201700040918;1;7;0;8;2;4;1;B01
201700040919;2;7;0;0;2;1;1;A01
201700040919;2;20;0;0;2;5;1;B01
201700040920;2;1;0;0;2;1;16;A01
201700040920;2;34;0;0;2;1;1;B01
201700040921;1;33;0;0;2;1;2;A01
201700040921;1;7;0;0;2;3;2;B01
201700040922;1;7;0;1;0;1;1;A01
201700040923;1;7;0;0;2;1;15;A01
201700040923;2;1;0;0;2;1;1;B01
201700040924;2;7;0;0;2;4;2;B01
201700040924;2;30;0;0;2;1;2;A01
201700040925;1;7;0;0;2;7;1;A01
201700040925;1;30;0;0;2;8;11;B01
201700040926;1;7;0;6;2;1;1;A01
201700040926;1;7;0;0;2;2;1;B01
201700040927;1;7;0;0;2;8;15;A01
201700040927;1;33;0;0;2;2;17;B01
201700040928;2;7;0;0;2;1;2;A01
201700040928;2;7;0;0;2;4;2;B01
201700040929;2;30;0;0;2;2;17;A01
201700040929;2;7;0;0;2;3;15;B01
201700040930;1;7;0;0;2;4;2;A01
201700040930;1;7;0;0;2;1;2;B01
201700040931;1;33;0;0;2;1;14;A01
201700040931;1;1;0;0;2;4;1;B01
201700040932;0;7;0;0;1;0;4;A01
201700040933;1;7;0;0;2;1;2;A01
201700040933;1;7;0;0;2;4;23;B01
201700040934;0;7;0;0;2;3;1;B01
201700040934;0;30;0;0;2;1;1;A01
201700040935;1;7;0;0;1;1;15;A01
201700040936;2;32;0;0;2;4;2;B01
201700040936;2;7;0;0;2;4;2;C01
201700040936;2;7;0;0;2;1;2;A01
201700040937;2;7;0;1;0;1;14;A01
201700040938;1;7;0;0;2;8;9;Z01
201700040938;1;30;0;0;2;7;2;B01
201700040939;2;7;0;0;1;2;1;A01
201700040940;1;1;0;0;2;1;2;A01
201700040940;1;7;0;0;2;4;2;B01
201700040941;2;1;0;0;2;1;5;B01
201700040941;1;7;0;0;2;1;1;Z01
201700040942;2;7;0;0;1;1;1;A01
201700040943;2;7;0;4;0;2;13;A01
201700040944;1;30;0;0;1;8;1;A01
201700040945;1;7;0;0;2;4;1;B01
201700040945;1;7;0;0;2;1;11;A01
201700040946;2;1;0;0;2;1;1;B01
201700040946;1;7;0;0;2;7;15;A01
201700040947;1;30;0;0;1;1;1;A01
201700040948;1;7;0;0;2;8;2;A01
201700040948;1;1;0;0;2;7;2;B01
201700040949;1;7;0;0;1;1;14;A01
201700040950;2;7;0;0;1;2;1;A01
201700040951;2;7;0;0;2;1;1;A01
201700040951;1;1;0;0;2;3;19;B01
201700040952;2;10;0;0;1;1;1;A01
201700040953;1;7;0;1;0;8;13;A01
201700040954;0;7;0;0;1;4;4;A01
201700040955;1;32;0;1;0;1;13;A01
201700040956;2;30;0;12;0;2;1;A01
201700040957;2;10;0;0;2;1;2;A01
201700040957;2;7;0;0;2;4;23;B01
201700040958;1;32;0;0;2;4;2;A01
201700040958;1;7;0;0;2;1;2;B01
201700040959;1;7;0;0;1;1;1;A01
201700040960;1;7;0;14;0;2;1;A01
201700040961;1;30;0;0;2;1;1;A01
201700040961;2;7;0;0;2;3;1;B01
201700040962;2;37;2;0;1;2;1;A01
201700040963;2;7;0;0;2;3;1;B01
201700040963;2;30;0;0;2;1;1;A01
201700040964;2;7;0;0;2;4;2;B01
201700040964;2;10;0;0;2;1;2;A01
201700040965;1;7;0;0;1;2;1;A01
201700040966;1;7;0;0;1;4;4;A01
201700040967;0;7;0;6;0;1;1;A01
201700040968;1;30;0;4;0;8;1;A01
201700040969;1;7;0;0;2;7;16;B01
201700040969;1;2;0;0;2;2;18;A01
201700040970;2;7;0;0;2;1;1;B01
201700040970;2;7;0;0;2;7;15;A01
201700040971;1;33;0;6;0;2;1;A01
201700040972;2;7;0;0;1;7;1;A01
201700040973;1;7;0;0;2;1;2;A01
201700040973;1;7;0;0;2;4;2;B01
201700040974;1;7;0;0;2;2;1;A01
201700040974;1;7;0;10;2;6;11;B01
201700040975;2;7;0;1;0;1;1;A01
201700040976;1;7;0;0;1;2;1;A01
201700040977;2;34;0;8;2;8;1;B01
201700040977;2;7;0;0;2;7;12;A01
201700040978;1;7;0;0;1;1;16;A01
201700040979;2;7;0;0;2;1;2;A01
201700040979;2;37;0;0;2;6;23;B01
201700040980;2;7;0;0;2;3;1;B01
201700040980;2;1;0;0;2;3;1;A01
201700040981;1;7;0;0;1;2;1;A01
201700040982;2;37;0;1;0;2;1;A01
201700040982;2;7;0;0;2;8;24;B01
201700040983;1;14;0;0;2;7;24;A01
201700040983;1;1;0;1;0;8;1;B01
201700040984;2;7;0;14;0;1;13;A01
201700040985;1;7;0;0;2;8;1;B01
201700040985;1;7;0;0;2;7;12;A01
201700040986;2;7;0;0;2;4;2;B01
201700040986;1;7;0;0;2;1;5;C01
201700040986;2;30;0;0;2;1;2;A01
201700040987;1;7;0;1;2;4;2;B01
201700040987;1;7;0;2;2;1;2;A01
201700040988;2;30;0;0;2;1;2;A01
201700040988;2;34;0;0;2;8;15;B01
201700040989;1;34;0;0;2;1;1;A01
201700040989;2;7;0;0;2;1;15;B01
201700040990;2;30;0;0;2;1;2;A01
201700040990;2;7;0;0;2;4;2;B01
201700040991;1;30;0;0;2;1;1;B01
201700040991;1;7;0;0;2;3;23;A01
201700040992;2;7;0;1;0;1;1;A01
201700040993;2;10;0;0;2;7;10;A01
201700040993;1;34;0;0;2;2;1;B01
201700040994;1;37;0;0;2;2;1;A01
201700040994;1;7;0;0;2;6;16;B01
201700040995;2;33;0;0;2;2;1;B01
201700040995;1;7;0;0;2;3;15;A01
201700040996;0;7;0;0;2;5;12;A01
201700040996;0;31;0;0;2;8;1;B01
201700040997;0;33;0;0;2;1;1;A01
201700040997;0;7;0;0;2;4;1;B01
201700040998;0;7;0;0;1;1;1;A01
201700040999;0;7;0;0;2;1;1;A01
201700040999;0;7;0;0;2;9;2;B01
201700040999;0;7;0;0;2;0;2;D01
201700040999;0;7;0;0;2;4;2;E01
201700040999;0;7;0;0;2;9;2;C01
201700041000;0;2;0;0;0;9;15;A01
201700041001;0;37;10;14;0;6;1;A01
201700041002;0;7;0;0;2;1;1;A01
201700041002;0;7;0;0;2;9;1;B01
201700041002;0;7;0;0;2;9;1;C01
201700041002;0;7;0;0;2;4;23;D01
201700041003;0;7;0;0;2;1;1;B01
201700041003;0;7;0;0;2;4;4;A01
201700041004;0;2;0;1;0;1;1;A01
201700041005;0;7;0;0;1;1;2;A01
201700041006;0;7;0;1;0;9;1;A01
201700041007;0;7;0;0;2;1;1;A01
201700041007;0;7;0;0;2;6;1;B01
201700041008;0;1;0;1;0;1;0;A01
201700041009;0;7;0;7;0;9;1;A01
201700041010;0;7;0;0;2;1;1;C01
201700041010;0;7;0;0;2;1;1;A01
201700041010;0;7;0;0;2;9;1;B01
201700041011;0;37;1;0;2;9;1;B01
201700041011;0;7;0;0;0;4;20;A01
201700041011;0;37;1;0;2;1;1;C01
201700041012;0;32;0;0;2;7;1;D01
201700041012;0;7;0;0;0;1;9;A01
201700041012;0;30;0;0;2;1;1;C01
201700041012;0;7;0;0;2;8;2;B01
201700041013;0;31;0;0;2;1;1;A01
201700041013;0;7;0;0;2;7;15;B01
201700041014;0;33;0;0;2;1;17;A01
201700041014;0;33;0;0;2;7;15;B01
201700041015;0;7;0;0;2;8;24;B01
201700041015;0;7;0;1;1;7;1;A01
201700041016;0;33;0;0;2;1;1;A01
201700041016;0;31;0;0;2;8;1;C01
201700041016;0;7;0;1;2;4;15;B01
201700041017;0;7;0;0;2;4;1;B01
201700041017;0;7;0;0;2;1;0;A01
201700041018;0;33;0;0;2;1;1;A01
201700041018;0;7;0;0;2;4;1;B01
201700041019;0;30;0;0;0;8;14;A01
201700041019;0;7;0;0;2;0;0;B01
201700041020;0;7;0;0;2;3;15;A01
201700041020;0;30;0;0;2;2;17;B01
201700041021;0;33;0;0;2;1;1;A01
201700041021;0;7;0;0;2;4;1;B01
201700041022;0;33;0;4;0;9;1;A01
201700041023;0;7;0;0;2;2;1;A01
201700041023;0;33;0;0;2;8;1;B01
201700041024;0;31;0;0;2;8;1;B01
201700041024;0;99;0;0;2;1;15;A01
201700041025;0;7;0;0;2;3;1;A01
201700041025;0;1;0;0;2;1;1;B01
201700041026;0;31;0;0;2;8;1;B01
201700041026;0;7;0;0;2;7;15;A01
201700041027;0;31;0;0;1;1;1;A01
201700041028;0;7;0;0;9;8;22;A01
201700041028;0;1;0;0;2;0;1;B01
201700041029;0;7;0;0;2;3;15;B01
201700041029;0;2;0;0;2;7;17;A01
201700041030;0;1;0;0;2;8;1;B01
201700041030;0;7;0;0;2;1;1;A01
201700041031;0;7;0;0;2;8;11;A01
201700041031;0;33;0;0;2;1;17;B01
201700041032;0;33;0;0;0;7;1;A01
201700041033;1;30;0;0;2;1;1;A01
201700041033;1;7;0;0;2;4;1;B01
201700041034;1;7;0;0;2;8;9;A01
201700041034;1;34;0;0;2;1;17;B01
201700041035;2;7;0;0;2;4;2;A01
201700041035;2;7;0;0;2;5;2;B01
201700041036;1;34;0;0;2;1;2;A01
201700041036;1;7;0;0;1;6;1;B01
201700041037;1;7;0;0;2;8;15;A01
201700041037;1;7;0;0;2;1;1;B01
201700041038;1;7;0;0;2;3;15;B01
201700041038;1;30;0;0;2;1;2;A01
201700041039;1;7;0;0;2;1;1;B01
201700041039;1;7;0;0;2;4;1;C01
201700041039;1;7;0;0;2;1;1;A01
201700041040;1;33;0;0;0;0;13;B01
201700041040;1;7;0;0;2;0;19;A01
201700041041;1;14;0;0;2;4;23;B01
201700041041;1;7;0;0;2;1;2;A01
201700041042;1;34;0;12;0;7;1;A01
201700041043;1;2;0;14;0;1;1;A01
201700041044;2;7;0;0;2;2;13;A01
201700041044;1;7;0;0;2;2;13;B01
201700041045;1;7;0;0;2;1;2;C01
201700041045;1;7;0;0;2;4;1;A01
201700041045;1;7;0;0;2;4;2;B01
201700041046;1;10;0;0;2;3;15;A01
201700041046;1;10;0;0;2;3;2;C01
201700041046;1;33;0;0;2;1;2;B01
201700041047;1;30;0;0;2;1;19;A01
201700041047;1;7;0;0;2;4;23;B01
201700041047;1;7;0;0;2;3;23;C01
201700041048;1;2;0;0;2;1;1;B01
201700041048;1;10;0;0;2;6;20;A01
201700041049;1;7;0;0;1;1;15;A01
201700041050;2;7;0;0;2;3;1;B01
201700041050;1;7;0;0;2;3;1;A01
201700041051;2;7;0;0;1;3;15;A01
201700041052;1;7;0;0;2;1;19;A01
201700041052;1;7;0;0;2;8;19;B01
201700041053;1;7;0;14;2;1;1;B01
201700041054;1;7;0;8;0;3;19;A01
201700041055;0;7;0;12;0;1;13;A01
201700041056;2;7;0;6;0;1;15;A01
201700041057;1;7;0;0;2;8;10;B01
201700041057;1;31;0;0;2;1;1;A01
201700041058;1;32;0;0;2;2;17;B01
201700041058;1;10;0;0;2;3;15;A01
201700041059;1;31;0;0;5;1;1;A01
201700041060;1;7;0;0;1;1;19;B01
201700041061;1;7;0;0;2;3;10;A01
201700041061;1;33;0;0;2;1;1;B01
201700041062;1;7;0;0;2;2;1;B01
201700041062;1;7;0;0;2;1;1;A01
201700041063;1;7;0;0;2;2;19;A01
201700041063;1;33;0;0;2;8;19;B01
201700041064;2;99;0;0;0;8;1;A01
201700041065;2;7;0;0;2;8;15;A01
201700041065;2;33;0;0;2;2;13;B01
201700041066;1;30;0;0;2;3;13;A01
201700041066;1;7;0;0;2;3;1;B01
201700041067;1;33;0;0;0;6;1;A01
201700041068;1;33;0;0;2;7;0;B01
201700041068;2;7;0;0;2;1;15;A01
201700041069;1;7;0;0;9;7;16;A01
201700041069;1;1;0;0;2;1;18;B01
201700041070;1;7;0;0;2;8;15;A01
201700041070;1;33;0;0;2;1;2;B01
201700041071;1;7;0;0;2;5;2;B01
201700041071;1;7;0;0;2;3;2;A01
201700041072;1;7;0;0;2;3;15;A01
201700041072;1;7;0;0;2;2;1;B01
201700041073;1;7;0;0;1;3;15;A01
201700041074;1;7;0;15;0;1;2;A01
201700041075;2;33;0;0;2;2;17;B01
201700041075;1;7;0;0;2;1;19;A01
201700041076;2;33;0;11;0;1;21;A01
201700041077;1;7;0;0;2;4;2;B01
201700041077;1;7;0;0;2;1;2;A01
201700041078;1;7;0;0;0;0;13;B01
201700041078;1;34;0;0;2;3;13;A01
201700041079;1;30;0;0;0;0;9;A01
201700041080;2;34;0;0;0;8;21;A01
201700041081;1;7;0;1;0;2;14;A01
201700041082;1;7;0;0;2;1;2;A01
201700041082;1;7;0;0;2;4;2;B01
201700041083;1;7;0;0;9;3;13;A01
201700041083;1;1;0;0;2;2;17;B01
201700041084;1;7;0;0;2;4;7;A01
201700041084;1;7;0;0;2;1;7;B01
201700041085;2;7;0;0;2;7;12;A01
201700041085;2;30;0;0;2;8;3;B01
201700041086;2;10;0;0;1;4;4;A01
201700041087;1;7;0;0;2;1;1;A01
201700041087;1;7;0;0;2;4;1;B01
201700041088;1;7;0;0;1;1;1;A01
201700041089;2;7;0;0;2;4;1;B01
201700041089;2;14;0;0;2;1;1;A01
201700041090;1;33;0;0;2;1;1;B01
201700041090;1;7;0;0;2;8;10;A01
201700041091;2;7;0;0;2;1;1;A01
201700041091;1;1;0;0;2;8;19;B01
201700041092;2;33;0;1;2;8;9;A01
201700041092;2;7;0;0;2;2;1;B01
201700041092;2;7;0;0;2;4;24;C01
201700041093;1;7;0;0;2;2;10;A01
201700041093;1;31;0;0;2;1;1;B01
201700041094;2;7;0;0;2;1;1;B01
201700041094;1;7;0;0;2;1;13;A01
201700041095;1;31;0;0;0;0;1;A01
201700041096;2;7;0;0;1;4;4;A01
201700041097;1;33;0;14;0;0;1;A01
201700041098;2;7;0;0;2;8;9;B01
201700041098;1;34;0;0;2;1;1;A01
201700041099;2;33;0;0;2;1;18;B01
201700041099;1;7;0;0;2;3;9;A01
201700041100;1;31;0;0;2;1;1;B01
201700041100;2;10;0;0;2;7;15;A01
201700041101;2;7;0;0;2;4;2;B01
201700041101;2;7;0;0;2;1;2;A01
201700041102;1;7;0;0;2;3;9;A01
201700041102;1;1;0;0;2;1;1;B01
201700041103;1;7;0;8;0;1;1;A01
201700041104;1;14;0;0;2;1;17;A01
201700041104;1;3;0;0;2;8;15;B01
201700041105;2;7;0;0;1;1;17;A01
201700041106;1;1;0;0;2;1;18;B01
201700041106;1;7;0;0;2;2;22;A01
201700041107;2;30;0;0;0;0;1;A01
201700041108;2;7;0;0;2;3;15;A01
201700041108;2;33;0;0;2;1;1;B01
201700041109;2;32;0;0;0;0;1;A01
201700041110;1;30;0;1;0;1;1;A01
201700041111;1;33;0;14;0;7;1;A01
201700041112;2;7;0;1;0;1;16;A01
201700041113;1;1;0;0;2;1;1;A01
201700041113;2;7;0;0;2;1;1;B01
201700041114;1;7;0;4;0;2;12;A01
201700041115;2;7;0;0;1;2;16;A01
201700041116;2;31;0;11;0;7;14;A01
201700041117;1;1;0;0;2;8;19;A01
201700041117;1;7;0;0;2;2;1;B01
201700041118;2;7;0;1;2;6;23;B01
201700041118;2;10;0;0;2;2;1;A01
201700041119;2;7;0;1;1;2;17;A01
201700041120;2;7;0;0;1;2;1;A01
201700041121;2;10;0;1;0;2;14;A01
201700041122;1;7;0;0;2;8;15;A01
201700041122;1;33;0;0;2;1;17;B01
201700041123;2;10;0;0;1;4;4;A01
201700041124;2;7;0;8;0;0;1;A01
201700041125;1;7;0;0;2;1;15;A01
201700041125;1;31;0;0;2;1;1;B01
201700041126;1;7;0;0;2;8;1;B01
201700041126;1;14;0;0;2;2;14;A01
201700041127;1;7;0;0;2;8;1;B01
201700041127;2;7;0;0;2;1;15;A01
201700041128;2;34;0;0;1;7;17;A01
201700041129;1;34;0;0;0;8;1;A01