num_acc;senc;catv;occutc;obs;obsm;choc;manv;num_veh
201700041130;2;30;0;0;0;0;21;A01
201700041131;1;7;0;0;1;1;15;A01
201700041131;1;7;0;0;2;7;24;C01
201700041131;1;13;0;0;2;4;24;D01
201700041131;1;7;0;0;2;4;24;E01
201700041131;1;7;0;0;2;4;24;B01
201700041132;0;32;0;0;0;0;1;A01
201700041133;0;7;0;0;1;1;1;A01
201700041134;0;7;0;0;2;7;14;A01
201700041134;0;34;0;0;2;1;1;B01
201700041135;0;7;0;0;2;1;1;A01
201700041135;0;7;0;0;2;4;1;B01
201700041136;0;10;0;0;1;1;1;A01
201700041137;0;7;0;0;1;6;9;A01
201700041138;0;7;0;0;2;3;0;A01
201700041138;0;1;0;0;2;1;9;B01
201700041139;0;7;0;0;1;1;1;A01
201700041140;0;7;0;0;2;7;1;B01
201700041140;0;7;0;0;2;8;13;A01
201700041141;0;7;0;0;1;1;1;A01
201700041142;0;7;0;0;1;3;15;A01
201700041143;0;7;0;0;1;1;1;A01
201700041144;0;1;0;0;1;1;1;A01
201700041145;0;7;0;0;1;1;1;A01
201700041146;0;7;0;0;1;1;1;A01
201700041147;0;31;0;0;2;4;23;B01
201700041147;0;7;0;0;2;1;1;A01
201700041148;0;33;0;0;0;0;16;A01
201700041149;0;7;0;0;2;7;15;A01
201700041149;0;33;0;0;2;1;1;B01
201700041150;0;7;0;0;2;4;23;C01
201700041150;0;37;1;0;2;1;1;A01
201700041150;0;7;0;0;2;4;23;B01
201700041151;0;7;0;15;0;2;1;A01
201700041152;0;33;0;12;0;8;1;A01
201700041153;0;37;5;0;2;3;1;B01
201700041153;0;7;0;0;2;6;9;A01
201700041154;0;7;0;2;0;1;1;A01
201700041155;0;7;0;0;2;3;11;A01
201700041155;0;33;0;0;2;4;1;B01
201700041156;0;32;0;0;0;0;1;A01
201700041157;0;30;0;0;2;3;1;B01
201700041157;0;7;0;0;2;1;15;A01
201700041158;0;7;0;0;2;2;15;A01
201700041158;0;1;0;0;2;1;1;B01
201700041159;0;7;0;0;2;2;1;A01
201700041159;0;1;0;0;2;1;1;B01
201700041160;0;10;0;0;1;4;4;A01
201700041161;0;7;0;1;0;2;14;A01
201700041162;0;33;0;0;0;0;1;A01
201700041163;0;7;0;0;0;8;0;A01
201700041164;0;14;0;0;1;2;1;A01
201700041165;0;7;0;0;0;1;0;B01
201700041165;0;7;0;0;0;1;0;A01
201700041165;0;7;0;0;0;1;0;C01
201700041166;0;30;0;0;1;0;0;Z01
201700041167;0;7;0;0;0;7;0;A01
201700041168;0;30;0;0;0;1;21;A01
201700041169;0;7;0;0;1;1;0;A01
201700041170;0;7;0;0;2;8;1;B01
201700041170;0;33;0;0;2;8;6;A01
201700041171;0;2;0;0;0;0;0;A01
201700041172;0;7;0;0;2;4;0;A01
201700041173;0;7;0;0;0;1;0;C01
201700041173;0;37;1;0;0;3;0;B01
201700041173;0;33;0;0;0;2;2;A01
201700041174;0;7;0;8;0;1;6;A01
201700041175;0;32;0;0;0;3;0;B01
201700041175;0;7;0;0;0;3;0;A01
201700041176;0;31;0;12;0;8;2;A01
201700041177;0;33;0;0;0;0;2;A01
201700041177;0;7;0;0;0;4;2;B01
201700041178;0;32;0;0;0;0;0;A01
201700041179;0;32;0;0;0;0;1;A01
201700041180;0;10;0;0;2;7;12;A01
201700041180;0;31;0;0;2;8;0;B01
201700041181;0;30;0;1;2;4;2;A01
201700041182;0;10;0;0;2;7;1;B01
201700041182;1;30;0;0;2;8;0;A01
201700041183;0;37;0;0;2;1;7;A01
201700041184;0;33;0;0;2;8;2;B01
201700041184;0;10;0;0;2;2;19;A01
201700041185;1;7;0;0;0;3;15;A01
201700041186;1;10;0;0;2;4;23;A01
201700041186;1;7;0;0;2;1;2;B01
201700041187;1;1;0;0;2;9;2;B01
201700041187;1;7;0;0;2;1;12;A01
201700041188;1;7;0;0;2;3;21;A01
201700041188;1;33;0;0;2;7;1;B01
201700041189;1;1;0;1;0;1;17;B01
201700041189;1;7;0;0;2;8;22;A01
201700041190;1;7;0;0;2;5;1;A01
201700041190;1;10;0;0;2;8;7;B01
201700041191;1;7;0;5;0;1;21;A01
201700041192;1;7;0;16;0;0;15;A01
201700041192;2;7;0;16;0;0;15;B01
201700041193;1;13;0;0;2;2;2;A01
201700041193;1;10;0;15;2;4;15;B01
201700041194;2;10;0;0;2;3;11;A01
201700041194;2;33;0;0;2;7;1;B01
201700041194;1;7;0;0;9;3;1;C01
201700041195;1;33;0;0;2;1;17;B01
201700041195;1;7;0;0;2;1;15;A01
201700041196;1;7;0;0;2;4;23;B01
201700041196;1;7;0;0;2;1;2;A01
201700041197;2;7;0;0;9;5;16;B01
201700041197;1;7;0;0;9;3;15;A01
201700041198;1;7;0;0;2;4;2;B01
201700041198;1;10;0;0;2;1;2;A01
201700041199;1;10;0;0;2;4;20;A01
201700041199;1;33;0;0;2;1;23;B01
201700041200;1;7;0;0;2;6;23;B01
201700041200;1;13;0;0;2;1;21;A01
201700041201;1;31;0;0;2;1;19;A01
201700041201;1;33;0;0;2;6;16;B01
201700041202;1;7;0;1;0;2;14;A01
201700041203;2;7;0;0;2;6;15;A01
201700041203;1;34;0;0;2;1;19;B01
201700041204;1;7;0;0;1;2;1;A01
201700041205;2;7;0;0;2;7;15;A01
201700041205;2;33;0;0;2;1;19;B01
201700041206;1;7;0;0;0;6;22;A01
201700041207;1;7;0;0;2;8;2;B01
201700041207;1;7;0;0;2;4;2;C01
201700041207;1;34;0;0;2;1;9;A01
201700041208;1;33;0;1;0;7;21;A01
201700041209;2;33;0;16;0;4;23;A01
201700041209;1;7;0;0;0;4;23;B01
201700041210;2;7;0;0;2;8;23;A01
201700041210;2;30;0;1;0;1;1;B01
201700041211;1;7;0;0;2;2;1;B01
201700041211;1;7;0;0;2;1;1;A01
201700041212;1;37;0;0;1;1;1;A01
201700041213;1;1;0;0;1;1;1;A01
201700041214;2;14;0;0;2;5;23;A01
201700041214;2;33;0;1;0;1;18;B01
201700041215;1;7;0;0;2;1;1;A01
201700041215;2;1;0;0;2;1;15;B01
201700041216;1;7;0;0;1;1;16;A01
201700041217;1;1;0;0;0;1;1;A01
201700041218;1;7;0;0;2;3;7;A01
201700041218;1;31;0;0;2;2;17;B01
201700041219;1;30;0;0;0;1;1;A01
201700041220;1;1;0;0;2;3;15;A01
201700041220;1;33;0;0;2;2;18;B01
201700041221;1;33;0;0;2;1;2;A01
201700041221;1;7;0;0;2;5;14;B01
201700041222;1;7;0;0;1;1;1;A01
201700041223;2;7;0;0;2;1;1;A01
201700041223;2;7;0;0;2;4;23;B01
201700041223;2;7;0;0;2;4;23;C01
201700041224;1;2;0;0;2;8;15;A01
201700041224;1;7;0;0;2;7;1;B01
201700041225;1;10;0;0;2;2;17;A01
201700041225;1;31;0;0;2;2;18;B01
201700041226;1;7;0;0;2;8;15;A01
201700041226;1;33;0;0;2;1;1;B01
201700041227;1;33;0;0;1;1;1;A01
201700041228;1;7;0;0;1;1;1;Z01
201700041229;1;7;0;14;0;1;1;A01
201700041230;1;14;0;0;1;2;16;A01
201700041231;2;31;0;0;1;1;1;A01
201700041232;1;34;0;0;2;1;16;A01
201700041232;1;7;0;0;2;1;1;B01
201700041233;1;7;0;0;2;1;1;A01
201700041233;1;1;0;0;2;1;1;B01
201700041234;1;2;0;0;1;1;1;A01
201700041235;1;7;0;8;2;3;1;A01
201700041235;2;33;0;0;2;1;1;B01
201700041236;1;7;0;0;2;8;22;A01
201700041236;1;30;0;0;2;1;1;B01
201700041237;2;34;0;0;1;1;1;Z01
201700041238;1;7;0;0;2;2;15;A01
201700041238;1;34;0;0;2;1;1;B01
201700041239;1;14;0;0;2;5;24;B01
201700041239;1;10;0;0;2;7;1;C01
201700041239;1;33;0;1;2;2;18;A01
201700041240;1;7;0;0;2;4;1;B01
201700041241;1;30;0;0;0;0;1;A01
201700041242;1;10;0;0;2;2;15;A01
201700041242;1;30;0;0;2;1;1;B01
201700041243;0;7;0;0;2;3;9;A01
201700041243;0;33;0;0;2;1;21;B01
201700041244;1;7;0;0;1;3;1;A01
201700041245;1;7;0;12;0;1;1;A01
201700041246;1;31;0;2;0;1;1;A01
201700041247;2;1;0;12;0;1;1;A01
201700041248;1;30;0;0;2;1;15;A01
201700041248;1;7;0;0;2;3;1;B01
201700041249;0;34;0;0;0;0;1;A01
201700041250;0;7;0;0;1;1;1;A01
201700041251;0;7;0;0;2;3;1;B01
201700041251;0;34;0;0;2;1;1;A01
201700041252;0;34;0;0;1;1;1;A01
201700041253;0;7;0;11;0;1;1;A01
201700041254;0;7;0;0;0;4;10;A01
201700041254;0;33;0;0;2;1;1;B01
201700041255;0;7;0;0;1;1;15;A01
201700041256;0;7;0;0;2;1;1;B01
201700041256;0;14;0;0;2;4;4;A01
201700041257;0;33;0;1;0;1;1;A01
201700041257;0;15;0;0;2;4;23;B01
201700041258;0;7;0;0;2;2;1;A01
201700041258;0;1;0;0;2;3;2;B01
201700041259;0;7;0;0;1;1;1;A01
201700041260;0;2;0;0;0;0;1;A01
201700041260;0;1;0;0;2;1;1;B01
201700041261;0;1;0;0;2;1;0;A01
201700041261;0;7;0;0;2;8;9;B01
201700041262;0;7;0;0;2;1;1;A01
201700041262;0;7;0;0;2;4;1;B01
201700041262;0;7;0;0;2;4;1;C01
201700041263;0;32;0;0;0;1;1;A01
201700041264;0;7;0;0;1;5;4;A01
201700041265;0;1;0;0;2;8;1;B01
201700041265;0;7;0;0;2;1;1;A01
201700041266;0;1;0;0;1;1;0;A01
201700041267;0;7;0;0;2;4;4;A01
201700041267;0;7;0;0;2;1;1;B01
201700041268;0;7;0;0;2;1;1;A01
201700041268;0;7;0;0;2;7;15;B01
201700041269;0;10;0;0;2;1;2;A01
201700041269;0;7;0;0;2;4;23;B01
201700041270;0;7;0;12;0;1;0;A01
201700041271;0;7;0;0;0;1;1;A01
201700041271;0;7;0;0;0;4;23;C01
201700041271;0;7;0;0;0;4;23;D01
201700041271;0;7;0;0;0;4;23;B01
201700041272;0;33;0;0;2;1;2;A01
201700041272;0;10;0;0;2;4;2;B01
201700041273;0;10;0;0;1;1;0;A01
201700041274;0;7;0;0;1;1;1;A01
201700041275;0;33;0;0;2;7;0;A01
201700041275;0;7;0;0;2;7;0;B01
201700041276;0;1;0;0;2;8;19;A01
201700041276;0;7;0;0;2;1;1;B01
201700041277;0;33;0;0;2;1;2;A01
201700041277;0;7;0;0;2;4;2;B01
201700041278;0;7;0;0;2;5;15;A01
201700041278;0;34;0;0;2;1;1;B01
201700041279;0;33;0;9;0;8;0;A01
201700041280;0;1;0;0;2;8;21;A01
201700041280;0;7;0;0;2;2;1;B01
201700041281;0;7;0;0;2;2;15;A01
201700041281;0;7;0;0;2;1;1;B01
201700041282;1;7;0;0;2;2;1;B01
201700041282;1;7;0;0;2;3;9;A01
201700041283;2;7;0;0;1;3;0;A01
201700041284;1;7;0;0;2;6;10;A01
201700041284;1;7;0;0;2;1;1;B01
201700041285;1;7;0;0;1;1;1;A01
201700041286;2;30;0;0;2;1;2;B01
201700041286;1;7;0;0;2;4;23;A01
201700041287;1;7;0;0;1;3;1;A01
201700041288;1;7;0;0;2;1;1;B01
201700041288;1;7;0;0;2;4;1;A01
201700041289;1;7;0;0;1;4;4;A01
201700041290;0;30;0;0;2;1;1;A01
201700041290;0;7;0;0;2;2;16;B01
201700041291;1;7;0;0;2;8;15;A01
201700041291;1;7;0;0;2;1;1;B01
201700041292;0;7;0;0;2;3;10;A01
201700041292;0;33;0;0;2;8;1;B01
201700041293;1;7;0;0;2;8;22;A01
201700041293;1;99;0;1;0;8;1;B01
201700041294;0;7;0;0;1;1;1;A01
201700041295;1;7;0;0;1;1;1;A01
201700041296;0;33;0;0;1;1;1;A01
201700041297;1;7;0;0;2;7;15;A01
201700041297;2;7;0;0;2;1;1;B01
201700041298;0;7;0;0;2;1;1;B01
201700041298;0;7;0;0;2;1;15;A01
201700041299;1;7;0;0;1;1;1;A01
201700041300;0;7;0;0;2;1;15;A01
201700041300;0;33;0;0;2;1;1;B01
201700041301;1;7;0;0;2;4;1;C01
201700041301;1;7;0;0;2;4;2;B01
201700041301;1;7;0;0;2;1;2;A01
201700041302;0;7;0;0;1;2;1;A01
201700041303;1;2;0;0;1;8;2;A01
201700041304;1;10;0;0;1;4;4;A01
201700041305;1;32;0;0;9;1;1;A01
201700041306;2;33;0;0;2;1;1;B01
201700041306;2;7;0;0;2;3;11;A01
201700041307;1;32;0;0;2;7;1;A01
201700041307;1;7;0;0;2;1;1;B01
201700041308;1;30;0;0;2;1;2;A01
201700041308;1;37;1;0;2;5;2;B01
201700041309;1;32;0;0;2;0;17;A01
201700041309;1;7;0;0;2;0;15;Z01
201700041310;2;15;0;0;2;2;1;A01
201700041310;2;7;0;0;2;4;0;B01
201700041310;0;7;0;0;2;3;9;C01
201700041310;1;7;0;0;2;6;1;D01
201700041311;1;32;0;0;2;2;2;A01
201700041311;1;10;0;0;2;3;2;B01
201700041312;0;7;0;15;2;9;1;A01
201700041312;0;7;0;0;2;1;1;B01
201700041313;2;7;0;0;1;2;1;A01
201700041314;0;7;0;0;1;3;0;A01
201700041315;1;7;0;0;1;3;0;A01
201700041316;0;7;0;0;1;3;1;A01
201700041317;0;7;0;0;1;6;1;A01
201700041318;0;7;0;0;1;1;1;A01
201700041319;1;30;0;15;2;1;19;B01
201700041319;1;7;0;15;2;3;9;A01
201700041320;2;7;0;0;2;6;10;A01
201700041320;2;32;0;0;2;1;1;B01
201700041321;1;99;0;0;1;5;4;A01
201700041322;2;7;0;0;2;8;1;A01
201700041322;0;7;0;0;2;1;0;Z01
201700041323;0;7;0;0;1;4;4;A01
201700041324;1;34;0;0;0;8;14;B01
201700041324;1;7;0;0;0;8;1;C01
201700041324;1;7;0;0;0;1;19;A01
201700041325;1;7;0;0;2;2;1;A01
201700041325;2;33;0;0;2;1;1;B01
201700041326;1;2;0;0;1;1;9;A01
201700041327;0;2;0;0;2;1;1;A01
201700041327;0;7;0;0;2;3;1;B01
201700041328;2;7;0;0;1;1;2;Z01
201700041329;0;32;0;0;0;8;16;B01
201700041329;0;7;0;0;0;1;15;A01
201700041330;1;30;0;0;2;1;2;B01
201700041330;1;7;0;0;2;0;0;Z01
201700041331;0;7;0;0;1;2;1;A01
201700041332;1;7;0;0;2;5;9;A01
201700041332;1;37;0;0;2;3;2;B01
201700041333;1;7;0;0;1;8;1;A01
201700041334;0;35;0;0;1;0;0;Z01
201700041335;1;14;0;0;1;1;2;A01
201700041336;0;2;0;0;2;1;10;A01
201700041336;2;7;0;0;2;3;0;B01
201700041337;2;33;0;0;2;4;2;A01
201700041337;2;7;0;0;2;6;2;B01
201700041338;2;7;0;0;2;1;9;A01
201700041338;2;1;0;0;2;6;1;B01
201700041339;1;7;0;0;2;3;0;A01
201700041339;2;7;0;0;2;2;19;B01
201700041340;2;7;0;0;1;1;1;Z01
201700041341;1;7;0;0;2;2;15;A01
201700041341;1;33;0;0;2;1;1;B01
201700041342;2;7;0;0;0;3;2;A01
201700041342;2;31;0;0;2;1;21;B01
201700041342;1;7;0;0;2;3;21;C01
201700041343;1;7;0;9;1;8;20;A01
201700041344;2;7;0;0;2;3;20;A01
201700041344;2;33;0;0;2;2;21;B01
201700041345;1;7;0;0;1;1;2;A01
201700041346;1;7;0;0;2;6;1;A01
201700041346;1;31;0;0;2;1;1;B01
201700041347;1;7;0;0;1;1;19;A01
201700041348;1;7;0;0;1;0;2;Z01
201700041349;2;7;0;0;2;2;11;A01
201700041349;2;31;0;0;2;7;17;B01
201700041350;1;7;0;0;1;4;4;Z01
201700041351;0;7;0;0;1;1;16;A01
201700041352;1;7;0;0;2;8;13;A01
201700041352;1;31;0;0;2;2;2;B01
201700041353;1;33;0;0;2;7;17;B01
201700041353;1;7;0;0;2;2;9;A01
201700041354;2;7;0;0;1;4;4;A01
201700041355;2;7;0;0;1;2;1;A01
201700041356;2;7;0;0;2;7;19;A01
201700041356;1;7;0;0;2;1;19;B01
201700041356;1;7;0;1;0;6;0;C01
201700041357;1;7;0;0;0;1;0;A01
201700041358;1;7;0;0;1;3;1;A01
201700041359;1;7;0;0;1;2;21;A01
201700041360;1;2;0;0;2;1;1;A01
201700041360;1;7;0;0;2;8;1;B01
201700041361;1;7;0;15;1;8;21;A01
201700041362;1;7;0;0;1;1;1;A01
201700041363;1;31;0;0;1;0;0;Z01
201700041364;1;99;0;0;2;1;9;B01
201700041364;2;7;0;0;0;2;11;Z01
201700041365;1;34;0;0;1;1;17;A01
201700041366;1;7;0;0;2;2;11;A01
201700041366;2;31;0;0;2;1;1;B01
201700041367;1;7;0;0;2;2;9;A01
201700041367;1;37;0;0;2;3;7;B01
201700041368;2;33;0;8;0;1;2;A01
201700041368;2;7;0;0;2;5;2;B01
201700041369;1;7;0;0;2;3;19;A01
201700041369;1;33;0;0;2;2;19;B01
201700041370;2;13;0;0;2;2;14;A01
201700041370;2;7;0;0;2;6;1;B01
201700041371;1;7;0;0;2;1;2;A01
201700041371;1;7;0;0;2;9;2;B01
201700041371;1;7;0;0;2;4;2;C01
201700041372;1;7;0;0;1;1;1;A01
201700041373;1;7;0;0;2;2;16;A01
201700041373;1;31;0;0;2;2;16;B01
201700041374;2;31;0;0;2;1;7;A01
201700041374;2;7;0;0;0;2;23;B01
201700041375;1;31;0;0;2;3;18;A01
201700041375;1;7;0;0;2;7;12;B01
201700041376;2;7;0;0;2;1;11;A01
201700041376;1;31;0;0;2;1;1;B01
201700041377;2;7;0;0;1;2;17;A01
201700041378;1;7;0;0;2;2;1;A01
201700041378;1;7;0;0;2;5;11;B01
201700041379;2;7;0;0;1;2;1;A01
201700041380;1;7;0;0;2;1;2;A01
201700041380;1;7;0;0;9;4;2;B01
201700041381;1;7;0;0;1;1;0;Z01
201700041382;2;1;0;0;2;1;5;B01
201700041382;1;7;0;0;9;2;9;A01
201700041383;2;7;0;0;1;1;2;A01
201700041384;1;31;0;0;1;1;0;A01
201700041385;1;1;0;0;2;8;2;B01
201700041385;2;7;0;0;2;1;15;Z01
201700041386;1;7;0;0;2;1;15;A01
201700041386;2;7;0;0;2;1;1;B01
201700041387;1;31;0;0;1;0;2;A01
201700041388;1;7;0;0;1;2;1;A01
201700041389;0;10;0;0;1;4;20;A01
201700041390;1;7;0;0;2;5;2;A01
201700041390;1;7;0;1;0;1;2;B01
201700041391;1;7;0;0;2;2;2;A01
201700041391;1;7;0;0;2;3;9;B01
201700041392;1;7;0;0;2;1;15;A01
201700041392;2;7;0;0;2;1;1;B01
201700041393;1;7;0;0;1;1;14;A01
201700041394;2;7;0;0;2;1;2;A01
201700041394;2;7;0;6;1;4;14;B01
201700041395;2;34;0;0;2;8;1;A01
201700041395;2;7;0;0;2;5;4;B01
201700041396;2;34;0;0;0;0;0;A01
201700041397;2;7;0;0;1;3;21;A01
201700041398;2;7;0;0;2;2;20;A01
201700041398;2;32;0;0;2;6;1;B01
201700041399;2;7;0;0;2;1;15;A01
201700041399;1;7;0;0;2;3;1;B01
201700041399;2;7;0;0;2;1;2;C01
201700041400;2;7;0;1;9;0;22;A01
201700041400;2;1;0;1;0;0;9;B01
201700041400;2;7;0;14;0;1;9;C01
201700041401;1;7;0;0;2;3;10;A01
201700041401;1;34;0;0;2;9;10;B01
201700041402;1;30;0;0;1;1;9;Z01
201700041403;1;7;0;0;1;1;0;A01
201700041404;2;7;0;0;1;4;2;B01
201700041405;1;7;0;0;1;2;1;A01
201700041406;2;7;0;0;2;3;9;A01
201700041406;1;1;0;0;2;1;2;B01
201700041407;1;7;0;0;2;3;15;A01
201700041407;2;33;0;0;2;6;1;B01
201700041408;1;10;0;0;2;1;1;A01
201700041408;1;33;0;0;2;4;1;B01
201700041409;1;7;0;0;9;1;1;A01
201700041409;1;1;0;0;2;4;19;B01
201700041410;2;34;0;0;2;1;1;A01
201700041410;2;7;0;0;2;4;1;B01
201700041411;1;7;0;0;1;2;1;A01
201700041412;1;7;0;0;1;0;21;Z01
201700041413;1;7;0;0;2;1;2;A01
201700041413;1;7;0;0;2;9;2;B01
201700041413;1;7;0;0;2;4;2;C01
201700041414;1;33;0;0;2;1;7;A01
201700041414;1;10;0;0;2;4;10;B01
201700041415;1;33;0;6;2;2;17;A01
201700041415;1;7;0;0;2;3;15;B01
201700041416;1;2;0;0;2;4;1;A01
201700041416;1;7;0;0;2;2;2;Z01
201700041417;1;99;0;0;2;8;15;A01
201700041417;1;31;0;0;2;7;17;B01
201700041418;1;7;0;0;1;3;1;A01
201700041419;2;7;0;0;2;3;10;A01
201700041419;2;7;0;0;2;1;2;B01
201700041420;1;7;0;0;2;1;2;A01
201700041420;1;30;0;0;2;6;2;B01
201700041421;2;7;0;0;0;0;9;A01
201700041421;2;34;0;0;0;0;9;B01
201700041422;1;10;0;0;2;3;9;A01
201700041422;2;34;0;0;2;2;11;B01
201700041423;2;7;0;0;2;1;1;A01
201700041423;2;34;0;0;2;4;1;B01
201700041424;2;7;0;0;1;2;0;A01
201700041425;1;7;0;0;1;3;21;A01
201700041426;2;7;0;0;2;3;14;A01
201700041426;1;1;0;0;2;7;2;B01
201700041427;2;7;0;0;2;8;22;A01
201700041427;2;34;0;0;2;1;1;B01
201700041428;1;2;0;0;1;1;9;A01
201700041429;2;3;0;0;2;2;1;A01
201700041429;2;7;0;0;2;1;1;B01
201700041430;2;33;0;0;2;7;1;A01
201700041431;1;7;0;0;1;2;16;A01
201700041432;2;7;0;0;1;2;1;A01
201700041433;1;34;0;0;1;0;17;A01
201700041434;2;10;0;0;2;3;15;A01
201700041434;2;2;0;0;2;5;17;B01
201700041435;2;10;0;0;2;1;2;A01
201700041435;2;7;0;0;2;4;1;B01
201700041435;2;7;0;0;2;4;1;C01
201700041436;2;7;0;0;1;2;16;A01
201700041437;1;7;0;0;2;3;11;A01
201700041437;1;31;0;0;2;7;1;B01
201700041438;2;7;0;0;1;2;11;A01
201700041439;2;1;0;0;2;8;19;A01
201700041439;2;10;0;0;2;1;9;Z01
201700041440;2;7;0;0;1;1;2;A01
201700041441;2;7;0;15;1;2;1;A01
201700041442;1;7;0;9;2;1;0;A01
201700041442;1;7;0;0;2;1;0;B01
201700041443;2;7;0;0;2;7;12;A01
201700041443;2;33;0;0;2;1;3;B01
201700041444;1;7;0;0;1;1;1;A01
201700041445;1;10;0;0;1;2;16;A01
201700041446;0;7;0;0;1;1;0;A01
201700041447;0;7;0;0;0;5;12;A01
201700041447;0;7;0;0;0;0;0;Z01
201700041448;0;7;0;0;0;0;0;A01
201700041448;0;1;0;0;2;1;0;B01
201700041449;0;7;0;0;2;2;2;A01
201700041449;0;7;0;0;2;1;2;B01
201700041450;0;7;0;0;1;3;2;A01
201700041451;0;10;0;0;1;0;0;A01
201700041452;0;7;0;0;0;4;2;A01
201700041452;0;10;0;0;2;1;2;B01
201700041453;0;7;0;0;0;4;1;A01
201700041453;0;7;0;0;0;1;0;B01
201700041454;0;10;0;0;2;0;0;Z01
201700041454;0;7;0;0;0;0;0;A01
201700041455;2;7;0;0;1;0;0;A01
201700041456;0;7;0;0;2;1;16;A01
201700041456;0;7;0;1;2;2;2;B01
201700041457;0;10;0;0;1;1;1;A01
201700041458;0;30;0;0;2;8;2;A01
201700041458;0;10;0;0;2;0;0;B01
201700041459;0;7;0;0;2;1;5;A01
201700041459;0;7;0;0;2;1;1;B01
201700041460;0;7;0;0;0;1;0;A01
201700041461;0;7;0;0;1;0;0;A01
201700041462;0;7;0;0;1;0;0;Z01
201700041463;0;7;0;0;0;7;1;A01
201700041463;0;7;0;0;0;1;1;B01
201700041464;0;7;0;0;1;2;1;A01
201700041465;0;7;0;0;2;1;16;A01
201700041465;0;7;0;0;2;3;1;B01
201700041466;0;7;0;2;0;8;0;A01
201700041467;0;7;0;0;2;1;1;B01
201700041467;0;7;0;0;2;1;1;A01
201700041468;0;7;0;0;2;1;1;A01
201700041468;0;7;0;0;2;1;1;B01
201700041469;0;7;0;0;2;1;1;A01
201700041469;0;7;0;0;0;4;23;B01
201700041470;0;7;0;0;1;2;16;A01
201700041471;0;7;0;0;2;2;1;A01
201700041471;0;31;0;0;0;4;2;B01
201700041472;0;7;0;0;2;1;2;A01
201700041472;0;7;0;0;2;4;2;B01
201700041473;2;7;0;0;1;1;1;A01
201700041474;0;7;0;0;1;0;1;A01
201700041475;0;7;0;0;0;5;2;B01
201700041475;0;7;0;1;0;2;2;A01
201700041476;1;7;0;0;2;6;1;A01
201700041476;1;7;0;0;2;3;1;B01
201700041477;1;7;0;0;2;1;1;B01
201700041477;2;7;0;0;2;2;15;A01
201700041478;1;10;0;6;2;1;1;A01
201700041478;1;10;0;0;2;1;5;B01
201700041479;1;7;0;0;2;2;1;A01
201700041479;1;7;0;0;2;2;15;B01
201700041480;0;7;0;1;0;1;0;A01
201700041480;0;7;0;0;2;1;2;Z01
201700041481;1;7;0;0;2;1;2;A01
201700041481;1;7;0;0;2;9;2;B01
201700041481;1;7;0;0;2;4;2;C01
201700041482;0;7;0;0;1;3;19;A01
201700041483;1;7;0;0;1;1;0;A01
201700041484;2;7;0;0;2;1;15;B01
201700041484;1;7;0;8;2;1;1;A01
201700041485;1;7;0;0;2;1;19;A01
201700041485;2;34;0;0;2;9;19;B01
201700041486;1;7;0;0;2;4;2;A01
201700041486;1;7;0;0;2;4;2;B01
201700041486;1;7;0;0;2;1;2;C01
201700041487;1;7;0;0;1;4;4;A01
201700041488;;7;0;;;;;A01
201700041488;1;33;0;0;2;2;1;B01
201700041489;1;37;0;0;2;1;1;B01
201700041489;1;7;0;0;2;7;0;A01
201700041490;1;7;0;1;2;2;17;A01
201700041490;1;99;0;1;0;5;2;Y01
201700041491;1;7;0;0;1;6;5;A01
201700041492;1;7;0;0;2;4;1;A01
201700041492;1;7;0;0;2;1;2;B01
201700041493;1;7;0;0;2;2;5;A01
201700041493;1;7;0;0;2;2;2;B01
201700041494;2;7;0;0;2;2;1;B01
201700041494;1;7;0;0;2;3;1;A01
201700041495;2;7;0;0;9;4;2;A01
201700041495;1;10;0;0;2;1;0;B01
201700041496;1;7;0;2;2;2;1;B01
201700041496;1;7;0;0;2;3;1;A01
201700041497;2;7;0;0;1;3;15;A01
201700041498;1;7;0;0;2;5;15;A01
201700041498;2;99;0;0;2;1;0;B01
201700041499;2;7;0;0;2;4;23;A01
201700041499;2;7;0;0;2;1;17;B01
201700041500;1;7;0;0;0;7;2;A01
201700041501;1;7;0;0;2;3;16;A01
201700041501;1;33;0;0;2;3;13;B01
201700041502;1;7;0;0;2;4;2;A01
201700041502;1;20;0;0;2;1;2;B01
201700041502;1;7;0;0;2;4;2;C01
201700041503;1;7;0;0;2;1;1;A01
201700041503;1;7;0;0;2;8;16;B01
201700041504;0;7;0;0;2;3;17;A01
201700041504;1;31;0;0;2;8;1;B01
201700041505;1;7;0;0;1;1;1;A01
201700041506;1;7;0;0;2;1;1;A01
201700041506;1;7;0;0;2;4;2;B01
201700041507;1;10;0;0;1;2;4;A01
201700041507;2;7;0;0;2;0;24;B01
201700041508;1;7;0;14;0;0;14;A01
201700041508;1;31;0;0;2;7;1;B01
201700041509;2;20;0;0;1;0;4;A01
201700041509;1;1;0;0;2;0;2;B01
201700041510;2;20;0;0;2;1;1;B01
201700041510;1;7;0;0;2;5;15;A01
201700041511;1;7;0;0;2;6;19;A01
201700041511;1;7;0;0;2;3;15;B01
201700041512;1;7;0;0;1;0;15;A01
201700041513;2;34;0;0;1;2;1;A01
201700041514;0;7;0;8;0;1;6;A01
201700041515;1;7;0;8;0;1;14;A01
201700041516;1;7;0;0;9;2;15;A01
201700041516;1;1;0;0;2;3;16;B01
201700041517;1;33;0;0;1;1;17;A01