num_acc;senc;catv;occutc;obs;obsm;choc;manv;num_veh
201700041889;1;7;0;0;2;3;23;B01
201700041889;1;7;0;0;2;3;23;C01
201700041890;1;37;0;8;0;2;2;A01
201700041891;2;7;0;4;0;9;17;A01
201700041892;1;7;0;0;1;3;19;A01
201700041893;1;7;0;0;1;0;15;Z01
201700041894;1;7;0;0;2;3;13;A01
201700041894;2;34;0;0;2;3;13;B01
201700041895;2;7;0;0;9;2;17;A01
201700041895;2;99;0;0;2;3;11;B01
201700041896;1;7;0;1;1;1;1;A01
201700041897;1;7;0;0;1;7;1;A01
201700041898;1;7;0;0;2;2;13;A01
201700041898;1;31;0;0;2;2;19;B01
201700041899;1;33;0;0;2;1;19;B01
201700041899;2;7;0;0;2;8;19;A01
201700041900;1;7;0;0;1;1;19;A01
201700041901;1;10;0;1;0;3;21;A01
201700041901;1;10;0;0;2;4;24;B01
201700041902;1;37;0;0;2;2;21;A01
201700041902;1;7;0;0;2;5;16;B01
201700041903;1;7;0;0;2;1;2;A01
201700041903;1;31;0;0;2;4;23;B01
201700041904;1;7;0;0;2;3;13;A01
201700041904;1;30;0;0;2;1;17;B01
201700041905;2;7;0;15;0;5;4;A01
201700041905;1;1;0;0;2;2;1;B01
201700041906;2;7;0;0;2;3;15;A01
201700041906;2;2;0;0;2;1;1;B01
201700041907;1;7;0;0;9;5;16;A01
201700041907;1;99;0;0;2;8;16;B01
201700041908;1;1;0;0;2;6;19;A01
201700041908;1;34;0;0;9;1;2;B01
201700041909;1;7;0;14;1;1;1;A01
201700041910;1;7;0;0;2;5;15;A01
201700041910;2;33;0;0;2;1;17;B01
201700041911;1;34;0;0;2;0;0;A01
201700041911;1;7;0;0;9;0;0;B01
201700041912;1;38;0;0;2;1;1;A01
201700041912;1;7;0;0;2;8;1;B01
201700041913;1;7;0;0;2;5;15;A01
201700041913;2;33;0;0;2;1;21;B01
201700041914;1;7;0;1;0;2;14;A01
201700041915;1;7;0;0;2;2;19;A01
201700041915;1;33;0;0;2;1;2;B01
201700041916;1;7;0;0;2;4;2;B01
201700041916;1;7;0;0;2;1;2;A01
201700041917;0;7;0;0;2;3;1;B01
201700041917;0;7;0;0;2;2;19;Z01
201700041918;2;7;0;0;1;3;1;A01
201700041918;2;7;0;0;9;0;23;B01
201700041919;1;7;0;0;2;0;17;A01
201700041919;1;7;0;0;2;5;24;B01
201700041920;1;33;0;0;2;2;1;B01
201700041920;1;7;0;0;2;3;9;A01
201700041921;1;7;0;0;1;0;15;A01
201700041922;1;7;0;0;1;2;16;A01
201700041923;1;7;0;0;1;3;1;A01
201700041924;2;7;0;1;0;1;15;A01
201700041925;1;7;0;0;1;1;19;A01
201700041926;2;7;0;0;1;3;15;A01
201700041927;1;7;0;0;2;1;1;A01
201700041927;1;7;0;0;2;4;0;B01
201700041928;0;7;0;0;0;3;15;A01
201700041928;0;7;0;0;0;2;17;B01
201700041929;2;7;0;0;1;7;2;A01
201700041930;0;7;0;0;2;2;1;A01
201700041930;0;7;0;0;2;8;1;B01
201700041931;0;7;0;0;1;2;1;A01
201700041932;0;7;0;0;2;7;0;A01
201700041932;0;7;0;0;2;2;1;B01
201700041933;0;7;0;8;1;3;13;A01
201700041934;0;7;0;0;2;3;11;A01
201700041934;0;7;0;0;2;3;1;B01
201700041935;0;10;0;0;2;1;1;A01
201700041935;0;10;0;0;2;1;0;B01
201700041935;0;10;0;0;0;4;1;C01
201700041936;0;7;0;0;1;1;0;A01
201700041937;2;7;0;0;2;7;0;A01
201700041937;1;7;0;0;2;1;1;B01
201700041938;2;7;0;0;2;7;15;A01
201700041938;1;7;0;0;2;1;1;B01
201700041939;0;7;0;0;0;1;1;A01
201700041939;0;7;0;0;2;0;1;B01
201700041939;0;7;0;0;0;0;0;C01
201700041940;1;7;0;0;0;4;2;A01
201700041940;1;7;0;0;0;4;2;B01
201700041940;1;31;0;0;0;1;2;C01
201700041941;0;33;0;0;1;0;0;X01
201700041942;0;7;0;0;2;7;15;A01
201700041942;0;34;0;0;2;1;1;B01
201700041943;0;34;0;0;2;8;0;A01
201700041943;0;7;0;0;2;0;0;B01
201700041944;1;7;0;0;1;1;0;A01
201700041945;2;7;0;0;1;1;0;A01
201700041946;0;10;0;0;0;6;1;A01
201700041946;0;34;0;0;2;2;2;B01
201700041947;0;37;1;0;2;1;1;A01
201700041947;0;7;0;0;2;6;23;B01
201700041947;0;7;0;0;2;5;23;C01
201700041948;0;7;0;0;0;0;17;A01
201700041948;0;7;0;0;0;0;0;B01
201700041949;2;7;0;0;1;3;1;A01
201700041950;2;7;0;0;1;3;1;A01
201700041951;1;7;0;0;2;7;14;A01
201700041951;1;33;0;0;2;8;3;B01
201700041952;1;33;0;0;1;1;1;Z01
201700041953;1;7;0;1;1;1;1;A01
201700041954;2;7;0;0;1;1;1;A01
201700041955;1;37;0;16;0;4;2;A01
201700041955;1;7;0;0;2;4;2;B01
201700041955;1;99;0;16;2;1;2;C01
201700041956;1;7;0;0;1;2;17;A01
201700041957;2;7;0;0;1;2;1;A01
201700041958;2;7;0;0;2;1;2;A01
201700041958;1;7;0;0;2;4;23;B01
201700041959;1;7;0;0;2;1;2;A01
201700041959;1;7;0;0;2;0;2;B01
201700041959;1;7;0;0;2;4;2;C01
201700041959;1;7;0;0;2;4;2;D01
201700041959;1;7;0;0;2;4;2;E01
201700041959;1;7;0;0;2;4;2;F02
201700041960;1;10;0;0;1;3;19;A01
201700041961;1;14;0;0;2;0;12;A01
201700041961;1;7;0;0;2;4;16;B01
201700041962;1;7;0;0;2;7;19;A01
201700041962;1;7;0;0;2;7;19;B01
201700041963;1;37;0;0;2;2;23;A01
201700041963;1;7;0;0;2;4;23;B01
201700041964;1;7;0;0;1;1;2;A01
201700041965;1;31;0;0;2;1;2;A01
201700041965;2;7;0;0;2;6;2;B01
201700041966;2;10;0;0;2;4;10;A01
201700041966;2;7;0;0;2;1;1;B01
201700041967;1;7;0;0;2;5;15;A01
201700041967;1;7;0;0;2;1;2;B01
201700041968;1;7;0;0;2;6;15;A01
201700041968;2;37;0;0;2;1;19;B01
201700041969;2;7;0;0;1;2;1;A01
201700041970;2;31;0;0;0;0;10;A01
201700041971;1;7;0;0;9;4;23;A01
201700041971;1;1;0;1;9;1;2;B01
201700041972;1;7;0;0;2;3;19;A01
201700041972;1;7;0;0;1;2;19;B01
201700041973;2;34;0;11;2;1;17;A01
201700041973;2;15;0;0;2;3;2;B01
201700041974;1;7;0;0;2;2;19;A01
201700041974;1;31;0;0;2;1;19;B01
201700041975;1;10;0;11;0;2;14;A01
201700041976;2;7;0;0;2;2;15;A01
201700041976;1;7;0;0;2;3;1;B01
201700041977;1;7;0;0;2;7;15;A01
201700041977;1;7;0;0;2;1;1;B01
201700041978;2;7;0;0;1;2;1;A01
201700041979;2;10;0;0;1;1;1;A01
201700041980;2;40;0;0;4;1;2;A01
201700041980;2;20;0;0;4;4;2;B01
201700041981;2;7;0;0;2;1;2;A01
201700041981;2;7;0;0;2;4;2;B01
201700041981;2;7;0;0;2;4;2;C01
201700041982;1;7;0;0;2;1;9;A01
201700041982;2;7;0;0;2;3;1;B01
201700041983;1;31;0;0;2;1;1;A01
201700041983;2;7;0;0;2;5;15;B01
201700041984;1;7;0;0;2;1;19;A01
201700041984;2;7;0;0;2;3;2;B01
201700041985;2;7;0;0;1;1;2;A01
201700041986;1;7;0;0;1;2;1;A01
201700041987;1;7;0;0;2;3;2;A01
201700041987;2;7;0;0;2;3;1;B01
201700041988;1;30;0;0;2;2;15;A01
201700041988;1;7;0;0;2;3;15;B01
201700041989;1;7;0;11;0;9;14;A01
201700041990;1;15;0;0;2;6;16;A01
201700041990;1;7;0;0;2;6;16;B01
201700041991;2;7;0;0;2;2;16;A01
201700041991;2;33;0;0;2;3;18;B01
201700041992;1;7;0;3;0;8;7;B01
201700041992;1;7;0;0;2;0;7;A01
201700041993;1;7;0;0;1;3;19;A01
201700041994;2;99;0;0;0;0;2;A01
201700041995;2;7;0;0;1;1;2;A01
201700041996;1;7;0;0;2;2;2;A01
201700041996;1;7;0;0;2;6;2;B01
201700041997;2;7;0;0;2;7;1;A01
201700041997;2;31;0;0;2;3;9;B01
201700041998;1;7;0;0;1;2;2;A01
201700041999;1;7;0;0;2;3;19;A01
201700041999;1;31;0;0;2;2;2;B01
201700042000;1;7;0;0;2;7;17;A01
201700042000;1;7;0;0;2;3;2;B01
201700042001;1;7;0;0;2;1;9;A01
201700042001;1;99;0;0;2;1;1;B01
201700042002;1;10;0;0;2;5;1;A01
201700042002;2;31;0;0;2;1;5;B01
201700042003;1;7;0;0;1;1;2;A01
201700042004;2;7;0;12;0;3;2;A01
201700042005;2;7;0;1;0;2;21;A01
201700042006;1;7;0;0;1;3;15;Z01
201700042007;2;7;0;0;2;5;13;A01
201700042007;2;7;0;0;2;2;1;B01
201700042008;1;7;0;1;0;9;2;B01
201700042009;1;7;0;0;1;3;21;A01
201700042010;1;7;0;0;1;3;21;A01
201700042011;2;7;0;0;1;3;9;A01
201700042012;1;7;0;0;1;7;2;A01
201700042013;2;10;0;0;0;0;13;A01
201700042013;2;33;0;0;0;3;21;B01
201700042014;2;7;0;12;0;3;9;A01
201700042015;2;7;0;9;0;7;19;B01
201700042015;1;7;0;0;2;1;17;A01
201700042016;2;10;0;12;2;1;1;A01
201700042016;2;20;0;7;2;7;2;B01
201700042017;1;7;0;0;2;3;2;A01
201700042017;2;31;0;0;2;1;17;B01
201700042018;1;34;0;0;2;1;1;A01
201700042018;1;10;0;0;2;3;23;B01
201700042019;1;7;0;8;0;1;13;A01
201700042020;1;7;0;0;2;3;15;A01
201700042020;1;33;0;0;2;3;17;B01
201700042021;1;33;0;0;0;0;2;Z01
201700042022;2;33;0;0;2;1;2;A01
201700042022;2;7;0;0;2;8;10;B01
201700042023;2;7;0;0;2;3;15;A01
201700042023;2;34;0;0;2;1;17;B01
201700042024;1;7;0;3;2;3;17;A01
201700042024;1;7;0;0;2;2;21;B01
201700042025;1;7;0;0;2;1;2;A01
201700042025;1;10;0;0;2;4;4;B01
201700042026;1;17;0;1;0;7;2;A01
201700042026;1;7;0;0;2;8;22;B01
201700042027;1;7;0;1;0;1;2;A01
201700042027;1;7;0;1;0;9;23;B01
201700042027;1;7;0;0;9;4;23;C01
201700042028;1;7;0;0;1;0;0;Z01
201700042029;1;7;0;0;2;8;17;A01
201700042029;1;7;0;0;2;7;19;B01
201700042030;2;7;0;0;2;4;23;A01
201700042030;2;10;0;0;2;1;21;B01
201700042031;2;34;0;0;2;1;19;A01
201700042031;2;7;0;0;2;2;15;B01
201700042032;1;7;0;0;1;1;9;A01
201700042033;1;7;0;0;1;2;1;A01
201700042034;1;7;0;0;0;0;24;A01
201700042035;1;7;0;0;1;1;1;A01
201700042036;1;30;0;1;0;0;17;A01
201700042036;1;7;0;0;2;0;22;B01
201700042037;1;7;0;0;2;1;21;A01
201700042037;1;7;0;0;2;4;23;B01
201700042038;2;7;0;0;1;3;1;A01
201700042039;1;7;0;0;1;2;2;A01
201700042040;2;31;0;0;1;2;23;A01
201700042041;1;7;0;0;1;1;0;A01
201700042042;1;7;0;1;2;0;11;A01
201700042042;1;31;0;0;2;3;0;B01
201700042043;2;7;0;0;2;1;14;A01
201700042043;2;7;0;0;2;4;16;B01
201700042043;2;7;0;0;2;7;17;C01
201700042044;1;33;0;0;1;7;19;Z01
201700042045;1;10;0;14;0;7;19;A01
201700042045;1;33;0;0;2;1;2;B01
201700042046;2;7;0;0;2;1;2;A01
201700042046;2;7;0;0;2;4;23;B01
201700042047;2;37;0;0;1;2;2;A01
201700042048;2;7;0;0;9;2;1;A01
201700042048;2;14;0;14;2;0;1;B01
201700042049;1;7;0;0;2;2;15;A01
201700042049;2;30;0;0;2;1;1;B01
201700042050;2;7;0;0;2;1;2;A01
201700042050;2;7;0;0;2;4;23;B01
201700042050;2;7;0;0;2;4;23;C01
201700042051;2;7;0;8;2;1;14;A01
201700042051;2;34;0;1;1;1;24;B01
201700042052;1;7;0;0;2;7;15;A01
201700042052;2;7;0;0;2;1;1;B01
201700042053;1;7;0;0;2;3;9;A01
201700042053;2;34;0;0;2;3;2;B01
201700042054;2;7;0;0;1;1;0;A01
201700042055;2;7;0;0;1;3;0;A01
201700042056;2;10;0;0;2;3;10;A01
201700042056;1;7;0;0;2;8;2;B01
201700042057;1;7;0;0;1;2;15;A01
201700042058;1;1;0;0;2;1;17;A01
201700042058;1;7;0;0;0;6;23;B01
201700042059;0;1;0;1;0;1;0;B01
201700042059;0;7;0;0;2;3;24;A01
201700042060;1;34;0;0;2;2;2;A01
201700042060;2;7;0;1;2;1;16;B01
201700042061;1;3;0;8;9;1;2;A01
201700042062;2;3;0;15;0;4;4;A01
201700042063;0;3;0;0;2;2;0;A01
201700042063;0;3;0;0;2;3;0;B01
201700042064;2;14;0;1;2;7;17;A01
201700042064;2;7;0;1;2;8;18;B01
201700042065;0;7;0;0;2;1;15;A01
201700042065;0;33;0;0;2;2;1;B01
201700042066;2;7;0;0;1;1;9;A01
201700042067;0;7;0;0;1;6;20;A01
201700042068;2;2;0;0;2;5;21;A01
201700042068;2;32;0;0;0;0;6;Z01
201700042069;0;7;0;0;2;1;1;A01
201700042069;0;7;0;0;2;6;15;B01
201700042070;0;1;0;0;2;1;0;A01
201700042070;0;7;0;0;9;1;9;B01
201700042071;0;7;0;0;9;3;24;A01
201700042071;0;1;0;1;0;1;17;B01
201700042072;2;7;0;0;0;4;23;A01
201700042072;2;7;0;0;2;1;2;B01
201700042073;2;7;0;0;1;5;4;A01
201700042074;1;7;0;0;1;2;19;A01
201700042075;0;7;0;0;2;1;2;A01
201700042075;0;34;0;0;2;4;23;B01
201700042076;1;13;0;0;2;3;19;B01
201700042076;1;7;0;0;2;2;19;A01
201700042077;1;7;0;12;0;3;2;A01
201700042077;1;7;0;12;0;3;2;B01
201700042078;1;7;0;0;9;1;1;A01
201700042078;1;1;0;0;2;8;15;B01
201700042079;1;7;0;0;2;8;15;B01
201700042079;1;33;0;0;2;1;19;A01
201700042080;1;7;0;0;2;1;15;A01
201700042080;2;7;0;0;2;1;21;B01
201700042081;1;7;0;0;1;1;1;A01
201700042082;0;7;0;0;2;3;13;A01
201700042082;0;7;0;0;2;3;1;B01
201700042083;1;7;0;0;2;1;14;A01
201700042083;1;7;0;0;2;1;1;B01
201700042084;2;7;0;0;2;8;19;A01
201700042084;1;7;0;0;2;1;19;B01
201700042085;1;31;0;0;2;4;23;A01
201700042085;1;7;0;0;2;4;23;B01
201700042086;2;7;0;0;2;1;1;B01
201700042086;1;7;0;0;2;2;15;A01
201700042087;1;7;0;0;1;3;21;A01
201700042088;1;7;0;0;2;1;2;A01
201700042088;1;10;0;0;2;4;2;B01
201700042088;1;7;0;0;2;4;2;C01
201700042089;1;7;0;14;2;1;14;A01
201700042090;1;99;0;12;0;3;1;A01
201700042091;1;34;0;0;9;5;18;A01
201700042091;1;99;0;0;9;5;18;B01
201700042092;2;7;0;0;2;9;19;A01
201700042092;1;7;0;0;2;1;19;B01
201700042093;1;34;0;0;0;3;15;A01
201700042094;1;10;0;0;2;2;2;A01
201700042094;1;10;0;1;2;3;2;B01
201700042095;1;7;0;0;2;2;1;A01
201700042095;1;33;0;0;2;5;1;B01
201700042096;1;7;0;0;2;1;20;A01
201700042096;2;33;0;0;2;1;0;B01
201700042097;1;7;0;0;1;2;19;A01
201700042098;1;7;0;0;2;1;17;A01
201700042098;2;7;0;0;2;1;0;B01
201700042099;1;31;0;0;9;4;2;A01
201700042099;1;7;0;0;2;1;2;B01
201700042100;1;7;0;0;1;1;15;A01
201700042101;1;7;0;0;2;1;15;A01
201700042101;2;34;0;0;2;1;1;B01
201700042102;1;33;0;0;2;4;13;A01
201700042102;1;37;0;0;1;4;7;B01
201700042102;1;7;0;0;2;4;7;C01
201700042103;2;7;0;0;2;3;14;A01
201700042103;2;7;0;0;2;8;9;B01
201700042104;1;34;0;1;0;3;1;A01
201700042104;1;7;0;1;0;7;0;B01
201700042105;1;7;0;0;2;1;2;A01
201700042105;1;7;0;0;2;4;2;B01
201700042106;1;7;0;8;2;7;11;A01
201700042106;1;7;0;0;2;1;7;B01
201700042107;2;7;0;0;2;1;2;A01
201700042107;2;7;0;0;2;4;2;B01
201700042108;2;7;0;0;2;1;9;A01
201700042108;1;7;0;0;2;1;17;B01
201700042109;2;33;0;0;2;7;17;A01
201700042109;1;7;0;0;0;1;9;B01
201700042110;1;7;0;0;2;8;15;A01
201700042110;1;33;0;0;2;1;13;B01
201700042111;1;7;0;0;2;1;2;A01
201700042111;1;7;0;0;2;4;23;B01
201700042112;2;7;0;0;2;2;2;A01
201700042112;1;33;0;0;2;3;19;B01
201700042113;1;7;0;0;1;2;16;A01
201700042114;2;10;0;0;1;2;0;A01
201700042115;2;7;0;0;2;1;2;A01
201700042115;2;7;0;0;2;4;23;B01
201700042116;1;7;0;0;2;3;15;A01
201700042116;1;33;0;0;2;1;21;B01
201700042117;2;7;0;0;1;1;21;A01
201700042118;1;10;0;0;1;6;1;A01
201700042119;2;7;0;1;0;2;1;A01
201700042120;1;33;0;0;2;1;1;A01
201700042120;1;7;0;0;2;2;9;B01
201700042121;2;31;0;0;2;1;1;A01
201700042121;1;7;0;0;2;6;15;B01
201700042122;1;7;0;0;2;3;16;A01
201700042122;1;33;0;0;2;1;1;B01
201700042123;1;7;0;0;2;1;9;B01
201700042123;2;7;0;0;2;2;1;A01
201700042124;1;7;0;0;1;2;2;A01
201700042125;1;7;0;0;2;1;9;A01
201700042125;1;7;0;0;2;3;19;B01
201700042126;2;31;0;0;2;1;0;A01
201700042126;1;7;0;0;2;1;9;B01
201700042127;1;33;0;0;2;3;21;A01
201700042127;1;7;0;0;2;6;9;B01
201700042128;1;7;0;0;2;2;21;A01
201700042128;2;7;0;0;2;1;9;B01
201700042129;1;7;0;0;2;3;9;A01
201700042129;1;7;0;0;2;7;9;B01
201700042130;1;31;0;0;2;1;1;A01
201700042130;2;7;0;0;2;2;1;B01
201700042131;1;7;0;0;2;3;2;A01
201700042131;1;31;0;0;2;1;17;B01
201700042132;0;7;0;0;2;3;6;A01
201700042132;0;33;0;0;2;1;17;B01
201700042133;0;7;0;0;1;2;16;A01
201700042134;0;7;0;0;0;3;10;A01
201700042134;0;30;0;0;2;1;3;B01
201700042135;0;7;0;0;1;8;1;A01
201700042136;0;3;0;0;0;2;1;A01
201700042136;0;3;0;0;0;8;1;B01
201700042137;2;7;0;0;1;1;1;A01
201700042138;0;7;0;0;0;2;2;A01
201700042139;0;7;0;0;1;3;15;A01
201700042139;0;1;0;0;2;8;1;B01
201700042139;0;7;0;0;1;1;1;Z01
201700042140;0;7;0;0;2;8;15;A01
201700042140;0;3;0;0;2;2;15;B01
201700042141;0;7;0;9;0;0;0;A01
201700042142;0;7;0;0;2;1;9;A01
201700042142;0;7;0;0;2;1;1;B01
201700042142;0;7;0;0;2;1;1;C01
201700042143;2;7;0;0;2;1;15;B01
201700042143;1;7;0;0;2;1;16;A01
201700042144;2;2;0;0;1;1;1;A01
201700042145;1;7;0;0;1;3;2;A01
201700042146;0;7;0;0;2;1;1;B01
201700042146;0;7;0;0;2;2;15;A01
201700042147;0;7;0;0;1;1;0;A01
201700042148;0;1;0;0;2;1;0;B01
201700042148;0;10;0;0;9;3;0;A01
201700042149;0;37;3;0;1;1;1;A01
201700042150;2;37;0;0;1;3;1;A01
201700042151;1;7;0;0;1;2;1;A01
201700042152;1;7;0;0;2;4;2;A01
201700042152;0;99;0;0;2;4;2;B01
201700042152;0;7;0;0;2;1;2;C01
201700042153;0;7;0;0;2;4;23;B01
201700042153;1;7;0;0;2;1;1;A01
201700042154;1;7;0;0;1;1;1;A01
201700042155;1;30;0;2;0;1;5;A01
201700042156;1;7;0;0;2;2;13;Z01
201700042156;1;7;0;0;0;6;23;A01
201700042157;2;7;0;0;2;7;16;A01
201700042157;2;31;0;0;2;1;18;B01
201700042158;1;7;0;0;2;1;23;C01
201700042158;1;31;0;0;2;8;17;A01
201700042158;1;7;0;0;2;8;15;B01
201700042159;2;7;0;0;2;7;9;B01
201700042159;2;33;0;0;2;1;18;A01
201700042160;1;10;0;0;1;2;1;A01
201700042161;0;7;0;0;2;7;2;A01
201700042161;0;34;0;0;2;3;17;B01
201700042162;1;37;0;0;1;2;16;A01
201700042163;1;33;0;0;2;3;15;A01
201700042163;1;7;0;0;2;0;15;Z01
201700042164;1;37;0;0;2;3;23;A01
201700042164;2;7;0;0;2;3;15;B01
201700042165;2;7;0;0;1;1;1;A01
201700042166;1;10;0;1;1;3;2;A01
201700042167;1;33;0;0;2;2;13;A01
201700042167;1;7;0;1;0;6;16;B01
201700042168;0;7;0;0;1;1;2;A01
201700042169;1;99;0;0;2;7;14;A01
201700042169;1;99;0;8;2;8;1;B01
201700042170;1;7;0;8;2;3;1;B01
201700042170;1;7;0;0;2;2;15;A01
201700042171;1;10;0;0;2;1;23;A01
201700042171;1;7;0;0;2;4;23;B01
201700042172;1;7;0;0;9;1;9;A01
201700042172;2;1;0;0;2;1;9;B01
201700042173;1;32;0;0;2;2;1;B01
201700042173;2;7;0;0;2;3;1;A01
201700042174;1;10;0;0;1;8;2;A01
201700042175;2;7;0;0;1;3;1;A01
201700042176;2;40;0;0;9;2;2;A01
201700042176;1;1;0;0;4;1;15;B01
201700042177;2;31;0;0;2;8;21;A01
201700042177;1;7;0;0;2;1;11;B01
201700042178;2;7;0;0;2;8;1;A01
201700042178;1;7;0;0;2;1;15;B01
201700042179;2;10;0;0;2;1;15;A01
201700042179;1;10;0;0;2;6;1;B01
201700042180;1;1;0;0;2;1;1;A01
201700042180;1;7;0;0;2;3;1;B01
201700042181;1;7;0;0;2;3;1;B01
201700042181;1;7;0;0;2;1;1;A01
201700042182;1;7;0;0;2;8;1;A01
201700042182;1;7;0;0;2;7;17;B01
201700042183;1;33;0;6;0;8;1;A01
201700042184;1;7;0;0;2;1;1;B01
201700042184;2;7;0;9;2;2;15;A01
201700042185;1;7;0;0;2;3;15;A01
201700042185;2;30;0;0;2;3;1;B01
201700042186;1;7;0;0;2;1;2;A01
201700042186;1;7;0;0;2;4;23;B01
201700042186;1;7;0;0;2;4;23;C01
201700042186;1;7;0;0;2;4;23;D01
201700042187;1;7;0;0;2;4;23;A01
201700042187;;7;0;0;0;0;0;A02
201700042188;0;7;0;0;1;1;15;A01
201700042189;1;7;0;8;0;1;14;A01
201700042190;1;7;0;0;2;2;0;A01
201700042190;1;7;0;0;2;2;0;B01
201700042191;1;10;0;0;1;8;1;A01
201700042191;2;10;0;1;2;7;2;B01
201700042191;1;1;0;1;9;1;3;C01
201700042192;1;32;0;0;2;1;1;A01
201700042192;1;7;0;0;2;5;16;B01
201700042193;2;7;0;0;1;2;2;A01
201700042194;1;7;0;0;2;5;16;B01
201700042194;1;7;0;0;2;3;18;Z01
201700042195;1;33;0;8;1;7;21;A01
201700042196;1;7;0;0;2;1;13;A01
201700042196;2;7;0;0;2;1;1;B01
201700042197;1;7;0;0;2;1;1;A01
201700042197;1;1;0;0;2;4;14;B01
201700042198;1;33;0;0;2;7;17;A01
201700042198;1;7;0;0;2;8;10;Z01
201700042199;1;31;0;0;2;2;1;A01
201700042199;1;10;0;0;2;5;9;B01
201700042200;1;7;0;1;0;1;13;A01
201700042200;2;7;0;0;2;0;0;B01
201700042201;1;7;0;0;2;2;2;A01
201700042201;1;7;0;0;2;4;2;B01
201700042201;1;7;0;0;2;4;2;C01
201700042202;1;7;0;0;1;2;21;A01
201700042203;1;7;0;0;1;1;1;A01
201700042204;2;7;0;0;1;3;21;A01
201700042205;2;7;0;0;2;2;9;A01
201700042205;1;7;0;0;2;3;9;B01
201700042206;1;7;0;1;1;4;9;A01
201700042206;1;7;0;0;2;8;1;B01
201700042207;1;34;0;0;2;1;13;A01
201700042207;1;7;0;0;2;1;1;B01
201700042208;1;7;0;0;1;2;1;A01
201700042209;1;33;0;0;1;1;1;A01
201700042210;1;2;0;0;1;2;1;A01
201700042211;1;7;0;0;1;8;15;A01
201700042212;1;7;0;0;1;7;9;A01
201700042213;2;7;0;0;2;8;1;B01
201700042213;2;7;0;0;2;2;1;A01
201700042214;1;7;0;0;2;1;2;A01
201700042214;1;7;0;0;2;4;2;B01
201700042214;1;7;0;0;2;4;24;Z01
201700042215;2;7;0;8;2;7;1;A01
201700042215;2;7;0;0;2;1;1;B01
201700042216;1;7;0;0;2;6;14;A01
201700042216;2;7;0;0;2;2;13;B01
201700042217;1;7;0;0;2;5;17;A01
201700042217;1;7;0;0;2;3;2;B01
201700042218;1;7;0;0;1;0;9;Z01
201700042219;1;37;0;0;1;1;19;A01
201700042220;1;10;0;0;2;1;2;A01
201700042220;1;7;0;0;2;4;2;B01
201700042221;1;7;0;0;1;2;1;Z01
201700042222;1;7;0;0;1;0;1;A01
201700042223;1;7;0;0;2;1;2;A01
201700042223;1;7;0;0;2;1;2;B01
201700042223;1;7;0;0;2;4;2;C01
201700042223;1;7;0;0;2;4;2;D01
201700042224;1;33;0;0;0;0;17;A01
201700042224;1;7;0;0;0;0;11;B01
201700042225;1;7;0;0;2;2;16;A01
201700042225;1;33;0;0;2;3;9;B01
201700042226;1;7;0;0;2;1;1;B01
201700042226;1;7;0;0;2;7;15;A01
201700042227;1;7;0;0;1;1;15;A01
201700042228;2;34;0;0;2;1;1;A01
201700042228;2;7;0;0;2;2;15;B01
201700042229;1;3;0;0;1;7;16;A01
201700042230;1;7;0;0;2;1;15;A01
201700042230;1;33;0;0;9;9;19;B01
201700042231;1;7;0;0;2;1;1;A01
201700042231;1;7;0;0;2;2;1;B01
201700042232;1;31;0;0;1;1;1;A01
201700042233;2;7;0;0;2;6;1;A01
201700042233;1;7;0;0;2;1;15;B01
201700042234;0;7;0;0;9;1;16;A01
201700042234;1;31;0;0;9;4;16;B01
201700042235;2;7;0;6;0;2;16;A01
201700042236;1;7;0;0;1;0;0;A01
201700042236;2;7;0;0;1;0;1;Z01
201700042237;1;7;0;15;2;2;16;A01
201700042237;1;34;0;0;2;5;7;B01
201700042238;1;7;0;0;2;7;15;A01
201700042238;1;34;0;0;2;1;1;B01
201700042239;2;99;0;0;2;7;0;Y01
201700042239;1;7;0;0;1;0;0;Z01
201700042240;1;33;0;0;2;2;18;A01
201700042240;1;7;0;0;2;7;16;Z01
201700042241;1;7;0;0;2;1;13;A01
201700042241;2;37;0;0;2;1;23;B01
201700042242;1;34;0;0;2;1;21;A01
201700042242;1;7;0;0;2;8;10;Z01
201700042243;2;7;0;0;2;3;10;A01
201700042243;2;34;0;0;2;7;13;B01
201700042244;1;7;0;0;2;1;13;A01
201700042244;2;7;0;0;2;1;1;B01
201700042245;1;7;0;0;1;0;0;A01
201700042246;1;33;0;0;2;8;18;A01
201700042246;1;7;0;0;2;7;1;B01
201700042247;1;10;0;0;2;5;0;B01
201700042247;1;7;0;1;2;1;0;A01
201700042248;2;7;0;0;1;2;1;A01
201700042249;1;7;0;0;1;8;15;A01
201700042250;1;30;0;0;2;1;2;A01
201700042250;1;10;0;0;2;3;2;B01
201700042251;1;7;0;0;2;7;1;A01
201700042251;1;7;0;0;2;1;1;B01
201700042252;1;7;0;0;2;1;1;A01
201700042252;1;7;0;0;2;4;1;B01
201700042252;1;7;0;0;2;1;1;C01
201700042252;1;7;0;0;2;1;1;D01
201700042253;1;7;0;1;0;8;22;B01
201700042254;1;7;0;0;1;1;1;A01
201700042255;1;7;0;0;2;0;17;A01
201700042255;1;7;0;0;2;8;15;B01
201700042256;1;7;0;0;2;2;1;A01