num_acc;senc;catv;occutc;obs;obsm;choc;manv;num_veh
201700042256;1;7;0;0;2;1;23;B01
201700042257;1;7;0;0;1;3;1;A01
201700042258;1;7;0;0;2;2;10;A01
201700042258;1;7;0;0;2;1;1;B01
201700042259;1;7;0;0;1;3;15;A01
201700042260;2;7;0;0;2;1;21;A01
201700042260;2;7;0;0;2;4;23;B01
201700042260;2;7;0;0;2;4;23;C01
201700042260;2;7;0;0;2;4;16;D01
201700042261;1;33;0;0;2;7;1;B01
201700042261;2;7;0;0;2;8;16;A01
201700042262;2;7;0;6;0;1;13;A01
201700042263;1;7;0;0;1;7;1;A01
201700042264;1;7;0;0;1;1;1;A01
201700042265;1;7;0;0;2;1;1;A01
201700042265;1;7;0;0;2;3;1;B01
201700042266;1;7;0;0;1;6;0;A01
201700042267;1;7;0;0;2;1;2;A01
201700042267;1;7;0;0;2;1;2;B01
201700042267;1;99;0;0;2;4;1;C01
201700042268;1;7;0;14;2;2;1;A01
201700042268;1;7;0;0;2;2;1;B01
201700042269;1;7;0;0;1;5;19;A01
201700042270;1;7;0;0;1;3;23;A01
201700042271;1;7;0;0;2;3;15;A01
201700042271;1;33;0;0;2;7;1;B01
201700042272;2;7;0;0;2;7;15;A01
201700042272;1;33;0;0;2;1;1;B01
201700042273;1;7;0;6;0;1;1;A01
201700042274;1;7;0;0;2;8;20;A01
201700042274;1;31;0;0;2;7;2;B01
201700042275;2;1;0;0;2;8;2;A01
201700042275;1;7;0;0;9;1;5;B01
201700042276;1;7;0;0;2;7;1;A01
201700042276;1;31;0;0;2;1;1;B01
201700042277;1;7;0;0;2;2;1;A01
201700042277;1;7;0;0;2;2;1;B01
201700042278;2;7;0;0;2;8;19;A01
201700042278;2;7;0;0;2;1;19;B01
201700042279;1;7;0;0;2;1;1;B01
201700042279;1;7;0;12;2;7;1;A01
201700042280;1;7;0;1;0;2;2;A01
201700042281;1;7;0;0;2;0;0;A01
201700042281;1;7;0;0;2;1;0;B01
201700042281;1;99;0;0;2;0;0;C01
201700042282;1;7;0;0;2;8;11;A01
201700042282;1;33;0;0;2;7;17;B01
201700042283;1;7;0;0;1;1;1;A01
201700042284;1;10;0;0;2;7;15;A01
201700042284;1;33;0;0;2;1;21;B01
201700042285;1;7;0;0;1;1;16;A01
201700042286;1;7;0;0;2;8;1;B01
201700042286;1;7;0;0;2;1;1;A01
201700042287;1;32;0;0;2;1;1;A01
201700042287;1;7;0;0;2;3;15;B01
201700042288;1;10;0;0;2;1;1;A01
201700042288;1;7;0;0;2;7;1;B01
201700042289;1;7;0;0;2;4;23;A01
201700042289;1;20;0;0;2;1;1;B01
201700042290;1;7;0;0;2;2;7;A01
201700042290;1;7;0;0;2;1;16;B01
201700042291;2;7;0;0;2;1;19;A01
201700042291;2;7;0;0;2;3;19;B01
201700042292;1;7;0;0;2;1;2;A01
201700042292;2;7;0;0;2;7;15;B01
201700042293;1;7;0;0;2;1;1;B01
201700042293;2;30;0;0;2;7;5;A01
201700042294;1;7;0;9;2;1;2;A01
201700042294;0;99;0;0;2;8;10;B01
201700042295;0;7;0;0;2;2;15;A01
201700042295;0;2;0;0;0;1;1;B01
201700042296;0;7;0;0;1;2;1;A01
201700042297;0;7;0;0;1;2;16;A01
201700042298;0;7;0;0;2;3;0;A01
201700042298;0;7;0;0;2;6;0;B01
201700042299;0;7;0;0;2;1;2;A01
201700042299;0;7;0;0;2;4;2;B01
201700042300;1;7;0;0;0;1;0;A01
201700042301;1;7;0;0;1;1;1;A01
201700042302;0;3;0;0;0;1;1;A01
201700042303;0;7;0;0;0;1;2;A01
201700042304;0;32;0;0;2;3;17;A01
201700042304;0;7;0;0;2;2;17;B01
201700042305;0;10;0;0;9;0;15;A01
201700042305;0;1;0;0;2;0;1;B01
201700042306;0;10;0;0;2;3;1;A01
201700042306;0;7;0;0;2;2;15;B01
201700042307;0;7;0;0;1;3;2;A01
201700042308;0;7;0;0;2;8;15;A01
201700042308;0;34;0;0;2;7;17;B01
201700042309;2;7;0;0;0;7;1;A01
201700042310;2;7;0;0;2;8;13;A01
201700042310;2;34;0;0;2;2;17;B01
201700042311;2;7;0;0;2;1;5;A01
201700042311;1;7;0;0;2;1;1;B01
201700042312;1;37;0;0;1;2;7;A01
201700042313;1;7;0;1;2;4;23;A01
201700042313;1;7;0;0;2;1;2;B01
201700042314;0;7;0;0;1;1;1;A01
201700042315;2;7;0;0;1;1;1;A01
201700042316;1;7;0;0;2;3;9;A01
201700042316;1;32;0;0;2;1;17;B01
201700042317;2;7;0;0;2;1;1;A01
201700042317;1;31;0;0;2;1;1;B01
201700042318;1;30;0;0;2;1;2;A01
201700042318;1;7;0;0;2;1;15;B01
201700042319;1;7;0;0;1;3;1;A01
201700042320;1;10;0;0;0;8;24;A01
201700042320;1;1;0;1;0;1;2;C01
201700042321;2;7;0;0;2;5;1;A01
201700042321;1;34;0;0;2;1;1;B01
201700042322;0;7;0;0;2;2;16;A01
201700042322;0;33;0;0;2;1;1;B01
201700042322;0;33;0;0;2;7;1;C01
201700042323;0;7;0;0;1;5;4;A01
201700042324;1;34;0;0;1;1;17;A01
201700042325;2;7;0;0;9;6;10;A01
201700042325;2;34;0;0;9;1;17;B01
201700042326;1;7;0;0;2;1;15;A01
201700042326;1;7;0;0;2;1;1;B01
201700042327;1;31;0;15;1;1;14;A01
201700042328;1;7;0;0;1;1;1;A01
201700042329;0;31;0;0;2;1;2;A01
201700042329;0;7;0;0;2;4;2;B01
201700042330;0;33;0;0;2;1;1;B01
201700042330;1;31;0;0;2;6;19;A01
201700042331;1;7;0;0;2;2;16;A01
201700042331;1;32;0;0;2;3;1;B01
201700042332;1;7;0;0;1;8;16;A01
201700042333;1;7;0;0;2;3;15;A01
201700042333;2;31;0;0;2;1;1;B01
201700042334;0;7;0;0;1;8;1;A01
201700042335;2;31;0;0;2;1;17;A01
201700042335;2;7;0;0;2;8;15;B01
201700042336;1;1;0;0;9;0;18;A01
201700042336;1;14;0;0;2;7;2;B01
201700042337;1;7;0;0;2;4;23;A01
201700042337;1;7;0;0;2;1;2;B01
201700042338;1;7;0;0;2;3;15;A01
201700042338;1;7;0;0;2;3;18;B01
201700042339;1;7;0;0;2;1;1;A01
201700042339;1;7;0;7;0;4;23;B01
201700042340;1;7;0;0;1;2;16;A01
201700042341;1;33;0;1;0;1;17;A01
201700042341;1;7;0;0;2;7;9;B01
201700042342;1;33;0;0;1;1;2;A01
201700042343;1;10;0;0;1;2;2;A01
201700042344;1;7;0;0;2;5;15;A01
201700042344;2;33;0;0;2;1;1;B01
201700042345;1;33;0;16;0;1;2;A01
201700042346;1;10;0;0;2;7;17;A01
201700042346;1;7;0;0;2;3;15;B01
201700042347;1;7;0;0;2;2;15;A01
201700042347;2;31;0;0;2;1;7;B01
201700042348;1;33;0;0;2;1;1;A01
201700042348;1;7;0;0;2;1;15;B01
201700042349;1;7;0;0;2;3;19;A01
201700042349;1;33;0;0;2;1;1;B01
201700042350;1;7;0;0;9;1;1;A01
201700042350;2;1;0;0;2;3;9;B01
201700042351;1;7;0;0;2;1;15;A01
201700042351;2;33;0;0;2;8;1;B01
201700042352;1;7;0;0;9;2;15;A01
201700042352;2;99;0;0;2;1;1;B01
201700042353;1;7;0;0;2;1;2;A01
201700042353;1;7;0;0;2;4;23;B01
201700042354;1;7;0;0;1;3;1;A01
201700042355;1;7;0;0;2;8;9;B01
201700042355;1;7;0;0;2;1;0;A01
201700042356;1;34;0;0;1;3;9;Z01
201700042357;0;7;0;0;1;0;23;Z01
201700042358;2;7;0;0;0;3;15;A01
201700042358;1;1;0;0;0;1;1;B01
201700042359;1;7;0;0;2;1;19;A01
201700042359;1;1;0;0;2;7;0;B01
201700042360;1;1;0;0;2;6;2;B01
201700042360;2;7;0;0;1;7;17;Z01
201700042361;1;2;0;0;2;7;16;A01
201700042361;1;2;0;0;2;1;18;B01
201700042362;1;7;0;0;1;2;1;A01
201700042363;2;34;0;0;2;2;0;A01
201700042363;2;1;0;0;2;3;0;B01
201700042364;1;7;0;0;1;3;16;A01
201700042365;2;10;0;0;0;2;1;A01
201700042365;2;31;0;0;0;1;9;B01
201700042366;1;33;0;0;2;1;2;B01
201700042366;1;7;0;0;2;5;1;A01
201700042367;1;31;0;0;2;2;9;A01
201700042367;2;7;0;0;2;8;9;B01
201700042368;2;7;0;0;2;5;10;A01
201700042368;2;31;0;0;2;1;0;B01
201700042369;2;7;0;0;2;3;15;A01
201700042369;1;33;0;0;2;8;1;B01
201700042370;0;7;0;0;2;3;15;A01
201700042370;0;2;0;0;2;1;3;B01
201700042371;2;33;0;0;1;1;1;Z01
201700042372;2;7;0;0;1;0;1;A01
201700042373;2;7;0;0;0;1;19;A01
201700042374;1;7;0;0;9;5;10;A01
201700042374;1;31;0;0;2;3;14;B01
201700042375;0;7;0;8;2;1;19;A01
201700042375;0;7;0;0;2;3;19;B01
201700042376;2;7;0;1;2;8;1;A01
201700042376;2;7;0;0;2;7;12;B01
201700042377;2;33;0;0;0;7;1;A01
201700042378;1;7;0;0;1;1;19;A01
201700042379;1;33;0;16;0;1;13;A01
201700042380;2;7;0;0;2;1;13;A01
201700042380;1;7;0;0;2;1;21;B01
201700042381;1;7;0;4;0;2;1;A01
201700042382;2;7;0;0;2;1;23;A01
201700042382;2;34;0;0;9;4;23;B01
201700042383;1;7;0;0;2;1;1;A01
201700042383;1;7;0;0;2;4;1;B01
201700042384;2;10;0;0;0;5;16;A01
201700042384;2;7;0;0;0;1;7;Z01
201700042385;1;7;0;13;0;9;21;A01
201700042386;2;7;0;1;2;1;9;A01
201700042386;1;7;0;0;2;2;1;B01
201700042387;1;30;0;1;0;1;1;A01
201700042387;1;7;0;0;2;0;24;B01
201700042388;1;7;0;12;0;1;2;A01
201700042388;1;7;0;14;0;7;2;B01
201700042389;2;7;0;0;1;1;1;A01
201700042390;2;7;0;8;2;1;14;A01
201700042391;1;7;0;8;2;2;15;A01
201700042391;1;7;0;0;2;1;1;B01
201700042392;2;7;0;0;0;0;2;A01
201700042392;2;34;0;0;0;0;17;B01
201700042393;1;7;0;0;2;1;19;B01
201700042393;1;7;0;0;2;1;19;A01
201700042394;1;7;0;0;2;4;1;A01
201700042394;1;7;0;0;2;1;2;B01
201700042395;2;7;0;1;2;3;9;A01
201700042395;2;10;0;1;2;7;17;B01
201700042396;1;7;0;0;2;1;19;A01
201700042396;1;7;0;15;2;7;2;B01
201700042397;1;7;0;0;2;1;2;A01
201700042397;2;7;0;0;2;2;15;B01
201700042398;1;7;0;0;1;7;19;A01
201700042399;1;7;0;7;0;3;21;A01
201700042399;1;7;0;0;2;2;9;B01
201700042400;1;7;0;0;2;4;0;A01
201700042400;1;7;0;0;2;1;0;B01
201700042401;1;7;0;0;9;1;15;A01
201700042401;1;33;0;0;2;1;1;B01
201700042402;2;37;0;0;2;1;1;B01
201700042402;1;7;0;0;2;1;16;A01
201700042403;1;30;0;0;2;2;1;A01
201700042403;1;7;0;0;2;3;0;B01
201700042404;1;7;0;1;0;7;14;A01
201700042405;2;33;0;0;2;3;21;A01
201700042405;2;7;0;0;2;0;12;Z01
201700042406;2;7;0;0;2;1;2;A01
201700042406;2;7;0;0;2;4;2;B01
201700042407;2;7;0;0;2;7;9;A01
201700042407;1;7;0;0;2;1;19;B01
201700042408;1;7;0;0;2;2;0;A01
201700042408;2;7;0;0;2;3;16;B01
201700042409;0;33;0;0;2;1;1;B01
201700042409;0;7;0;0;2;1;2;A01
201700042410;2;7;0;0;2;1;16;A01
201700042410;1;7;0;0;2;2;9;B01
201700042411;1;2;0;0;2;4;10;A01
201700042412;2;33;0;0;2;1;3;A01
201700042412;2;7;0;0;2;2;2;B01
201700042412;2;10;0;0;2;6;2;C01
201700042413;1;7;0;0;2;7;0;S01
201700042413;1;10;0;0;2;0;0;Z01
201700042414;1;1;0;0;2;1;19;B01
201700042414;2;7;0;0;9;1;19;A01
201700042415;2;7;0;0;9;8;22;A01
201700042415;2;33;0;1;0;5;17;B01
201700042415;2;7;0;0;9;8;23;C01
201700042416;2;99;0;0;1;0;0;Z01
201700042417;2;7;0;0;1;4;4;A01
201700042418;1;14;0;4;0;3;2;A01
201700042419;1;34;0;0;2;1;19;A01
201700042419;1;7;0;0;2;3;19;B01
201700042420;1;7;0;0;2;2;1;A01
201700042420;2;7;0;0;2;3;1;B01
201700042421;1;7;0;0;2;1;19;B01
201700042421;2;7;0;0;2;8;19;A01
201700042422;1;10;0;0;1;1;0;A01
201700042423;2;7;0;0;2;1;2;A01
201700042423;2;7;0;0;2;9;2;B01
201700042423;2;7;0;0;2;4;2;C01
201700042424;2;34;0;0;1;1;14;A01
201700042425;1;7;0;0;2;1;1;A01
201700042425;1;10;0;0;2;8;1;B01
201700042426;2;7;0;0;1;1;19;A01
201700042427;0;7;0;0;9;2;16;A01
201700042427;0;31;0;0;2;3;16;B01
201700042428;1;7;0;12;0;2;14;A01
201700042429;1;7;0;0;1;1;1;A01
201700042430;1;33;0;11;2;1;2;A01
201700042430;2;7;0;0;2;2;15;B01
201700042431;1;34;0;0;1;3;13;A01
201700042432;0;7;0;0;2;1;19;A01
201700042432;0;7;0;0;2;2;19;B01
201700042433;0;7;0;0;2;1;1;A01
201700042433;0;7;0;0;2;3;16;B01
201700042434;1;7;0;0;2;3;15;A01
201700042434;2;33;0;0;2;1;1;B01
201700042435;1;7;0;2;0;1;1;A01
201700042436;1;7;0;0;2;2;17;A01
201700042436;1;7;0;0;2;8;1;B01
201700042437;1;7;0;0;2;1;1;A01
201700042437;1;7;0;0;2;4;23;B01
201700042438;1;7;0;0;0;9;1;A01
201700042439;1;7;0;3;2;2;1;A01
201700042439;1;13;0;0;2;3;1;B01
201700042439;1;15;0;0;2;4;1;C01
201700042440;2;34;0;0;0;0;21;A01
201700042441;2;7;0;0;2;1;1;B01
201700042441;1;7;0;0;2;8;15;A01
201700042442;2;34;0;0;2;8;1;A01
201700042442;1;7;0;0;2;3;10;B01
201700042443;0;7;0;0;2;1;1;B01
201700042443;0;7;0;0;2;8;1;A01
201700042444;2;7;0;0;2;4;23;A01
201700042444;2;10;0;0;2;1;2;B01
201700042445;1;7;0;0;0;6;15;A01
201700042445;0;7;0;0;2;1;21;B01
201700042446;2;31;0;0;2;7;19;A01
201700042446;2;7;0;0;2;1;19;B01
201700042447;2;7;0;0;2;4;2;A01
201700042447;2;33;0;0;2;1;2;B01
201700042448;1;37;0;0;1;2;1;A01
201700042449;1;34;0;0;0;8;1;A01
201700042449;1;7;0;0;2;3;15;B01
201700042450;1;7;0;0;2;3;1;A01
201700042450;2;7;0;0;2;2;15;B01
201700042451;1;7;0;0;2;7;14;A01
201700042451;1;7;0;0;2;3;9;B01
201700042452;2;7;0;0;2;0;13;A01
201700042452;2;7;0;0;2;5;1;B01
201700042453;1;7;0;0;2;1;1;A01
201700042453;1;7;0;0;2;9;9;B01
201700042453;1;7;0;0;2;5;13;C01
201700042453;1;7;0;0;2;1;1;D01
201700042454;2;7;0;0;2;3;1;B01
201700042454;1;7;0;0;2;2;15;A01
201700042454;2;7;0;12;2;3;23;C01
201700042455;1;31;0;0;2;2;17;A01
201700042455;2;7;0;0;2;3;19;B01
201700042456;0;7;0;0;2;2;0;A01
201700042456;0;7;0;0;0;1;0;B01
201700042457;0;7;0;0;0;3;1;A01
201700042457;0;1;0;0;0;1;1;Y01
201700042458;1;7;0;;2;0;0;A01
201700042458;1;7;0;0;2;2;2;B01
201700042459;0;3;0;0;2;2;2;A01
201700042459;0;3;0;0;2;4;2;B01
201700042460;0;7;0;0;2;1;0;A01
201700042460;0;34;0;0;2;7;0;B01
201700042461;1;7;0;12;0;1;1;A01
201700042462;1;7;0;0;2;2;1;B01
201700042462;1;7;0;0;2;1;1;A01
201700042463;0;10;0;0;1;2;0;A01
201700042464;2;7;0;0;2;4;2;A01
201700042464;2;7;0;0;2;1;2;B01
201700042465;0;37;0;0;0;8;2;B01
201700042465;0;7;0;0;2;3;1;A01
201700042466;0;30;0;1;0;1;1;A01
201700042467;0;7;0;9;0;2;16;A01
201700042467;0;7;0;0;0;2;16;B01
201700042468;0;7;0;2;0;9;0;A01
201700042469;2;7;0;0;0;0;0;Z01
201700042469;0;31;0;0;2;0;21;A01
201700042470;1;7;0;0;0;5;1;A01
201700042470;1;7;0;14;0;1;2;Z01
201700042471;0;7;0;0;2;1;2;A01
201700042471;0;7;0;0;2;4;23;B01
201700042471;0;7;0;0;2;4;23;C01
201700042472;0;10;0;16;0;1;0;A01
201700042473;1;7;0;0;0;3;0;B01
201700042473;2;7;0;0;0;1;13;A01
201700042474;0;7;0;0;0;0;0;C01
201700042474;0;7;0;8;2;1;1;A01
201700042474;0;7;0;0;2;3;1;B01
201700042475;0;7;0;1;2;3;2;A01
201700042475;0;7;0;0;2;7;14;B01
201700042476;0;30;0;0;2;8;0;A01
201700042476;0;10;0;0;2;1;0;B01
201700042477;0;7;0;0;1;3;1;A01
201700042478;0;30;0;0;2;2;17;A01
201700042478;0;13;0;0;2;3;15;B01
201700042479;0;30;0;0;1;1;2;A01
201700042480;1;7;0;0;1;1;1;A01
201700042481;0;99;0;0;1;1;16;A01
201700042482;0;32;0;0;2;0;21;B01
201700042482;0;7;0;0;0;0;0;A01
201700042483;1;7;0;0;2;3;1;A01
201700042483;1;7;0;0;2;5;2;B01
201700042484;1;7;0;15;0;2;2;A01
201700042485;0;7;0;0;1;8;1;A01
201700042486;0;7;0;0;0;1;1;A01
201700042487;1;7;0;0;2;7;1;A01
201700042487;1;7;0;0;2;1;16;B01
201700042488;1;7;0;2;2;1;17;A01
201700042488;1;7;0;0;0;3;15;B01
201700042489;0;7;0;0;2;3;0;A01
201700042489;0;33;0;0;2;0;2;B01
201700042490;0;7;0;0;2;1;15;A01
201700042490;2;33;0;0;2;7;1;B01
201700042491;1;2;0;15;0;0;5;A01
201700042491;2;7;0;0;2;2;1;B01
201700042492;1;33;0;0;1;3;2;A01
201700042493;2;7;0;0;0;4;23;A01
201700042493;2;7;0;0;0;0;1;Z01
201700042494;1;7;0;0;2;1;2;A01
201700042494;1;7;0;0;0;4;2;B01
201700042495;0;7;0;0;2;1;17;A01
201700042495;0;7;0;0;2;8;15;B01
201700042496;2;7;0;0;2;3;15;A01
201700042496;1;7;0;0;2;6;1;B01
201700042497;0;7;0;14;0;3;2;A01
201700042497;0;33;0;0;2;4;23;B01
201700042497;0;7;0;14;0;5;23;C01
201700042497;0;7;0;0;2;4;23;D01
201700042498;0;7;0;0;0;0;2;A01
201700042498;0;30;0;0;0;4;0;B01
201700042499;0;7;0;0;2;2;16;A01
201700042499;0;31;0;0;2;8;0;B01
201700042500;2;34;0;0;2;1;2;A01
201700042500;2;10;0;1;0;4;2;B01
201700042501;1;33;0;15;0;3;13;A01
201700042502;2;33;0;0;2;3;2;A01
201700042502;2;7;0;0;2;6;15;B01
201700042503;1;33;0;1;0;1;5;A01
201700042504;2;33;0;0;1;1;17;A01
201700042505;1;7;0;0;1;3;1;A01
201700042506;0;7;0;1;0;3;15;A01
201700042506;0;31;0;0;2;9;13;B01
201700042507;1;10;0;0;2;7;13;B01
201700042507;1;37;0;0;2;1;7;A01
201700042508;1;7;0;0;2;1;15;A01
201700042508;2;31;0;0;2;1;1;B01
201700042509;1;7;0;0;1;4;4;A01
201700042510;2;7;0;0;1;7;1;A01
201700042511;1;7;0;0;2;4;23;A01
201700042511;1;7;0;0;2;1;2;B01
201700042512;1;7;0;0;2;3;1;B01
201700042512;0;7;0;1;2;4;24;D01
201700042512;0;10;0;0;2;5;1;Z01
201700042513;1;37;0;0;1;5;7;A01
201700042514;2;7;0;0;9;1;9;A01
201700042514;2;7;0;0;2;7;1;B01
201700042515;1;7;0;0;2;6;2;B01
201700042515;1;7;0;0;2;1;1;A01
201700042516;1;7;0;0;2;1;9;A01
201700042516;1;7;0;0;2;3;1;B01
201700042517;0;7;0;0;2;2;10;A01
201700042517;1;31;0;0;2;3;2;B01
201700042517;1;33;0;0;2;8;2;C01
201700042518;1;10;0;0;2;3;15;A01
201700042518;2;7;0;0;2;8;1;B01
201700042519;1;7;0;0;2;1;1;A01
201700042519;2;7;0;0;2;5;1;B01
201700042520;1;34;0;0;1;4;18;A01
201700042521;1;7;0;1;0;2;16;A01
201700042522;2;7;0;0;2;2;16;A01
201700042522;2;1;0;0;2;3;0;B01
201700042523;1;33;0;0;1;2;1;A01
201700042524;2;34;0;0;2;1;5;A01
201700042524;1;7;0;0;2;3;1;B01
201700042525;1;7;0;8;0;1;5;A01
201700042526;1;32;0;0;1;0;2;A01
201700042527;1;7;0;0;2;1;2;A01
201700042527;1;7;0;0;2;1;2;B01
201700042527;1;7;0;0;0;4;2;C01
201700042528;1;34;0;9;0;0;0;A01
201700042529;1;7;0;0;1;1;15;A01
201700042530;1;7;0;0;2;8;2;A01
201700042530;1;31;0;0;2;2;17;B01
201700042531;0;7;0;0;0;4;21;A01
201700042531;0;1;0;0;2;1;21;B01
201700042532;1;7;0;0;9;4;23;A01
201700042532;1;7;0;0;2;1;23;B01
201700042532;1;10;0;0;2;1;0;C01
201700042533;1;7;0;0;1;2;19;A01
201700042534;1;7;0;0;2;2;16;A01
201700042534;1;33;0;0;2;8;1;B01
201700042535;2;7;0;0;1;1;1;A01
201700042536;1;7;0;0;1;1;1;A01
201700042537;2;7;0;15;0;1;5;A01
201700042538;1;7;0;0;2;2;16;A01
201700042538;1;34;0;0;2;6;16;B01
201700042539;1;7;0;0;2;7;15;A01
201700042539;2;14;0;0;2;1;1;B01
201700042540;1;33;0;0;2;1;15;A01
201700042540;1;7;0;0;2;1;15;B01
201700042541;1;7;0;0;1;3;1;A01
201700042542;1;7;0;0;1;1;19;A01
201700042543;1;31;0;0;2;1;21;A01
201700042543;1;7;0;0;2;1;21;B01
201700042544;2;33;0;0;2;1;9;B01
201700042544;2;7;0;0;2;8;9;A01
201700042545;2;7;0;0;2;1;9;A01
201700042545;1;1;0;0;2;7;1;B01
201700042546;1;33;0;0;0;1;1;A01
201700042547;1;7;0;0;2;1;17;A01
201700042547;1;34;0;0;2;1;15;B01
201700042548;2;7;0;0;2;1;1;A01
201700042548;2;31;0;0;2;4;9;B01
201700042549;2;7;0;0;2;2;9;A01
201700042549;1;31;0;0;2;1;9;B01
201700042550;2;31;0;0;2;0;21;A01
201700042550;1;7;0;0;2;1;2;B01
201700042551;1;7;0;0;9;2;19;A01
201700042551;2;1;0;0;2;8;9;B01
201700042552;2;7;0;0;2;8;10;A01
201700042552;2;34;0;0;2;1;2;B01
201700042553;2;7;0;0;2;7;2;A01
201700042553;1;31;0;0;2;1;2;B01
201700042554;1;7;0;0;1;3;21;A01
201700042554;2;7;0;0;1;0;23;B01
201700042555;1;20;0;1;0;7;2;A01
201700042555;1;7;0;0;2;6;4;B01
201700042556;1;99;0;0;1;1;14;A01
201700042557;1;7;0;0;2;8;1;A01
201700042557;2;7;0;8;2;5;5;B01
201700042558;1;37;0;0;1;1;19;C01
201700042559;1;7;0;0;2;1;5;A01
201700042559;2;31;0;0;2;1;2;B01
201700042560;2;7;0;0;1;1;2;A01
201700042561;2;31;0;1;1;1;1;A01
201700042562;1;7;0;16;2;1;10;A01
201700042562;1;33;0;0;2;1;9;B01
201700042563;1;31;0;0;1;1;21;A01
201700042564;1;33;0;0;2;1;17;A01
201700042564;1;7;0;0;2;6;15;B01
201700042565;2;1;0;0;2;1;1;B01
201700042565;1;7;0;0;2;3;15;A01
201700042566;2;7;0;0;2;2;15;A01
201700042566;1;34;0;0;2;1;1;B01
201700042567;2;7;0;0;1;3;9;A01
201700042568;1;3;0;0;2;3;19;A01
201700042568;1;10;0;0;2;0;19;B01
201700042569;1;7;0;0;2;3;2;A01
201700042569;1;1;0;0;2;1;2;B01
201700042570;1;7;0;0;2;1;1;A01
201700042570;2;7;0;0;2;1;15;B01
201700042571;1;7;0;0;1;1;13;A01
201700042572;1;7;0;0;2;1;13;A01
201700042572;2;7;0;0;2;1;9;B01
201700042573;1;7;0;0;2;4;19;A01
201700042573;1;31;0;0;2;4;23;B01
201700042574;1;7;0;0;1;1;9;A01
201700042575;1;7;0;0;2;7;19;B01
201700042575;1;10;0;16;2;1;19;A01
201700042576;1;7;0;0;1;3;15;A01
201700042577;2;1;0;0;1;8;3;A01
201700042578;1;7;0;0;2;3;15;A01
201700042578;1;7;0;0;2;2;2;B01
201700042579;1;7;0;0;1;6;4;A01
201700042580;1;1;0;0;2;8;19;B01
201700042580;1;7;0;0;1;3;15;A01
201700042581;2;7;0;0;2;3;9;A01
201700042581;1;31;0;0;2;1;1;B01
201700042582;1;7;0;0;2;6;10;A01
201700042582;1;1;0;0;2;1;1;B01
201700042583;1;31;0;0;2;1;2;A01
201700042583;0;7;0;0;2;3;15;B01
201700042584;2;7;0;0;2;1;21;A01
201700042584;2;1;0;0;2;7;19;Y01
201700042585;1;7;0;0;2;1;1;A01
201700042585;1;7;0;0;2;1;1;B01
201700042586;1;7;0;0;1;6;4;A01
201700042587;0;2;0;0;2;1;19;A01
201700042587;0;7;0;0;2;2;2;B01
201700042588;2;1;0;0;2;5;15;A01
201700042588;2;33;0;0;2;1;17;B01
201700042588;2;7;0;0;2;6;23;C01
201700042589;2;31;0;0;1;1;17;A01
201700042590;2;7;0;0;2;3;15;A01
201700042590;2;31;0;0;2;2;17;B01
201700042591;2;31;0;0;2;2;17;A01
201700042591;1;7;0;0;2;3;10;B01
201700042592;1;7;0;0;9;1;19;A01
201700042592;1;1;0;0;2;1;0;B01
201700042593;1;7;0;0;2;3;1;A01
201700042593;2;7;0;0;2;5;4;B01
201700042594;1;7;0;0;2;4;23;A01
201700042594;1;7;0;0;2;0;1;B01
201700042595;1;7;0;0;2;1;9;A01
201700042595;2;31;0;0;2;7;17;B01
201700042596;1;7;0;0;9;3;15;A01
201700042596;1;33;0;0;2;2;11;B01
201700042597;1;7;0;0;9;3;15;A01
201700042597;1;31;0;0;2;2;2;B01
201700042598;1;10;0;0;1;7;1;A01
201700042599;1;34;0;1;0;1;1;A01
201700042599;1;7;0;0;2;4;0;B01
201700042600;2;14;0;0;2;1;9;A01
201700042600;2;7;0;0;2;1;13;B01
201700042600;2;7;0;0;2;6;23;C01
201700042600;2;7;0;0;2;4;23;D01
201700042601;1;34;0;0;1;0;19;A01
201700042602;2;3;0;0;1;2;2;A01
201700042603;1;7;0;2;0;5;14;A01
201700042604;1;34;0;0;2;1;2;A01
201700042604;1;7;0;0;2;1;15;B01
201700042605;1;10;0;0;1;2;2;A01
201700042606;1;7;0;0;1;3;1;A01
201700042607;1;7;0;0;2;1;19;A01
201700042607;2;7;0;0;2;2;1;B01
201700042608;1;7;0;1;0;2;9;A01
201700042608;1;34;0;1;0;1;21;B01
201700042609;1;7;0;0;9;2;15;A01
201700042609;2;1;0;0;2;1;5;B01
201700042610;1;7;0;0;1;3;1;A01
201700042610;2;7;0;0;1;6;1;B01
201700042611;1;7;0;0;2;2;19;B01
201700042611;1;31;0;0;2;1;19;A01
201700042612;2;7;0;0;9;4;10;B01
201700042612;2;7;0;0;2;1;2;A01
201700042613;1;7;0;0;2;8;1;A01
201700042613;1;7;0;0;2;3;2;B01
201700042614;1;7;0;14;0;1;14;A01
201700042615;1;7;0;0;1;3;1;A01
201700042616;1;7;0;0;1;1;1;A01
201700042617;1;31;0;0;2;1;19;A01
201700042617;1;7;0;0;0;8;19;B01
201700042618;1;7;0;0;1;2;1;A01
201700042619;1;7;0;0;2;1;12;B01
201700042619;1;10;0;0;2;2;16;A01
201700042620;1;33;0;0;2;3;23;B01
201700042620;2;7;0;0;2;3;15;A01