num_acc;senc;catv;occutc;obs;obsm;choc;manv;num_veh
201700043401;2;7;0;0;0;2;19;A01
201700043402;0;7;0;0;1;1;2;A01
201700043403;2;31;0;0;2;1;0;B01
201700043403;1;7;0;0;2;5;19;A01
201700043404;0;31;0;0;2;1;1;A01
201700043404;0;7;0;0;2;8;15;B01
201700043405;0;7;0;0;2;1;2;A01
201700043405;0;33;0;0;2;4;1;B01
201700043406;1;34;0;15;0;3;17;A01
201700043407;0;7;0;0;1;3;0;A01
201700043408;2;33;0;0;2;1;3;A01
201700043408;2;7;0;0;2;7;22;B01
201700043408;0;7;0;0;2;7;1;C01
201700043409;1;33;0;0;2;1;1;A01
201700043409;2;7;0;0;2;7;15;B01
201700043410;1;7;0;0;2;1;19;C01
201700043410;1;7;0;0;1;6;16;A01
201700043410;1;7;0;0;1;6;16;B01
201700043411;0;7;0;0;2;8;1;B01
201700043411;0;7;0;0;2;1;19;A01
201700043412;1;7;0;0;2;3;16;A01
201700043412;1;7;0;0;2;2;19;B01
201700043413;1;7;0;0;2;2;7;A01
201700043413;1;33;0;0;2;3;7;B01
201700043414;1;7;0;0;2;1;2;A01
201700043414;1;7;0;0;2;4;2;B01
201700043415;2;31;0;0;2;1;1;A01
201700043415;2;7;0;0;2;4;1;B01
201700043416;2;7;0;8;2;2;16;A01
201700043416;2;33;0;0;2;3;1;B01
201700043417;1;33;0;0;2;5;19;A01
201700043417;1;99;0;0;9;5;15;B01
201700043418;1;7;0;0;1;5;1;A01
201700043419;1;7;0;0;1;2;2;A01
201700043420;1;10;0;0;2;2;15;A01
201700043420;2;7;0;0;2;1;1;B01
201700043421;1;7;0;1;0;1;21;A01
201700043421;;7;0;;;;;A02
201700043421;;7;0;;;;;A03
201700043421;;7;0;;;;;A04
201700043421;;7;0;;;;;A05
201700043422;1;7;0;0;2;1;7;A01
201700043422;1;7;0;0;2;4;7;B01
201700043423;0;7;0;0;1;8;1;A01
201700043424;1;1;0;0;2;7;1;Y01
201700043425;2;7;0;8;2;2;1;A01
201700043425;0;7;0;0;2;0;15;B01
201700043426;1;7;0;0;2;1;19;A01
201700043426;1;7;0;0;2;5;19;B01
201700043427;1;7;0;0;2;3;15;A01
201700043427;1;31;0;0;2;2;15;B01
201700043428;1;7;0;0;1;2;2;A01
201700043429;2;7;0;0;1;3;1;A01
201700043430;1;7;0;2;2;1;17;A01
201700043430;0;7;0;0;2;1;1;B01
201700043431;2;30;0;0;1;1;7;C01
201700043432;1;7;0;0;2;2;9;A01
201700043432;1;32;0;16;2;1;9;B01
201700043433;2;34;0;0;2;1;7;A01
201700043433;1;7;0;0;2;5;15;B01
201700043434;2;7;0;9;2;6;7;A01
201700043434;2;15;0;9;2;2;7;B01
201700043435;0;1;0;0;1;1;1;A01
201700043436;2;7;0;0;1;2;1;A01
201700043437;1;7;0;0;1;1;16;A01
201700043438;2;7;0;0;2;3;19;A01
201700043438;2;7;0;0;2;2;17;B01
201700043439;0;13;0;0;1;6;15;A01
201700043440;0;7;0;0;2;1;19;A01
201700043440;0;33;0;0;2;8;2;B01
201700043441;2;34;0;0;1;1;17;A01
201700043442;2;7;0;0;2;3;10;A01
201700043442;2;33;0;0;2;1;21;B01
201700043443;1;7;0;0;2;4;20;A01
201700043443;1;7;0;0;2;1;2;B01
201700043444;1;33;0;0;1;1;1;A01
201700043445;1;7;0;0;2;1;1;B01
201700043445;1;99;0;14;2;2;15;A01
201700043446;1;7;0;0;1;1;11;A01
201700043447;1;7;0;0;2;3;15;A01
201700043447;2;33;0;0;2;1;1;B01
201700043448;1;34;0;0;2;3;1;A01
201700043448;1;7;0;0;2;1;19;Z01
201700043449;1;7;0;0;1;1;1;A01
201700043450;1;34;0;0;2;1;17;A01
201700043450;1;10;0;0;2;2;23;B01
201700043451;1;7;0;0;1;3;1;A01
201700043452;1;7;0;0;1;2;1;A01
201700043453;1;33;0;0;2;8;1;A01
201700043453;1;17;0;0;2;7;12;B01
201700043454;1;31;0;0;2;8;21;A01
201700043454;1;7;0;16;0;2;9;Z01
201700043455;2;7;0;0;2;3;1;A01
201700043455;2;32;0;0;2;7;17;B01
201700043456;2;7;0;0;1;1;1;A01
201700043457;1;7;0;0;1;2;1;A01
201700043458;1;7;0;0;2;6;15;A01
201700043458;1;7;0;0;2;1;17;B01
201700043459;1;7;0;0;9;2;9;A01
201700043460;1;7;0;0;1;2;21;A01
201700043461;0;7;0;0;1;3;1;A01
201700043462;0;7;0;8;0;3;14;A01
201700043463;0;7;0;0;2;7;15;A01
201700043463;0;7;0;0;2;1;2;B01
201700043464;0;7;0;0;0;4;1;A01
201700043464;0;7;0;0;2;1;1;B01
201700043465;0;7;0;0;2;1;9;A01
201700043465;0;7;0;0;2;4;0;B01
201700043466;1;7;0;0;2;4;23;A01
201700043466;1;7;0;0;2;1;2;B01
201700043467;0;7;0;0;2;3;16;A01
201700043467;0;7;0;12;2;8;0;B01
201700043468;1;7;0;0;2;1;10;A01
201700043468;1;7;0;0;2;6;9;B01
201700043469;0;7;0;0;2;4;2;B01
201700043469;0;33;0;0;2;0;2;A01
201700043470;1;7;0;15;0;2;21;A01
201700043471;0;15;0;0;0;0;0;B01
201700043471;0;7;0;0;0;4;2;A01
201700043472;1;7;0;0;1;7;13;A01
201700043473;0;7;0;0;9;1;15;A01
201700043473;0;1;0;0;2;7;2;B01
201700043474;0;3;0;0;2;1;9;A01
201700043474;0;3;0;0;2;7;1;B01
201700043475;0;7;0;0;2;3;15;A01
201700043475;0;7;0;0;2;3;16;B01
201700043476;1;7;0;1;0;2;2;A01
201700043477;1;7;0;0;1;1;19;A01
201700043478;0;7;0;0;2;1;2;A01
201700043478;0;7;0;0;0;6;0;B01
201700043479;1;7;0;0;2;2;1;A01
201700043479;2;31;0;0;2;5;15;B01
201700043480;0;2;0;0;2;1;10;A01
201700043480;0;99;0;0;0;4;2;B01
201700043481;1;7;0;0;2;1;2;A01
201700043481;1;7;0;0;2;4;2;B01
201700043482;0;10;0;15;0;1;2;A01
201700043483;2;7;0;0;2;8;1;B01
201700043483;1;7;0;0;2;2;10;A01
201700043484;0;33;0;0;2;4;2;B01
201700043484;0;7;0;0;2;1;2;A01
201700043485;1;7;0;0;2;1;21;A01
201700043485;1;37;0;0;2;6;1;B01
201700043486;0;33;0;0;2;2;12;A01
201700043486;0;7;0;0;2;8;1;B01
201700043487;2;7;0;0;1;2;1;A01
201700043488;1;10;0;0;1;0;11;A01
201700043489;2;7;0;0;2;2;15;B01
201700043489;1;7;0;0;2;1;1;A01
201700043490;0;3;0;6;0;1;11;A01
201700043491;2;7;0;0;1;1;1;A01
201700043492;0;7;0;0;1;8;1;A01
201700043493;1;7;0;0;2;3;7;A01
201700043493;1;7;0;0;2;3;15;B01
201700043494;1;7;0;0;2;3;0;A01
201700043494;1;31;0;0;2;1;0;B01
201700043495;2;7;0;0;2;3;14;A01
201700043495;2;7;0;0;2;5;16;B01
201700043496;1;7;0;0;2;1;2;A01
201700043496;1;30;0;0;2;4;2;B01
201700043497;0;7;0;0;2;1;9;A01
201700043497;0;7;0;0;2;4;9;B01
201700043497;0;7;0;0;2;4;9;C01
201700043498;0;7;0;0;2;1;1;A01
201700043498;0;7;0;0;2;1;15;B01
201700043499;2;99;0;0;2;1;17;A01
201700043499;2;7;0;0;2;3;15;B01
201700043500;2;7;0;0;2;3;1;B01
201700043500;1;7;0;0;2;1;15;A01
201700043501;1;7;0;0;2;1;23;A01
201700043501;1;33;0;0;2;4;23;B01
201700043502;1;7;0;0;1;0;1;A01
201700043503;1;7;0;0;1;4;4;A01
201700043504;1;7;0;0;9;4;1;A01
201700043504;1;7;0;14;0;1;2;B01
201700043505;1;7;0;0;2;1;9;B01
201700043505;2;1;0;0;2;7;2;A01
201700043506;2;1;0;0;1;1;1;A01
201700043507;2;7;0;0;2;8;10;A01
201700043507;2;34;0;0;2;8;10;B01
201700043508;2;7;0;0;2;7;1;A01
201700043508;1;1;0;0;2;1;15;B01
201700043509;2;10;0;0;2;1;19;A01
201700043509;1;7;0;0;2;7;1;B01
201700043510;1;33;0;8;2;9;1;B01
201700043510;1;7;0;0;2;8;16;A01
201700043511;2;7;0;0;1;2;1;A01
201700043512;0;10;0;0;2;4;2;A01
201700043512;0;7;0;0;2;9;2;B01
201700043512;0;7;0;0;2;1;2;C01
201700043513;2;7;0;0;2;2;2;A01
201700043513;2;7;0;0;2;4;2;B01
201700043514;2;31;0;0;1;1;1;A01
201700043515;1;7;0;0;2;1;19;A01
201700043515;1;7;0;0;2;9;1;B01
201700043516;1;7;0;0;2;1;9;A01
201700043516;1;7;0;0;2;8;9;B01
201700043517;1;7;0;0;2;5;9;A01
201700043517;1;7;0;0;2;3;1;B01
201700043518;1;7;0;0;9;3;1;A01
201700043518;1;1;0;0;2;1;0;B01
201700043519;1;7;0;0;1;2;17;A01
201700043520;0;7;0;0;9;0;0;A01
201700043520;0;1;0;0;2;0;0;B01
201700043521;0;7;0;0;2;2;1;B01
201700043521;0;7;0;0;2;1;19;A01
201700043522;1;7;0;0;2;1;17;A01
201700043522;1;7;0;0;2;1;2;B01
201700043522;2;7;0;0;2;1;1;C01
201700043523;1;7;0;0;2;3;15;A01
201700043523;2;33;0;0;2;3;19;B01
201700043524;1;7;0;0;2;1;13;A01
201700043524;1;10;0;0;2;1;1;B01
201700043524;2;7;0;0;2;9;1;C01
201700043524;2;7;0;0;2;1;2;D01
201700043525;1;7;0;0;2;9;2;A01
201700043525;1;7;0;0;2;9;2;B01
201700043525;1;7;0;0;2;9;2;C01
201700043525;1;7;0;0;2;1;2;D01
201700043526;1;7;0;0;2;3;1;A01
201700043526;2;34;0;0;2;1;1;B01
201700043527;1;99;0;0;2;7;9;A01
201700043527;1;7;0;0;9;5;9;B01
201700043528;1;7;0;0;2;1;1;A01
201700043528;2;7;0;0;2;7;15;B01
201700043529;1;10;0;8;0;3;21;A01
201700043530;1;7;0;0;2;1;15;A01
201700043530;2;7;0;0;2;3;2;B01
201700043531;1;7;0;0;2;2;15;A01
201700043532;1;33;0;0;2;4;16;A01
201700043532;1;7;0;0;2;2;1;B01
201700043533;2;37;0;0;0;7;1;A01
201700043534;1;7;0;0;2;1;15;A01
201700043534;2;13;0;0;2;1;1;B01
201700043535;0;7;0;0;2;1;15;A01
201700043535;0;33;0;0;2;8;1;B01
201700043536;1;33;0;0;0;9;16;A01
201700043537;1;7;0;3;0;1;1;A01
201700043538;1;7;0;0;2;1;19;A01
201700043538;1;7;0;0;2;8;1;B01
201700043539;1;7;0;0;9;4;23;B01
201700043539;1;7;0;0;9;0;9;C01
201700043540;1;34;0;0;2;7;14;A01
201700043540;1;7;0;0;2;8;1;B01
201700043541;1;7;0;0;2;3;13;A01
201700043541;2;7;0;0;2;3;1;B01
201700043542;2;7;0;0;2;5;19;B01
201700043542;2;7;0;0;2;1;1;A01
201700043543;1;7;0;0;1;1;1;A01
201700043544;2;7;0;0;1;1;0;A01
201700043545;1;7;0;0;2;2;14;A01
201700043545;1;7;0;0;2;6;1;B01
201700043546;1;37;0;0;2;3;7;A01
201700043546;1;7;0;0;1;2;9;B01
201700043547;1;7;0;0;1;0;1;A01
201700043548;2;7;0;9;0;2;1;A01
201700043549;1;13;0;0;1;2;15;A01
201700043550;2;7;0;0;2;6;11;A01
201700043550;2;33;0;0;2;1;1;B01
201700043551;1;7;0;1;2;8;2;B01
201700043551;1;7;0;0;2;1;2;A01
201700043552;1;7;0;0;1;2;0;A01
201700043553;1;7;0;0;2;8;19;A01
201700043553;1;7;0;0;2;1;19;B01
201700043554;2;10;0;0;2;1;21;A01
201700043554;2;99;0;0;2;1;23;B01
201700043554;2;7;0;0;2;4;23;C01
201700043555;1;7;0;0;2;3;10;A01
201700043555;1;7;0;0;2;5;1;B01
201700043556;1;7;0;0;2;2;9;A01
201700043556;1;31;0;0;2;1;1;B01
201700043557;2;37;0;0;2;1;7;A01
201700043557;2;7;0;0;2;5;16;B01
201700043558;1;7;0;0;2;2;14;A01
201700043558;1;33;0;0;2;3;9;B01
201700043559;1;7;0;0;1;1;19;A01
201700043560;2;7;0;8;2;6;1;A01
201700043560;1;7;0;0;2;3;15;B01
201700043561;1;7;0;9;0;4;2;A01
201700043561;1;7;0;0;2;1;2;B01
201700043562;1;37;0;0;1;8;7;A01
201700043563;2;7;0;0;1;1;9;A01
201700043564;1;7;0;0;2;4;23;A01
201700043564;1;7;0;0;2;1;23;B01
201700043565;1;7;0;0;2;1;23;A01
201700043565;1;7;0;0;2;4;23;B01
201700043566;2;7;0;9;0;1;15;A01
201700043567;1;7;0;0;2;1;2;A01
201700043567;1;7;0;0;2;4;1;B01
201700043568;1;7;0;0;2;4;4;A01
201700043568;1;7;0;0;2;1;2;B01
201700043569;1;7;0;0;1;2;0;A01
201700043570;1;10;0;0;2;8;9;A01
201700043570;1;33;0;0;2;5;1;B01
201700043571;1;7;0;0;1;3;15;A01
201700043572;1;7;0;0;1;2;1;A01
201700043573;1;7;0;0;2;1;1;A01
201700043573;1;7;0;0;0;5;15;B01
201700043574;1;10;0;0;2;8;1;B01
201700043574;1;7;0;0;2;1;1;A01
201700043575;2;3;0;0;2;1;2;A01
201700043575;2;3;0;0;2;4;2;B01
201700043576;2;3;0;0;2;1;2;A01
201700043576;2;3;0;0;2;4;2;B01
201700043577;2;7;0;0;2;0;13;A01
201700043577;1;7;0;0;2;0;0;B01
201700043578;2;7;0;0;2;3;21;A01
201700043578;1;7;0;0;2;3;21;B01
201700043579;1;7;0;3;0;1;1;A01
201700043580;1;7;0;4;0;8;2;A01
201700043581;0;10;0;0;2;1;13;B01
201700043581;0;7;0;0;9;4;23;A01
201700043582;0;2;0;0;2;1;1;A01
201700043582;0;7;0;0;2;3;1;B01
201700043583;2;7;0;0;2;2;15;A01
201700043583;1;33;0;0;2;1;1;B01
201700043584;2;10;0;0;2;4;4;A01
201700043584;2;32;0;0;2;1;2;B01
201700043585;1;7;0;9;2;3;2;A01
201700043585;1;7;0;0;2;2;15;B01
201700043586;2;7;0;0;2;4;2;A01
201700043586;2;7;0;0;2;1;2;B01
201700043587;2;34;0;0;2;2;17;A01
201700043587;1;7;0;0;2;8;17;B01
201700043588;1;10;0;0;2;1;1;A01
201700043588;2;7;0;0;2;3;16;B01
201700043589;2;7;0;0;2;8;1;B01
201700043589;1;13;0;0;2;1;1;A01
201700043590;1;7;0;0;2;1;16;A01
201700043590;2;7;0;0;2;3;1;B01
201700043591;1;30;0;0;2;3;2;B01
201700043591;2;7;0;0;2;1;15;A01
201700043592;1;7;0;0;1;2;1;A01
201700043593;2;7;0;0;2;1;19;A01
201700043593;2;7;0;0;2;8;19;B01
201700043594;2;32;0;0;2;1;21;B01
201700043594;1;13;0;0;2;2;19;A01
201700043595;2;37;0;0;0;0;9;A01
201700043595;1;33;0;0;0;0;21;B01
201700043596;2;7;0;4;0;1;13;A01
201700043597;1;7;0;0;2;3;1;B01
201700043597;2;1;0;0;2;1;1;A01
201700043598;1;10;0;0;1;7;2;A01
201700043599;2;7;0;0;2;4;23;B01
201700043599;1;7;0;0;2;1;2;A01
201700043600;2;7;0;0;1;1;15;A01
201700043601;1;7;0;0;2;7;15;A01
201700043601;2;7;0;0;2;2;1;B01
201700043602;1;7;0;0;2;5;15;A01
201700043602;1;33;0;0;2;1;21;B01
201700043603;2;10;0;0;1;4;4;A01
201700043604;1;7;0;0;1;8;1;A01
201700043605;1;7;0;8;0;2;10;A01
201700043605;2;7;0;0;2;1;1;B01
201700043606;2;31;0;0;1;0;19;A01
201700043607;1;7;0;0;2;1;1;A01
201700043607;2;14;0;0;2;8;15;B01
201700043608;1;31;0;0;1;2;2;A01
201700043609;1;7;0;0;9;3;15;A01
201700043609;2;1;0;0;2;7;1;B01
201700043610;2;1;0;0;1;8;0;A01
201700043611;2;7;0;14;2;1;19;B01
201700043611;2;7;0;0;1;4;23;A01
201700043612;1;7;0;0;2;1;2;A01
201700043612;1;7;0;0;2;4;23;B01
201700043613;1;10;0;0;1;4;4;A01
201700043614;2;7;0;0;2;3;15;A01
201700043614;1;33;0;0;2;1;1;B01
201700043615;1;7;0;0;2;1;15;A01
201700043615;1;31;0;0;2;1;1;B01
201700043616;1;7;0;0;1;2;16;A01
201700043617;1;7;0;0;1;1;16;A01
201700043618;2;7;0;0;1;3;1;A01
201700043619;1;1;0;0;1;1;1;A01
201700043620;1;7;0;0;0;3;15;B01
201700043620;2;30;0;0;0;1;1;A01
201700043621;0;7;0;0;2;6;2;A01
201700043621;0;7;0;0;0;4;2;B01
201700043622;0;7;0;1;0;1;1;A01
201700043622;0;17;0;0;0;3;24;B01
201700043623;0;7;0;0;2;3;15;A01
201700043623;0;33;0;0;2;1;15;B01
201700043624;1;7;0;0;2;3;20;A01
201700043624;0;34;0;0;2;2;2;B01
201700043625;1;7;0;0;2;6;23;A01
201700043625;1;30;0;1;0;1;17;B01
201700043626;0;33;0;14;0;1;16;A01
201700043627;0;7;0;8;0;2;1;A01
201700043628;2;7;0;0;1;1;15;A01
201700043629;0;7;0;0;0;0;17;A01
201700043629;1;37;15;0;0;0;1;B01
201700043630;0;33;0;0;0;0;0;A01
201700043631;1;7;0;0;2;2;9;A01
201700043631;1;7;0;0;2;8;2;B01
201700043632;0;7;0;15;0;2;1;A01
201700043633;0;7;0;0;2;1;1;B01
201700043633;0;1;0;0;2;8;1;A01
201700043634;1;10;0;0;0;3;15;A01
201700043635;0;32;0;0;2;3;1;B01
201700043635;0;7;0;0;2;3;2;A01
201700043636;1;7;0;0;1;0;1;A01
201700043637;0;7;0;1;0;3;11;A01
201700043637;0;2;0;0;2;1;1;B01
201700043638;0;7;0;0;0;1;1;A01
201700043639;1;7;0;0;0;6;1;B01
201700043639;1;2;0;0;2;1;2;A01
201700043640;0;7;0;1;0;3;0;A01
201700043640;2;1;0;1;0;2;21;B01
201700043641;1;7;0;0;1;1;15;A01
201700043642;1;30;0;14;2;0;1;A01
201700043642;1;14;0;0;2;3;1;B01
201700043642;1;99;0;0;0;0;0;T01
201700043643;2;7;0;0;2;2;15;A01
201700043643;1;7;0;0;2;1;1;B01
201700043644;0;10;0;0;1;1;1;A01
201700043645;1;33;0;12;0;9;1;A01
201700043646;1;1;0;0;2;1;16;A01
201700043646;2;7;0;0;2;3;1;B01
201700043647;1;7;0;0;2;3;11;A01
201700043647;2;7;0;0;2;3;1;B01
201700043648;1;7;0;0;2;7;12;A01
201700043648;1;33;0;0;2;8;1;B01
201700043649;1;33;0;0;2;1;2;B01
201700043649;1;33;0;0;2;1;2;C01
201700043649;1;7;0;0;2;8;9;A01
201700043650;1;34;0;0;0;0;0;A01
201700043651;0;33;0;0;2;1;13;A01
201700043651;0;7;0;0;2;3;1;B01
201700043652;1;7;0;0;1;4;2;A01
201700043652;1;1;0;;;4;1;A02
201700043653;1;31;0;0;2;1;17;A01
201700043653;2;7;0;0;2;2;1;B01
201700043654;1;7;0;0;2;2;13;A01
201700043654;2;7;0;0;2;3;1;B01
201700043655;0;7;0;0;2;8;0;C01
201700043655;0;7;0;0;2;3;0;A01
201700043655;0;7;0;0;2;3;0;B01
201700043656;1;33;0;0;0;9;2;A01
201700043657;0;34;0;8;0;1;1;A01
201700043658;2;7;0;0;2;2;2;A01
201700043658;2;7;0;0;2;5;23;B01
201700043659;1;7;0;0;1;2;17;A01
201700043660;1;7;0;0;2;7;15;A01
201700043660;1;33;0;0;2;1;1;B01
201700043661;1;7;0;0;2;3;2;B01
201700043661;1;7;0;0;2;6;2;C01
201700043661;2;7;0;1;2;3;13;Z01
201700043662;2;7;0;0;2;1;1;A01
201700043662;2;7;0;0;2;4;1;B01
201700043663;1;7;0;3;0;1;16;A01
201700043664;2;7;0;13;0;1;13;A01
201700043665;1;33;0;0;2;7;15;B01
201700043665;1;7;0;0;2;1;9;A01
201700043666;2;7;0;0;2;1;2;A01
201700043666;2;7;0;0;2;4;1;B01
201700043666;1;7;0;0;2;3;16;C01
201700043667;1;7;0;16;2;1;15;A01
201700043667;1;33;0;0;2;2;17;M01
201700043668;1;7;0;0;2;1;2;A01
201700043668;1;7;0;0;2;4;2;B01
201700043668;1;7;0;0;2;4;2;C01
201700043669;0;7;0;0;1;3;2;A01
201700043669;0;7;0;0;0;1;2;B01
201700043670;1;7;0;8;0;1;1;A01
201700043671;1;33;0;0;2;1;1;A01
201700043671;2;7;0;0;2;1;15;B01
201700043672;2;7;0;0;2;7;10;A01
201700043672;1;7;0;0;2;3;1;B01
201700043673;1;33;0;0;2;8;16;A01
201700043673;1;7;0;0;2;5;23;B01
201700043674;1;33;0;1;2;1;17;A01
201700043674;1;7;0;0;2;3;15;B01
201700043675;0;7;0;6;0;1;1;A01
201700043676;1;7;0;0;2;3;13;A01
201700043676;2;7;0;0;2;3;14;B01
201700043677;1;7;0;4;0;4;16;S01
201700043678;2;7;0;0;2;3;9;A01
201700043678;2;7;0;0;2;2;1;B01
201700043679;2;33;0;0;2;2;15;A01
201700043679;1;7;0;0;2;1;1;B01
201700043680;1;7;0;0;0;0;0;A01
201700043681;1;31;0;0;2;1;2;A01
201700043681;1;7;0;0;2;4;2;B01
201700043682;2;7;0;0;2;3;5;B01
201700043682;2;7;0;0;2;3;5;A01
201700043683;1;7;0;0;1;1;1;A01
201700043684;0;7;0;0;2;2;1;A01
201700043684;0;33;0;0;2;3;15;B01
201700043685;1;33;0;0;2;4;2;A01
201700043685;1;7;0;0;0;4;9;B01
201700043686;1;30;0;0;0;0;0;A01
201700043687;1;7;0;0;2;1;2;A01
201700043687;1;7;0;0;0;4;2;C01
201700043687;1;7;0;0;2;4;2;B01
201700043688;1;7;0;0;1;1;2;A01
201700043689;1;7;0;0;2;2;9;A01
201700043689;1;31;0;0;2;6;1;B01
201700043690;2;7;0;0;2;1;1;B01
201700043690;2;7;0;0;2;3;5;A01
201700043691;1;7;0;0;2;2;19;A01
201700043691;1;31;0;0;2;3;12;B01
201700043692;1;7;0;0;1;3;15;A01
201700043693;2;7;0;0;1;2;1;A01
201700043694;0;1;0;0;2;2;9;B01
201700043694;0;7;0;0;2;2;9;A01
201700043695;2;33;0;0;2;2;1;B01
201700043695;2;7;0;0;2;3;11;A01
201700043696;1;10;0;0;9;1;11;B01
201700043696;2;30;0;0;2;1;21;A01
201700043697;1;7;0;0;2;1;15;A01
201700043697;2;33;0;0;2;1;3;B01
201700043698;2;7;0;0;1;3;18;A01
201700043699;2;7;0;0;1;2;2;A01
201700043700;0;7;0;11;2;3;16;A01
201700043701;1;7;0;0;2;7;15;A01
201700043701;2;33;0;0;2;1;2;B01
201700043702;1;7;0;0;2;3;1;B01
201700043702;2;37;0;0;2;8;15;A01
201700043703;2;7;0;0;2;1;9;B01
201700043703;1;33;0;0;2;3;9;A01
201700043704;1;7;0;8;0;1;2;A01
201700043705;2;34;0;0;2;3;1;A01
201700043705;2;7;0;0;2;0;0;Y01
201700043706;1;7;0;0;2;4;9;B01
201700043706;1;7;0;0;2;1;9;A01
201700043707;2;7;0;0;2;2;5;Z01
201700043707;2;1;0;0;2;7;19;A01
201700043708;1;34;0;0;0;0;2;A01
201700043709;2;31;0;0;2;8;2;B01
201700043709;1;7;0;0;2;1;15;A01
201700043710;1;30;0;0;2;1;1;A01
201700043710;0;7;0;0;0;6;23;B01
201700043711;0;33;0;0;2;1;17;B01
201700043711;1;7;0;0;2;3;10;A01
201700043712;1;7;0;12;0;1;1;A01
201700043713;1;7;0;0;2;1;1;A01
201700043713;1;7;0;0;2;1;1;B01
201700043714;1;7;0;8;0;1;15;A01
201700043715;1;37;0;0;1;7;1;A01
201700043716;1;33;0;0;2;4;23;B01
201700043716;1;7;0;0;2;1;2;A01
201700043717;1;33;0;0;2;8;2;B01
201700043717;1;7;0;0;2;1;10;A01
201700043718;1;33;0;0;2;1;17;A01
201700043718;1;7;0;0;2;8;10;B01
201700043719;1;7;0;1;0;1;2;A01
201700043719;1;7;0;0;9;6;24;B01
201700043720;1;7;0;0;2;1;19;A01
201700043720;1;7;0;0;2;8;15;B01
201700043721;2;1;0;0;2;1;5;B01
201700043721;1;7;0;0;9;5;15;A01
201700043722;1;7;0;0;2;3;1;A01
201700043722;2;7;0;0;2;2;1;Z01
201700043723;1;7;0;0;2;8;15;B01
201700043723;1;33;0;14;0;1;17;A01
201700043724;1;7;0;0;2;1;9;B01
201700043724;1;34;0;0;2;1;9;A01
201700043725;1;31;0;0;0;0;0;A01
201700043726;1;7;0;0;2;5;2;B01
201700043726;1;33;0;0;2;1;2;A01
201700043727;2;34;0;12;0;6;17;A01
201700043728;1;7;0;0;2;1;15;A01
201700043728;2;33;0;0;2;1;1;B01
201700043729;1;33;0;14;2;1;19;A01
201700043729;2;7;0;0;2;3;15;B01
201700043730;1;7;0;0;2;3;1;B01
201700043730;2;3;0;0;2;1;15;A01
201700043731;1;7;0;0;2;3;23;C01
201700043731;2;33;0;1;2;1;1;A01
201700043732;1;31;0;0;2;2;2;A01
201700043732;1;7;0;0;2;3;2;B01
201700043733;1;7;0;0;1;2;0;A01
201700043734;0;7;0;0;2;1;1;A01
201700043734;0;7;0;0;2;5;15;B01
201700043735;1;7;0;0;1;1;1;A01
201700043736;1;37;0;0;1;2;7;B01
201700043737;1;7;0;0;2;1;2;B01
201700043737;1;7;0;0;2;1;15;A01
201700043737;1;10;0;0;2;6;2;C01
201700043738;0;7;0;0;2;5;24;B01
201700043738;1;7;0;1;0;1;13;A01
201700043739;1;7;0;0;0;1;2;A01
201700043740;1;7;0;0;1;7;2;A01
201700043741;1;7;0;0;2;1;15;A01
201700043741;2;7;0;0;2;8;13;B01
201700043742;1;33;0;0;0;7;0;A01
201700043743;2;30;0;0;0;7;0;A01
201700043744;1;7;0;0;1;1;2;A01
201700043745;1;7;0;0;1;1;2;A01
201700043746;1;7;0;0;0;0;1;A01
201700043747;1;7;0;2;0;1;1;A01
201700043748;2;7;0;0;1;2;1;A01
201700043749;1;7;0;3;0;9;2;A01
201700043750;1;99;0;8;0;2;21;A01
201700043751;2;7;0;0;2;6;2;B01
201700043751;2;7;0;0;2;2;15;A01
201700043752;1;7;0;0;2;7;1;A01
201700043752;1;7;0;0;2;1;1;B01
201700043753;1;7;0;0;1;2;1;A01
201700043754;1;7;0;0;2;1;13;A01
201700043754;2;7;0;0;2;1;1;B01
201700043755;2;7;0;0;2;8;1;C01
201700043755;2;7;0;0;2;9;2;A01
201700043755;2;7;0;0;2;1;2;B01
201700043756;0;2;0;0;0;0;2;A01
201700043757;2;33;0;0;0;8;16;A01
201700043758;0;7;0;4;0;1;1;A01
201700043759;2;15;0;6;0;1;1;A01
201700043760;0;10;0;0;1;4;4;A01
201700043761;0;7;0;0;1;1;16;A01
201700043762;2;7;0;0;2;6;13;A01
201700043762;2;33;0;0;2;2;17;B01
201700043763;2;7;0;0;2;5;15;A01
201700043763;1;33;0;0;2;1;21;B01
201700043764;0;7;0;0;2;3;1;B01
201700043764;0;33;0;0;2;1;5;C01
201700043764;0;7;0;0;2;3;1;A01
201700043764;0;33;0;0;2;1;5;D01
201700043765;0;32;0;0;0;8;1;A01
201700043766;0;7;0;1;1;4;4;A01
201700043767;1;10;0;0;2;1;1;A01
201700043767;2;1;0;0;2;7;19;B01
201700043768;0;7;0;0;1;2;2;A01
201700043769;2;7;0;0;2;1;2;A01
201700043769;0;7;0;0;2;4;23;B01
201700043770;0;7;0;0;1;8;1;A01
201700043771;2;7;0;11;0;1;15;A01
201700043772;0;7;0;0;2;1;1;A01
201700043772;0;7;0;0;2;4;1;B01
201700043773;2;7;0;11;0;3;1;A01
201700043774;2;7;0;0;2;3;4;A01
201700043774;2;33;0;0;2;1;3;B01