num_acc;senc;catv;occutc;obs;obsm;choc;manv;num_veh
201700043775;1;7;0;0;1;2;1;A01
201700043776;0;7;0;0;2;7;1;B01
201700043776;0;7;0;0;2;1;0;A01
201700043777;2;33;0;0;2;2;1;B01
201700043777;2;10;0;0;2;6;23;A01
201700043778;0;7;0;0;2;2;1;A01
201700043778;0;7;0;0;0;5;4;B01
201700043779;2;33;0;0;2;1;2;A01
201700043779;2;7;0;0;2;6;1;B01
201700043780;1;7;0;0;1;2;15;A01
201700043781;0;7;0;0;2;2;1;A01
201700043781;0;7;0;0;2;8;1;B01
201700043782;1;7;0;0;2;3;23;A01
201700043782;0;7;0;0;2;6;4;B01
201700043783;1;7;0;0;2;1;2;A01
201700043783;1;15;0;0;2;6;23;B01
201700043784;0;7;0;0;1;2;1;A01
201700043785;2;7;0;0;2;2;15;A01
201700043785;1;2;0;0;2;1;1;B01
201700043786;2;7;0;4;0;3;1;A01
201700043787;1;7;0;0;1;1;13;A01
201700043788;0;7;0;0;1;6;15;A01
201700043788;0;1;0;0;2;1;17;B01
201700043789;0;7;0;0;2;5;4;A01
201700043789;0;1;0;0;2;1;1;B01
201700043790;0;7;0;0;2;1;2;A01
201700043790;0;10;0;0;2;4;23;B01
201700043791;0;7;0;9;0;9;16;A01
201700043792;0;7;0;0;2;7;17;A01
201700043792;0;1;0;0;2;8;0;B01
201700043793;2;7;0;0;2;2;10;A01
201700043793;1;7;0;0;2;3;0;B01
201700043794;0;2;0;0;2;2;2;A01
201700043794;0;10;0;0;0;3;2;B01
201700043795;0;7;0;0;0;0;24;B01
201700043795;0;7;0;0;1;7;17;A01
201700043796;0;7;0;2;0;1;1;A01
201700043797;2;33;0;0;2;3;18;A01
201700043797;2;3;0;0;2;5;12;B01
201700043798;0;33;0;0;2;2;17;B01
201700043798;0;7;0;0;2;3;13;A01
201700043799;0;7;0;0;0;2;5;A01
201700043799;0;1;0;0;2;1;1;B01
201700043800;1;34;0;0;2;2;0;B01
201700043800;1;7;0;0;2;8;0;A01
201700043801;1;2;0;0;0;2;17;B01
201700043801;1;7;0;0;0;3;11;A01
201700043802;2;7;0;16;1;2;2;A01
201700043803;0;38;0;0;0;1;23;B01
201700043803;0;7;0;0;0;1;15;A01
201700043804;0;7;0;0;1;2;1;A01
201700043805;1;7;0;0;2;3;23;B01
201700043805;2;7;0;0;0;3;15;A01
201700043806;1;33;0;0;2;1;2;B01
201700043806;1;7;0;0;2;3;15;A01
201700043807;2;7;0;0;2;5;4;A01
201700043807;2;34;0;0;2;1;1;B01
201700043808;2;33;0;16;0;7;1;A01
201700043809;2;7;0;0;2;8;10;A01
201700043809;2;33;0;0;2;1;1;B01
201700043810;1;7;0;0;2;9;23;B01
201700043810;1;10;0;0;2;4;23;C01
201700043810;1;14;0;0;2;1;2;A01
201700043811;0;32;0;0;2;1;2;A01
201700043811;0;7;0;0;0;5;2;B01
201700043812;0;1;0;0;0;1;0;A01
201700043812;0;7;0;0;0;3;0;B01
201700043813;0;33;0;0;2;1;1;B01
201700043813;0;7;0;0;2;7;15;A01
201700043814;0;7;0;16;2;1;5;A01
201700043814;0;7;0;0;2;1;2;B01
201700043815;1;7;0;0;2;2;2;A01
201700043815;1;7;0;0;0;6;2;B01
201700043816;2;14;0;0;0;1;1;A01
201700043816;2;7;0;0;0;4;1;B01
201700043817;0;7;0;1;0;1;1;A01
201700043818;0;7;0;0;2;1;0;A01
201700043818;0;7;0;0;0;4;0;B01
201700043818;0;7;0;0;0;4;0;C01
201700043818;0;7;0;0;0;4;0;D01
201700043819;0;7;0;0;1;2;1;A01
201700043820;0;7;0;0;1;2;9;A01
201700043821;0;7;0;0;0;1;16;A01
201700043821;0;7;0;0;0;1;1;B01
201700043822;2;7;0;0;2;4;23;B01
201700043822;2;33;0;0;2;1;2;A01
201700043823;0;10;0;0;1;2;15;A01
201700043824;0;30;0;0;2;1;1;B01
201700043824;0;7;0;0;2;2;15;A01
201700043825;0;7;0;0;2;3;13;A01
201700043825;0;31;0;0;2;2;17;B01
201700043826;0;7;0;0;1;1;1;Z01
201700043827;0;10;0;0;2;1;2;A01
201700043827;0;7;0;0;2;4;16;B01
201700043828;2;7;0;0;2;1;17;A01
201700043828;2;7;0;0;2;4;1;B01
201700043828;2;7;0;0;2;4;1;C01
201700043829;0;7;0;0;1;3;0;A01
201700043830;0;7;0;0;1;2;1;A01
201700043831;2;7;0;1;0;8;24;A01
201700043831;2;37;0;1;0;2;1;B01
201700043832;0;33;0;0;2;1;17;A01
201700043832;0;7;0;0;2;3;9;B01
201700043833;0;7;0;0;1;4;4;A01
201700043834;0;7;0;0;1;3;2;A01
201700043835;0;2;0;0;2;5;2;B01
201700043835;0;7;0;0;2;3;2;A01
201700043836;0;7;0;0;2;5;15;A01
201700043836;0;32;0;0;2;1;1;B01
201700043837;0;31;0;0;2;4;23;B01
201700043837;0;7;0;0;2;1;1;A01
201700043838;0;32;0;0;2;1;2;A01
201700043838;0;7;0;0;2;6;15;B01
201700043839;0;7;0;0;2;1;5;B01
201700043839;0;30;0;0;2;1;5;A01
201700043840;0;1;0;0;2;1;1;B01
201700043840;0;7;0;0;9;4;4;A01
201700043841;0;7;0;0;2;2;2;A01
201700043841;0;7;0;0;2;3;15;B01
201700043842;0;7;0;0;2;3;1;B01
201700043842;0;30;0;0;2;1;1;A01
201700043843;0;7;0;0;2;1;0;A01
201700043843;0;31;0;0;2;5;2;B01
201700043844;0;7;0;0;2;8;15;B01
201700043844;0;30;0;0;2;1;17;A01
201700043845;0;1;0;0;2;4;1;B01
201700043845;0;7;0;0;9;1;1;A01
201700043846;1;7;0;0;9;8;0;A01
201700043846;0;1;0;1;0;1;0;B01
201700043847;0;34;0;0;1;2;3;A01
201700043848;0;7;0;0;2;2;1;A01
201700043848;0;7;0;0;2;6;1;B01
201700043849;0;7;0;0;2;5;1;B01
201700043849;0;7;0;0;2;1;9;A01
201700043850;0;7;0;0;2;2;2;A01
201700043850;0;33;0;0;2;1;2;B01
201700043851;0;7;0;0;2;4;23;C01
201700043851;0;7;0;0;2;1;1;A01
201700043851;0;7;0;0;2;9;23;B01
201700043852;0;33;0;0;2;0;0;A01
201700043852;0;7;0;0;0;0;0;B01
201700043853;0;7;0;0;2;0;0;B01
201700043853;0;7;0;0;2;0;0;A01
201700043854;0;7;0;0;2;7;15;A01
201700043854;0;33;0;0;2;1;1;B01
201700043855;0;7;0;0;1;2;16;A01
201700043856;0;7;0;0;2;3;13;A01
201700043856;0;7;0;0;2;3;0;B01
201700043857;0;7;0;0;2;0;0;A01
201700043857;0;33;0;0;2;1;0;B01
201700043858;0;7;0;0;9;6;9;A01
201700043858;0;1;0;0;2;1;1;B01
201700043859;1;7;0;4;2;5;12;A01
201700043859;1;7;0;0;2;3;1;B01
201700043860;0;2;0;0;2;1;1;B01
201700043860;0;7;0;0;2;3;10;A01
201700043861;0;7;0;0;1;3;2;A01
201700043862;0;7;0;1;0;1;1;A01
201700043863;0;7;0;0;2;1;9;Z01
201700043863;0;7;0;2;2;5;2;A01
201700043864;0;7;0;0;2;8;15;A01
201700043864;0;33;0;0;2;1;2;B01
201700043865;1;7;0;0;2;8;15;B01
201700043865;2;7;0;0;2;3;16;A01
201700043866;0;7;0;0;2;3;15;A01
201700043866;0;33;0;0;2;1;17;B01
201700043867;0;7;0;0;2;1;2;A01
201700043867;0;7;0;0;2;4;2;B01
201700043868;0;7;0;0;2;3;1;B01
201700043868;0;10;0;0;2;6;9;A01
201700043869;0;7;0;0;2;3;16;A01
201700043869;0;7;0;0;2;5;16;B01
201700043870;0;7;0;0;2;1;1;A01
201700043870;0;1;0;0;2;8;19;B01
201700043871;0;30;0;0;2;8;1;A01
201700043871;0;7;0;0;2;2;16;B01
201700043872;0;7;0;0;2;2;19;A01
201700043872;0;31;0;0;2;1;1;B01
201700043873;0;7;0;0;1;1;1;A01
201700043874;1;10;0;0;1;4;4;A01
201700043875;1;2;0;0;2;1;9;A01
201700043875;1;7;0;0;2;2;16;B01
201700043876;1;30;0;0;2;1;1;A01
201700043876;2;7;0;0;2;3;15;Z01
201700043877;1;7;0;0;9;2;16;A01
201700043877;1;1;0;0;2;1;1;B01
201700043878;2;7;0;0;2;1;1;Z01
201700043878;2;7;0;0;2;6;15;B01
201700043879;1;33;0;0;2;1;17;A01
201700043879;1;7;0;0;2;8;10;B01
201700043880;1;30;0;0;2;6;15;A01
201700043880;2;7;0;0;2;3;1;B01
201700043881;1;7;0;0;2;4;2;A01
201700043881;1;7;0;0;2;1;2;B01
201700043881;1;7;0;0;2;1;2;C01
201700043882;2;7;0;0;2;5;16;A01
201700043882;2;33;0;0;2;3;1;B01
201700043883;1;7;0;0;2;3;10;A01
201700043883;1;33;0;1;2;1;2;B01
201700043884;2;7;0;0;2;4;2;B01
201700043884;2;7;0;0;2;5;2;C01
201700043884;2;99;0;0;2;5;2;Z01
201700043885;2;31;0;1;0;1;14;A01
201700043886;1;7;0;0;2;1;1;A01
201700043886;1;7;0;0;2;3;1;B01
201700043887;2;7;0;0;1;2;16;A01
201700043888;2;1;0;0;2;1;13;A01
201700043888;1;7;0;0;2;1;13;B01
201700043889;1;7;0;1;0;2;14;A01
201700043889;1;1;0;0;2;4;2;B01
201700043890;2;7;0;0;2;2;15;B01
201700043890;1;33;0;0;2;1;1;A01
201700043891;1;7;0;0;2;1;19;A01
201700043891;1;7;0;0;2;7;19;B01
201700043892;1;7;0;0;2;4;1;A01
201700043892;1;34;0;0;2;1;1;B01
201700043893;1;30;0;9;0;1;13;A01
201700043894;1;7;0;0;2;6;15;B01
201700043894;1;7;0;0;2;2;17;A01
201700043895;2;7;0;0;2;1;2;A01
201700043895;2;7;0;0;2;4;2;B01
201700043896;1;10;0;4;0;1;13;A01
201700043897;2;7;0;0;2;8;15;B01
201700043897;2;30;0;0;2;1;1;A01
201700043898;2;7;0;0;1;2;1;A01
201700043899;1;30;0;0;2;2;1;B01
201700043899;2;7;0;0;2;5;4;Z01
201700043900;1;32;0;0;2;2;2;A01
201700043900;1;7;0;0;2;6;2;B01
201700043901;2;33;0;0;2;2;2;B01
201700043901;2;10;0;0;2;3;15;A01
201700043902;2;2;0;1;0;1;2;A01
201700043902;2;7;0;0;2;6;23;B01
201700043903;2;7;0;0;2;3;1;B01
201700043903;1;7;0;0;2;2;21;A01
201700043903;1;7;0;0;2;8;22;Z01
201700043904;0;10;0;2;1;4;4;A01
201700043905;1;7;0;0;2;8;15;A01
201700043905;1;30;0;0;2;1;2;B01
201700043906;2;31;0;0;2;9;9;A01
201700043906;1;10;0;0;2;2;9;B01
201700043907;2;7;0;0;2;1;0;A01
201700043907;2;7;0;0;2;4;7;B01
201700043908;1;7;0;0;2;2;15;B01
201700043908;2;33;0;0;2;1;18;A01
201700043909;1;33;0;11;2;1;21;A01
201700043909;1;7;0;0;2;5;15;B01
201700043910;1;7;0;0;2;3;1;A01
201700043910;2;30;0;0;2;8;1;B01
201700043911;1;7;0;0;2;2;19;A01
201700043911;1;7;0;0;2;8;19;B01
201700043912;1;33;0;0;0;0;23;A01
201700043913;1;2;0;0;2;4;16;B01
201700043913;1;7;0;0;9;1;15;A01
201700043914;0;7;0;0;2;3;0;B01
201700043914;0;7;0;0;2;1;0;A01
201700043915;1;7;0;4;0;1;1;A01
201700043916;1;7;0;0;2;3;1;B01
201700043916;1;7;0;0;2;2;1;A01
201700043917;1;7;0;8;0;7;2;B01
201700043917;1;7;0;8;2;1;9;A01
201700043918;1;7;0;0;2;3;19;B01
201700043918;1;7;0;0;2;2;19;A01
201700043919;2;7;0;0;2;6;20;A01
201700043919;2;33;0;0;2;1;2;B01
201700043920;1;7;0;0;1;1;21;A01
201700043921;0;1;0;0;2;1;19;B01
201700043921;0;7;0;0;9;3;15;A01
201700043922;0;33;0;0;2;7;17;A01
201700043922;0;7;0;0;2;3;11;Z01
201700043923;1;2;0;0;1;2;17;A01
201700043924;1;7;0;0;9;3;15;B01
201700043924;2;1;0;0;2;1;5;A01
201700043925;1;7;0;0;1;2;19;A01
201700043926;1;7;0;0;2;4;2;B01
201700043926;1;7;0;0;2;4;2;C01
201700043926;1;7;0;0;2;1;1;A01
201700043927;1;7;0;0;2;8;15;A01
201700043927;1;33;0;0;2;7;1;B01
201700043928;1;7;0;0;1;3;2;A01
201700043929;1;7;0;0;1;2;11;A01
201700043930;1;31;0;0;1;0;0;A01
201700043931;1;33;0;0;2;1;1;A01
201700043931;1;7;0;0;9;4;15;B01
201700043932;1;7;0;0;1;2;23;A01
201700043932;1;99;0;0;0;0;19;B01
201700043933;1;7;0;0;1;1;16;A01
201700043934;0;7;0;0;1;1;0;A01
201700043935;2;7;0;0;1;0;1;Z01
201700043936;2;30;0;0;1;1;13;A01
201700043937;1;31;0;0;2;5;9;A01
201700043937;1;7;0;0;2;5;15;B01
201700043938;2;33;0;1;2;2;10;A01
201700043938;2;7;0;1;2;2;10;B01
201700043939;1;7;0;0;1;1;21;A01
201700043940;1;7;0;6;2;7;2;A01
201700043940;1;7;0;0;2;1;2;B01
201700043941;2;7;0;0;2;3;21;B01
201700043941;0;7;0;0;2;1;16;A01
201700043942;1;7;0;6;9;3;15;A01
201700043942;1;7;0;0;2;3;23;B01
201700043943;1;7;0;0;1;1;17;A01
201700043944;2;7;0;9;0;1;10;A01
201700043945;1;7;0;0;2;2;1;B01
201700043945;1;7;0;0;2;3;1;C01
201700043945;1;10;0;0;2;3;3;A01
201700043946;1;34;0;0;2;1;19;A01
201700043946;1;7;0;0;2;1;0;B01
201700043947;1;7;0;0;1;1;16;A01
201700043948;1;7;0;0;1;1;16;A01
201700043949;1;7;0;0;1;1;2;Z01
201700043950;2;7;0;0;2;1;1;A01
201700043950;2;7;0;0;0;5;1;B01
201700043951;1;7;0;0;1;3;19;A01
201700043952;1;34;0;0;2;8;16;B01
201700043952;2;7;0;0;2;1;15;A01
201700043953;2;10;0;0;2;3;10;A01
201700043953;2;33;0;0;2;2;17;B01
201700043954;2;33;0;0;2;6;2;A01
201700043954;1;7;0;0;2;3;21;B01
201700043955;2;7;0;0;2;7;15;A01
201700043955;2;33;0;0;2;1;1;B01
201700043956;2;33;0;0;0;0;14;A01
201700043956;2;1;0;11;0;2;14;B01
201700043957;0;7;0;0;0;4;23;A01
201700043957;0;7;0;0;2;1;2;B01
201700043958;1;7;0;0;1;6;23;A01
201700043958;1;7;0;0;2;2;23;B01
201700043958;1;7;0;0;2;1;0;C01
201700043959;2;7;0;0;1;1;19;A01
201700043960;0;31;0;0;2;8;21;A01
201700043960;0;10;0;0;2;1;15;B01
201700043961;1;1;0;0;2;8;19;A01
201700043961;2;7;0;0;2;1;19;B01
201700043962;1;7;0;0;1;3;17;A01
201700043963;1;34;0;0;1;1;1;A01
201700043964;1;7;0;0;2;3;15;A01
201700043964;2;33;0;0;2;1;1;B01
201700043965;2;7;0;0;1;2;19;A01
201700043966;0;7;0;0;2;8;1;A01
201700043966;0;7;0;0;2;1;1;B01
201700043967;2;33;0;0;2;1;17;B01
201700043967;2;7;0;0;2;1;10;A01
201700043968;1;33;0;0;1;2;17;A01
201700043969;1;7;0;0;0;0;2;A01
201700043970;2;33;0;0;1;3;1;A01
201700043971;2;10;0;0;2;2;13;A01
201700043971;2;34;0;0;2;2;1;B01
201700043972;1;34;0;0;2;4;0;A01
201700043972;1;15;0;0;2;8;0;B01
201700043973;2;7;0;1;1;1;13;A01
201700043974;1;7;0;0;2;3;20;A01
201700043974;1;33;0;0;2;2;1;B01
201700043975;2;7;0;1;0;1;15;A01
201700043976;1;13;0;0;2;3;15;A01
201700043976;1;34;0;0;2;1;1;B01
201700043977;1;10;0;0;2;3;10;B01
201700043977;1;2;0;0;2;7;17;A01
201700043978;1;33;0;0;2;7;17;B01
201700043978;2;7;0;0;2;3;15;A01
201700043979;1;7;0;0;2;3;10;A01
201700043979;1;33;0;0;2;7;17;B01
201700043980;1;2;0;0;0;0;21;A01
201700043980;1;7;0;0;0;4;20;B01
201700043981;1;20;0;1;9;8;13;A01
201700043981;1;31;0;0;9;1;18;B01
201700043982;1;7;0;0;2;3;9;A01
201700043982;1;31;0;0;2;2;1;B01
201700043983;1;37;0;0;1;0;15;A01
201700043984;2;31;0;0;2;1;1;B01
201700043984;1;7;0;0;2;2;15;A01
201700043985;1;2;0;0;2;7;23;B01
201700043985;1;7;0;0;2;8;15;A01
201700043986;0;7;0;0;2;2;15;A01
201700043986;0;31;0;0;2;1;21;B01
201700043987;2;7;0;0;1;4;4;A01
201700043988;0;33;0;0;2;1;1;A01
201700043988;0;7;0;0;2;4;0;Z01
201700043989;1;31;0;0;0;1;1;A01
201700043989;1;1;0;0;0;8;19;B01
201700043990;0;7;0;0;1;3;1;A01
201700043991;0;32;0;0;2;5;17;B01
201700043991;0;7;0;0;2;6;13;A01
201700043992;2;7;0;0;1;1;2;A01
201700043993;2;33;0;0;0;8;1;A01
201700043994;0;7;0;0;1;1;0;A01
201700043995;2;33;0;0;2;8;1;A01
201700043995;2;14;0;0;2;7;14;B01
201700043996;0;2;0;0;1;3;1;A01
201700043997;0;33;0;0;2;8;1;B01
201700043997;0;13;0;0;2;7;1;A01
201700043998;1;7;0;14;0;4;23;B01
201700043998;1;10;0;0;2;1;2;A01
201700043999;0;33;0;0;0;0;0;B01
201700043999;0;7;0;0;0;0;0;Z01
201700044000;0;7;0;0;1;2;2;A01
201700044001;2;34;0;0;1;3;1;A01
201700044002;2;7;0;0;2;2;1;A01
201700044002;2;7;0;0;2;3;16;B01
201700044003;0;7;0;0;2;1;2;A01
201700044003;0;7;0;0;2;9;2;B01
201700044003;0;7;0;0;0;4;2;C01
201700044004;1;33;0;0;0;8;1;A01
201700044005;1;7;0;0;2;7;10;A01
201700044005;2;33;0;0;2;1;1;B01
201700044006;0;31;0;0;0;1;3;A01
201700044006;0;7;0;0;0;3;15;B01
201700044007;0;7;0;0;1;1;1;A01
201700044008;0;7;0;0;1;2;1;A01
201700044009;0;7;0;0;0;3;16;B01
201700044009;0;99;0;0;0;1;1;A01
201700044010;0;33;0;0;2;1;1;B01
201700044010;0;7;0;0;2;7;1;A01
201700044011;0;7;0;0;2;1;0;A01
201700044011;0;7;0;0;0;0;0;B01
201700044012;1;7;0;1;0;1;1;A01
201700044013;0;33;0;0;0;1;0;A01
201700044013;0;7;0;0;0;8;0;B01
201700044014;0;7;0;0;2;1;1;B01
201700044015;0;7;0;0;1;1;15;A01
201700044016;0;7;0;0;1;1;0;A01
201700044017;0;7;0;0;0;4;0;A01
201700044017;0;7;0;0;2;1;2;B01
201700044018;0;7;0;0;0;1;1;A01
201700044019;0;7;0;0;1;0;0;Z01
201700044020;0;7;0;0;2;4;23;B01
201700044020;0;37;1;0;2;1;16;A01
201700044020;0;7;0;0;2;4;23;C01
201700044021;0;7;0;0;0;4;0;B01
201700044021;0;7;0;0;2;1;0;A01
201700044022;0;7;0;0;0;4;23;B01
201700044022;0;10;0;0;0;1;0;A01
201700044023;0;7;0;0;1;1;0;A01
201700044024;0;7;0;0;1;2;15;A01
201700044025;0;7;0;0;1;1;1;A01
201700044026;0;7;0;0;1;1;0;A01
201700044027;0;7;0;2;2;8;1;B01
201700044027;0;37;0;0;2;2;0;A01
201700044028;0;7;0;0;2;6;13;B01
201700044028;0;7;0;0;2;2;16;A01
201700044029;1;7;0;0;2;3;1;A01
201700044029;2;33;0;0;2;8;13;B01
201700044030;0;33;0;14;0;1;17;A01
201700044031;0;13;0;0;0;6;24;B01
201700044031;0;7;0;1;0;2;14;A01
201700044032;0;7;0;9;0;1;0;A01
201700044033;0;30;0;0;1;1;17;A01
201700044034;0;33;0;0;2;1;1;A01
201700044034;0;7;0;0;2;3;19;B01
201700044035;0;7;0;0;2;1;1;B01
201700044035;0;7;0;0;2;1;1;A01
201700044036;0;7;0;14;0;4;23;B01
201700044036;0;7;0;0;2;1;23;A01
201700044036;0;7;0;0;0;4;23;C01
201700044037;0;7;0;0;2;3;15;B01
201700044037;0;2;0;0;2;1;17;A01
201700044038;0;7;0;14;0;1;1;A01
201700044039;0;7;0;0;1;4;4;A01
201700044039;0;7;0;0;0;1;23;B01
201700044040;0;7;0;0;2;1;1;A01
201700044040;0;7;0;6;2;8;1;B01
201700044041;0;2;0;0;2;7;1;B01
201700044041;0;7;0;0;2;3;9;A01
201700044042;0;2;0;0;0;0;1;B01
201700044042;0;10;0;0;2;0;15;A01
201700044043;0;7;0;0;1;1;9;A01
201700044044;0;7;0;0;2;8;1;C01
201700044044;0;7;0;0;2;3;19;B01
201700044044;0;7;0;0;2;3;19;A01
201700044045;0;33;0;0;2;7;17;B01
201700044045;0;10;0;0;2;1;15;A01
201700044046;0;7;0;0;2;1;1;A01
201700044046;0;7;0;0;2;3;1;B01
201700044047;0;7;0;0;2;2;1;A01
201700044047;0;7;0;0;2;3;1;B01
201700044048;0;7;0;0;1;1;1;A01
201700044049;0;7;0;0;0;1;2;A01
201700044049;0;7;0;0;0;4;2;B01
201700044049;0;7;0;0;0;4;2;C01
201700044050;0;10;0;0;2;2;9;A01
201700044050;0;33;0;0;2;1;1;B01
201700044051;0;7;0;0;1;1;1;A01
201700044052;0;7;0;0;1;1;1;A01
201700044053;2;31;0;1;0;1;1;A01
201700044054;0;7;0;0;2;7;15;A01
201700044054;0;33;0;0;2;1;1;B01
201700044055;0;33;0;0;2;7;0;B01
201700044055;0;7;0;0;2;1;9;A01
201700044056;0;7;0;1;0;9;1;A01
201700044057;0;7;0;0;2;1;0;A01
201700044057;0;32;0;0;2;1;1;B01
201700044058;0;33;0;0;2;1;1;A01
201700044058;0;10;0;0;2;6;15;B01
201700044059;0;10;0;0;2;2;1;A01
201700044059;0;7;0;0;2;3;1;B01
201700044060;0;32;0;0;2;8;1;B01
201700044060;0;7;0;0;2;3;0;A01
201700044061;0;7;0;0;2;4;1;B01
201700044061;0;7;0;0;2;1;2;A01
201700044062;0;7;0;0;2;8;10;A01
201700044062;0;33;0;0;2;1;1;B01
201700044063;0;7;0;15;0;2;1;A01
201700044064;0;7;0;0;2;1;9;B01
201700044064;0;33;0;0;2;1;17;A01
201700044065;1;1;0;0;2;8;19;B02
201700044065;2;30;0;0;2;1;17;A01
201700044066;0;7;0;0;2;3;15;B01
201700044066;0;2;0;0;2;7;2;A01
201700044067;0;7;0;0;2;3;16;B01
201700044067;0;34;0;0;2;1;17;A01
201700044068;1;7;0;0;2;3;2;A01
201700044068;1;7;0;0;2;2;2;B01
201700044069;1;33;0;0;0;0;1;A01
201700044070;1;7;0;0;1;7;1;A01
201700044071;1;7;0;0;2;2;16;A01
201700044071;1;14;0;0;2;3;15;B01
201700044072;2;7;0;0;2;2;16;A01
201700044072;1;10;0;0;2;8;21;B01
201700044073;1;7;0;9;0;2;0;A01
201700044074;1;7;0;0;2;2;1;A01
201700044074;2;10;0;0;2;8;1;B01
201700044075;0;30;0;0;2;2;17;A01
201700044075;0;7;0;0;2;3;15;B01
201700044076;1;7;0;0;2;2;17;A01
201700044076;1;1;0;;2;8;1;B02
201700044077;1;7;0;9;0;1;1;A01
201700044078;1;1;0;0;2;1;1;A01
201700044078;2;1;0;0;2;1;1;B01
201700044079;1;1;0;0;0;0;16;A01
201700044080;1;33;0;0;0;7;21;A01
201700044081;1;7;0;0;2;7;17;A01
201700044082;2;2;0;0;2;7;17;A01
201700044082;2;7;0;0;2;3;15;Z01
201700044083;2;7;0;0;2;1;2;A01
201700044083;2;7;0;0;2;4;23;B01
201700044084;1;33;0;0;2;6;17;A01
201700044084;1;7;0;0;2;8;15;B01
201700044085;2;10;0;0;2;1;2;A01
201700044085;2;7;0;0;2;4;2;B01
201700044086;2;34;0;0;2;3;16;B01
201700044086;2;7;0;0;2;2;19;A01
201700044087;1;7;0;9;0;1;1;A01
201700044088;1;7;0;0;2;1;0;A01
201700044088;1;7;0;0;2;3;1;B01
201700044089;2;33;0;0;0;9;2;B01
201700044089;1;7;0;0;2;3;2;C01
201700044089;0;7;0;0;2;0;0;Z01
201700044090;1;10;0;14;0;1;1;A01
201700044090;1;7;0;0;2;4;1;B01
201700044091;1;7;0;0;2;7;1;B01
201700044091;1;7;0;0;2;1;16;A01
201700044092;1;7;0;0;2;4;2;B01
201700044092;1;7;0;0;2;1;2;A01
201700044093;2;7;0;0;9;0;22;A01
201700044093;2;99;0;1;0;1;17;B01
201700044094;2;10;0;0;2;8;15;A01
201700044094;2;31;0;0;2;1;1;B01
201700044095;1;7;0;0;2;2;20;B01
201700044095;1;33;0;1;2;1;18;A01
201700044096;1;7;0;0;1;1;0;A01
201700044097;1;7;0;0;1;7;1;A01
201700044098;2;33;0;0;2;1;2;B01
201700044098;2;7;0;0;2;2;15;A01
201700044099;2;7;0;0;2;8;1;B01
201700044099;2;7;0;0;2;2;1;A01
201700044100;1;33;0;0;1;3;2;A01
201700044101;0;7;0;8;0;1;1;A01
201700044102;1;7;0;0;2;5;14;A01
201700044102;1;33;0;0;2;1;1;B01
201700044103;1;37;0;0;2;2;0;B01
201700044103;1;7;0;0;2;3;0;A01
201700044104;2;7;0;0;2;8;1;B01
201700044104;1;7;0;0;2;1;1;A01
201700044105;1;7;0;14;0;1;21;A01
201700044106;1;33;0;0;2;1;21;A01
201700044106;1;7;0;0;2;4;23;B01
201700044107;1;7;0;0;2;3;9;B01
201700044107;1;33;0;0;2;1;2;A01
201700044108;1;31;0;14;0;1;17;A01
201700044109;2;7;0;0;2;3;17;A01
201700044109;1;7;0;0;2;3;15;B01
201700044109;1;7;0;0;2;1;21;C01
201700044110;2;7;0;0;2;2;15;A01
201700044110;1;31;0;0;2;1;1;B01
201700044111;1;30;0;0;0;7;2;A01
201700044112;1;7;0;0;1;2;0;A01
201700044113;1;10;0;0;0;1;0;A01
201700044114;2;7;0;1;0;1;20;A01
201700044115;1;7;0;0;2;3;13;B01
201700044115;1;2;0;0;2;7;17;A01
201700044116;1;33;0;0;2;1;17;A01
201700044116;1;7;0;0;2;6;15;B01
201700044117;1;31;0;0;2;1;2;A01
201700044117;1;7;0;0;1;4;2;B01
201700044118;1;10;0;15;2;8;9;A01
201700044118;1;7;0;0;2;1;1;B01
201700044119;2;7;0;8;0;1;16;A01
201700044120;2;7;0;0;2;1;1;B01
201700044120;1;7;0;0;2;1;17;A01
201700044121;1;7;0;0;1;2;21;A01
201700044122;2;7;0;0;2;2;1;A01
201700044123;2;7;0;0;9;0;9;A01
201700044124;1;31;0;8;2;1;17;A01
201700044124;1;7;0;0;2;8;15;B01
201700044125;2;7;0;0;2;6;1;C01
201700044125;2;7;0;0;2;4;1;D01
201700044125;2;7;0;0;2;3;1;B01
201700044125;2;7;0;0;2;2;14;A01
201700044126;1;7;0;0;2;2;1;A01
201700044126;1;7;0;1;2;3;1;B01
201700044127;2;7;0;0;2;3;13;B01
201700044127;2;33;0;0;2;1;3;A01
201700044128;1;10;0;0;2;1;2;A01
201700044128;1;7;0;0;2;4;2;B01
201700044129;1;7;0;0;2;3;9;A01
201700044129;1;1;0;0;2;0;1;B01
201700044130;2;31;0;0;2;2;17;A01
201700044130;1;37;0;0;2;2;1;B01
201700044131;2;7;0;0;1;3;1;A01
201700044132;1;1;0;0;0;0;2;Z01
201700044133;2;7;0;0;1;3;21;A01
201700044134;1;10;0;1;1;2;1;A01
201700044134;1;7;0;0;2;3;22;B01
201700044135;1;7;0;0;2;2;15;B01
201700044135;1;31;0;0;2;1;3;A01
201700044136;2;7;0;0;1;0;0;Z01
201700044137;2;7;0;0;2;8;1;B01
201700044137;2;10;0;0;2;1;1;A01
201700044138;1;7;0;0;1;1;1;A01