num_acc;senc;catv;occutc;obs;obsm;choc;manv;num_veh
201700044887;1;7;0;0;2;7;12;A01
201700044888;2;7;0;0;2;1;15;B01
201700044888;1;7;0;0;2;3;1;A01
201700044888;0;7;0;0;2;3;23;C01
201700044889;0;7;0;0;1;8;15;A01
201700044890;0;7;0;0;2;3;1;B01
201700044890;0;7;0;0;2;2;9;A01
201700044891;0;33;0;0;0;3;9;A01
201700044892;0;31;0;0;2;1;3;B01
201700044892;0;7;0;0;0;3;13;A01
201700044893;0;7;0;0;2;3;10;A01
201700044893;0;30;0;0;2;6;0;B01
201700044894;1;7;0;4;0;1;1;A01
201700044895;0;30;0;4;2;8;18;A01
201700044895;0;15;0;4;2;7;2;B01
201700044896;0;7;0;0;2;7;1;A01
201700044896;0;17;0;0;2;1;1;B01
201700044897;0;7;0;0;0;1;2;A01
201700044897;0;7;0;0;0;4;2;B01
201700044898;0;7;0;0;2;3;2;B01
201700044898;0;37;0;1;0;2;2;A01
201700044899;1;7;0;0;1;2;1;A01
201700044900;2;33;0;0;0;7;1;A01
201700044901;0;7;0;0;2;3;0;A01
201700044901;0;33;0;0;2;1;0;B01
201700044902;0;32;0;0;2;1;23;B01
201700044902;0;10;0;0;2;4;4;A01
201700044903;0;13;0;0;2;2;15;A01
201700044903;0;7;0;0;2;3;1;B01
201700044904;1;7;0;0;2;1;2;B01
201700044904;2;7;0;0;2;1;15;A01
201700044905;0;1;0;0;2;8;13;A01
201700044905;0;7;0;0;2;2;1;B01
201700044906;0;2;0;0;2;1;2;A01
201700044906;0;7;0;0;2;4;2;B01
201700044907;0;7;0;0;2;1;2;A01
201700044907;0;7;0;0;2;8;16;B01
201700044908;0;32;0;0;1;1;0;A01
201700044909;2;7;0;0;0;5;19;A01
201700044909;2;7;0;0;2;1;19;B01
201700044910;1;10;0;0;0;1;0;A01
201700044910;1;7;0;0;0;4;0;B01
201700044911;0;7;0;0;2;2;1;B01
201700044911;0;7;0;0;2;8;9;A01
201700044912;1;7;0;0;1;1;1;A01
201700044913;2;99;0;0;2;1;1;A01
201700044913;2;2;0;0;2;1;1;B01
201700044914;1;10;0;1;0;7;14;A01
201700044914;1;7;0;0;2;8;24;B01
201700044914;1;7;0;0;2;8;24;C01
201700044915;1;37;3;0;1;3;7;A01
201700044916;2;7;0;0;1;5;1;A01
201700044917;2;7;0;0;1;2;1;A01
201700044918;1;7;0;0;2;3;16;A01
201700044918;2;1;0;0;2;1;1;B01
201700044919;2;7;0;0;2;3;16;A01
201700044919;2;33;0;0;2;8;1;B01
201700044920;1;31;0;0;1;1;1;A01
201700044921;1;7;0;0;1;3;1;A01
201700044922;2;7;0;1;0;3;13;A01
201700044923;2;7;0;1;2;2;13;A01
201700044923;2;7;0;0;2;7;0;B01
201700044923;2;10;0;0;2;3;9;C01
201700044924;1;7;0;0;2;1;2;A01
201700044924;1;7;0;0;2;4;2;B01
201700044925;1;7;0;0;2;3;1;B01
201700044925;1;34;0;0;2;1;1;A01
201700044926;1;7;0;0;1;1;2;A01
201700044927;1;7;0;0;1;3;1;A01
201700044928;2;34;0;0;2;1;18;A01
201700044928;1;33;0;0;2;3;16;B01
201700044929;1;7;0;7;0;3;16;A01
201700044930;1;7;0;0;2;2;9;A01
201700044930;2;31;0;0;2;8;1;B01
201700044931;2;7;0;0;1;1;1;A01
201700044932;1;7;0;0;2;4;23;A01
201700044932;1;7;0;0;9;4;23;B01
201700044933;1;7;0;1;0;1;2;A01
201700044934;2;7;0;1;0;5;1;B01
201700044934;2;7;0;0;2;2;9;A01
201700044935;1;7;0;0;2;2;9;A01
201700044935;1;31;0;0;2;1;1;B01
201700044936;1;7;0;0;2;2;1;A01
201700044936;1;1;0;0;2;8;19;B01
201700044937;1;7;0;0;2;3;15;A01
201700044937;1;7;0;0;2;5;1;B01
201700044938;2;7;0;12;0;2;2;A01
201700044939;1;13;0;0;1;8;20;A01
201700044940;1;7;0;0;9;1;11;A01
201700044940;2;1;0;0;2;1;1;B01
201700044941;2;7;0;0;2;3;1;B01
201700044941;1;33;0;0;2;3;15;A01
201700044942;2;2;0;0;2;1;16;A01
201700044942;1;10;0;0;2;7;15;B01
201700044943;1;7;0;0;1;1;1;A01
201700044944;1;7;0;0;1;1;1;A01
201700044945;1;7;0;0;2;2;17;A01
201700044945;2;33;0;0;2;1;1;B01
201700044946;1;7;0;0;2;1;15;A01
201700044946;2;34;0;0;2;8;19;B01
201700044947;0;7;0;0;1;1;1;A01
201700044948;2;7;0;0;2;1;15;A01
201700044948;1;31;0;0;2;8;15;B01
201700044949;2;31;0;0;2;1;1;B01
201700044949;1;7;0;0;2;2;15;A01
201700044950;2;14;0;0;2;3;2;A01
201700044950;2;33;0;0;2;7;2;B01
201700044951;1;31;0;0;2;1;1;B01
201700044951;1;7;0;0;2;4;4;A01
201700044952;1;7;0;0;2;5;13;A01
201700044952;2;34;0;0;2;1;1;B01
201700044953;1;30;0;0;1;8;1;Z01
201700044954;1;99;0;0;1;6;20;A01
201700044955;1;7;0;0;1;3;0;A01
201700044956;1;7;0;0;1;3;19;A01
201700044957;2;7;0;0;1;2;23;A01
201700044958;1;7;0;0;2;8;15;B01
201700044958;1;31;0;0;2;1;19;A01
201700044959;1;7;0;9;2;1;15;A01
201700044959;2;7;0;0;2;2;23;B01
201700044960;1;7;0;0;1;1;1;A01
201700044961;2;7;0;0;0;2;1;A01
201700044962;1;7;0;0;2;4;23;B01
201700044962;2;7;0;0;2;2;1;A01
201700044963;1;7;0;0;1;1;16;A01
201700044964;2;10;0;0;1;3;15;A01
201700044965;2;7;0;0;2;5;23;B01
201700044965;2;33;0;14;0;1;2;A01
201700044966;2;7;0;0;2;1;1;A01
201700044966;2;7;0;1;0;7;16;B01
201700044967;2;7;0;0;2;2;15;A01
201700044967;1;34;0;0;2;8;17;B01
201700044968;1;10;0;0;2;6;20;A01
201700044968;1;1;0;0;2;1;1;B01
201700044969;1;7;0;0;2;8;15;B01
201700044969;1;7;0;0;2;3;1;A01
201700044970;1;7;0;0;1;3;11;A01
201700044970;0;1;0;0;2;8;0;B01
201700044971;1;7;0;0;1;7;20;A01
201700044972;1;7;0;0;2;3;15;A01
201700044972;1;33;0;0;2;1;1;B01
201700044973;1;10;0;0;1;3;1;A01
201700044974;2;7;0;1;0;1;23;A01
201700044974;2;15;0;0;2;4;23;B01
201700044975;2;7;0;0;2;4;2;B01
201700044975;2;7;0;0;2;1;2;A01
201700044976;1;7;0;1;2;8;1;B01
201700044976;2;31;0;0;2;1;1;A01
201700044977;2;7;0;0;2;0;15;A01
201700044977;1;1;0;0;2;0;0;B01
201700044978;0;10;0;0;1;6;4;A01
201700044979;0;2;0;0;0;7;17;B01
201700044980;0;7;0;0;2;4;2;B01
201700044980;0;10;0;0;2;1;2;A01
201700044981;0;33;0;12;0;1;0;A01
201700044982;2;7;0;0;1;1;9;A01
201700044983;0;31;0;0;2;3;15;B01
201700044983;0;10;0;0;2;1;1;A01
201700044984;0;7;0;0;1;7;17;A01
201700044985;0;30;0;0;2;1;1;A01
201700044985;0;10;0;0;2;8;21;C01
201700044985;0;14;0;0;2;3;15;B01
201700044986;2;1;0;0;1;1;16;A01
201700044987;0;7;0;0;1;3;0;A01
201700044988;0;7;0;0;2;2;15;B01
201700044988;0;7;0;0;2;1;2;A01
201700044989;2;7;0;0;2;3;1;A01
201700044989;1;34;0;0;2;7;1;B01
201700044990;2;7;0;0;2;3;1;A01
201700044990;2;7;0;9;2;2;1;B01
201700044991;1;7;0;0;2;2;16;B01
201700044991;1;33;0;0;2;3;13;A01
201700044992;0;7;0;0;1;7;1;A01
201700044993;0;7;0;0;1;1;0;A01
201700044994;2;7;0;0;1;0;0;A01
201700044995;0;7;0;1;0;0;1;A01
201700044995;0;32;0;0;2;1;0;B01
201700044996;2;32;0;1;0;7;1;A01
201700044997;0;33;0;0;2;7;0;B01
201700044997;0;10;0;0;2;3;13;Z01
201700044998;1;1;0;0;0;8;5;B01
201700044998;2;7;0;0;0;1;9;A01
201700044999;0;7;0;0;2;1;2;A01
201700044999;0;7;0;0;2;4;2;B01
201700045000;0;7;0;0;2;1;2;A01
201700045000;0;7;0;0;2;3;2;B01
201700045001;2;7;0;0;2;3;1;A01
201700045001;1;7;0;0;2;3;1;B01
201700045002;1;10;0;0;0;6;4;A01
201700045003;0;7;0;0;0;2;14;A01
201700045004;0;31;0;0;0;1;1;B01
201700045004;0;7;0;0;2;1;15;A01
201700045005;0;99;0;0;0;1;0;A01
201700045006;0;7;0;0;1;3;2;A01
201700045007;0;33;0;0;2;1;13;B01
201700045007;0;7;0;0;2;8;15;A01
201700045008;0;33;0;12;0;2;1;A01
201700045009;0;7;0;0;1;4;4;A01
201700045010;0;7;0;1;2;3;13;B01
201700045010;0;7;0;0;2;3;1;A01
201700045011;0;33;0;0;0;1;1;B01
201700045011;0;30;0;0;0;8;9;A01
201700045012;0;7;0;0;1;2;16;A01
201700045013;0;7;0;0;2;5;16;A01
201700045013;0;33;0;0;2;3;18;B01
201700045014;0;7;0;0;1;2;1;A01
201700045015;0;7;0;0;2;1;9;B01
201700045015;0;32;0;0;2;2;17;A01
201700045016;2;2;0;0;2;1;1;A01
201700045016;0;7;0;0;2;3;20;B01
201700045017;0;7;0;0;2;8;1;B01
201700045017;0;7;0;0;2;2;15;A01
201700045018;2;7;0;0;1;3;1;A01
201700045019;1;7;0;0;2;2;9;A01
201700045019;1;2;0;0;2;1;1;B01
201700045020;0;7;0;0;1;1;1;A01
201700045021;0;30;0;0;0;1;1;A01
201700045022;0;7;0;0;0;1;15;A01
201700045022;0;34;0;0;0;0;1;B01
201700045023;1;1;0;0;0;1;1;A01
201700045024;0;3;0;0;1;2;0;A01
201700045025;0;7;0;0;0;1;1;A01
201700045026;0;33;0;0;2;2;17;A01
201700045026;1;7;0;0;0;6;2;B01
201700045027;0;10;0;0;0;3;0;A01
201700045028;0;30;0;0;1;2;1;A01
201700045029;0;7;0;0;2;3;15;A01
201700045029;0;7;0;0;2;3;1;B01
201700045030;0;7;0;0;1;4;4;A01
201700045031;0;2;0;0;2;8;1;A01
201700045031;0;7;0;0;2;7;16;B01
201700045032;0;7;0;0;1;2;1;A01
201700045033;0;7;0;0;1;1;1;A01
201700045034;0;37;1;0;0;7;21;A01
201700045035;2;10;0;0;2;1;2;A01
201700045035;2;10;0;0;2;4;23;B01
201700045036;2;7;0;0;2;3;15;A01
201700045036;2;33;0;0;2;1;1;B01
201700045037;0;7;0;0;0;2;1;A01
201700045038;1;7;0;0;2;1;2;A01
201700045038;1;7;0;0;2;4;2;B01
201700045039;1;30;0;0;1;1;1;A01
201700045040;1;7;0;0;2;3;10;A01
201700045040;1;33;0;0;2;7;2;B01
201700045041;1;7;0;0;2;2;15;A01
201700045041;2;7;0;0;2;1;1;B01
201700045042;1;2;0;0;2;2;17;B01
201700045042;1;7;0;0;2;8;11;Z01
201700045043;1;34;0;0;2;1;19;A01
201700045043;1;7;0;0;2;7;15;B01
201700045044;1;7;0;0;1;3;2;A01
201700045045;2;7;0;0;2;5;19;A01
201700045045;2;31;0;0;2;3;16;B01
201700045046;1;34;0;0;2;8;19;B01
201700045046;2;7;0;0;2;1;19;A01
201700045047;1;7;0;0;2;1;21;A01
201700045047;2;1;0;0;2;1;5;B01
201700045048;1;31;0;12;0;1;1;A01
201700045049;1;1;0;0;2;1;7;B01
201700045049;2;7;0;0;9;2;16;A01
201700045050;2;34;0;0;0;8;15;A01
201700045051;1;7;0;0;9;7;16;A01
201700045051;1;1;0;0;2;3;1;B01
201700045052;1;7;0;0;2;3;1;B01
201700045052;1;2;0;0;2;3;1;A01
201700045053;1;7;0;0;2;1;15;A01
201700045053;2;32;0;0;2;1;1;B01
201700045054;1;7;0;0;1;5;20;A01
201700045055;1;7;0;0;2;2;16;A01
201700045055;2;2;0;0;2;3;21;B01
201700045056;1;7;0;0;1;1;2;A01
201700045057;1;33;0;0;2;1;9;A01
201700045057;1;7;0;0;2;2;2;B01
201700045058;2;1;0;0;2;0;1;B01
201700045058;1;7;0;0;2;2;1;A01
201700045059;2;7;0;0;2;1;1;A01
201700045059;1;7;0;0;2;7;15;B01
201700045060;1;33;0;0;2;8;9;A01
201700045060;2;33;0;0;2;1;1;B01
201700045061;1;7;0;0;2;6;2;B01
201700045061;1;7;0;1;2;2;17;Z01
201700045062;1;7;0;0;1;5;20;A01
201700045063;2;7;0;0;2;3;1;B01
201700045063;2;2;0;0;2;1;16;A01
201700045064;1;33;0;12;0;2;1;A01
201700045065;2;33;0;12;0;1;15;A01
201700045066;1;30;0;0;2;1;21;A01
201700045066;2;7;0;0;2;1;15;B01
201700045067;1;33;0;12;0;3;15;A01
201700045068;1;7;0;0;2;3;10;A01
201700045068;1;33;0;0;2;0;11;B01
201700045069;1;33;0;0;2;2;1;A01
201700045069;1;7;0;0;2;8;1;B01
201700045070;1;7;0;0;2;2;1;A01
201700045070;2;33;0;0;2;3;1;B01
201700045071;2;2;0;0;2;3;21;A01
201700045071;1;7;0;0;2;3;20;B01
201700045072;2;34;0;0;2;1;2;A01
201700045072;2;7;0;0;2;4;1;B01
201700045073;1;7;0;1;0;4;4;A01
201700045073;1;7;0;0;2;1;24;B01
201700045074;0;7;0;0;1;1;15;A01
201700045075;2;1;0;0;2;1;1;A01
201700045075;1;7;0;0;2;3;1;B01
201700045076;1;7;0;0;2;2;11;A01
201700045076;1;30;0;0;2;1;1;B01
201700045077;1;7;0;0;2;1;1;A01
201700045077;1;7;0;0;2;4;1;B01
201700045078;2;31;0;0;2;1;7;A01
201700045078;2;31;0;0;2;4;7;B01
201700045079;2;7;0;0;2;1;21;B01
201700045079;1;7;0;0;2;5;15;A01
201700045080;2;7;0;0;2;5;15;A01
201700045080;1;33;0;0;2;1;1;B01
201700045081;2;31;0;0;2;3;15;A01
201700045081;1;7;0;0;2;3;2;B01
201700045081;1;7;0;0;2;5;2;C01
201700045082;1;31;0;0;2;8;1;B01
201700045082;1;10;0;0;2;6;15;A01
201700045083;2;7;0;0;1;2;13;A01
201700045084;1;7;0;0;2;1;2;A01
201700045084;1;20;0;0;2;5;2;B01
201700045085;1;33;0;0;2;1;2;A01
201700045085;1;37;0;0;2;4;23;B01
201700045086;2;7;0;0;2;3;15;A01
201700045086;1;7;0;0;2;3;1;B01
201700045087;2;7;0;0;2;7;15;A01
201700045087;1;33;0;0;2;1;1;B01
201700045088;2;33;0;0;2;3;0;B01
201700045088;2;7;0;0;2;2;0;A01
201700045089;1;7;0;0;2;2;15;A01
201700045089;1;7;0;0;2;8;1;B01
201700045090;1;10;0;0;2;3;10;A01
201700045090;1;33;0;0;2;2;1;B01
201700045091;2;7;0;0;2;3;15;B01
201700045091;2;34;0;0;2;1;17;A01
201700045092;1;14;0;0;2;1;2;A01
201700045092;1;7;0;0;2;4;2;B01
201700045093;2;7;0;0;0;0;17;A01
201700045093;2;1;0;0;0;0;17;B01
201700045094;0;7;0;0;1;3;15;A01
201700045095;1;31;0;0;2;1;2;A01
201700045095;1;7;0;0;2;4;2;B01
201700045096;1;7;0;0;1;1;1;A01
201700045097;1;99;0;0;1;3;2;A01
201700045098;1;7;0;0;2;3;1;B01
201700045098;1;7;0;0;2;2;1;A01
201700045099;1;7;0;0;2;1;19;A01
201700045099;1;31;0;0;2;8;19;B01
201700045100;1;7;0;0;2;3;15;A01
201700045100;1;34;0;0;2;9;16;B01
201700045101;2;7;0;0;2;5;16;A01
201700045101;2;31;0;0;2;3;2;B01
201700045102;2;7;0;0;9;7;22;A01
201700045102;2;1;0;0;2;1;2;B01
201700045103;2;34;0;0;1;1;19;A01
201700045104;1;7;0;0;2;8;15;A01
201700045104;1;31;0;0;2;2;2;B01
201700045105;1;7;0;0;2;3;10;A01
201700045105;1;33;0;0;2;1;17;B01
201700045106;1;7;0;0;2;3;15;A01
201700045106;1;31;0;0;2;8;19;B01
201700045107;2;7;0;0;2;3;15;A01
201700045107;1;31;0;0;2;1;19;B01
201700045108;1;7;0;0;2;1;2;A01
201700045108;1;33;0;0;2;4;2;B01
201700045109;1;7;0;1;0;1;24;A01
201700045109;1;10;0;1;0;6;24;B01
201700045110;1;34;0;14;0;1;21;A01
201700045111;1;33;0;0;0;0;13;A01
201700045112;1;7;0;15;0;1;1;A01
201700045113;2;1;0;0;1;2;21;A01
201700045114;1;37;0;0;2;2;1;A01
201700045114;2;7;0;0;2;4;10;B01
201700045115;1;31;0;0;0;0;2;A01
201700045116;1;31;0;8;0;1;14;A01
201700045117;1;7;0;0;2;1;1;B01
201700045117;1;7;0;0;2;7;19;A01
201700045118;2;10;0;0;2;1;2;A01
201700045118;2;7;0;0;2;4;23;B01
201700045119;1;7;0;0;9;4;23;B01
201700045119;1;7;0;0;2;1;0;A01
201700045120;1;33;0;0;2;4;9;A01
201700045120;2;15;0;0;2;1;23;B01
201700045121;2;7;0;0;2;8;15;B01
201700045121;2;7;0;0;2;2;17;A01
201700045122;2;7;0;0;1;3;2;A01
201700045123;2;7;0;0;1;3;2;A01
201700045124;1;7;0;0;1;8;9;A01
201700045125;1;7;0;0;1;1;2;A01
201700045126;0;7;0;0;1;7;20;A01
201700045127;0;7;0;1;0;1;0;A01
201700045128;0;7;0;0;1;3;2;A01
201700045129;1;7;0;0;1;2;0;A01
201700045130;0;7;0;0;1;2;9;A01
201700045131;0;7;0;0;1;1;1;A01
201700045132;0;7;0;9;0;1;1;A01
201700045133;0;7;0;0;1;1;0;A01
201700045134;2;7;0;0;1;3;1;V01
201700045135;0;7;0;0;0;3;15;A01
201700045135;0;32;0;0;0;7;2;B01
201700045136;0;30;0;16;0;7;1;Z01
201700045137;0;7;0;0;2;5;15;A01
201700045137;0;3;0;0;2;1;2;B01
201700045138;0;2;0;0;2;1;1;B01
201700045138;0;7;0;0;2;1;15;A01
201700045139;0;31;0;0;2;1;1;A01
201700045139;0;7;0;0;2;6;1;B01
201700045140;0;7;0;0;1;1;19;A01
201700045141;1;7;0;0;2;1;1;A01
201700045141;0;7;0;0;2;8;15;B01
201700045142;2;7;0;0;2;2;15;A01
201700045142;1;2;0;0;2;3;1;B01
201700045143;1;1;0;0;2;1;19;B01
201700045143;0;7;0;0;2;3;1;A01
201700045144;1;2;0;0;2;1;1;A01
201700045144;0;7;0;0;2;3;15;B01
201700045145;1;7;0;0;1;7;1;A01
201700045146;0;33;0;8;1;1;1;A01
201700045147;0;7;0;0;2;4;1;C01
201700045147;0;7;0;0;2;4;1;B01
201700045147;0;7;0;0;2;1;1;A01
201700045148;2;7;0;0;1;1;15;A01
201700045149;0;7;0;0;2;7;1;B01
201700045149;0;7;0;0;2;1;1;A01
201700045150;1;7;0;0;2;1;9;A01
201700045150;1;32;0;0;2;9;1;B01
201700045150;2;7;0;0;2;1;1;C01
201700045151;0;7;0;12;2;1;1;A01
201700045151;0;7;0;0;2;6;1;B01
201700045152;0;30;0;0;2;1;1;B01
201700045152;0;7;0;0;2;7;15;A01
201700045153;2;31;0;0;2;3;2;A01
201700045153;0;7;0;0;2;0;15;Z01
201700045154;2;7;0;0;2;6;1;C01
201700045154;1;7;0;0;2;2;15;A01
201700045154;2;7;0;8;0;3;1;B01
201700045155;0;7;0;0;0;2;15;B01
201700045155;0;31;0;0;0;1;1;A01
201700045156;2;1;0;0;2;3;1;A01
201700045156;0;13;0;0;2;5;0;X01
201700045157;0;7;0;0;1;3;15;V01
201700045157;0;1;0;0;2;3;19;A01
201700045158;0;32;0;0;0;1;1;A01
201700045159;0;7;0;0;1;1;15;A01
201700045160;0;3;0;0;2;8;2;B01
201700045160;0;3;0;0;2;1;2;A01
201700045161;0;37;1;0;0;3;1;A01
201700045162;1;7;0;0;0;3;13;A01
201700045163;0;7;0;1;0;2;1;A01
201700045163;0;7;0;0;2;0;1;B01
201700045163;0;7;0;0;2;0;0;C01
201700045164;2;1;0;0;2;1;1;A01
201700045164;0;7;0;0;2;2;0;B01
201700045165;0;7;0;0;1;4;4;A01
201700045166;1;7;0;1;0;1;1;A01
201700045167;2;7;0;0;2;6;20;A01
201700045167;2;33;0;0;2;1;2;B01
201700045168;1;7;0;0;1;1;1;A01
201700045169;1;7;0;0;2;2;1;A01
201700045169;1;33;0;0;2;8;1;B01
201700045170;0;7;0;0;2;7;15;A01
201700045170;0;31;0;0;2;1;21;B01
201700045171;1;7;0;1;0;2;1;A01
201700045172;1;7;0;0;1;1;20;A01
201700045173;2;7;0;0;2;8;22;A01
201700045173;2;1;0;0;2;2;1;B02
201700045174;1;7;0;0;2;3;22;A01
201700045174;1;37;10;0;2;2;2;B01
201700045175;1;2;0;8;0;1;14;A01
201700045176;1;37;3;0;1;7;16;A01
201700045177;1;7;0;0;2;2;1;A01
201700045177;2;7;0;0;2;8;10;B01
201700045178;1;7;0;0;2;1;2;A01
201700045178;1;7;0;0;2;4;2;B01
201700045179;1;30;0;0;2;1;1;A01
201700045179;1;7;0;0;2;1;1;B01
201700045180;1;1;0;0;9;1;21;A01
201700045180;2;1;0;0;9;1;21;B01
201700045181;1;7;0;14;2;1;19;A01
201700045181;1;7;0;14;2;3;19;B01
201700045182;1;7;0;0;2;3;15;A01
201700045182;1;1;0;0;2;4;1;B01
201700045183;1;7;0;0;2;3;13;A01
201700045184;1;7;0;0;2;8;13;A01
201700045184;1;7;0;0;2;7;1;B01
201700045185;1;7;0;1;0;3;21;A01
201700045186;2;7;0;0;2;7;16;A01
201700045186;2;33;0;0;2;1;1;B01
201700045187;1;7;0;0;2;6;2;B01
201700045187;1;7;0;0;2;3;2;A01
201700045188;1;30;0;0;2;4;15;B01
201700045188;1;7;0;14;0;1;1;A01
201700045189;1;7;0;0;2;1;2;A01
201700045189;0;33;0;0;2;8;15;B01
201700045190;1;7;0;0;2;1;16;A01
201700045190;1;33;0;0;2;1;1;B01
201700045191;2;7;0;0;1;1;1;A01
201700045192;1;7;0;0;2;3;9;A01
201700045192;2;33;0;0;2;1;5;B01
201700045193;1;7;0;9;0;3;1;A01
201700045194;1;7;0;1;0;1;2;B01
201700045194;1;7;0;0;2;4;23;A01
201700045195;1;7;0;0;9;6;2;B01
201700045195;1;7;0;0;2;2;16;A01
201700045196;2;7;0;0;2;1;1;B01
201700045196;1;7;0;0;2;7;1;A01
201700045197;2;31;0;0;2;9;1;B01
201700045197;1;7;0;0;2;2;15;A01
201700045198;1;2;0;0;2;3;1;B01
201700045198;2;7;0;0;2;2;15;A01
201700045199;1;7;0;0;2;4;23;B01
201700045199;1;10;0;0;2;1;2;A01
201700045200;2;7;0;0;2;3;15;A01
201700045200;1;31;0;0;2;8;2;B01
201700045201;1;7;0;0;2;5;16;B01
201700045201;1;7;0;0;2;2;2;A01
201700045202;1;30;0;0;2;7;17;B01
201700045202;1;7;0;0;2;8;11;A01
201700045203;1;37;0;0;2;3;15;A01
201700045203;1;7;0;0;2;1;1;B01
201700045204;2;7;0;0;2;8;22;A01
201700045205;1;10;0;0;2;1;2;A01
201700045205;1;10;0;0;2;4;2;B01
201700045206;1;7;0;0;1;2;16;A01
201700045207;1;7;0;0;2;2;1;A01
201700045207;0;7;0;0;2;1;1;B01
201700045208;1;7;0;0;2;5;23;B01
201700045208;1;7;0;0;2;3;13;A01
201700045209;1;7;0;0;1;1;1;A01
201700045210;2;7;0;0;1;2;16;A01
201700045211;1;7;0;0;2;4;2;A01
201700045211;1;7;0;0;2;4;2;B01
201700045211;1;13;0;0;2;1;2;C01
201700045212;1;7;0;0;1;1;2;A01
201700045213;1;31;0;0;1;1;1;A01
201700045214;1;7;0;0;2;4;2;A01
201700045215;2;7;0;0;1;8;19;A01
201700045216;2;7;0;0;1;1;15;A01
201700045217;0;7;0;0;1;4;20;A01
201700045218;1;2;0;0;0;0;0;A01
201700045219;0;34;0;0;1;0;2;A01
201700045220;1;7;0;0;0;2;0;A01
201700045221;0;7;0;0;0;3;9;B01
201700045221;0;37;1;0;0;2;1;A01
201700045222;1;7;0;0;1;2;17;A01
201700045223;0;7;0;0;2;3;1;B01
201700045223;0;7;0;0;2;2;1;A01
201700045224;0;32;0;0;0;0;0;B01
201700045224;0;7;0;0;0;5;0;A01
201700045225;1;34;0;9;0;2;1;A01
201700045226;0;30;0;0;2;0;21;B01
201700045226;0;7;0;0;2;0;15;A01
201700045227;1;33;0;0;1;1;1;A01
201700045228;0;7;0;0;1;8;15;A01
201700045229;1;7;0;0;2;8;10;A01
201700045229;1;2;0;0;2;7;5;B01
201700045230;1;7;0;0;2;1;15;B01
201700045230;2;30;0;0;2;1;17;A01
201700045231;1;7;0;0;2;2;15;A01
201700045231;1;33;0;0;2;1;19;B01
201700045232;0;7;0;8;0;3;0;A01
201700045233;0;7;0;0;1;3;1;A01
201700045234;0;2;0;0;1;1;1;A01
201700045235;2;1;0;0;2;4;2;B01
201700045235;2;7;0;0;2;1;2;A01
201700045236;0;2;0;0;2;1;0;B01
201700045236;0;7;0;0;2;1;15;A01
201700045237;0;7;0;0;2;1;2;A01
201700045237;0;7;0;0;2;1;2;B01
201700045237;0;7;0;0;2;1;2;C01
201700045238;0;1;0;0;2;3;2;A01
201700045238;1;7;0;0;0;5;2;B01
201700045239;0;7;0;0;2;8;2;B01
201700045239;2;37;1;0;2;2;2;A01
201700045240;0;33;0;0;2;1;2;A01
201700045240;0;10;0;0;2;8;2;B01
201700045241;0;7;0;0;2;4;2;B01
201700045241;0;7;0;0;2;1;2;A01
201700045242;0;37;0;0;2;3;16;B01
201700045242;0;1;0;0;2;2;5;A01
201700045243;0;7;0;0;2;2;19;A01
201700045243;1;34;0;0;2;1;17;B01
201700045244;1;2;0;0;0;0;0;A01
201700045245;1;7;0;0;1;1;16;A01
201700045246;0;30;0;0;2;7;16;B01
201700045246;0;7;0;0;2;8;1;A01
201700045247;0;7;0;1;2;3;13;A01
201700045248;1;10;0;0;1;8;1;A01
201700045249;0;7;0;1;0;2;1;A01
201700045250;0;7;0;0;2;4;2;B01
201700045250;0;7;0;0;2;1;2;A01
201700045251;0;7;0;0;2;3;5;A01
201700045251;0;7;0;0;2;6;1;B01
201700045252;1;7;0;2;1;1;0;A01
201700045253;0;17;0;0;2;3;12;A01
201700045253;0;7;0;0;2;4;1;B01
201700045254;0;2;0;0;0;1;17;B01
201700045254;0;7;0;0;0;3;15;Z01
201700045255;0;33;0;0;2;1;1;B01
201700045255;2;7;0;0;2;7;15;A01
201700045256;0;7;0;0;0;6;1;D01
201700045256;0;7;0;0;2;1;2;A01
201700045256;0;7;0;0;2;4;2;B01
201700045256;0;7;0;0;0;4;2;C01
201700045257;0;33;0;0;2;1;1;B01
201700045257;0;7;0;0;2;5;15;A01
201700045258;0;7;0;0;2;2;1;A01
201700045258;0;7;0;8;2;3;1;B01
201700045259;2;7;0;0;1;1;1;A01
201700045260;2;7;0;0;1;3;15;A01
201700045261;2;30;0;0;1;1;1;A01
201700045262;2;99;0;0;1;1;15;A01
201700045263;0;30;0;0;2;1;1;B01
201700045263;0;7;0;0;2;2;1;A01
201700045264;0;7;0;0;2;1;1;A01
201700045264;0;13;0;0;2;6;1;B01
201700045265;0;7;0;0;2;1;1;B01
201700045265;0;1;0;0;2;8;15;A01
201700045266;0;7;0;0;1;1;15;A01
201700045267;0;7;0;0;2;2;1;A01
201700045267;0;7;0;0;2;3;1;B01
201700045268;1;7;0;1;0;1;1;A01
201700045269;0;7;0;0;1;1;15;A01
201700045270;1;7;0;0;2;3;15;A01
201700045270;2;33;0;1;2;2;21;B01
201700045271;2;10;0;0;2;5;1;A01
201700045271;2;7;0;0;2;3;1;B01
201700045272;0;7;0;0;1;1;15;A01
201700045273;0;1;0;0;2;1;1;A01