num_acc;senc;catv;occutc;obs;obsm;choc;manv;num_veh
201700045273;0;7;0;0;2;3;1;B01
201700045274;0;7;0;0;2;1;1;B01
201700045274;0;7;0;0;2;1;16;A01
201700045275;1;37;10;0;0;0;1;A01
201700045275;0;7;0;0;0;0;15;B01
201700045276;2;7;0;0;1;0;2;A01
201700045277;0;33;0;0;2;1;1;A01
201700045277;0;7;0;0;2;7;1;B01
201700045278;0;10;0;0;2;3;1;A01
201700045278;0;33;0;0;0;4;9;B01
201700045279;0;30;0;0;2;1;2;A01
201700045279;0;7;0;0;0;6;2;B01
201700045280;2;7;0;0;1;3;2;A01
201700045281;0;7;0;0;2;7;1;A01
201700045281;2;10;0;0;2;1;1;B01
201700045282;1;7;0;0;1;2;15;A01
201700045283;1;32;0;11;0;1;13;A01
201700045284;0;30;0;0;2;1;1;B01
201700045284;0;7;0;0;2;1;15;A01
201700045285;2;33;0;0;0;4;2;A01
201700045285;2;7;0;0;2;1;2;B01
201700045286;0;37;0;0;1;2;16;A01
201700045287;0;7;0;0;2;3;9;A01
201700045287;0;2;0;0;2;2;1;B01
201700045288;0;30;0;0;0;4;1;A01
201700045288;0;7;0;0;0;4;0;B01
201700045289;1;7;0;0;2;7;1;A01
201700045289;2;7;0;0;2;2;1;B01
201700045290;0;7;0;0;2;7;2;A01
201700045290;0;7;0;0;2;1;2;B01
201700045291;2;7;0;0;2;1;1;A01
201700045291;2;7;0;9;0;3;1;B01
201700045292;2;10;0;0;2;1;2;A01
201700045292;0;7;0;0;2;8;19;B01
201700045293;0;34;0;0;2;1;2;A01
201700045293;0;7;0;0;2;5;2;B01
201700045294;0;7;0;0;1;6;4;A01
201700045295;0;7;0;0;2;1;0;A01
201700045295;0;7;0;0;2;3;0;B01
201700045296;0;37;1;0;0;5;2;B01
201700045296;0;1;0;1;2;3;11;A01
201700045297;0;1;0;0;0;0;2;A01
201700045297;0;37;0;0;1;2;2;B01
201700045298;0;10;0;0;2;0;1;A01
201700045298;0;33;0;0;2;0;15;B01
201700045299;0;7;0;2;0;1;14;A01
201700045300;0;7;0;0;0;8;1;B01
201700045300;0;1;0;0;2;1;1;A01
201700045301;2;30;0;0;0;0;0;A01
201700045302;0;7;0;0;0;8;1;A01
201700045302;0;33;0;0;2;2;1;B01
201700045303;1;7;0;1;0;3;13;A01
201700045304;1;7;0;0;2;2;10;A01
201700045304;2;31;0;0;2;1;1;B01
201700045305;0;34;0;0;0;8;19;A01
201700045306;1;7;0;2;0;1;13;A01
201700045307;1;14;0;2;0;1;13;A01
201700045308;2;10;0;0;2;2;19;A01
201700045308;1;7;0;0;2;3;1;B01
201700045309;1;7;0;0;2;2;1;A01
201700045309;2;33;0;0;2;1;1;B01
201700045310;0;7;0;0;2;2;1;A01
201700045310;1;30;0;0;2;1;1;B01
201700045311;1;99;0;0;2;4;1;B01
201700045311;1;7;0;0;9;2;17;Z01
201700045312;1;30;0;0;2;1;8;A01
201700045312;2;7;0;0;2;2;15;B01
201700045313;1;34;0;0;2;1;9;A01
201700045313;2;7;0;0;2;3;1;B01
201700045314;1;7;0;0;2;1;9;A01
201700045314;1;30;0;0;2;8;1;B01
201700045315;2;33;0;0;2;1;1;A01
201700045315;1;7;0;0;2;3;15;B01
201700045316;1;7;0;0;2;2;1;A01
201700045316;1;7;0;0;2;3;1;B01
201700045317;2;7;0;0;2;2;1;A01
201700045317;1;7;0;0;2;3;1;B01
201700045318;0;7;0;0;2;1;19;A01
201700045318;0;7;0;8;2;8;19;B01
201700045319;2;99;0;0;2;1;1;A01
201700045319;1;7;0;15;2;3;1;B01
201700045320;1;1;0;0;2;7;1;A01
201700045320;0;7;0;0;2;1;1;B01
201700045321;1;7;0;0;2;1;15;A01
201700045321;1;34;0;0;2;1;2;B01
201700045322;1;1;0;8;0;8;1;A01
201700045323;2;7;0;0;2;1;1;B01
201700045323;2;7;0;0;2;2;1;A01
201700045324;1;7;0;2;0;1;13;A01
201700045325;2;7;0;0;2;2;16;A01
201700045325;2;1;0;0;2;3;1;B01
201700045326;2;7;0;0;2;5;15;A01
201700045326;1;1;0;0;2;1;1;B01
201700045327;2;7;0;6;0;1;5;A01
201700045328;1;7;0;0;2;4;15;B01
201700045328;1;7;0;0;2;1;1;A01
201700045329;1;7;0;0;2;8;1;B01
201700045329;2;7;0;0;2;1;1;A01
201700045330;2;31;0;0;2;1;1;B01
201700045330;1;7;0;0;2;7;1;A01
201700045331;1;7;0;1;0;2;1;A01
201700045332;2;7;0;0;2;3;1;B01
201700045332;2;7;0;0;2;1;1;A01
201700045333;1;7;0;0;2;3;16;B01
201700045333;2;7;0;0;2;2;1;A01
201700045334;2;7;0;0;1;1;2;A01
201700045335;1;7;0;1;0;1;2;A01
201700045336;1;7;0;3;0;1;19;A01
201700045337;1;7;0;6;2;1;19;A01
201700045337;1;33;0;0;2;3;19;B01
201700045338;2;30;0;0;2;1;1;A01
201700045338;0;7;0;0;2;3;9;B01
201700045339;1;7;0;1;2;8;20;A01
201700045339;1;7;0;0;2;2;1;B01
201700045340;0;7;0;2;0;1;15;A01
201700045341;2;10;0;6;2;1;1;A01
201700045341;2;7;0;0;2;1;15;B01
201700045342;1;7;0;0;2;3;15;B01
201700045342;1;7;0;0;2;3;10;A01
201700045343;2;7;0;0;2;3;16;B01
201700045343;1;7;0;0;2;3;15;A01
201700045344;1;34;0;1;2;8;19;B01
201700045344;1;7;0;0;2;1;19;A01
201700045345;1;7;0;0;2;1;2;A01
201700045345;1;7;0;0;2;4;2;D01
201700045345;1;7;0;0;2;4;2;B01
201700045345;1;7;0;0;2;4;2;C01
201700045346;1;7;0;0;2;8;19;A01
201700045346;1;37;0;0;2;1;7;B01
201700045347;2;33;0;0;0;0;1;A01
201700045348;1;33;0;0;2;1;1;B01
201700045348;2;10;0;0;2;7;15;A01
201700045349;1;2;0;0;2;1;19;A01
201700045349;2;7;0;0;2;3;19;B01
201700045350;2;7;0;0;2;5;2;B01
201700045350;2;33;0;0;2;3;2;A01
201700045351;1;7;0;0;1;1;15;A01
201700045352;2;3;0;0;2;1;1;A01
201700045352;1;7;0;0;2;1;23;B01
201700045353;2;7;0;0;1;3;2;A01
201700045354;1;37;0;1;1;2;1;A01
201700045355;2;7;0;0;2;2;1;A01
201700045355;1;7;0;0;2;3;1;B01
201700045356;1;7;0;0;1;1;1;A01
201700045357;1;7;0;0;2;1;1;A01
201700045357;1;7;0;0;2;4;23;B01
201700045358;1;7;0;0;2;5;15;Z01
201700045358;2;7;0;0;2;1;1;C01
201700045358;1;7;0;0;2;1;1;B01
201700045359;0;7;0;6;0;1;20;A01
201700045360;1;31;0;0;2;1;1;A01
201700045360;1;7;0;0;2;4;23;B01
201700045361;2;7;0;16;2;1;9;A01
201700045361;2;34;0;0;2;2;1;B01
201700045362;2;7;0;0;2;4;19;B01
201700045362;2;7;0;0;2;2;19;A01
201700045363;2;1;0;1;0;2;1;B01
201700045363;2;7;0;0;1;8;22;A01
201700045364;1;31;0;0;1;1;2;A01
201700045365;1;33;0;4;0;2;2;A01
201700045366;1;1;0;0;1;1;1;A01
201700045367;2;7;0;0;1;5;20;A01
201700045368;2;7;0;0;9;2;1;A01
201700045369;0;7;0;0;2;1;1;A01
201700045369;0;7;0;0;2;8;15;B01
201700045370;2;30;0;0;2;1;21;A01
201700045370;1;7;0;0;2;5;2;B01
201700045371;1;31;0;1;2;1;2;B01
201700045371;1;7;0;0;2;2;11;A01
201700045372;2;31;0;0;0;0;15;A01
201700045373;1;7;0;1;0;2;14;A01
201700045374;2;33;0;0;0;8;13;A01
201700045375;1;7;0;2;0;2;14;A01
201700045376;2;7;0;0;1;2;2;A01
201700045377;2;7;0;0;2;1;1;A01
201700045377;2;7;0;8;2;6;1;B01
201700045378;1;34;0;0;2;8;18;A01
201700045378;1;7;0;0;2;7;16;B01
201700045379;2;7;0;12;0;5;1;A01
201700045380;2;7;0;0;2;2;2;A01
201700045380;1;7;0;0;2;1;19;B01
201700045381;2;7;0;0;2;3;1;B01
201700045381;1;7;0;0;2;2;1;A01
201700045382;1;7;0;0;2;5;4;A01
201700045382;2;33;0;0;2;1;21;B01
201700045383;2;7;0;0;9;4;2;B01
201700045383;2;7;0;0;2;1;1;A01
201700045384;2;7;0;0;1;7;21;A01
201700045385;1;7;0;0;1;3;19;A01
201700045386;1;7;0;6;0;1;1;A01
201700045387;2;34;0;0;2;8;15;A01
201700045387;1;34;0;0;2;8;1;B01
201700045388;1;7;0;0;1;1;19;A01
201700045389;1;7;0;0;1;3;15;A01
201700045390;0;1;0;0;2;8;19;B01
201700045390;0;7;0;0;2;1;9;A01
201700045391;1;7;0;0;2;3;1;A01
201700045391;2;7;0;0;2;6;16;B01
201700045392;1;7;0;0;1;2;21;A01
201700045393;0;7;0;0;1;1;1;Z01
201700045394;0;7;0;15;2;2;15;A01
201700045394;0;7;0;0;2;3;15;B01
201700045395;0;33;0;0;1;1;1;A01
201700045396;1;31;0;0;2;1;1;A01
201700045396;1;7;0;0;2;4;23;B01
201700045397;0;7;0;0;2;4;2;B01
201700045397;0;33;0;0;2;1;2;A01
201700045398;0;7;0;0;0;0;0;A01
201700045399;0;7;0;1;0;1;1;A01
201700045400;0;7;0;0;0;1;1;A01
201700045400;0;7;0;0;2;7;1;B01
201700045401;2;7;0;0;1;1;15;A01
201700045402;1;31;0;12;0;9;12;A01
201700045403;1;7;0;0;1;1;16;A01
201700045404;1;7;0;0;2;1;2;A01
201700045404;1;7;0;0;2;4;23;B01
201700045405;2;34;0;4;2;3;13;A01
201700045405;2;7;0;0;2;5;1;B01
201700045406;2;7;0;0;1;4;20;A01
201700045407;2;7;0;0;1;1;17;A01
201700045408;1;38;3;0;1;5;16;A01
201700045409;1;31;0;0;2;1;1;A01
201700045409;2;7;0;0;2;6;15;B01
201700045410;2;7;0;0;2;5;12;A01
201700045410;2;33;0;0;2;8;1;B01
201700045411;2;33;0;0;0;7;1;A01
201700045412;2;7;0;0;2;2;1;B01
201700045412;1;34;0;0;2;8;1;C01
201700045412;2;7;0;0;2;5;13;Z01
201700045413;1;7;0;0;1;1;1;A01
201700045414;1;7;0;0;2;2;2;A01
201700045414;1;7;0;0;2;4;2;B01
201700045415;1;7;0;9;0;1;16;A01
201700045416;1;7;0;0;2;3;15;B01
201700045416;1;33;0;0;2;1;2;A01
201700045417;2;7;0;0;2;4;1;B01
201700045417;2;7;0;0;2;2;1;A01
201700045418;1;7;0;0;9;4;1;E01
201700045418;1;7;0;0;2;1;2;C01
201700045418;1;7;0;0;2;4;1;B01
201700045418;1;7;0;0;2;1;2;D01
201700045418;1;7;0;0;2;1;2;A01
201700045419;1;34;0;0;2;4;21;B01
201700045419;1;31;0;0;2;1;21;A01
201700045420;2;34;0;0;2;1;0;B01
201700045420;2;7;0;0;2;3;16;A01
201700045421;0;7;0;0;9;8;1;B01
201700045421;0;1;0;0;2;1;19;A01
201700045422;2;7;0;0;9;6;0;A01
201700045422;2;7;0;0;2;2;0;B01
201700045423;1;1;0;0;0;0;0;A01
201700045424;2;30;0;15;0;7;14;A01
201700045425;1;7;0;0;2;1;21;A01
201700045425;1;33;0;0;2;4;7;B01
201700045426;1;33;0;8;0;1;13;A01
201700045427;1;37;0;0;2;1;9;A01
201700045427;1;7;0;0;2;4;23;B01
201700045428;1;7;0;1;0;1;0;A01
201700045428;1;37;0;0;2;4;0;B01
201700045429;2;7;0;0;2;1;1;B01
201700045429;1;10;0;0;2;7;15;A01
201700045430;2;31;0;8;0;1;0;A01
201700045431;2;7;0;0;2;4;23;B01
201700045432;1;7;0;0;2;4;2;B01
201700045432;1;7;0;1;2;1;23;A01
201700045433;0;7;0;4;0;1;11;A01
201700045434;0;7;0;0;2;1;0;A01
201700045434;0;7;0;0;2;4;1;B01
201700045435;1;30;0;0;2;1;17;B01
201700045435;1;7;0;0;9;3;15;A01
201700045436;0;7;0;0;1;0;7;Z01
201700045437;1;34;0;0;2;1;17;A01
201700045437;1;7;0;0;2;3;15;B01
201700045438;1;7;0;0;2;6;10;A01
201700045438;1;33;0;0;2;1;2;B01
201700045439;1;7;0;0;2;4;24;B01
201700045439;1;7;0;0;2;1;23;A01
201700045440;0;2;0;0;2;1;1;B01
201700045440;0;7;0;0;2;3;5;A01
201700045441;1;7;0;0;2;2;19;A01
201700045441;2;33;0;0;2;1;19;B01
201700045442;1;7;0;0;2;1;2;A01
201700045442;1;7;0;0;2;4;1;B01
201700045443;2;7;0;0;0;6;23;B01
201700045443;2;33;0;0;0;1;21;A01
201700045444;0;1;0;0;0;7;2;B01
201700045444;0;7;0;0;9;2;2;A01
201700045445;2;34;0;0;2;1;2;A01
201700045445;2;10;0;0;2;1;2;C01
201700045445;2;10;0;0;2;5;1;B01
201700045446;2;15;0;0;1;1;2;A01
201700045447;2;34;0;12;0;1;21;A01
201700045448;1;7;0;0;2;7;0;A01
201700045448;1;7;0;0;2;1;0;B01
201700045449;2;7;0;15;0;2;21;A01
201700045450;1;7;0;11;0;2;1;A01
201700045451;2;7;0;0;0;2;22;B01
201700045451;2;7;0;0;2;8;2;C01
201700045451;2;33;0;0;2;1;18;A01
201700045452;2;7;0;0;2;1;23;B01
201700045452;2;7;0;0;2;4;23;C01
201700045452;2;7;0;0;2;1;2;Z01
201700045453;2;7;0;0;2;6;2;B01
201700045453;2;7;0;0;2;1;2;A01
201700045454;1;7;0;0;0;8;15;B01
201700045454;1;7;0;0;0;1;17;A01
201700045455;1;7;0;0;0;2;19;A01
201700045455;2;7;0;9;2;7;21;B01
201700045456;1;7;0;0;2;3;1;B01
201700045456;2;7;0;0;2;1;1;A01
201700045457;1;31;0;12;5;3;19;A01
201700045458;1;7;0;0;1;0;1;Z01
201700045459;1;7;0;0;2;1;16;B01
201700045459;1;37;0;0;2;2;2;A01
201700045460;2;7;0;0;2;4;2;B01
201700045460;2;7;0;0;2;1;2;A01
201700045461;1;7;0;0;2;3;23;B01
201700045461;2;7;0;0;2;3;13;A01
201700045462;2;7;0;0;2;1;15;B01
201700045462;1;7;0;0;2;9;21;A01
201700045463;2;7;0;0;2;1;15;A01
201700045463;1;34;0;0;2;1;2;B01
201700045464;1;99;0;0;0;0;7;A01
201700045465;2;7;0;1;0;1;2;A01
201700045466;1;7;0;1;0;1;0;A01
201700045467;2;14;0;0;2;2;12;A01
201700045467;2;7;0;0;2;8;2;B01
201700045468;1;33;0;0;2;1;1;A01
201700045468;1;99;0;0;2;7;0;B01
201700045469;2;7;0;15;2;2;1;B01
201700045469;2;7;0;0;2;8;11;A01
201700045469;2;7;0;0;9;2;0;C01
201700045470;1;14;0;1;0;0;2;A01
201700045470;1;99;0;1;0;0;0;B01
201700045471;2;7;0;0;2;1;7;A01
201700045471;2;7;0;0;2;4;2;B01
201700045472;2;7;0;0;2;0;13;A01
201700045472;1;7;0;0;2;3;2;B01
201700045473;1;7;0;0;2;1;1;A01
201700045473;1;1;0;0;0;0;1;B01
201700045474;1;7;0;0;2;7;19;A01
201700045474;1;7;0;0;2;5;16;B01
201700045474;1;7;0;1;2;3;23;C01
201700045475;1;7;0;0;1;1;0;A01
201700045476;1;34;0;15;0;3;2;A01
201700045477;1;7;0;0;2;1;1;A01
201700045477;1;7;0;0;9;6;9;B01
201700045478;2;7;0;0;2;4;23;B01
201700045478;2;7;0;0;2;1;2;A01
201700045478;2;7;0;0;2;4;23;C01
201700045479;1;7;0;0;2;1;23;A01
201700045479;1;33;0;0;2;4;23;B01
201700045480;1;7;0;1;0;1;17;Z01
201700045481;2;7;0;0;2;1;13;A01
201700045481;1;14;0;0;2;1;1;B01
201700045482;2;37;50;0;2;1;2;A01
201700045482;2;7;0;0;2;4;1;C01
201700045482;2;7;0;0;2;9;2;B01
201700045483;1;7;0;0;1;1;9;A01
201700045484;1;33;0;0;1;1;18;A01
201700045485;1;7;0;0;2;1;2;A01
201700045485;1;7;0;0;2;4;23;B01
201700045486;1;7;0;0;2;1;0;A01
201700045486;1;7;0;0;2;1;1;B01
201700045487;1;33;0;0;2;0;0;B01
201700045487;1;7;0;0;2;0;0;A01
201700045488;1;7;0;0;1;1;16;A01
201700045489;1;7;0;0;0;0;16;A01
201700045490;1;7;0;9;2;1;15;A01
201700045490;1;7;0;0;2;3;2;B01
201700045491;2;7;0;0;2;1;2;A01
201700045491;2;7;0;0;2;4;23;B01
201700045492;1;7;0;0;1;8;15;A01
201700045493;2;7;0;0;2;4;2;C01
201700045493;2;7;0;0;2;4;2;B01
201700045493;2;7;0;0;2;1;2;A01
201700045494;1;7;0;0;1;0;19;A01
201700045495;2;31;0;5;0;7;0;A01
201700045496;1;7;0;0;2;3;15;A01
201700045496;1;33;0;0;2;2;23;B01
201700045497;2;7;0;0;1;1;1;A01
201700045498;2;7;0;0;2;4;2;B01
201700045498;2;7;0;0;2;1;2;A01
201700045499;1;7;0;0;1;3;15;A01
201700045500;1;7;0;0;1;1;15;A01
201700045501;1;7;0;0;1;1;1;A01
201700045502;1;7;0;0;1;1;15;A01
201700045503;1;7;0;0;0;3;0;A01
201700045504;2;10;0;0;9;3;1;A01
201700045505;2;7;0;0;2;1;2;A01
201700045505;2;7;0;0;2;4;23;B01
201700045505;2;7;0;0;2;4;23;C01
201700045506;1;7;0;2;0;3;1;A01
201700045507;1;7;0;3;2;9;5;A01
201700045507;2;7;0;0;2;1;1;B01
201700045508;0;7;0;0;0;3;15;A01
201700045509;0;7;0;0;2;4;2;B01
201700045510;0;1;0;0;0;0;0;A01
201700045511;1;7;0;0;1;2;14;A01
201700045512;2;34;0;0;2;1;1;A01
201700045512;2;7;0;0;2;8;15;B01
201700045513;0;7;0;1;2;0;20;A01
201700045513;0;2;0;0;2;0;21;B01
201700045514;0;7;0;0;1;1;1;A01
201700045515;2;10;0;0;2;3;1;A01
201700045515;1;7;0;0;2;1;15;B01
201700045516;2;7;0;0;0;4;2;B01
201700045516;2;7;0;0;2;1;2;A01
201700045517;1;7;0;0;2;3;11;A01
201700045517;1;33;0;0;2;7;1;B01
201700045518;0;7;0;0;0;6;11;B01
201700045518;0;33;0;0;0;8;1;A01
201700045519;0;7;0;0;1;6;4;A01
201700045520;1;7;0;4;2;1;5;A01
201700045520;2;7;0;0;2;1;1;B01
201700045521;1;7;0;0;1;3;1;A01
201700045522;0;7;0;0;2;1;2;A01
201700045522;0;7;0;0;2;4;2;B01
201700045523;2;7;0;8;2;2;1;A01
201700045523;0;7;0;0;2;1;1;B01
201700045524;0;7;0;0;2;2;2;A01
201700045525;0;7;0;0;0;0;0;A01
201700045525;0;33;0;0;0;0;0;B01
201700045526;0;7;0;0;1;1;1;A01
201700045527;0;7;0;8;0;1;1;A01
201700045528;0;7;0;0;2;7;14;C01
201700045528;0;7;0;0;2;1;0;B01
201700045528;0;7;0;0;2;1;15;A01
201700045529;0;7;0;6;0;1;1;A01
201700045530;2;7;0;0;2;1;2;A01
201700045530;2;7;0;0;2;6;1;B01
201700045531;2;7;0;0;2;4;23;B01
201700045531;2;7;0;0;2;1;2;A01
201700045532;1;7;0;0;2;1;1;A01
201700045532;0;37;1;0;2;8;1;B01
201700045533;0;32;0;0;0;3;0;A01
201700045534;0;7;0;0;0;6;23;B01
201700045534;0;10;0;0;2;2;1;A01
201700045535;1;33;0;0;2;1;2;A01
201700045535;1;7;0;0;2;4;23;Z01
201700045536;1;33;0;0;2;2;3;B01
201700045536;1;7;0;0;2;2;1;C01
201700045536;1;7;0;0;2;3;13;A01
201700045537;0;7;0;0;2;1;17;A01
201700045537;0;7;0;0;2;8;2;B01
201700045538;1;7;0;0;2;1;2;Z01
201700045538;1;7;0;0;2;6;10;A01
201700045539;0;7;0;0;0;0;0;A01
201700045539;0;33;0;0;0;0;0;B01
201700045540;1;7;0;9;0;4;2;B01
201700045540;1;7;0;0;0;0;0;Z01
201700045541;0;7;0;0;0;0;0;A01
201700045541;0;7;0;0;0;0;0;B01
201700045542;0;7;0;0;1;1;2;A01
201700045543;2;30;0;0;2;1;1;A01
201700045543;1;7;0;0;2;7;15;B01
201700045544;1;7;0;0;1;3;1;A01
201700045545;0;7;0;0;0;3;2;A01
201700045546;1;7;0;12;0;3;0;A01
201700045546;0;7;0;0;0;9;0;C01
201700045546;0;7;0;0;0;9;0;D01
201700045546;0;7;0;0;0;9;0;B01
201700045547;1;30;0;0;0;7;21;A01
201700045548;0;7;0;0;2;1;12;A01
201700045548;0;7;0;0;2;3;1;B01
201700045549;0;7;0;0;2;2;1;A01
201700045549;0;7;0;0;2;3;9;B01
201700045550;1;7;0;0;2;1;1;A01
201700045550;0;7;0;;2;3;15;B01
201700045551;2;10;0;0;2;1;2;D01
201700045551;2;7;0;0;2;4;23;C01
201700045551;2;14;0;0;2;9;2;A01
201700045551;2;7;0;0;2;9;23;B01
201700045552;0;7;0;9;0;1;16;A01
201700045553;0;7;0;0;2;8;1;B01
201700045553;0;33;0;0;2;1;17;A01
201700045554;0;7;0;0;1;1;0;A01
201700045555;0;1;0;0;2;1;1;B01
201700045555;0;7;0;0;2;3;9;A01
201700045556;1;7;0;0;1;2;1;A01
201700045557;1;7;0;8;0;1;21;A01
201700045558;1;34;0;0;1;1;0;A01
201700045559;0;7;0;0;2;3;1;B01
201700045559;0;3;0;0;2;1;1;A01
201700045560;0;7;0;0;1;1;1;A01
201700045561;2;7;0;0;2;1;5;A01
201700045561;1;13;0;0;2;1;1;B01
201700045562;2;7;0;0;2;1;15;A01
201700045562;2;7;0;0;2;3;1;B01
201700045563;2;33;0;0;2;3;3;A01
201700045563;1;10;0;0;2;3;15;B01
201700045564;0;34;0;0;1;7;17;A01
201700045565;0;34;0;0;2;2;15;A01
201700045565;0;7;0;0;2;1;0;B01
201700045566;0;7;0;0;1;1;1;A01
201700045567;0;1;0;0;2;5;1;A01
201700045567;0;34;0;0;2;1;15;B01
201700045568;2;7;0;0;1;8;0;Z01
201700045569;0;1;0;0;1;1;1;A01
201700045570;0;99;0;0;1;1;1;Z01
201700045571;0;7;0;0;2;3;1;A01
201700045571;0;32;0;0;2;3;15;B01
201700045572;0;7;0;0;1;2;0;A01
201700045573;0;2;0;0;2;1;1;B01
201700045573;0;10;0;0;2;6;1;A01
201700045574;0;7;0;0;9;3;22;A01
201700045574;0;1;0;1;2;1;17;B01
201700045575;0;33;0;0;2;4;1;B01
201700045575;2;7;0;0;2;1;1;A01
201700045576;0;33;0;0;2;1;1;A01
201700045576;0;7;0;0;2;3;20;B01
201700045577;0;2;0;0;0;7;10;A01
201700045578;0;30;0;1;2;7;2;A01
201700045578;0;37;0;0;2;5;2;C01
201700045579;0;7;0;0;1;1;15;Z01
201700045580;0;7;0;0;1;1;14;A01
201700045581;0;99;0;8;0;1;1;A01
201700045582;1;34;0;14;2;1;0;A01
201700045583;0;31;0;0;0;0;2;B01
201700045583;0;2;0;0;0;0;2;A01
201700045584;0;30;0;0;0;7;1;A01
201700045585;0;7;0;0;2;8;10;Z01
201700045585;0;2;0;0;2;1;1;B01
201700045586;0;32;0;0;2;7;1;A01
201700045586;0;7;0;0;2;3;1;Z01
201700045587;0;7;0;15;0;1;1;A01
201700045588;1;7;0;0;2;3;1;A01
201700045588;1;7;0;0;2;8;15;B01
201700045589;0;7;0;0;2;7;15;A01
201700045589;0;2;0;0;2;1;1;B01
201700045590;0;7;0;0;2;3;9;A01
201700045590;0;2;0;0;2;7;1;B01
201700045591;2;7;0;0;2;2;1;A01
201700045591;2;31;0;0;2;8;16;B01
201700045592;2;7;0;0;2;6;15;A01
201700045592;1;1;0;0;1;1;1;B01
201700045593;2;10;0;0;2;8;22;A01
201700045593;2;1;0;1;0;1;7;B01
201700045594;1;7;0;0;1;3;16;A01
201700045595;2;7;0;0;2;8;24;A01
201700045595;2;1;0;1;0;1;1;B01
201700045596;1;7;0;0;2;3;2;A01
201700045596;1;1;0;0;2;7;15;B01
201700045597;2;7;0;0;2;1;1;A01
201700045597;2;99;0;0;2;8;1;B01
201700045598;2;33;0;0;1;1;1;A01
201700045599;0;7;0;0;2;3;13;A01
201700045599;0;7;0;0;2;3;20;B01
201700045600;0;31;0;0;2;7;17;A01
201700045600;0;10;0;0;2;8;15;B01
201700045601;1;7;0;0;1;2;1;Z01
201700045602;1;7;0;0;2;6;23;A01
201700045602;1;10;0;0;2;6;2;B01
201700045603;1;14;0;0;2;7;13;A01
201700045603;1;7;0;14;2;8;13;B01
201700045604;2;7;0;0;1;2;20;A01
201700045605;0;36;0;12;0;1;2;A01
201700045606;1;30;0;0;0;7;1;A01
201700045607;2;7;0;2;9;1;20;A01
201700045608;1;7;0;0;2;2;12;A01
201700045608;1;33;0;0;2;8;2;B01
201700045609;1;99;0;0;2;3;15;B01
201700045609;1;7;0;0;2;1;1;A01
201700045610;1;37;0;0;0;0;17;A01
201700045610;1;31;0;0;0;7;17;B01
201700045611;2;31;0;0;1;1;1;A01
201700045612;2;31;0;0;0;0;13;A01
201700045613;2;34;0;0;1;2;1;A01
201700045614;1;7;0;0;1;3;1;A01
201700045615;1;10;0;16;1;4;14;A01
201700045615;1;33;0;1;1;4;24;B01
201700045616;1;31;0;0;2;1;1;A01
201700045617;1;7;0;0;2;2;1;A01
201700045617;1;1;0;0;2;1;2;B01
201700045618;2;7;0;0;2;2;15;A01
201700045618;1;34;0;0;2;1;1;B01
201700045619;2;7;0;6;0;1;16;A01
201700045620;2;7;0;0;2;1;1;A01
201700045620;2;7;0;0;2;4;2;B01
201700045621;1;31;0;0;2;7;1;A01
201700045621;2;7;0;0;2;6;1;B01
201700045622;2;7;0;0;2;1;2;A01
201700045622;2;7;0;0;2;4;2;B01
201700045623;2;2;0;0;0;8;21;A01
201700045624;1;7;0;0;2;5;15;A01
201700045624;2;33;0;0;2;1;1;B01
201700045625;1;7;0;0;2;3;15;B01
201700045625;1;34;0;0;2;7;1;A01
201700045626;2;10;0;0;1;1;1;A01
201700045627;1;34;0;0;1;1;21;A01
201700045628;1;33;0;0;2;8;1;B01
201700045628;2;7;0;0;2;3;1;A01
201700045629;1;7;0;0;2;1;15;A01
201700045629;2;34;0;0;2;1;21;B01
201700045630;2;34;0;0;2;1;14;A01
201700045630;1;99;0;0;2;1;23;B01
201700045631;0;30;0;0;2;2;2;A01
201700045631;0;7;0;0;2;3;6;B01
201700045632;0;33;0;0;0;7;11;B01
201700045632;0;7;0;0;0;3;11;A01
201700045633;1;10;0;0;2;2;6;A01
201700045633;2;10;0;0;2;3;16;B01
201700045634;1;30;0;0;2;0;21;A01
201700045634;0;7;0;0;0;0;0;B01
201700045635;2;7;0;0;1;1;9;A01
201700045636;2;7;0;0;1;8;1;A01
201700045637;1;7;0;0;0;1;10;A01
201700045637;0;1;0;0;0;8;2;B01
201700045638;0;7;0;0;2;0;0;A01
201700045638;0;7;0;0;2;3;0;B01
201700045639;1;7;0;12;0;1;1;A01
201700045640;0;2;0;0;1;1;11;A01
201700045641;0;7;0;0;1;1;0;A01
201700045642;2;33;0;4;2;2;17;A01
201700045642;2;37;0;0;2;3;1;B01
201700045643;1;30;0;0;2;0;0;B01
201700045643;0;10;0;0;2;1;1;A01
201700045644;0;7;0;0;0;0;0;A01
201700045645;2;7;0;0;2;7;15;B01
201700045645;1;14;0;0;2;3;1;A01
201700045646;0;7;0;0;1;2;15;A01
201700045647;1;7;0;0;0;2;15;A01
201700045647;2;34;0;0;2;3;1;B01
201700045648;2;7;0;0;1;2;11;A01
201700045649;0;7;0;0;2;7;20;A01
201700045649;0;32;0;0;2;3;2;B01
201700045650;2;7;0;0;2;4;23;B01
201700045650;2;7;0;0;2;1;2;A01
201700045651;2;7;0;0;2;3;2;C01
201700045651;2;33;0;0;2;1;2;A01
201700045651;2;7;0;0;0;4;2;B01