num_acc;senc;catv;occutc;obs;obsm;choc;manv;num_veh
201700046040;1;33;0;0;1;1;1;Z01
201700046041;1;7;0;0;1;1;1;A01
201700046042;0;7;0;0;1;1;16;A01
201700046043;1;7;0;0;2;2;1;B01
201700046043;0;10;0;0;2;3;1;A01
201700046044;0;7;0;0;1;1;15;A01
201700046045;0;14;0;0;2;3;19;B01
201700046045;0;7;0;0;2;2;19;A01
201700046046;0;7;0;0;1;2;1;Z01
201700046047;2;7;0;4;0;1;1;A01
201700046048;0;7;0;0;2;3;1;B01
201700046048;0;7;0;0;2;3;1;A01
201700046049;1;7;0;;2;8;1;B01
201700046049;1;7;0;3;2;1;15;A01
201700046050;2;3;0;0;2;6;2;B01
201700046050;2;7;0;0;2;2;14;A01
201700046051;0;31;0;16;0;1;14;A01
201700046052;2;7;0;0;2;8;11;B01
201700046052;2;10;0;0;2;1;1;A01
201700046053;0;34;0;0;2;1;1;B01
201700046053;0;37;2;0;2;2;9;A01
201700046054;0;7;0;0;2;3;13;A01
201700046054;0;7;0;1;2;1;1;C01
201700046054;0;7;0;0;2;1;1;B01
201700046055;0;37;25;2;0;1;1;A01
201700046056;1;31;0;0;2;1;17;B01
201700046056;1;7;0;0;2;8;15;A01
201700046057;1;33;0;12;0;2;9;A01
201700046058;0;7;0;0;1;2;11;A01
201700046059;0;33;0;0;2;2;21;A01
201700046059;0;7;0;0;2;3;15;B01
201700046060;0;7;0;0;1;1;1;A01
201700046061;2;7;0;0;1;1;1;A01
201700046062;0;7;0;12;0;1;21;A01
201700046063;1;7;0;0;2;2;1;A01
201700046063;1;30;0;0;2;6;2;B01
201700046064;0;7;0;0;1;1;21;A01
201700046065;1;7;0;15;0;9;6;A01
201700046066;2;7;0;0;1;0;0;Z01
201700046067;0;7;0;0;1;3;15;A01
201700046068;1;7;0;0;2;1;1;A01
201700046068;1;7;0;0;2;5;2;B01
201700046069;1;7;0;0;0;0;0;Z01
201700046069;1;32;0;0;2;8;1;A01
201700046070;1;7;0;16;0;2;14;A01
201700046071;1;7;0;0;1;1;1;A01
201700046072;1;7;0;0;1;1;1;A01
201700046073;1;7;0;0;1;2;1;A01
201700046074;1;7;0;1;2;1;5;A01
201700046074;2;7;0;0;2;1;2;B01
201700046074;2;7;0;0;2;1;1;D01
201700046075;1;2;0;0;2;2;9;B01
201700046075;1;7;0;0;2;2;1;A01
201700046076;1;7;0;1;1;1;1;A01
201700046077;0;7;0;0;1;3;1;A01
201700046078;0;7;0;0;1;1;1;A01
201700046079;0;7;0;0;2;1;1;B01
201700046079;0;7;0;0;2;1;1;A01
201700046080;2;7;0;2;0;2;14;A01
201700046081;2;7;0;0;1;1;13;A01
201700046082;0;7;0;0;1;2;1;A01
201700046083;0;7;0;0;1;3;1;A01
201700046084;0;7;0;0;2;4;2;C01
201700046084;0;7;0;0;2;4;2;B01
201700046084;0;7;0;0;2;1;1;A01
201700046084;0;7;0;0;0;4;2;D01
201700046085;0;7;0;0;1;1;1;Z01
201700046086;0;7;0;0;1;3;1;A01
201700046087;0;7;0;0;2;6;15;A01
201700046087;0;33;0;0;2;1;1;B01
201700046088;0;7;0;0;1;7;16;A01
201700046089;0;1;0;0;1;1;1;Z01
201700046090;0;7;0;0;1;2;1;A01
201700046091;0;7;0;0;2;3;1;A01
201700046091;0;7;0;0;2;3;1;B01
201700046092;1;7;0;0;2;2;1;A01
201700046092;0;7;0;0;2;3;15;B01
201700046093;1;31;0;0;2;4;1;Z01
201700046093;1;7;0;0;2;1;1;A01
201700046094;1;7;0;0;2;1;1;A01
201700046094;1;7;0;0;0;4;2;B01
201700046095;1;7;0;0;2;5;21;A01
201700046095;1;7;0;0;2;3;1;B01
201700046096;0;2;0;0;2;4;2;B01
201700046096;0;7;0;0;2;1;1;A01
201700046097;1;7;0;0;4;4;2;B01
201700046097;1;7;0;0;2;1;1;A01
201700046098;0;7;0;0;1;1;11;A01
201700046099;1;7;0;0;1;2;1;A01
201700046099;1;7;0;0;2;1;1;B01
201700046100;1;7;0;0;2;1;1;B01
201700046100;1;7;0;0;2;3;15;A01
201700046101;1;33;0;0;2;2;1;A01
201700046101;1;7;0;0;2;0;0;Z01
201700046102;0;7;0;0;2;1;1;Z01
201700046102;1;7;0;0;2;6;2;B01
201700046102;0;7;0;0;2;7;2;A01
201700046103;1;3;0;1;0;2;1;A01
201700046104;0;7;0;0;1;3;1;A01
201700046105;1;7;0;0;2;1;1;A01
201700046105;0;7;0;0;2;4;2;B01
201700046106;1;7;0;0;1;2;18;Z01
201700046107;1;7;0;0;2;1;1;A01
201700046107;2;7;0;0;2;2;15;B01
201700046108;0;7;0;0;2;3;11;A01
201700046108;0;99;0;8;2;9;17;B01
201700046109;2;7;0;0;2;7;15;A01
201700046109;2;7;0;0;2;1;1;B01
201700046110;0;7;0;0;1;2;16;A01
201700046111;1;31;0;0;2;2;1;A01
201700046111;0;7;0;0;0;1;1;Z01
201700046112;1;7;0;0;2;2;17;Z01
201700046112;1;7;0;0;2;4;23;A01
201700046113;1;7;0;0;2;3;13;A01
201700046113;2;7;0;12;2;3;1;B01
201700046114;0;7;0;0;2;3;13;A01
201700046114;1;7;0;0;2;3;21;B01
201700046115;1;7;0;0;2;1;1;A01
201700046115;1;7;0;0;2;4;2;B01
201700046116;1;7;0;0;2;4;23;A01
201700046116;1;7;0;0;2;1;1;B01
201700046117;0;7;0;0;2;1;1;B01
201700046117;0;7;0;0;2;1;1;A01
201700046118;1;7;0;0;2;3;17;B01
201700046118;1;7;0;0;2;7;11;A01
201700046119;0;34;0;0;1;1;1;Z01
201700046120;0;7;0;0;2;2;13;A01
201700046120;0;7;0;0;2;3;13;B01
201700046121;0;7;0;0;1;2;1;A01
201700046122;2;37;15;0;2;3;1;B01
201700046122;1;7;0;0;2;1;13;A01
201700046123;0;7;0;0;1;1;1;A01
201700046124;;7;0;0;1;1;19;Z01
201700046125;1;7;0;0;2;2;12;A01
201700046125;1;34;0;0;2;3;18;B01
201700046126;0;7;0;0;2;8;15;A01
201700046126;1;33;0;0;2;7;17;B01
201700046127;0;7;0;0;1;3;1;A01
201700046128;2;7;0;0;1;8;1;A01
201700046129;0;40;15;0;1;2;1;A01
201700046130;0;7;0;0;2;4;12;B01
201700046130;0;7;0;0;2;1;1;A01
201700046131;0;1;0;0;2;7;1;B01
201700046131;0;7;0;0;2;8;22;A01
201700046132;1;7;0;0;2;4;15;A01
201700046132;1;7;0;0;2;4;17;B01
201700046132;1;7;0;0;2;4;2;C01
201700046132;1;7;0;0;2;1;15;Z01
201700046133;0;7;0;0;2;3;2;B01
201700046133;0;7;0;0;2;3;16;A01
201700046134;2;7;0;0;2;8;1;B01
201700046134;1;7;0;0;2;3;11;A01
201700046135;1;31;0;0;2;4;2;B01
201700046135;1;33;0;0;2;1;1;A01
201700046136;1;7;0;0;2;4;1;B01
201700046136;1;7;0;0;2;4;2;C01
201700046136;1;7;0;0;2;1;9;A01
201700046136;1;10;0;0;2;6;2;D01
201700046137;1;7;0;0;2;3;1;B01
201700046137;1;7;0;0;2;6;19;A01
201700046138;0;7;0;0;1;1;1;A01
201700046139;0;7;0;0;1;1;15;A01
201700046140;1;7;0;0;2;1;1;A01
201700046140;1;30;0;0;2;2;2;B01
201700046141;0;7;0;0;2;5;19;A01
201700046142;1;7;0;0;2;3;17;A01
201700046142;0;7;0;1;2;6;21;B01
201700046143;0;7;0;0;2;3;1;B01
201700046143;0;7;0;0;2;3;15;A01
201700046144;1;7;0;0;5;1;1;A01
201700046145;1;7;0;0;2;2;15;A01
201700046145;1;31;0;0;2;2;1;B01
201700046146;0;7;0;0;1;2;14;A01
201700046147;1;7;0;0;1;3;1;A01
201700046148;0;7;0;0;1;1;9;A01
201700046149;1;7;0;8;0;2;1;A01
201700046150;1;10;0;0;2;2;1;A01
201700046150;1;7;0;0;2;7;2;B01
201700046151;1;7;0;0;2;5;2;B01
201700046151;1;7;0;15;2;1;1;A01
201700046152;1;7;0;0;2;4;9;B01
201700046152;1;7;0;0;2;1;1;A01
201700046153;0;7;0;0;1;1;1;A01
201700046154;1;10;0;0;2;2;1;A01
201700046154;1;7;0;1;2;3;2;C01
201700046154;1;7;0;0;2;6;2;B01
201700046154;1;7;0;0;2;2;2;D01
201700046155;0;7;0;0;1;2;1;A01
201700046156;0;7;0;0;2;4;2;A01
201700046156;0;7;0;0;2;1;1;B01
201700046157;0;7;0;0;1;1;17;A01
201700046158;1;10;0;0;1;1;1;Z01
201700046159;1;7;0;0;2;1;5;A01
201700046159;2;7;0;0;2;1;1;B01
201700046160;0;34;0;0;1;1;1;Z01
201700046161;0;7;0;0;1;1;1;Z01
201700046162;1;13;0;0;1;1;16;A01
201700046163;1;7;0;0;2;1;21;A01
201700046163;2;7;0;0;2;1;1;B01
201700046164;1;7;0;0;2;5;21;Z01
201700046164;1;37;3;0;2;3;1;B01
201700046165;1;2;0;0;1;7;17;A01
201700046166;1;10;0;1;0;8;24;A01
201700046166;1;1;0;1;0;2;17;B01
201700046167;1;31;0;0;2;5;2;A01
201700046167;1;7;0;0;2;3;11;B01
201700046168;2;32;0;0;2;1;15;A01
201700046168;1;7;0;0;2;3;1;B01
201700046169;1;7;0;0;2;6;9;A01
201700046169;1;32;0;0;2;1;1;B01
201700046170;1;7;0;0;2;0;2;A01
201700046170;1;2;0;0;2;0;2;B01
201700046171;2;7;0;0;1;0;0;Z01
201700046172;1;7;0;0;2;1;2;A01
201700046172;1;7;0;0;2;4;2;B01
201700046173;2;7;0;0;2;1;2;A01
201700046173;2;7;0;0;2;4;2;B01
201700046174;2;3;0;0;2;2;2;A01
201700046174;2;2;0;0;2;3;2;B01
201700046174;2;7;0;0;2;4;2;C01
201700046175;2;2;0;0;2;1;17;A01
201700046175;2;7;0;0;2;3;0;B01
201700046176;2;7;0;0;2;1;2;A01
201700046176;2;3;0;0;2;4;2;B01
201700046177;1;2;0;0;2;0;17;A01
201700046177;1;7;0;0;2;3;1;B01
201700046178;1;7;0;0;1;1;5;A01
201700046179;2;7;0;0;2;7;19;A01
201700046179;1;7;0;0;2;1;1;B01
201700046180;1;7;0;0;2;1;19;A01
201700046180;2;32;0;0;2;5;17;B01
201700046181;1;7;0;0;2;1;2;A01
201700046181;1;7;0;0;2;4;2;B01
201700046181;1;7;0;0;9;4;2;C01
201700046182;2;31;0;0;2;1;17;A01
201700046182;1;33;0;0;2;1;1;B01
201700046183;1;33;0;0;1;1;1;A01
201700046184;1;7;0;0;2;3;9;A01
201700046184;2;31;0;0;2;1;17;B01
201700046185;1;7;0;0;2;1;1;B01
201700046185;1;7;0;0;2;4;24;E01
201700046185;2;7;0;0;2;2;19;A01
201700046186;2;7;0;1;0;2;1;A01
201700046187;1;32;0;0;2;0;17;A01
201700046187;1;7;0;0;0;0;0;B01
201700046188;1;7;0;0;1;3;1;A01
201700046189;1;7;0;1;0;1;1;A01
201700046190;2;7;0;0;2;2;13;B01
201700046190;1;7;0;0;2;1;0;C01
201700046190;1;7;0;0;9;0;19;A01
201700046191;2;7;0;0;1;2;0;A01
201700046192;2;30;0;0;0;0;0;A01
201700046193;1;7;0;0;2;1;13;A01
201700046193;2;7;0;0;2;1;0;B01
201700046194;1;7;0;0;2;7;16;A01
201700046194;1;7;0;0;2;3;15;B01
201700046195;1;32;0;0;1;0;0;Z01
201700046196;1;7;0;0;1;2;0;A01
201700046197;2;7;0;0;2;3;15;A01
201700046197;2;33;0;0;2;1;1;B01
201700046198;1;34;0;0;2;2;0;A01
201700046198;1;7;0;0;2;6;0;B01
201700046199;2;7;0;0;2;1;2;A01
201700046199;2;7;0;0;2;4;2;B01
201700046199;2;7;0;0;2;4;2;C01
201700046200;2;34;0;0;2;1;1;B01
201700046200;1;7;0;0;2;3;15;A01
201700046201;1;7;0;0;1;1;1;A01
201700046202;1;7;0;0;2;2;16;A01
201700046202;1;30;0;0;2;3;1;B01
201700046203;2;7;0;0;0;9;0;A01
201700046204;2;32;0;0;2;0;0;A01
201700046204;2;7;0;0;2;0;0;B01
201700046205;1;7;0;0;2;8;0;A01
201700046205;1;2;0;0;2;8;0;B01
201700046206;1;7;0;0;2;4;1;A01
201700046206;1;30;0;0;0;0;0;B01
201700046207;1;7;0;0;1;1;0;A01
201700046208;1;7;0;0;2;3;15;A01
201700046208;2;33;0;0;2;1;1;B01
201700046209;2;7;0;0;1;2;0;A01
201700046210;1;33;0;0;2;2;0;A01
201700046210;1;7;0;0;2;3;15;B01
201700046211;2;7;0;11;0;3;15;A01
201700046212;2;7;0;0;2;2;15;A01
201700046212;2;33;0;0;2;8;0;B01
201700046213;2;7;0;0;2;3;0;A01
201700046213;1;33;0;0;2;1;1;B01
201700046214;2;7;0;0;2;2;23;A01
201700046214;2;30;0;1;0;2;0;B01
201700046215;1;7;0;0;2;0;0;A01
201700046215;1;32;0;0;0;0;0;B01
201700046216;2;30;0;0;1;0;0;A01
201700046217;1;33;0;0;2;1;17;A01
201700046217;1;7;0;0;2;6;15;B01
201700046218;2;7;0;0;2;1;0;A01
201700046218;2;7;0;0;2;4;0;B01
201700046219;2;7;0;0;2;3;0;A01
201700046219;2;2;0;0;2;3;0;B01
201700046220;1;7;0;0;2;1;0;A01
201700046220;1;7;0;0;2;4;0;B01
201700046221;1;7;0;0;2;1;2;A01
201700046221;1;33;0;0;2;4;2;B01
201700046222;1;7;0;0;2;3;15;A01
201700046222;1;2;0;0;2;1;0;B01
201700046223;2;2;0;0;2;2;0;A01
201700046223;1;7;0;0;2;3;0;B01
201700046224;1;7;0;0;2;1;0;A01
201700046224;1;7;0;0;2;6;0;B01
201700046225;2;7;0;0;2;3;0;A01
201700046225;1;31;0;0;2;1;0;B01
201700046226;1;7;0;0;2;1;2;A01
201700046226;1;7;0;0;2;1;2;B01
201700046226;1;7;0;0;2;4;2;C01
201700046227;2;33;0;0;2;2;0;A01
201700046227;2;7;0;0;2;6;0;B01
201700046228;1;7;0;9;0;0;0;A01
201700046229;2;2;0;0;2;1;17;A01
201700046229;2;7;0;0;2;8;13;B01
201700046230;2;7;0;16;0;0;9;A01
201700046230;1;32;0;0;2;1;0;B01
201700046230;1;31;0;0;2;4;0;C01
201700046231;1;7;0;0;2;1;9;A01
201700046231;2;33;0;0;2;7;3;B01
201700046231;2;7;0;0;2;3;1;C01
201700046232;2;7;0;0;2;8;0;A01
201700046232;2;7;0;0;2;8;1;B01
201700046233;1;7;0;0;2;8;15;A01
201700046233;1;30;0;0;2;1;17;B01
201700046234;1;7;0;0;2;3;9;A01
201700046234;2;31;0;0;2;1;17;B01
201700046235;2;30;0;0;1;1;17;A01
201700046236;2;2;0;0;2;2;0;A01
201700046236;1;7;0;0;2;2;0;B01
201700046237;1;7;0;0;2;8;0;A01
201700046237;1;30;0;0;2;1;0;B01
201700046238;1;7;0;0;1;0;0;Z01
201700046239;1;33;0;0;2;1;0;B01
201700046239;1;7;0;0;2;2;0;A01
201700046240;2;7;0;0;2;3;9;A01
201700046240;1;30;0;0;2;0;0;B01
201700046240;2;7;0;0;2;0;0;C01
201700046241;1;7;0;0;2;2;15;A01
201700046241;2;32;0;0;2;3;0;B01
201700046242;1;7;0;0;2;4;0;A01
201700046242;1;7;0;0;2;4;0;B01
201700046242;1;10;0;0;2;1;0;C01
201700046242;1;7;0;0;2;1;0;D01
201700046243;2;7;0;0;2;1;2;A01
201700046243;2;7;0;0;2;5;0;B01
201700046244;1;7;0;0;1;5;0;A01
201700046245;2;7;0;0;1;2;1;A01
201700046246;1;7;0;0;2;1;15;A01
201700046246;2;33;0;0;2;1;0;B01
201700046247;1;7;0;0;2;1;0;A01
201700046247;2;7;0;0;2;1;0;B01
201700046248;2;32;0;0;2;0;0;A01
201700046248;1;7;0;0;2;8;0;B01
201700046249;2;7;0;0;0;8;0;A01
201700046249;1;1;0;0;2;3;17;B01
201700046250;2;3;0;0;2;3;0;A01
201700046250;1;7;0;0;2;2;0;B01
201700046251;1;1;0;0;2;2;1;A01
201700046251;1;7;0;0;2;2;15;B01
201700046252;1;3;0;1;0;2;0;A01
201700046252;1;7;0;0;2;5;24;B01
201700046253;2;7;0;0;2;3;0;A01
201700046253;2;7;0;0;2;3;0;B01
201700046254;2;7;0;0;2;1;0;A01
201700046254;2;7;0;0;2;4;0;B01
201700046255;2;30;0;12;0;0;0;A01
201700046256;1;32;0;0;1;1;17;A01
201700046257;2;34;0;0;2;1;2;A01
201700046257;1;7;0;0;2;6;2;B01
201700046258;1;33;0;0;2;7;0;A01
201700046258;1;7;0;0;2;8;0;B01
201700046259;1;32;0;0;2;7;0;A01
201700046259;2;7;0;0;2;3;0;B01
201700046260;1;34;0;0;2;1;2;A01
201700046260;1;7;0;0;2;6;2;B01
201700046261;1;31;0;0;0;8;21;A01
201700046262;1;14;0;1;0;1;20;A01
201700046262;1;7;0;0;2;5;24;B01
201700046263;1;7;0;0;2;6;19;A01
201700046263;2;31;0;0;2;6;17;B01
201700046264;1;10;0;0;2;7;15;A01
201700046264;1;30;0;0;2;1;17;B01
201700046265;1;7;0;0;2;5;10;A01
201700046265;1;33;0;0;2;1;1;B01
201700046266;1;10;0;0;1;2;1;A01
201700046267;2;7;0;0;2;1;0;A01
201700046267;1;7;0;1;2;3;15;B01
201700046268;1;7;0;0;2;1;0;A01
201700046268;1;32;0;0;2;4;2;B01
201700046269;2;1;0;0;2;8;18;A01
201700046269;2;7;0;0;2;7;1;B01
201700046270;2;2;0;0;2;1;17;A01
201700046271;2;7;0;0;2;1;2;A01
201700046271;2;7;0;0;2;4;2;B01
201700046271;2;7;0;14;2;4;2;C01
201700046271;2;7;0;0;2;4;2;D01
201700046272;2;7;0;0;2;2;9;A01
201700046272;2;33;0;0;2;8;9;B01
201700046273;1;7;0;0;1;1;1;A01
201700046274;1;30;0;0;1;1;0;A01
201700046275;2;7;0;6;0;3;21;A01
201700046276;1;7;0;0;2;1;0;A01
201700046276;1;7;0;0;2;5;23;B01
201700046276;1;7;0;0;2;5;23;C01
201700046277;1;7;0;0;2;8;1;B01
201700046277;1;7;0;0;2;3;16;A01
201700046278;2;7;0;0;2;1;2;A01
201700046278;2;7;0;0;2;4;2;B01
201700046278;2;7;0;0;2;4;2;C01
201700046278;2;7;0;0;2;4;2;D01
201700046279;1;7;0;0;2;3;1;A01
201700046279;1;7;0;0;2;8;15;B01
201700046280;1;7;0;0;2;1;1;A01
201700046280;1;32;0;0;2;8;0;B01
201700046281;1;7;0;0;2;1;2;A01
201700046281;1;1;0;0;2;4;2;B01
201700046282;2;7;0;0;2;3;15;A01
201700046282;2;31;0;0;2;1;17;B01
201700046283;2;7;0;0;2;6;15;A01
201700046283;1;33;0;0;2;1;1;B01
201700046284;1;7;0;0;2;1;2;A01
201700046284;1;7;0;0;2;4;2;B01
201700046285;1;33;0;0;2;3;0;A01
201700046285;2;7;0;0;2;6;0;B01
201700046286;1;7;0;0;2;3;0;A01
201700046286;2;2;0;0;2;1;0;B01
201700046287;2;7;0;1;0;1;14;A01
201700046288;2;7;0;0;2;3;15;A01
201700046288;2;31;0;0;2;2;17;B01
201700046289;2;7;0;0;2;3;1;B01
201700046289;2;7;0;0;2;3;13;A01
201700046290;1;7;0;0;2;8;15;A01
201700046290;1;31;0;0;2;7;17;B01
201700046291;1;7;0;0;1;1;1;A01
201700046292;1;34;0;0;2;1;0;A01
201700046292;1;7;0;0;2;2;0;B01
201700046293;1;7;0;1;1;1;2;A01
201700046294;1;7;0;0;2;6;15;A01
201700046294;1;31;0;0;2;7;2;B01
201700046295;1;7;0;0;2;8;13;A01
201700046295;1;34;0;0;2;7;17;B01
201700046296;1;7;0;0;2;7;15;A01
201700046296;1;34;0;0;2;1;1;B01
201700046297;1;33;0;0;2;6;17;A01
201700046297;1;7;0;0;2;6;2;B01
201700046298;1;30;0;0;0;1;1;A01
201700046299;1;2;0;0;9;1;6;A01
201700046300;2;30;0;0;2;1;2;A01
201700046300;2;7;0;0;2;6;2;B01
201700046301;1;34;0;0;2;2;17;A01
201700046301;1;7;0;0;2;3;15;B01
201700046302;1;7;0;6;0;2;1;A01
201700046303;1;7;0;0;2;1;13;A01
201700046303;2;7;0;0;2;1;1;B01
201700046304;1;7;0;0;2;3;0;A01
201700046304;1;32;0;0;2;8;0;B01
201700046305;1;7;0;0;2;6;15;A01
201700046305;2;33;0;0;2;2;1;B01
201700046306;2;7;0;0;2;4;23;A01
201700046306;2;33;0;0;2;1;1;B01
201700046306;2;31;0;0;2;1;1;C01
201700046307;1;7;0;16;0;9;0;A01
201700046308;1;7;0;0;2;1;2;A01
201700046308;1;7;0;0;2;4;2;B01
201700046309;2;30;0;0;2;7;2;A01
201700046309;1;7;0;0;2;3;15;B01
201700046310;1;7;0;0;2;3;15;A01
201700046310;2;34;0;0;2;1;1;B01
201700046311;1;7;0;0;2;8;17;A01
201700046311;1;34;0;0;2;7;17;B01
201700046312;2;33;0;0;1;2;21;A01
201700046313;1;7;0;1;2;3;20;A01
201700046313;2;7;0;0;2;2;1;B01
201700046314;1;7;0;0;2;2;16;A01
201700046314;1;33;0;0;2;8;1;B01
201700046315;1;7;0;0;2;3;9;A01
201700046315;1;34;0;0;2;1;2;B01
201700046316;2;10;0;1;2;8;13;A01
201700046316;1;33;0;0;2;1;17;B01
201700046317;2;7;0;0;2;6;9;A01
201700046317;2;34;0;0;2;1;1;B01
201700046318;1;30;0;0;2;1;17;A01
201700046318;1;10;0;0;2;1;1;B01
201700046319;2;34;0;0;1;3;1;A01
201700046320;1;7;0;0;1;1;1;A01
201700046321;2;30;0;0;2;2;12;B01
201700046321;2;7;0;0;2;3;15;A01
201700046322;2;34;0;0;2;7;1;B01
201700046322;2;7;0;0;2;8;7;Z01
201700046323;1;30;0;0;2;7;1;A01
201700046323;1;7;0;0;2;1;19;B01
201700046324;1;33;0;0;2;2;1;A01
201700046324;2;7;0;0;2;3;19;B01
201700046325;2;7;0;0;2;3;15;A01
201700046325;2;31;0;0;2;2;17;B01
201700046326;1;7;0;0;2;1;15;A01
201700046326;2;34;0;0;2;1;1;B01
201700046327;1;7;0;0;2;0;0;A01
201700046327;2;33;0;0;2;8;15;B01
201700046328;1;7;0;10;0;1;0;A01
201700046329;2;30;0;0;2;8;13;A01
201700046329;1;7;0;0;2;8;1;B01
201700046330;1;34;0;0;2;8;15;B01
201700046330;1;33;0;0;2;7;2;Z01
201700046331;1;7;0;0;2;1;2;A01
201700046331;1;7;0;0;2;4;2;B01
201700046332;1;7;0;0;2;2;9;A01
201700046332;1;33;0;0;2;1;0;B01
201700046333;1;33;0;0;2;1;1;A01
201700046333;1;7;0;0;2;3;15;B01
201700046334;1;7;0;0;9;0;0;A01
201700046334;1;33;0;0;9;0;16;B01
201700046335;1;7;0;0;2;0;15;A01
201700046335;2;34;0;0;2;0;1;B01
201700046336;2;7;0;0;1;3;1;A01
201700046337;1;34;0;0;2;2;17;A01
201700046337;1;10;0;0;2;6;15;B01
201700046338;2;7;0;0;2;3;1;B01
201700046338;1;30;0;0;2;1;1;A01
201700046339;2;31;0;0;1;1;1;A01
201700046340;1;7;0;0;2;1;2;A01
201700046340;2;7;0;0;2;4;2;B01
201700046341;2;31;0;0;2;8;17;A01
201700046341;1;7;0;0;2;8;1;B01
201700046342;1;30;0;0;2;1;2;A01
201700046342;2;7;0;0;2;7;2;B01
201700046343;2;2;0;0;2;1;0;A01
201700046343;2;10;0;0;2;1;0;B01
201700046344;1;7;0;0;2;0;0;A01
201700046344;1;33;0;0;2;7;1;B01
201700046345;1;7;0;0;2;2;1;A01
201700046345;1;33;0;0;2;6;1;B01
201700046346;1;7;0;0;2;1;1;A01
201700046346;1;2;0;0;2;4;0;B01
201700046347;1;2;0;15;0;1;0;A01
201700046348;2;33;0;0;0;0;1;A01
201700046349;1;33;0;0;0;8;1;A01
201700046350;1;7;0;0;2;1;2;A01
201700046350;1;7;0;0;2;4;2;B01
201700046351;1;7;0;0;2;3;24;A01
201700046351;1;7;0;1;0;2;1;B01
201700046352;2;7;0;0;2;3;15;A01
201700046352;2;2;0;0;2;2;17;B01
201700046353;1;30;0;0;2;1;1;A01
201700046353;2;7;0;1;2;1;15;B01
201700046354;2;31;0;0;2;1;0;A01
201700046355;1;7;0;0;2;8;1;B01
201700046355;2;32;0;0;2;1;1;A01
201700046356;2;7;0;0;2;3;9;A01
201700046356;2;32;0;0;2;7;0;B01
201700046357;1;7;0;0;2;2;15;A01
201700046357;1;33;0;0;2;1;1;B01
201700046358;1;2;0;0;2;1;5;A01
201700046358;1;7;0;0;2;1;1;B01
201700046359;1;30;0;8;0;4;21;A01
201700046360;1;7;0;0;2;2;2;A01
201700046360;1;7;0;0;2;5;2;B01
201700046361;1;7;0;0;2;3;15;A01
201700046361;1;30;0;0;2;1;1;B01
201700046362;1;7;0;0;2;1;2;A01
201700046362;1;7;0;0;2;4;2;B01
201700046362;1;7;0;0;2;4;2;C01
201700046363;2;7;0;0;1;2;1;A01
201700046364;2;38;12;0;2;1;2;A01
201700046364;2;7;0;0;2;1;23;B01
201700046365;1;7;0;4;0;2;1;A01
201700046366;2;33;0;4;2;1;13;A01
201700046366;1;7;0;0;2;3;1;B01
201700046367;1;7;0;0;2;3;0;A01
201700046367;1;17;0;0;2;7;1;B01
201700046368;1;7;0;0;2;4;1;A01
201700046368;1;7;0;0;2;4;2;B01
201700046368;1;7;0;0;2;1;1;C01
201700046369;1;7;0;0;2;5;14;A01
201700046369;1;33;0;0;2;3;3;B01
201700046370;1;15;0;0;2;2;2;A01
201700046370;1;7;0;0;2;6;1;B01
201700046371;1;10;0;3;0;7;0;A01
201700046372;1;7;0;0;2;1;2;A01
201700046372;1;7;0;1;2;4;23;B01
201700046373;1;7;0;0;2;4;1;A01
201700046373;1;14;0;0;2;1;1;B01
201700046373;1;7;0;0;2;1;1;C01
201700046373;1;7;0;0;2;1;1;D01
201700046374;1;7;0;0;2;4;2;A01
201700046374;1;15;0;0;2;1;2;B01
201700046375;2;7;0;0;2;4;12;A01
201700046375;2;34;0;0;2;1;3;B01
201700046376;1;7;0;0;2;4;2;A01
201700046376;1;10;0;0;2;1;2;B01
201700046377;2;7;0;0;2;2;14;B01
201700046377;2;7;0;0;2;8;1;A01
201700046378;2;33;0;0;2;1;3;A01
201700046378;2;7;0;0;2;5;23;B01
201700046379;1;7;0;4;0;9;0;A01
201700046380;1;7;0;4;0;1;1;A01
201700046381;2;7;0;0;2;1;1;A01
201700046381;2;7;0;0;2;4;1;B01
201700046381;2;7;0;0;2;4;1;C01
201700046382;1;32;0;0;2;1;2;A01
201700046382;1;7;0;0;2;4;1;B01
201700046383;2;10;0;0;2;2;12;A01
201700046383;2;7;0;0;2;6;2;B01
201700046383;2;15;0;0;2;8;2;C01
201700046384;2;7;0;0;2;4;23;A01
201700046384;2;7;0;0;2;1;2;B01
201700046385;2;33;0;0;2;3;3;B01
201700046385;2;7;0;0;2;2;12;A01
201700046386;2;7;0;3;2;6;23;B01
201700046386;2;7;0;0;2;2;2;A01
201700046387;2;7;0;0;2;9;1;B01
201700046387;2;7;0;0;2;4;1;D01
201700046387;2;7;0;0;2;9;2;A01
201700046387;2;7;0;0;2;8;1;C01
201700046388;2;7;0;13;0;9;1;A01
201700046389;1;7;0;3;0;2;1;A01
201700046390;2;7;0;0;2;5;14;A01
201700046390;2;31;0;0;2;3;1;B01
201700046391;1;7;0;3;0;1;1;A01
201700046392;2;33;0;16;0;8;3;A01
201700046393;1;7;0;14;2;9;11;A01
201700046393;1;7;0;0;2;1;1;C01
201700046393;1;7;0;0;2;9;1;D01
201700046393;1;17;0;0;2;1;1;B01
201700046393;1;7;0;0;2;7;1;E01
201700046394;2;7;0;0;2;4;1;A01
201700046394;2;7;0;0;2;9;2;B01
201700046394;2;37;1;0;2;1;2;C01