num_acc;senc;catv;occutc;obs;obsm;choc;manv;num_veh
201700046689;2;7;0;0;2;6;9;A01
201700046689;2;17;0;0;2;2;1;B01
201700046690;1;7;0;0;2;2;12;A01
201700046690;1;7;0;0;2;3;1;B01
201700046690;1;33;0;0;2;1;1;C01
201700046691;2;33;0;0;2;2;3;A01
201700046691;2;10;0;0;2;6;1;B01
201700046692;1;7;0;0;0;8;1;A01
201700046692;2;10;0;0;2;2;12;B01
201700046692;1;7;0;0;2;1;1;C01
201700046693;2;7;0;0;2;4;2;B01
201700046693;2;7;0;0;2;1;2;C01
201700046693;2;7;0;0;2;4;1;A01
201700046694;2;7;0;0;2;4;2;A01
201700046695;1;99;0;0;2;1;9;A01
201700046695;1;7;0;0;2;4;0;B01
201700046696;1;33;0;0;2;3;0;C01
201700046696;1;99;0;0;2;7;1;B01
201700046696;1;7;0;0;2;2;12;A01
201700046697;1;7;0;0;2;3;13;A01
201700046697;1;33;0;0;2;1;11;B01
201700046698;2;7;0;0;2;1;1;A01
201700046698;2;10;0;0;2;4;1;C01
201700046698;2;7;0;0;2;4;1;B01
201700046698;2;7;0;0;2;4;2;D01
201700046699;2;10;0;0;2;5;12;A01
201700046699;2;33;0;0;2;8;3;B01
201700046700;2;7;0;0;2;1;13;A01
201700046700;2;7;0;0;2;5;2;B01
201700046701;1;7;0;0;2;2;2;A01
201700046701;1;7;0;0;2;6;2;B01
201700046702;2;7;0;0;2;1;2;C01
201700046702;2;7;0;0;2;4;2;A01
201700046702;2;7;0;0;2;4;2;B01
201700046703;1;10;0;0;2;2;2;B01
201700046703;1;7;0;4;2;6;9;A01
201700046704;1;7;0;0;2;3;19;A01
201700046704;1;7;0;0;2;7;1;B01
201700046705;1;7;0;0;2;1;1;A01
201700046705;1;15;0;0;2;4;1;B01
201700046705;1;15;0;0;2;3;2;C01
201700046706;1;7;0;0;2;5;1;A01
201700046706;1;7;0;0;2;3;9;B01
201700046707;2;33;0;0;0;7;1;A01
201700046708;2;31;0;0;2;8;3;A01
201700046708;2;7;0;0;2;5;12;B01
201700046709;1;33;0;0;2;1;2;A01
201700046709;1;7;0;0;2;5;1;B01
201700046710;2;7;0;0;2;1;2;A01
201700046710;2;7;0;0;2;4;2;B01
201700046710;2;7;0;0;2;4;2;C01
201700046711;2;33;0;0;2;1;3;B01
201700046711;2;33;0;0;2;4;3;A01
201700046712;2;15;0;0;2;4;1;A01
201700046712;2;15;0;0;2;1;1;B01
201700046712;1;15;0;0;2;1;1;C01
201700046713;1;14;0;0;2;4;2;A01
201700046713;1;15;0;0;2;1;2;B01
201700046714;1;7;0;0;2;4;2;B01
201700046714;1;15;0;0;2;1;2;A01
201700046715;1;7;0;0;2;4;2;A01
201700046715;1;7;0;0;2;1;2;B01
201700046716;2;7;0;0;2;7;16;A01
201700046716;2;7;0;0;2;1;1;B01
201700046717;1;7;0;4;0;1;19;A01
201700046718;1;32;0;0;2;7;3;B01
201700046718;1;7;0;0;2;6;11;A01
201700046719;1;7;0;0;2;3;2;A01
201700046719;1;7;0;0;2;5;2;B01
201700046720;1;7;0;0;2;1;2;A01
201700046720;1;7;0;0;2;4;2;B01
201700046721;1;7;0;0;2;1;1;A01
201700046721;1;10;0;0;2;7;9;B01
201700046722;1;7;0;0;2;1;2;A01
201700046722;1;7;0;0;2;4;2;B01
201700046723;1;33;0;0;2;7;1;A01
201700046723;1;7;0;0;2;7;1;B01
201700046724;1;33;0;0;2;1;21;B01
201700046724;1;7;0;0;2;5;2;A01
201700046725;1;34;0;0;2;7;1;A01
201700046725;1;7;0;0;2;8;21;B01
201700046726;2;7;0;0;2;9;1;A01
201700046727;1;10;0;0;2;2;1;A01
201700046727;1;10;0;0;2;4;2;C01
201700046727;1;7;0;0;2;4;2;B01
201700046728;1;7;0;0;2;4;2;B01
201700046728;1;34;0;0;2;1;2;A01
201700046729;2;7;0;0;2;6;11;B01
201700046729;2;33;0;0;2;1;3;A01
201700046730;1;7;0;1;2;8;18;A01
201700046730;1;7;0;0;2;7;1;B01
201700046731;1;7;0;0;2;8;11;A01
201700046731;1;99;0;0;2;1;1;B01
201700046731;1;99;0;0;2;1;1;C01
201700046732;1;7;0;0;2;1;2;C01
201700046732;1;7;0;0;2;4;2;A01
201700046732;1;10;0;0;2;1;2;B01
201700046733;1;7;0;0;2;5;12;A01
201700046733;1;33;0;0;2;1;1;B01
201700046734;2;7;0;3;0;3;14;A01
201700046735;1;10;0;0;2;1;18;A01
201700046735;1;10;0;0;2;8;23;B01
201700046735;1;33;0;0;2;4;23;C01
201700046735;1;33;0;0;2;4;23;D01
201700046735;1;10;0;0;9;0;0;T01
201700046736;1;33;0;0;2;0;1;A01
201700046736;1;10;0;0;2;3;11;Z01
201700046737;1;31;0;4;0;3;16;A01
201700046738;1;10;0;0;2;4;1;B01
201700046738;2;33;0;0;2;1;1;A01
201700046739;1;10;0;0;2;4;23;B01
201700046739;1;33;0;0;2;1;11;A01
201700046740;1;7;0;0;2;6;1;A01
201700046740;2;34;0;0;2;1;9;B01
201700046741;1;7;0;0;2;4;2;A01
201700046741;1;7;0;0;2;1;2;B01
201700046741;1;7;0;0;2;1;2;C01
201700046742;1;7;0;0;2;6;9;A01
201700046742;1;7;0;0;2;3;1;B01
201700046742;1;7;0;0;2;4;2;C01
201700046743;2;7;0;4;0;3;13;A01
201700046744;2;10;0;0;2;5;12;B01
201700046744;2;10;0;0;2;3;2;A01
201700046745;1;7;0;0;2;1;2;A01
201700046745;1;7;0;0;9;4;2;B01
201700046746;2;7;0;0;2;8;1;C01
201700046746;2;7;0;0;2;2;12;A01
201700046746;2;7;0;0;2;8;1;B01
201700046747;1;7;0;4;0;1;11;A01
201700046748;1;7;0;3;2;6;9;A01
201700046748;1;15;0;0;2;2;1;B01
201700046748;1;15;0;0;2;3;1;C01
201700046749;1;7;0;4;2;1;19;A01
201700046749;1;7;0;0;2;8;1;B01
201700046750;1;7;0;0;2;1;2;A01
201700046750;1;10;0;0;2;4;2;B01
201700046751;1;33;0;0;0;0;3;A01
201700046752;1;7;0;3;0;2;1;A01
201700046753;1;7;0;0;2;1;12;A01
201700046753;1;7;0;0;2;5;1;B01
201700046754;2;7;0;0;2;4;2;B01
201700046754;2;10;0;0;2;4;2;C01
201700046754;2;14;0;0;2;1;11;A01
201700046755;1;7;0;0;2;7;1;A01
201700046755;1;33;0;0;2;8;3;B01
201700046756;2;7;0;0;2;1;11;A01
201700046756;2;10;0;0;2;4;2;B01
201700046757;2;10;0;13;0;2;14;A01
201700046758;2;7;0;0;2;4;1;A01
201700046758;2;7;0;0;2;1;1;B01
201700046759;1;7;0;2;0;1;0;A01
201700046760;1;7;0;0;2;1;9;B01
201700046760;1;7;0;0;2;7;1;A01
201700046761;1;14;0;0;2;1;1;A01
201700046761;1;10;0;0;2;1;1;B01
201700046761;1;10;0;0;2;4;0;C01
201700046762;2;7;0;0;2;1;21;A01
201700046762;2;7;0;0;2;6;1;B01
201700046762;2;7;0;0;2;4;1;C01
201700046763;2;7;0;4;0;1;1;A01
201700046764;1;33;0;0;0;0;1;A01
201700046765;2;7;0;11;0;1;2;A01
201700046765;2;7;0;0;2;0;2;B01
201700046766;2;7;0;0;2;4;23;A01
201700046766;2;7;0;0;2;1;19;B01
201700046767;1;7;0;4;0;9;9;A01
201700046768;2;7;0;4;0;3;2;A01
201700046769;2;33;0;0;2;8;3;A01
201700046769;2;7;0;0;2;7;12;B01
201700046770;2;7;0;0;2;2;14;A01
201700046770;2;7;0;0;2;2;1;B01
201700046770;2;15;0;0;2;2;1;C01
201700046771;2;7;0;0;2;2;0;A01
201700046771;2;33;0;0;2;4;1;B01
201700046772;1;10;0;4;0;1;9;A01
201700046772;1;10;0;0;2;1;1;B01
201700046773;1;7;0;4;0;1;0;A01
201700046774;1;7;0;0;2;4;23;A01
201700046774;1;7;0;0;2;1;2;B01
201700046775;1;10;0;4;0;3;1;A01
201700046776;1;15;0;0;2;2;1;A01
201700046776;1;10;0;0;2;6;23;B01
201700046777;2;33;0;0;2;3;2;A01
201700046778;2;13;0;0;2;7;12;A01
201700046778;2;7;0;0;2;8;1;B01
201700046779;2;10;0;0;2;4;2;A01
201700046779;2;7;0;0;2;4;2;B01
201700046779;2;7;0;0;2;4;2;C01
201700046779;2;7;0;0;2;1;2;D01
201700046780;2;31;0;0;0;0;1;A01
201700046781;1;7;0;0;2;6;1;B01
201700046781;1;33;0;0;2;1;1;A01
201700046782;1;7;0;0;2;5;23;A01
201700046782;1;34;0;0;2;7;3;B01
201700046783;1;7;0;0;2;5;12;A01
201700046783;1;31;0;0;2;3;3;B01
201700046784;1;7;0;0;2;4;2;A01
201700046784;1;7;0;0;2;1;2;B01
201700046785;2;7;0;0;2;2;12;A01
201700046785;1;7;0;0;2;6;1;B01
201700046786;2;7;0;0;2;1;2;A01
201700046786;2;7;0;0;2;4;1;B01
201700046786;2;13;0;0;2;4;1;C01
201700046787;2;7;0;0;2;3;11;A01
201700046787;2;33;0;0;2;1;3;B01
201700046788;2;7;0;0;2;4;3;Z01
201700046788;2;7;0;0;2;1;1;B01
201700046788;2;7;0;0;2;1;1;A01
201700046788;2;7;0;0;9;4;1;C01
201700046789;2;7;0;0;2;4;2;A01
201700046789;2;7;0;0;2;1;2;B01
201700046790;1;33;0;0;2;7;1;B01
201700046790;1;7;0;0;2;0;1;C01
201700046790;1;7;0;0;2;6;11;A01
201700046791;1;10;0;0;2;7;9;A01
201700046791;1;33;0;0;2;8;23;B01
201700046792;1;7;0;0;0;1;14;A01
201700046793;2;17;0;0;2;2;12;A01
201700046793;2;7;0;3;2;8;1;B01
201700046794;2;7;0;0;2;4;11;A01
201700046794;2;33;0;0;2;8;2;B01
201700046795;1;7;0;0;2;0;11;A01
201700046795;1;33;0;0;2;1;3;B01
201700046795;1;7;0;0;2;5;2;C01
201700046796;2;7;0;0;2;4;2;A01
201700046796;2;99;0;0;2;1;2;B01
201700046797;2;7;0;0;9;1;14;A01
201700046798;2;7;0;0;2;1;1;E01
201700046798;2;7;0;0;2;6;11;B01
201700046798;2;33;0;0;2;1;3;A01
201700046798;2;7;0;0;2;1;1;D01
201700046798;2;7;0;0;2;1;1;C01
201700046799;2;7;0;0;2;4;1;C01
201700046799;2;7;0;0;2;1;11;A01
201700046799;2;7;0;0;2;6;1;B01
201700046800;2;31;0;4;2;2;17;A01
201700046800;2;31;0;0;2;6;1;B01
201700046801;1;15;0;0;2;1;1;B01
201700046801;1;7;0;0;2;4;1;A01
201700046802;2;33;0;0;9;4;0;A01
201700046803;1;15;0;0;0;2;1;A01
201700046803;1;7;0;0;2;6;11;B01
201700046804;1;33;0;0;0;0;1;A01
201700046805;1;7;0;0;2;1;2;C01
201700046805;1;7;0;0;2;3;2;A01
201700046805;1;15;0;0;2;2;12;B01
201700046806;2;10;0;0;2;6;1;C01
201700046806;2;31;0;0;2;7;3;A01
201700046806;2;7;0;0;2;8;1;B01
201700046807;2;31;0;0;2;8;17;A01
201700046808;1;33;0;0;0;0;2;A01
201700046808;1;7;0;0;0;0;11;B01
201700046809;2;7;0;3;9;7;12;A01
201700046809;2;31;0;0;2;8;1;B01
201700046810;2;7;0;0;2;7;12;A01
201700046810;2;33;0;0;2;3;3;B01
201700046811;1;33;0;0;2;1;1;B01
201700046811;1;7;0;0;2;6;17;A01
201700046812;1;7;0;0;2;4;2;A01
201700046812;1;7;0;0;2;6;2;B01
201700046812;1;14;0;0;2;1;1;C01
201700046813;2;33;0;0;0;0;21;A01
201700046814;1;7;0;0;2;1;2;A01
201700046814;1;7;0;0;2;4;2;B01
201700046815;2;7;0;0;0;5;0;A01
201700046815;2;7;0;0;2;2;1;B01
201700046816;1;38;0;0;2;6;2;A01
201700046816;2;33;0;0;2;6;14;B01
201700046817;1;7;0;0;2;0;1;A01
201700046817;2;7;0;0;0;4;1;B01
201700046818;1;7;0;4;0;1;21;A01
201700046819;2;7;0;0;2;1;2;A01
201700046819;2;7;0;0;2;4;2;B01
201700046820;2;34;0;0;2;4;3;A01
201700046820;2;33;0;0;2;1;3;B01
201700046821;2;33;0;0;0;7;21;A01
201700046822;1;33;0;0;2;8;21;A01
201700046823;2;31;0;0;2;0;21;A01
201700046824;2;33;0;0;0;0;11;A01
201700046825;2;33;0;0;2;8;16;B01
201700046825;2;7;0;0;2;7;1;A01
201700046826;1;7;0;3;6;1;14;A01
201700046827;2;33;0;0;2;1;3;A01
201700046827;2;7;0;0;2;8;11;B01
201700046828;1;33;0;0;0;1;1;A01
201700046829;1;7;0;0;2;8;1;B01
201700046829;1;33;0;0;2;2;3;A01
201700046830;1;33;0;4;2;1;2;A01
201700046831;2;7;0;0;9;4;1;B01
201700046831;2;13;0;0;2;1;1;A01
201700046832;2;7;0;0;9;0;1;B01
201700046832;2;33;0;0;2;1;2;A01
201700046833;2;31;0;0;2;9;1;A01
201700046834;2;7;0;0;2;3;2;C01
201700046834;2;7;0;0;2;7;12;A01
201700046834;2;33;0;0;2;8;2;B01
201700046835;1;7;0;0;2;0;0;A01
201700046835;1;7;0;0;2;1;0;B01
201700046835;1;7;0;0;2;0;0;C01
201700046835;1;7;0;0;9;0;0;D01
201700046836;2;7;0;0;2;5;12;A01
201700046837;1;33;0;0;2;1;3;A01
201700046837;2;7;0;0;2;4;2;B01
201700046838;1;32;0;0;2;3;3;A01
201700046838;1;7;0;0;2;5;12;B01
201700046839;2;33;0;0;2;8;3;B01
201700046839;2;7;0;0;2;2;12;A01
201700046840;2;7;0;0;2;8;11;B01
201700046840;2;33;0;0;2;7;1;A01
201700046841;2;7;0;0;2;6;11;A01
201700046841;2;33;0;0;2;1;3;B01
201700046842;2;7;0;0;2;8;11;A01
201700046842;2;31;0;0;2;9;2;B01
201700046842;2;33;0;0;2;7;2;C01
201700046842;2;99;0;0;2;8;2;D01
201700046843;2;7;0;0;2;1;2;A01
201700046843;2;7;0;0;2;4;2;B01
201700046843;2;7;0;0;2;4;2;C01
201700046844;1;7;0;0;2;4;2;C01
201700046844;1;7;0;0;2;4;1;B01
201700046844;1;7;0;0;2;1;0;A01
201700046845;1;7;0;0;2;1;1;A01
201700046845;1;7;0;0;2;1;1;B01
201700046845;1;7;0;0;2;4;1;C01
201700046846;2;10;0;0;2;7;1;A01
201700046846;2;33;0;0;2;6;3;B01
201700046847;1;7;0;0;2;6;1;B01
201700046847;1;7;0;0;2;3;1;C01
201700046847;1;7;0;0;2;1;1;A01
201700046848;1;7;0;0;2;3;11;A01
201700046848;1;31;0;0;2;2;17;B01
201700046849;1;7;0;0;2;1;9;A01
201700046849;1;7;0;0;2;5;2;B01
201700046850;2;7;0;0;0;4;11;A01
201700046850;2;31;0;0;2;1;3;B01
201700046851;2;7;0;4;0;1;1;A01
201700046852;1;7;0;0;2;6;11;A01
201700046852;1;31;0;0;2;7;3;B01
201700046853;1;7;0;0;2;7;14;A01
201700046853;1;33;0;0;2;1;1;B01
201700046854;2;33;0;0;0;8;21;A01
201700046855;2;7;0;0;2;6;9;A01
201700046855;2;14;0;0;2;2;1;B01
201700046856;1;15;0;0;2;2;12;A01
201700046856;1;7;0;0;2;8;1;B01
201700046857;2;7;0;0;2;6;12;B01
201700046857;2;31;0;0;2;2;3;A01
201700046858;2;10;0;0;2;1;1;A01
201700046858;1;7;0;0;2;9;1;B01
201700046858;2;10;0;0;9;4;23;C01
201700046859;1;33;0;0;2;7;3;A01
201700046859;1;7;0;0;2;8;1;B01
201700046859;1;7;0;0;2;4;1;C01
201700046860;2;7;0;3;0;1;1;A01
201700046861;2;13;0;0;2;1;2;A01
201700046861;2;7;0;0;2;4;2;B01
201700046861;2;10;0;0;2;4;2;C01
201700046861;2;7;0;0;2;1;2;D01
201700046862;1;7;0;0;2;4;2;A01
201700046862;1;10;0;0;2;1;2;B01
201700046863;1;33;0;0;2;2;3;B01
201700046863;1;7;0;0;2;8;11;A01
201700046864;2;7;0;0;2;4;2;A01
201700046864;2;7;0;0;2;1;2;B01
201700046865;2;7;0;0;2;1;2;A01
201700046865;2;7;0;0;2;4;2;B01
201700046866;2;7;0;0;2;7;12;B01
201700046866;2;33;0;0;2;8;1;A01
201700046867;1;13;0;0;2;1;2;A01
201700046867;1;7;0;0;2;4;2;B01
201700046867;1;7;0;0;2;4;2;C01
201700046867;1;15;0;0;2;4;2;D01
201700046868;2;7;0;0;2;1;2;A01
201700046868;2;7;0;0;2;4;2;B01
201700046868;2;7;0;0;2;4;2;C01
201700046869;2;33;0;0;2;2;3;A01
201700046869;2;7;0;0;2;3;11;B01
201700046870;1;7;0;0;2;6;11;A01
201700046870;1;33;0;0;2;1;3;B01
201700046871;2;7;0;0;2;4;1;A01
201700046871;2;14;0;0;2;2;2;B01
201700046872;2;7;0;0;2;8;2;A01
201700046872;2;31;0;0;2;7;3;B01
201700046873;1;7;0;0;2;4;1;A01
201700046873;1;14;0;0;2;1;2;B01
201700046874;1;15;0;0;2;5;14;A01
201700046874;1;7;0;0;2;1;2;B01
201700046875;2;10;0;0;2;6;1;B01
201700046875;2;33;0;0;2;0;9;A01
201700046875;2;33;0;0;2;0;3;C01
201700046876;2;31;0;0;2;1;3;A01
201700046876;1;7;0;0;2;4;12;B01
201700046877;2;7;0;0;2;1;2;C01
201700046877;2;7;0;0;2;6;2;A01
201700046877;2;7;0;0;2;4;2;B01
201700046878;1;33;0;0;2;1;2;A01
201700046878;1;7;0;0;2;5;2;B01
201700046879;1;10;0;0;2;7;12;A01
201700046879;1;33;0;0;2;1;2;B01
201700046880;2;7;0;0;9;4;2;A01
201700046880;2;7;0;0;2;1;2;B01
201700046881;1;7;0;0;0;0;0;A01
201700046882;1;7;0;13;0;9;1;A01
201700046883;1;7;0;4;0;6;2;A01
201700046884;2;33;0;0;0;7;2;A01
201700046885;2;7;0;0;2;5;12;B01
201700046885;2;33;0;0;2;3;3;A01
201700046886;2;33;0;0;2;1;3;A01
201700046886;2;7;0;0;2;3;13;B01
201700046887;1;7;0;0;2;1;2;D01
201700046887;2;7;0;0;2;1;2;A01
201700046887;2;7;0;0;2;4;2;B01
201700046887;2;7;0;0;2;4;2;C01
201700046888;1;33;0;0;2;1;1;A01
201700046888;2;7;0;0;2;6;1;B01
201700046889;1;7;0;0;2;1;1;B01
201700046889;2;17;0;0;2;2;1;C01
201700046889;1;7;0;0;2;3;1;A01
201700046890;2;7;0;3;2;4;1;A01
201700046890;2;10;0;0;2;2;2;B01
201700046891;2;10;0;0;2;4;2;A01
201700046891;2;7;0;0;2;1;2;B01
201700046892;2;7;0;0;2;6;23;A01
201700046892;2;33;0;0;2;8;3;B01
201700046893;2;7;0;0;2;4;23;C01
201700046893;2;10;0;0;2;1;2;A01
201700046893;2;10;0;0;2;4;23;B01
201700046894;1;7;0;0;2;2;21;A01
201700046894;1;7;0;4;2;2;17;B01
201700046895;1;7;0;0;2;6;11;A01
201700046895;1;33;0;0;2;3;17;B01
201700046896;1;10;0;0;2;6;11;A01
201700046896;1;33;0;0;2;1;3;B01
201700046896;1;14;0;0;2;2;1;C01
201700046897;1;7;0;0;2;5;12;A01
201700046897;1;31;0;0;2;1;1;B01
201700046898;2;10;0;0;0;8;21;A01
201700046899;1;33;0;0;2;1;2;A01
201700046900;2;7;0;0;2;4;1;C01
201700046900;2;7;0;0;2;4;0;B01
201700046900;2;7;0;0;2;1;1;A01
201700046901;1;7;0;0;0;9;1;A01
201700046902;1;7;0;0;2;1;0;A01
201700046902;1;7;0;0;2;4;1;B01
201700046903;2;7;0;0;2;4;2;A01
201700046903;2;7;0;0;2;1;1;B01
201700046904;2;15;0;3;0;1;0;A01
201700046905;2;7;0;0;2;4;11;B01
201700046905;2;33;0;0;2;1;3;A01
201700046906;2;7;0;4;0;7;1;A01
201700046907;2;7;0;0;2;4;2;A01
201700046907;2;33;0;0;2;1;11;B01
201700046908;2;7;0;0;2;1;2;A01
201700046908;2;7;0;0;2;9;2;B01
201700046908;2;7;0;0;2;4;2;C01
201700046909;2;7;0;0;2;4;2;A01
201700046909;2;14;0;0;2;1;2;B01
201700046910;2;31;0;0;2;8;3;B01
201700046910;2;7;0;0;2;5;12;A01
201700046911;2;33;0;0;2;2;0;A01
201700046912;2;10;0;0;2;5;12;A01
201700046912;2;34;0;0;2;1;3;B01
201700046913;1;7;0;0;2;1;2;A01
201700046913;1;7;0;0;2;4;2;B01
201700046913;1;7;0;0;2;4;2;C01
201700046914;2;7;0;0;2;8;11;A01
201700046914;2;10;0;0;2;2;1;B01
201700046915;2;31;0;0;2;1;3;A01
201700046915;2;7;0;0;2;6;11;B01
201700046916;2;7;0;0;0;4;1;A01
201700046916;2;34;0;0;2;1;3;B01
201700046917;2;31;0;0;2;1;3;A01
201700046918;2;7;0;0;2;4;11;A01
201700046918;2;33;0;0;2;2;3;B01
201700046919;2;7;0;0;2;4;1;A01
201700046919;1;7;0;0;2;1;1;B01
201700046920;1;7;0;0;2;8;18;A01
201700046920;1;13;0;0;2;7;12;B01
201700046921;2;7;0;0;2;1;2;A01
201700046921;2;7;0;0;2;4;2;B01
201700046921;2;10;0;0;2;4;2;C01
201700046922;2;33;0;0;2;4;2;A01
201700046922;2;7;0;0;2;4;1;B01
201700046923;1;2;0;6;0;1;14;A01
201700046924;2;7;0;0;2;4;2;E01
201700046924;2;7;0;0;2;4;2;B01
201700046924;2;10;0;0;2;4;2;C01
201700046924;2;10;0;0;2;1;2;A01
201700046924;2;7;0;0;2;4;2;D01
201700046924;2;7;0;0;2;4;2;F02
201700046925;2;33;0;0;2;8;21;A01
201700046925;2;31;0;0;2;5;3;B01
201700046926;2;33;0;0;2;2;3;A01
201700046926;2;7;0;0;2;8;11;B01
201700046927;2;7;0;0;2;7;12;A01
201700046927;2;15;0;0;2;3;2;B01
201700046928;2;7;0;0;0;8;11;A01
201700046928;2;17;0;0;2;1;1;B01
201700046929;2;33;0;0;2;7;3;C01
201700046929;2;99;0;0;2;2;2;A01
201700046929;2;33;0;0;2;3;17;B01
201700046930;2;10;0;0;2;1;2;A01
201700046930;2;7;0;0;2;1;2;B01
201700046930;2;7;0;0;2;4;2;C01
201700046931;2;7;0;0;0;4;12;A01
201700046931;2;31;0;0;2;1;3;B01
201700046932;2;7;0;0;2;4;1;D01
201700046932;2;7;0;0;2;4;1;B01
201700046932;2;7;0;0;2;1;1;A01
201700046932;2;7;0;0;2;4;1;C01
201700046933;1;7;0;0;2;1;0;A01
201700046933;1;7;0;0;2;8;1;B01
201700046933;1;7;0;0;2;1;9;C01
201700046933;1;7;0;0;2;3;1;D01
201700046934;2;7;0;0;2;1;21;A01
201700046934;2;7;0;0;2;4;23;B01
201700046935;2;33;0;0;2;4;3;B01
201700046935;2;7;0;0;0;8;0;A01
201700046936;2;7;0;0;2;1;2;B01
201700046936;2;33;0;0;0;4;2;A01
201700046937;2;7;0;0;2;4;1;B01
201700046937;2;7;0;0;2;1;1;A01
201700046938;1;7;0;3;0;1;13;A01
201700046939;1;7;0;4;2;2;21;A01
201700046939;1;10;0;0;2;8;19;B01
201700046940;2;34;0;0;2;7;2;A01
201700046940;2;7;0;0;2;8;11;B01
201700046941;2;7;0;4;0;1;13;A01
201700046942;1;7;0;0;2;4;9;A01
201700046942;1;7;0;0;2;1;9;B01
201700046943;1;7;0;0;2;1;2;C01
201700046943;1;14;0;0;2;1;2;B01
201700046943;1;15;0;0;0;4;23;A01
201700046944;1;7;0;0;2;1;2;A01
201700046944;1;7;0;0;2;4;2;B01
201700046944;1;7;0;0;2;4;2;C01
201700046945;2;34;0;0;2;1;2;A01
201700046945;2;7;0;0;2;6;11;B01
201700046946;2;10;0;0;2;1;2;A01
201700046946;2;7;0;0;2;4;2;B01
201700046947;1;33;0;0;2;2;2;A01
201700046947;1;7;0;0;2;8;11;B01
201700046948;2;99;0;0;2;0;12;B01
201700046948;2;33;0;0;2;2;3;A01
201700046948;2;7;0;0;2;3;0;C01
201700046949;2;7;0;0;2;1;2;A01
201700046949;2;7;0;0;2;4;2;B01
201700046950;2;33;0;0;2;1;2;A01
201700046950;2;7;0;0;2;4;1;B01
201700046950;2;7;0;0;2;4;24;C01
201700046950;2;7;0;0;9;1;1;D01
201700046951;2;7;0;4;0;2;14;A01
201700046952;1;7;0;0;2;6;2;B01
201700046952;1;16;0;0;2;7;21;A01
201700046953;1;33;0;3;2;9;1;A01
201700046953;1;10;0;0;2;4;1;B01
201700046954;2;34;0;0;2;3;3;B01
201700046954;2;7;0;0;2;7;12;A01
201700046955;1;33;0;4;0;1;13;A01
201700046956;1;15;0;0;2;2;13;B01
201700046956;1;13;0;0;2;1;2;C01
201700046956;1;15;0;0;2;6;1;A01
201700046957;1;7;0;0;2;5;2;A01
201700046957;1;33;0;0;2;1;12;B01
201700046958;1;7;0;0;2;4;2;B01
201700046958;1;7;0;0;2;1;2;A01
201700046959;1;33;0;0;2;2;3;B01
201700046959;1;7;0;0;2;6;17;A01
201700046960;2;7;0;0;2;1;13;A01
201700046960;2;15;0;0;2;7;1;B01
201700046961;2;7;0;0;2;4;2;A01
201700046961;2;99;0;0;2;4;2;B01
201700046961;2;7;0;0;2;1;2;C01
201700046962;1;7;0;3;2;4;2;C01
201700046962;1;7;0;3;2;4;2;D01
201700046962;1;7;0;0;2;4;2;B01
201700046962;1;99;0;0;2;1;2;A01
201700046963;1;7;0;0;2;7;1;A01
201700046963;1;15;0;0;2;2;13;B01
201700046963;1;7;0;0;2;3;11;C01
201700046964;1;7;0;0;2;4;1;B01
201700046964;1;7;0;0;2;4;1;D01
201700046964;1;7;0;0;2;4;1;A01
201700046964;1;7;0;0;2;1;1;E01
201700046964;1;7;0;0;2;4;1;C01
201700046965;1;10;0;3;2;8;1;A01
201700046965;1;15;0;0;2;2;12;B01
201700046966;2;33;0;0;2;7;3;A01
201700046967;2;15;0;0;2;6;1;B01
201700046967;2;33;0;0;2;1;3;A01
201700046968;2;7;0;0;2;8;1;C01
201700046968;2;7;0;0;0;5;1;A01
201700046968;2;7;0;0;2;3;21;B01
201700046969;2;33;0;0;2;8;3;B01
201700046969;2;7;0;0;2;2;12;A01
201700046970;2;7;0;0;2;4;2;A01
201700046970;2;7;0;0;2;4;2;C01
201700046970;2;7;0;0;2;4;2;B01
201700046970;2;7;0;0;2;1;2;D01
201700046971;2;33;0;0;0;3;21;A01
201700046972;1;33;0;0;2;3;13;A01
201700046972;1;10;0;0;2;7;0;B01
201700046972;1;7;0;0;2;8;1;C01
201700046973;2;10;0;0;2;1;1;A01
201700046973;2;7;0;0;2;4;1;B01
201700046974;1;33;0;0;2;1;18;A01
201700046974;1;7;0;0;2;5;12;B01
201700046975;1;7;0;0;2;7;12;A01
201700046975;1;34;0;0;2;3;1;B01
201700046975;1;7;0;0;0;6;1;C01
201700046976;2;7;0;4;2;6;2;A01
201700046977;2;7;0;0;2;5;1;A01
201700046977;1;7;0;0;2;1;0;C01
201700046977;2;7;0;0;2;1;0;B01
201700046978;2;33;0;0;2;1;3;A01
201700046978;2;7;0;0;2;2;12;B01
201700046979;1;33;0;0;2;8;9;B01
201700046979;1;7;0;0;2;7;2;C01
201700046979;1;31;0;0;2;7;3;A01
201700046980;2;7;0;4;2;3;2;A01
201700046980;2;7;0;0;2;8;1;B01
201700046981;1;31;0;0;2;7;2;A01
201700046982;2;7;0;0;0;1;1;A01
201700046983;1;7;0;4;0;1;13;A01
201700046984;1;7;0;0;2;1;1;B01
201700046984;1;7;0;0;2;1;1;C01
201700046984;1;7;0;0;2;4;1;D01
201700046984;1;7;0;0;2;1;1;A01
201700046985;1;7;0;0;9;0;12;A01
201700046985;1;7;0;3;0;1;21;B01
201700046986;1;7;0;0;2;8;11;A01