num_acc;senc;catv;occutc;obs;obsm;choc;manv;num_veh
201700046986;1;33;0;0;2;7;1;B01
201700046987;1;31;0;0;2;2;1;A01
201700046988;1;13;0;0;2;6;2;B01
201700046988;1;7;0;0;2;1;2;A01
201700046989;2;7;0;0;2;6;0;B01
201700046989;2;33;0;0;2;1;21;A01
201700046990;1;7;0;0;2;4;0;D01
201700046990;1;7;0;0;2;4;0;B01
201700046990;1;14;0;0;2;1;12;A01
201700046990;1;7;0;0;2;4;0;C01
201700046991;1;7;0;0;2;5;2;A01
201700046991;1;7;0;0;2;1;13;B01
201700046992;2;15;0;0;2;3;1;B01
201700046992;2;7;0;0;2;8;1;C01
201700046992;2;7;0;0;2;3;9;A01
201700046992;2;32;0;0;2;1;21;D01
201700046993;2;7;0;0;2;4;2;D01
201700046993;2;7;0;0;2;1;2;A01
201700046993;2;7;0;0;2;4;2;B01
201700046993;2;7;0;0;2;1;1;C01
201700046994;1;31;0;0;2;0;1;A01
201700046995;1;7;0;0;2;1;2;A01
201700046995;1;7;0;0;2;4;2;B01
201700046996;1;7;0;0;2;4;1;C01
201700046996;1;7;0;0;2;3;1;A01
201700046996;1;13;0;0;2;1;2;B01
201700046997;2;7;0;0;2;1;2;A01
201700046997;2;7;0;0;2;4;2;B01
201700046998;1;7;0;0;2;7;2;C01
201700046998;1;33;0;0;2;1;3;A01
201700046998;1;7;0;0;2;6;12;B01
201700046999;2;31;0;0;2;8;3;A01
201700047000;2;7;0;0;2;5;23;A01
201700047000;2;33;0;0;2;1;12;B01
201700047001;2;7;0;0;2;5;1;B01
201700047001;2;7;0;0;2;3;13;A01
201700047002;2;7;0;4;0;1;0;A01
201700047003;2;7;0;0;2;1;2;C01
201700047003;2;7;0;0;2;4;2;B01
201700047003;2;7;0;0;0;4;2;A01
201700047004;2;33;0;0;0;0;21;A01
201700047005;2;33;0;0;2;0;3;A01
201700047006;1;7;0;0;2;4;1;B01
201700047006;1;15;0;0;2;1;1;A01
201700047007;2;7;0;0;2;6;1;A01
201700047007;2;14;0;0;2;3;1;B01
201700047008;2;7;0;0;2;5;1;C01
201700047008;2;33;0;0;2;7;3;B01
201700047008;2;7;0;0;2;8;11;A01
201700047009;2;31;0;0;2;1;1;B01
201700047009;2;7;0;0;2;6;11;A01
201700047010;2;7;0;0;2;4;1;C01
201700047010;2;7;0;0;2;4;1;B01
201700047010;2;10;0;0;2;1;1;A01
201700047011;2;7;0;0;2;4;1;B01
201700047011;2;31;0;0;2;1;1;A01
201700047012;2;7;0;0;2;1;11;A01
201700047012;2;7;0;0;2;7;1;B01
201700047013;2;7;0;4;0;9;1;A01
201700047014;2;7;0;0;1;1;1;A01
201700047015;2;7;0;0;2;8;2;A01
201700047015;2;10;0;0;2;7;16;B01
201700047016;1;7;0;4;0;2;1;A01
201700047017;1;7;0;0;2;3;1;A01
201700047017;1;33;0;0;2;1;2;B01
201700047018;2;33;0;0;2;1;2;A01
201700047019;1;7;0;0;2;8;2;A01
201700047019;1;7;0;0;2;2;2;B01
201700047020;1;7;0;0;2;6;2;A01
201700047020;2;13;0;0;2;2;2;B01
201700047021;1;7;0;0;2;8;11;B01
201700047021;1;33;0;0;2;7;3;A01
201700047022;2;10;0;0;2;1;2;A01
201700047022;2;10;0;0;2;4;2;B01
201700047023;2;33;0;0;2;3;2;A01
201700047023;2;10;0;0;2;6;11;B01
201700047024;2;32;0;0;2;2;3;A01
201700047025;1;7;0;0;2;8;18;A01
201700047025;1;15;0;0;2;2;1;B01
201700047026;2;31;0;0;2;1;1;A01
201700047026;2;7;0;0;2;8;11;B01
201700047027;2;7;0;3;0;2;21;A01
201700047028;1;7;0;0;2;0;9;A01
201700047028;1;7;0;0;2;8;1;B01
201700047029;2;7;0;0;2;1;2;A01
201700047029;2;7;0;0;2;4;1;B01
201700047030;2;7;0;3;2;1;2;B01
201700047030;2;7;0;3;2;4;2;A01
201700047031;1;7;0;0;2;1;17;A01
201700047031;1;7;0;0;2;8;9;B01
201700047032;2;7;0;0;2;1;2;A01
201700047032;2;7;0;0;2;4;2;B01
201700047033;2;14;0;0;9;0;2;B01
201700047033;2;10;0;3;0;1;12;A01
201700047034;1;7;0;0;2;6;2;A01
201700047034;1;15;0;0;2;2;12;B01
201700047035;1;7;0;3;0;3;1;A01
201700047036;1;7;0;4;0;1;13;A01
201700047037;1;7;0;3;0;0;1;A01
201700047038;1;7;0;0;2;7;17;A01
201700047038;1;7;0;0;2;8;1;B01
201700047039;1;7;0;0;2;8;17;A01
201700047039;1;7;0;0;2;2;2;B01
201700047040;2;7;0;2;0;1;14;A01
201700047041;2;7;0;3;0;1;14;A01
201700047042;2;7;0;0;2;4;2;A01
201700047042;2;7;0;0;2;1;1;B01
201700047043;2;7;0;0;2;2;2;A01
201700047044;2;7;0;0;2;9;0;A01
201700047045;1;7;0;4;0;1;0;A01
201700047046;1;7;0;0;2;1;0;A01
201700047046;1;7;0;0;2;4;0;B01
201700047046;1;7;0;0;2;4;0;C01
201700047047;2;7;0;4;0;1;0;A01
201700047048;2;7;0;0;2;3;9;A01
201700047048;2;15;0;0;2;7;1;B01
201700047049;1;7;0;0;2;4;2;A01
201700047049;1;7;0;0;2;4;2;B01
201700047049;1;7;0;0;2;1;1;C01
201700047050;1;7;0;0;2;7;1;B01
201700047050;1;7;0;0;2;1;12;A01
201700047051;2;31;0;0;2;7;0;A01
201700047051;2;7;0;0;2;8;0;B01
201700047052;1;31;0;0;0;0;0;A01
201700047053;2;7;0;0;2;1;2;A01
201700047053;0;7;0;0;2;4;2;B01
201700047053;2;7;0;0;2;4;2;C01
201700047054;1;15;0;0;2;4;2;A01
201700047054;1;7;0;0;2;1;2;B01
201700047055;1;7;0;4;0;1;11;A01
201700047056;1;7;0;0;2;9;2;D01
201700047056;1;7;0;0;2;4;2;C01
201700047056;1;7;0;4;0;1;1;B01
201700047056;1;7;0;4;2;1;1;A01
201700047056;1;7;0;0;2;6;2;E01
201700047056;1;7;0;0;2;1;2;F02
201700047057;1;7;0;0;2;2;1;A01
201700047057;1;10;0;0;2;6;2;B01
201700047058;1;7;0;4;0;1;13;A01
201700047059;2;7;0;0;2;1;1;A01
201700047059;2;7;0;0;2;4;2;B01
201700047059;2;7;0;0;2;4;2;C01
201700047060;2;7;0;0;2;5;0;A01
201700047060;2;7;0;0;2;3;0;Z01
201700047061;2;7;0;0;2;1;1;B01
201700047061;2;7;0;0;2;4;2;A01
201700047062;1;7;0;3;0;7;16;A01
201700047063;1;7;0;0;2;0;0;A01
201700047063;1;33;0;0;2;3;2;B01
201700047064;1;7;0;0;2;1;2;A01
201700047064;1;10;0;0;2;4;2;B01
201700047064;1;7;0;0;2;4;2;C01
201700047064;1;7;0;0;2;4;2;D01
201700047065;2;7;0;16;2;3;2;A01
201700047066;1;7;0;0;2;1;0;A01
201700047066;1;15;0;0;2;2;0;B01
201700047066;1;10;0;0;2;5;0;C01
201700047067;2;7;0;0;2;2;12;B01
201700047067;2;33;0;0;2;8;3;A01
201700047068;1;33;0;0;2;1;3;A01
201700047069;2;34;0;0;2;1;3;B01
201700047069;2;7;0;0;2;5;12;A01
201700047069;2;7;0;0;2;5;2;C01
201700047070;1;7;0;4;0;3;11;A01
201700047071;1;7;0;0;2;2;1;A01
201700047071;1;10;0;0;2;4;2;B01
201700047071;1;7;0;0;2;1;2;C01
201700047072;2;7;0;0;2;0;0;A01
201700047072;2;33;0;0;2;0;0;B01
201700047072;2;7;0;0;2;0;0;C01
201700047073;1;7;0;0;2;3;1;B01
201700047073;1;34;0;0;2;2;3;A01
201700047074;2;33;0;14;0;8;1;A01
201700047075;2;7;0;16;0;9;21;A01
201700047076;1;7;0;0;2;7;14;A01
201700047076;1;15;0;0;2;3;1;B01
201700047077;2;7;0;0;2;1;2;A01
201700047077;2;7;0;0;2;4;2;C01
201700047077;2;7;0;0;2;4;2;B01
201700047078;1;7;0;3;9;1;0;A01
201700047079;2;7;0;0;2;3;11;A01
201700047079;2;7;0;0;2;1;1;B01
201700047080;2;7;0;0;2;1;2;A01
201700047080;2;7;0;0;2;4;0;B01
201700047080;2;10;0;0;2;3;0;C01
201700047080;2;7;0;0;2;3;2;D01
201700047081;2;33;0;0;2;1;1;B01
201700047081;2;7;0;0;2;4;23;A01
201700047082;2;7;0;0;2;7;0;A01
201700047082;2;33;0;0;2;8;0;B01
201700047083;2;7;0;4;0;1;21;A01
201700047084;2;7;0;0;2;7;1;B01
201700047084;2;13;0;0;2;3;11;A01
201700047085;2;7;0;4;0;3;13;A01
201700047086;1;7;0;4;0;3;0;A01
201700047087;2;7;0;0;2;8;11;A01
201700047087;2;32;0;0;2;7;1;B01
201700047088;1;7;0;3;0;3;1;A01
201700047089;2;7;0;0;2;1;0;A01
201700047089;2;7;0;0;2;4;2;B01
201700047089;2;7;0;0;2;4;2;C01
201700047090;1;7;0;4;0;1;0;A01
201700047091;2;7;0;4;0;3;11;A01
201700047092;2;7;0;0;2;4;0;A01
201700047092;2;10;0;0;2;1;0;B01
201700047093;2;7;0;0;2;1;2;A01
201700047093;2;7;0;0;2;4;2;B01
201700047094;1;10;0;0;2;1;1;A01
201700047094;1;15;0;0;2;4;2;B01
201700047095;1;7;0;0;2;4;11;A01
201700047095;1;34;0;0;2;1;1;B01
201700047096;2;31;0;0;2;2;1;A01
201700047096;2;7;0;0;0;0;0;Z01
201700047097;1;7;0;0;2;1;0;A01
201700047097;1;33;0;0;2;1;0;B01
201700047098;2;7;0;3;0;1;0;A01
201700047099;1;10;0;0;2;1;2;A01
201700047099;1;7;0;0;2;4;2;B01
201700047100;1;38;45;6;0;2;14;A01
201700047101;2;7;0;0;2;3;3;A01
201700047101;2;15;0;0;2;5;2;B01
201700047102;2;7;0;0;2;3;0;A01
201700047102;1;7;0;0;2;5;0;B01
201700047102;1;7;0;0;2;1;0;C01
201700047103;2;7;0;16;0;9;13;A01
201700047104;1;7;0;0;2;4;2;A01
201700047104;1;7;0;0;2;0;0;B01
201700047105;2;7;0;4;0;9;17;A01
201700047106;1;31;0;0;2;1;1;A01
201700047107;1;7;0;0;2;1;0;A01
201700047107;1;7;0;0;2;4;0;B01
201700047108;2;7;0;4;0;1;2;A01
201700047109;2;7;0;4;0;3;13;A01
201700047110;1;7;0;3;0;2;12;A01
201700047111;2;7;0;4;0;1;21;A01
201700047112;2;7;0;0;2;6;0;A01
201700047112;2;7;0;0;2;1;0;Z01
201700047113;2;7;0;0;2;6;2;B01
201700047113;2;10;0;0;2;2;2;A01
201700047114;2;7;0;16;0;9;21;A01
201700047115;2;7;0;0;2;4;2;B01
201700047115;2;7;0;0;2;4;2;C01
201700047115;2;7;0;0;2;1;1;A01
201700047116;1;7;0;0;2;1;1;A01
201700047116;1;7;0;3;2;4;2;B01
201700047117;1;33;0;0;0;0;0;A01
201700047118;1;14;0;0;2;1;0;A01
201700047118;1;7;0;0;2;4;0;B01
201700047119;2;7;0;0;2;6;2;A01
201700047119;2;7;0;0;2;0;0;Z01
201700047120;1;7;0;0;2;1;2;A01
201700047120;1;7;0;0;2;4;2;B01
201700047120;1;15;0;0;2;5;2;C01
201700047121;1;33;0;0;2;2;3;A01
201700047121;1;7;0;0;2;6;11;B01
201700047122;2;37;0;0;2;5;0;A01
201700047122;2;10;0;0;2;1;0;B01
201700047123;2;7;0;0;2;1;1;A01
201700047123;2;7;0;0;2;4;2;B01
201700047124;2;7;0;0;2;3;11;A01
201700047124;2;7;0;0;2;2;2;B01
201700047125;1;7;0;4;0;2;0;A01
201700047126;2;7;0;4;0;3;13;A01
201700047127;2;7;0;4;0;9;1;A01
201700047128;2;34;0;0;2;1;1;A01
201700047128;2;7;0;0;2;4;1;B01
201700047129;2;7;0;0;0;0;0;B01
201700047129;2;33;0;0;0;0;0;A01
201700047130;1;7;0;0;2;4;2;B01
201700047130;1;7;0;0;2;1;1;A01
201700047131;1;7;0;0;2;1;2;A01
201700047131;1;7;0;0;2;4;2;B01
201700047132;1;7;0;0;2;1;1;A01
201700047132;1;7;0;0;2;4;2;B01
201700047132;1;7;0;0;2;4;2;C01
201700047133;2;7;0;0;2;1;2;A01
201700047133;2;7;0;0;2;4;2;B01
201700047133;2;7;0;0;2;4;2;C01
201700047134;1;7;0;4;0;3;11;A01
201700047135;1;15;0;0;2;7;1;B01
201700047135;1;7;0;4;2;8;13;A01
201700047136;2;7;0;4;0;3;13;A01
201700047137;2;7;0;4;0;3;11;A01
201700047138;1;10;0;3;0;1;0;A01
201700047139;2;10;0;4;0;1;0;A01
201700047140;1;34;0;0;2;0;0;A01
201700047140;1;10;0;0;2;0;0;B01
201700047141;1;7;0;0;2;3;2;A01
201700047141;1;10;0;0;2;5;12;B01
201700047142;1;15;0;0;2;6;11;A01
201700047142;1;7;0;0;2;7;2;B01
201700047142;1;33;0;0;2;1;3;C01
201700047143;2;7;0;0;2;4;2;A01
201700047143;2;7;0;0;2;1;1;B01
201700047144;2;7;0;0;2;3;13;B01
201700047144;2;7;0;4;2;9;1;A01
201700047145;1;7;0;0;2;1;1;B01
201700047145;1;7;0;0;2;5;12;A01
201700047146;1;7;0;0;2;1;1;C01
201700047146;1;7;0;0;2;4;23;B01
201700047146;1;10;0;0;2;4;23;A01
201700047147;2;7;0;0;2;4;0;A01
201700047147;2;7;0;0;2;1;0;B01
201700047148;1;31;0;4;0;9;13;A01
201700047149;2;7;0;0;2;4;2;B01
201700047149;2;7;0;0;2;3;2;C01
201700047149;2;7;0;0;2;1;0;Z01
201700047150;1;7;0;0;2;1;1;A01
201700047150;1;7;0;0;2;4;2;B01
201700047151;1;7;0;3;0;1;0;A01
201700047152;2;31;0;0;2;1;1;A01
201700047152;2;7;0;0;2;4;1;B01
201700047153;2;7;0;4;0;1;0;A01
201700047154;2;7;0;5;0;1;1;A01
201700047155;1;33;0;0;0;0;0;A01
201700047156;1;34;0;0;2;4;2;A01
201700047156;1;7;0;0;2;1;1;B01
201700047157;1;7;0;0;2;1;1;B01
201700047157;1;15;0;0;2;4;2;A01
201700047158;2;7;0;4;0;2;14;A01
201700047159;2;7;0;4;0;2;14;A01
201700047160;1;7;0;4;0;1;0;A01
201700047161;2;7;0;5;0;2;14;A01
201700047162;2;7;0;0;2;0;1;A01
201700047162;2;7;0;0;2;0;9;B01
201700047163;1;7;0;13;0;9;1;A01
201700047164;2;7;0;0;2;1;1;A01
201700047164;2;7;0;0;2;4;2;B01
201700047165;2;14;0;0;2;2;12;A01
201700047165;2;7;0;0;2;5;2;B01
201700047166;1;7;0;4;0;2;14;A01
201700047167;1;7;0;0;2;4;0;C01
201700047167;1;7;0;0;2;1;0;A01
201700047167;1;7;0;0;2;4;0;D01
201700047167;1;7;0;0;2;4;0;B01
201700047168;1;7;0;0;2;9;2;C01
201700047168;1;7;0;0;2;4;2;B01
201700047168;1;7;0;0;2;6;3;D01
201700047168;1;15;0;0;2;2;1;A01
201700047169;2;31;0;0;2;6;15;A01
201700047169;2;7;0;0;2;3;2;B01
201700047170;1;7;0;3;0;2;14;A01
201700047171;2;31;0;1;0;1;2;A01
201700047171;2;7;0;0;2;4;23;B01
201700047172;1;7;0;0;2;4;2;A01
201700047172;1;7;0;0;2;1;2;B01
201700047173;1;7;0;4;0;3;11;A01
201700047174;2;7;0;4;2;4;2;A01
201700047174;2;15;0;0;2;3;1;B01
201700047175;1;10;0;0;2;6;0;A01
201700047175;1;31;0;0;2;1;0;B01
201700047176;1;7;0;0;2;2;0;A01
201700047176;1;7;0;0;2;4;0;B01
201700047177;2;33;0;0;2;1;1;A01
201700047177;2;7;0;0;2;4;2;B01
201700047178;1;7;0;0;2;4;2;B01
201700047178;1;7;0;0;2;1;2;C01
201700047178;1;7;0;0;2;4;1;A01
201700047179;2;7;0;0;0;9;0;A01
201700047180;2;7;0;1;0;3;2;B01
201700047181;2;17;0;0;2;6;2;A01
201700047181;2;17;0;0;0;0;0;Z01
201700047181;2;7;0;0;2;3;1;B01
201700047182;1;7;0;0;2;1;2;A01
201700047182;1;7;0;0;2;4;2;B01
201700047183;2;7;0;3;0;2;0;A01
201700047184;2;7;0;4;0;1;1;A01
201700047185;2;7;0;0;2;1;0;A01
201700047185;2;7;0;0;2;4;1;B01
201700047185;2;7;0;0;2;4;0;C01
201700047186;2;7;0;0;2;1;1;A01
201700047186;2;7;0;0;2;4;1;B01
201700047187;1;7;0;0;2;3;13;A01
201700047187;1;7;0;4;2;5;14;B01
201700047188;2;7;0;3;0;6;1;A01
201700047188;0;7;0;0;0;0;0;Z01
201700047189;1;7;0;0;2;1;1;B01
201700047189;1;7;0;0;2;4;2;A01
201700047190;2;7;0;0;2;6;2;A01
201700047190;2;7;0;0;2;4;2;B01
201700047190;2;7;0;0;2;1;9;C01
201700047191;2;7;0;0;9;1;13;A01
201700047192;1;7;0;0;2;1;2;B01
201700047192;1;7;0;0;2;1;2;A01
201700047192;1;7;0;0;2;4;2;D01
201700047192;1;7;0;0;2;4;2;C01
201700047193;1;7;0;0;2;3;1;B01
201700047193;1;7;0;0;2;2;12;A01
201700047194;1;7;0;0;2;1;2;A01
201700047194;1;7;0;0;2;4;2;B01
201700047195;1;7;0;16;0;9;1;A01
201700047196;1;7;0;0;2;4;2;B01
201700047196;1;7;0;0;2;1;1;A01
201700047197;2;7;0;0;2;8;1;B01
201700047197;2;7;0;0;2;2;12;A01
201700047198;2;7;0;0;2;1;2;A01
201700047198;2;7;0;0;2;4;2;B01
201700047198;2;10;0;0;2;4;2;C01
201700047199;2;7;0;0;2;7;1;A01
201700047199;2;33;0;0;2;8;3;B01
201700047200;2;7;0;0;2;4;2;C01
201700047200;2;7;0;0;2;8;1;B01
201700047200;2;33;0;0;2;7;3;A01
201700047201;2;7;0;0;2;5;2;A01
201700047201;2;33;0;0;2;1;2;B01
201700047202;1;7;0;0;2;0;0;A01
201700047202;1;31;0;0;2;0;0;B01
201700047203;2;31;0;16;0;1;0;A01
201700047203;2;7;0;0;2;0;0;Z01
201700047204;2;10;0;0;2;4;0;A01
201700047204;2;7;0;0;2;1;0;B01
201700047204;2;7;0;4;0;1;0;C01
201700047205;1;33;0;4;0;7;0;A01
201700047206;2;33;0;0;2;8;0;A01
201700047206;2;7;0;0;2;0;0;Z01
201700047207;2;34;0;14;0;1;1;A01
201700047208;2;7;0;4;0;1;0;A01
201700047209;1;7;0;0;2;5;12;A01
201700047209;1;32;0;0;2;1;3;B01
201700047210;2;7;0;0;2;6;2;B01
201700047210;2;34;0;0;2;8;3;A01
201700047210;2;7;0;0;2;7;12;Z01
201700047211;1;33;0;4;0;3;1;A01
201700047212;1;7;0;0;2;1;2;Z01
201700047212;1;34;0;0;2;4;1;A01
201700047213;2;33;0;0;2;2;1;B01
201700047213;2;7;0;0;2;3;13;A01
201700047214;2;7;0;0;2;1;1;A01
201700047214;2;10;0;0;2;4;2;B01
201700047215;2;7;0;0;2;8;1;B01
201700047215;2;14;0;0;2;2;16;A01
201700047216;1;7;0;0;2;6;11;A01
201700047216;1;7;0;0;2;2;1;B01
201700047216;1;7;0;0;2;1;2;C01
201700047217;2;7;0;0;2;6;0;A01
201700047217;2;33;0;0;2;1;3;B01
201700047218;1;33;0;0;2;3;3;A01
201700047218;1;10;0;0;2;5;1;B01
201700047218;1;7;0;0;2;6;1;C01
201700047219;1;7;0;3;0;3;1;A01
201700047220;1;7;0;0;2;1;1;A01
201700047220;1;7;0;0;2;4;2;B01
201700047220;1;7;0;0;2;4;2;C01
201700047220;1;7;0;0;2;4;2;D01
201700047220;1;7;0;0;2;4;2;E01
201700047221;1;7;0;4;0;9;1;A01
201700047222;2;7;0;4;0;3;13;A01
201700047223;1;7;0;4;0;1;13;A01
201700047224;2;7;0;4;0;1;14;A01
201700047225;1;7;0;0;2;1;1;A01
201700047225;1;7;0;4;2;4;2;B01
201700047226;2;7;0;0;2;4;0;A01
201700047226;2;7;0;0;2;1;0;B01
201700047227;2;7;0;0;2;1;14;A01
201700047227;2;7;0;0;2;1;2;B01
201700047228;1;7;0;16;0;9;13;A01
201700047229;2;7;0;0;2;1;1;A01
201700047229;2;7;0;0;2;4;0;B01
201700047230;1;7;0;4;0;3;11;A01
201700047231;2;7;0;0;2;8;1;B01
201700047231;2;7;0;0;2;7;17;A01
201700047232;1;7;0;4;0;3;11;A01
201700047233;1;7;0;4;0;3;11;A01
201700047234;2;33;0;16;0;7;14;A01
201700047235;2;7;0;3;0;2;14;A01
201700047236;1;33;0;0;2;7;3;A01
201700047236;1;7;0;0;2;8;2;B01
201700047237;1;7;0;0;2;4;2;A01
201700047237;1;7;0;0;2;1;2;B01
201700047237;1;7;0;0;2;1;2;C01
201700047238;2;15;0;0;2;2;11;A01
201700047238;2;7;0;0;2;5;12;B01
201700047239;1;7;0;4;0;3;11;A01
201700047240;2;15;0;0;2;2;1;B01
201700047240;2;7;0;0;2;8;11;A01
201700047241;2;38;0;0;2;5;2;A01
201700047241;2;7;0;0;2;1;2;B01
201700047241;2;7;0;0;2;8;0;C01
201700047242;2;7;0;0;2;4;23;A01
201700047242;2;7;0;1;0;1;2;B01
201700047243;2;7;0;16;0;9;1;A01
201700047244;2;7;0;4;0;1;0;A01
201700047245;2;7;0;0;2;1;2;A01
201700047245;2;7;0;0;2;4;0;B01
201700047246;2;15;0;0;2;2;1;A01
201700047246;2;7;0;0;2;8;9;B01
201700047247;1;32;0;4;0;7;14;A01
201700047248;1;7;0;4;0;2;12;A01
201700047249;2;7;0;0;9;4;23;A01
201700047249;0;7;0;0;0;0;0;B01
201700047250;1;7;0;0;2;1;2;A01
201700047250;1;7;0;0;2;4;2;B01
201700047250;1;7;0;0;2;4;2;C01
201700047251;2;7;0;0;2;1;2;A01
201700047251;2;7;0;0;2;4;2;B01
201700047252;1;33;0;0;2;1;3;A01
201700047252;1;7;0;0;2;6;11;B01
201700047253;2;7;0;4;0;1;1;A01
201700047254;2;7;0;0;2;4;2;C01
201700047254;2;7;0;0;2;9;2;B01
201700047254;2;7;0;0;2;1;1;A01
201700047255;1;7;0;0;0;8;11;A01
201700047255;1;33;0;0;2;1;3;B01
201700047256;2;7;0;0;2;1;0;A01
201700047256;2;7;0;0;2;4;0;B01
201700047257;2;7;0;0;2;6;11;A01
201700047257;2;15;0;0;2;2;2;B01
201700047258;2;7;0;0;2;0;0;A01
201700047258;2;10;0;0;2;0;2;B01
201700047258;2;10;0;0;2;9;2;C01
201700047258;2;15;0;0;2;0;0;D01
201700047259;1;7;0;0;2;4;2;B01
201700047259;1;7;0;0;2;1;1;A01
201700047260;2;7;0;0;2;1;1;A01
201700047260;2;7;0;0;2;3;0;B01
201700047260;2;7;0;0;2;4;1;C01
201700047261;2;13;0;1;2;3;23;B01
201700047261;2;7;0;1;0;2;21;A01
201700047262;2;33;0;0;2;1;3;A01
201700047262;2;7;0;0;2;3;1;B01
201700047263;1;7;0;3;0;1;13;A01
201700047264;2;7;0;4;0;1;14;A01
201700047265;2;33;0;0;2;7;1;A01
201700047265;2;7;0;0;2;8;11;B01
201700047266;1;7;0;0;2;5;2;A01
201700047266;1;7;0;0;2;2;1;B01
201700047266;1;33;0;0;2;1;2;C01
201700047267;2;33;0;0;2;2;12;A01
201700047267;2;14;0;0;2;6;1;B01
201700047268;2;7;0;0;2;1;1;D01
201700047268;2;7;0;0;2;4;2;B01
201700047268;2;7;0;0;2;4;2;A01
201700047268;2;7;0;0;2;4;2;C01
201700047269;1;10;0;0;2;1;2;A01
201700047269;1;7;0;0;2;1;2;B01
201700047269;1;7;0;0;2;5;2;C01
201700047270;1;7;0;2;0;9;14;A01
201700047271;2;33;0;0;2;1;3;A01
201700047271;2;33;0;0;2;4;3;B01
201700047271;2;10;0;0;2;5;2;C01
201700047272;2;7;0;0;2;1;1;A01
201700047272;2;7;0;0;2;4;1;B01
201700047272;2;7;0;0;2;4;1;C01
201700047273;2;7;0;0;2;1;0;A01
201700047273;2;7;0;0;2;4;0;B01
201700047274;1;15;0;0;2;1;1;A01
201700047274;1;7;0;0;2;4;12;B01
201700047275;2;7;0;0;2;6;0;A01
201700047275;2;31;0;0;2;2;0;B01
201700047276;2;7;0;0;2;5;0;A01
201700047276;2;7;0;0;2;8;0;B01
201700047276;2;7;0;0;2;1;0;C01
201700047277;2;7;0;4;0;9;1;A01
201700047278;2;7;0;4;0;1;14;A01
201700047279;2;7;0;0;2;1;1;A01
201700047279;2;7;0;0;2;4;2;B01
201700047280;2;7;0;4;0;1;1;A01
201700047281;1;7;0;0;0;0;0;A01
201700047282;1;33;0;14;0;3;0;A01
201700047283;2;15;0;0;2;6;0;A01
201700047283;2;7;0;14;9;1;1;B01
201700047283;2;7;0;14;9;1;1;C01
201700047283;2;7;0;14;9;1;1;D01
201700047284;2;7;0;0;2;3;2;A01
201700047284;2;7;0;0;2;5;2;B01
201700047285;1;7;0;0;2;8;1;B01
201700047285;1;15;0;0;2;2;1;A01
201700047286;2;7;0;0;2;1;2;A01
201700047286;2;7;0;0;2;1;2;B01
201700047286;2;7;0;0;2;1;2;C01
201700047286;2;7;0;0;2;4;2;D01
201700047287;2;7;0;0;2;1;1;Z01
201700047287;2;7;0;0;2;4;2;A01
201700047288;2;14;0;0;2;1;2;A01
201700047288;2;7;0;0;2;4;2;B01
201700047289;1;34;0;0;2;8;3;A01
201700047289;1;7;0;0;2;7;2;B01
201700047290;1;7;0;4;0;1;2;A01
201700047291;2;7;0;0;2;4;2;B01
201700047291;2;7;0;0;2;4;2;D01
201700047291;2;7;0;0;2;4;2;C01
201700047291;2;7;0;0;2;1;1;A01
201700047292;2;33;0;0;2;5;3;B01
201700047292;2;33;0;0;2;5;3;A01
201700047292;2;7;0;0;2;8;1;C01
201700047292;2;7;0;0;2;1;1;D01
201700047293;1;7;0;0;2;6;1;A01
201700047293;1;7;0;0;2;1;2;B01
201700047293;1;7;0;0;2;2;2;C01
201700047293;1;7;0;0;2;2;2;D01
201700047294;1;7;0;0;2;1;1;A01
201700047294;1;10;0;0;2;6;2;B01
201700047294;1;7;0;0;2;4;2;D01
201700047294;1;10;0;0;2;4;2;C01
201700047295;2;7;0;0;2;5;2;A01
201700047295;2;33;0;0;2;1;3;B01
201700047296;2;7;0;4;0;1;1;A01
201700047297;2;7;0;4;0;3;13;A01
201700047298;2;33;0;0;2;1;1;B01
201700047298;2;7;0;0;2;4;2;A01
201700047299;1;15;0;4;0;3;11;A01
201700047299;1;15;0;0;2;3;1;B01
201700047300;2;7;0;0;2;2;12;A01
201700047300;2;7;0;0;2;9;2;B01
201700047301;2;7;0;0;2;8;0;A01
201700047301;2;33;0;0;2;2;0;B01
201700047302;2;7;0;0;2;6;1;A01
201700047302;2;15;0;0;2;2;12;B01
201700047303;1;33;0;0;2;3;3;A01
201700047303;1;7;0;0;2;2;1;B01
201700047304;1;7;0;0;2;5;2;B01
201700047304;1;7;0;0;2;3;11;A01
201700047305;1;31;0;0;2;4;3;A01
201700047305;1;10;0;0;2;1;2;B01
201700047306;1;33;0;0;2;1;2;A01
201700047306;1;7;0;0;2;6;11;B01
201700047307;1;7;0;0;2;1;2;A01
201700047307;1;7;0;0;2;4;2;B01
201700047307;1;7;0;0;2;4;2;C01
201700047308;1;15;0;0;2;8;1;B01
201700047308;1;10;0;0;2;1;1;C01
201700047308;1;7;0;0;2;4;2;A01
201700047309;2;15;0;0;2;2;0;A01
201700047309;2;33;0;0;2;5;1;B01
201700047309;2;7;0;0;2;3;2;C01
201700047310;2;7;0;4;0;3;1;A01
201700047311;1;33;0;0;2;2;3;A01
201700047311;1;7;0;0;2;6;2;B01
201700047312;1;7;0;3;0;1;0;A01
201700047313;2;7;0;4;0;2;14;A01
201700047314;1;7;0;4;0;3;11;A01
201700047315;1;7;0;0;2;1;2;A01
201700047315;1;7;0;0;2;4;2;B01
201700047316;1;7;0;16;0;3;1;A01
201700047317;1;7;0;4;0;3;13;A01