num_acc;senc;catv;occutc;obs;obsm;choc;manv;num_veh
201700047944;1;10;0;0;2;1;11;A01
201700047944;1;10;0;0;2;0;1;B01
201700047944;1;7;0;0;2;2;1;C01
201700047945;1;10;0;0;2;4;2;B01
201700047945;1;7;0;0;2;1;1;A01
201700047946;2;7;0;0;2;4;0;A01
201700047946;2;7;0;0;2;2;0;B01
201700047946;2;7;0;0;2;2;0;C01
201700047946;2;15;0;0;2;1;0;D01
201700047947;1;7;0;0;2;1;1;A01
201700047947;1;10;0;0;2;4;2;B01
201700047948;1;7;0;0;2;1;17;A01
201700047948;1;7;0;0;2;4;11;B01
201700047949;2;7;0;0;2;4;2;C01
201700047949;2;7;0;0;2;1;1;A01
201700047949;2;7;0;0;2;4;2;B01
201700047950;2;7;0;3;0;1;14;A01
201700047951;2;7;0;0;1;2;0;A01
201700047952;1;7;0;0;2;2;0;A01
201700047952;1;10;0;0;2;3;10;B01
201700047953;1;7;0;15;2;1;21;A01
201700047954;1;7;0;0;2;4;2;A01
201700047954;1;7;0;0;2;4;2;B01
201700047954;1;7;0;0;2;4;2;C01
201700047954;1;7;0;0;2;1;2;D01
201700047955;2;7;0;3;0;8;13;A01
201700047956;1;7;0;0;2;4;1;A01
201700047956;1;7;0;0;2;1;1;B01
201700047956;1;7;0;0;2;4;0;C01
201700047957;2;33;0;0;2;1;3;A01
201700047957;2;7;0;0;2;7;14;B01
201700047957;2;7;0;0;2;4;2;C01
201700047958;2;10;0;0;2;5;2;B01
201700047958;2;33;0;0;2;1;3;A01
201700047959;2;7;0;0;2;2;0;A01
201700047959;2;7;0;0;2;6;0;B01
201700047960;2;33;0;0;0;1;2;A01
201700047961;2;33;0;0;2;1;3;A01
201700047961;2;7;0;0;2;3;11;B01
201700047962;2;33;0;0;2;3;2;A01
201700047962;2;7;0;0;2;5;12;Z01
201700047963;2;14;0;0;2;1;1;A01
201700047963;2;7;0;0;2;4;0;B01
201700047964;2;7;0;1;0;1;14;Z01
201700047964;2;7;0;0;2;4;23;A01
201700047965;1;33;0;0;2;2;17;B01
201700047965;1;7;0;0;2;8;11;A01
201700047966;1;7;0;0;2;1;5;A01
201700047966;1;7;0;0;2;1;1;B01
201700047966;1;7;0;0;2;6;2;C01
201700047967;1;33;0;0;2;7;3;B01
201700047967;1;7;0;0;2;8;11;A01
201700047968;1;10;0;0;2;2;12;A01
201700047968;1;33;0;0;2;3;1;B01
201700047969;2;10;0;0;2;1;2;A01
201700047969;2;7;0;0;2;4;2;B01
201700047970;2;7;0;0;2;4;2;C01
201700047970;2;7;0;0;2;1;1;A01
201700047970;2;7;0;0;2;4;2;B01
201700047971;2;10;0;0;2;7;12;A01
201700047971;2;33;0;0;2;8;0;B01
201700047972;2;7;0;0;2;4;2;B01
201700047972;2;7;0;0;2;4;2;C01
201700047972;2;7;0;0;2;4;2;D01
201700047972;2;10;0;0;2;1;1;A01
201700047973;2;33;0;0;2;1;1;A01
201700047973;2;7;0;0;2;6;11;B01
201700047974;1;33;0;0;2;7;2;A01
201700047974;1;7;0;0;2;6;11;B01
201700047975;2;14;0;0;2;2;12;A01
201700047975;2;7;0;0;2;6;1;B01
201700047976;1;10;0;0;2;4;1;A01
201700047976;1;7;0;0;2;1;1;Z01
201700047977;1;7;0;1;0;1;1;B01
201700047977;1;7;0;0;2;7;1;A01
201700047977;1;7;0;0;2;3;13;Z01
201700047978;2;7;0;0;2;1;2;B01
201700047978;2;7;0;0;2;1;2;A01
201700047978;2;7;0;0;2;4;2;C01
201700047979;2;15;0;0;2;7;12;A01
201700047979;2;7;0;0;2;3;1;B01
201700047980;1;7;0;0;2;5;2;A01
201700047980;1;33;0;0;2;1;21;B01
201700047981;2;7;0;14;0;1;1;A01
201700047981;2;7;0;14;0;4;23;B01
201700047981;2;7;0;14;0;4;23;C01
201700047981;2;7;0;14;0;4;23;D01
201700047981;2;7;0;14;0;4;23;E01
201700047982;2;10;0;16;0;1;11;A01
201700047983;2;7;0;0;2;2;0;A01
201700047983;2;7;0;0;2;8;1;B01
201700047984;2;33;0;0;2;2;1;B01
201700047984;2;7;0;0;2;5;2;A01
201700047985;2;33;0;0;2;1;3;A01
201700047985;2;7;0;0;2;7;12;B01
201700047986;2;15;0;0;2;2;12;A01
201700047986;2;7;0;0;2;6;1;B01
201700047987;1;7;0;3;0;1;14;A01
201700047988;2;7;0;0;2;8;1;Z01
201700047988;2;33;0;0;2;7;1;A01
201700047989;1;7;0;0;2;4;2;A01
201700047989;1;7;0;0;2;1;2;B01
201700047990;2;7;0;0;2;1;1;C01
201700047990;2;7;0;0;2;4;2;B01
201700047990;2;7;0;0;2;4;2;A01
201700047991;1;7;0;0;2;1;1;A01
201700047991;1;10;0;0;2;4;2;B01
201700047992;1;7;0;0;2;8;11;A01
201700047992;1;16;0;0;2;1;1;B01
201700047993;1;33;0;0;2;0;21;A01
201700047993;1;17;0;0;2;4;1;B01
201700047993;1;7;0;0;2;4;1;C01
201700047994;2;7;0;0;2;8;11;A01
201700047994;2;33;0;0;2;7;3;B01
201700047995;1;7;0;4;0;1;21;A01
201700047996;1;33;0;0;2;1;3;A01
201700047996;1;7;0;0;2;8;11;B01
201700047996;1;7;0;0;2;6;2;C01
201700047997;1;31;0;16;0;1;12;A01
201700047998;2;10;0;4;0;1;1;A01
201700047999;2;7;0;0;2;8;9;A01
201700047999;2;33;0;0;2;2;1;B01
201700048000;1;7;0;0;2;4;23;A01
201700048000;1;7;0;0;2;4;23;B01
201700048000;1;7;0;0;2;1;2;C01
201700048001;2;7;0;0;2;8;11;A01
201700048001;2;33;0;0;2;2;3;B01
201700048002;1;7;0;0;2;8;11;A01
201700048002;1;31;0;0;2;2;1;B01
201700048003;1;7;0;4;0;2;14;A01
201700048004;2;7;0;0;2;2;12;A01
201700048004;2;33;0;0;2;8;3;B01
201700048004;2;7;0;0;2;3;1;C01
201700048005;2;7;0;0;2;7;1;B01
201700048005;2;7;0;0;2;8;11;A01
201700048006;1;7;0;0;2;8;12;A01
201700048006;1;34;0;0;2;1;3;B01
201700048006;1;7;0;0;2;8;0;C01
201700048007;2;7;0;4;0;1;21;A01
201700048007;2;7;0;0;2;4;2;C01
201700048007;2;7;0;0;2;1;1;B01
201700048008;1;7;0;0;2;1;0;A01
201700048008;1;7;0;0;2;4;0;B01
201700048009;2;7;0;4;2;6;2;B01
201700048009;2;7;0;3;2;1;1;A01
201700048010;2;33;0;0;2;8;3;A01
201700048010;2;7;0;0;2;7;12;B01
201700048011;1;7;0;0;2;1;0;A01
201700048011;1;7;0;0;2;4;0;B01
201700048011;1;7;0;0;2;4;0;C01
201700048011;1;7;0;0;2;4;0;D01
201700048012;2;33;0;0;2;3;3;A01
201700048012;2;7;0;0;2;5;1;B01
201700048013;2;7;0;0;2;2;12;A01
201700048013;2;7;0;0;2;2;1;B01
201700048013;2;7;0;0;2;3;1;C01
201700048014;1;7;0;0;2;5;2;A01
201700048014;1;7;0;0;2;0;0;Z01
201700048015;2;7;0;4;0;6;21;A01
201700048016;2;7;0;0;2;4;23;B01
201700048016;2;7;0;0;2;4;23;C01
201700048016;2;7;0;0;2;4;23;D01
201700048016;2;7;0;0;2;1;1;A01
201700048017;2;33;0;0;2;4;2;C01
201700048017;2;31;0;0;2;1;1;A01
201700048017;2;31;0;0;2;6;2;B01
201700048018;1;7;0;0;2;5;2;B01
201700048018;1;33;0;0;2;1;1;A01
201700048019;2;33;0;0;2;8;3;A01
201700048019;2;7;0;0;2;3;12;B01
201700048019;2;7;0;0;2;5;1;C01
201700048020;2;7;0;0;2;6;23;B01
201700048020;2;7;0;0;2;4;23;C01
201700048020;2;7;0;0;2;2;17;Z01
201700048021;2;7;0;4;0;3;13;A01
201700048022;1;7;0;0;2;3;11;B01
201700048022;1;31;0;0;2;1;3;A01
201700048023;2;33;0;0;2;1;3;A01
201700048024;2;31;0;0;2;1;0;A01
201700048024;2;7;0;0;2;4;0;B01
201700048025;1;7;0;4;0;1;1;A01
201700048026;1;7;0;4;0;1;13;A01
201700048027;1;7;0;4;0;2;14;A01
201700048028;2;7;0;0;2;5;2;B01
201700048028;2;31;0;0;2;1;3;A01
201700048028;2;7;0;0;2;8;11;C01
201700048029;2;7;0;4;2;3;1;A01
201700048029;2;7;0;0;2;0;0;Z01
201700048030;2;33;0;0;2;8;3;A01
201700048030;2;7;0;0;2;7;12;B01
201700048031;2;7;0;0;2;8;11;B01
201700048031;2;7;0;0;2;5;1;C01
201700048031;2;33;0;0;2;7;3;A01
201700048032;2;7;0;0;2;1;2;C01
201700048032;2;7;0;0;2;4;21;A01
201700048032;2;10;0;0;2;1;2;B01
201700048033;1;33;0;0;2;3;3;A01
201700048033;1;10;0;0;2;7;12;B01
201700048034;1;7;0;3;2;1;14;A01
201700048034;1;10;0;0;2;4;1;B01
201700048035;1;7;0;0;2;8;0;A01
201700048035;1;15;0;0;2;2;0;B01
201700048036;2;7;0;4;2;5;23;A01
201700048036;2;7;0;1;0;3;21;Z01
201700048037;1;10;0;0;2;4;2;A01
201700048037;1;10;0;0;2;4;2;B01
201700048037;1;10;0;0;2;1;2;C01
201700048038;1;7;0;0;2;1;2;A01
201700048038;1;7;0;0;2;4;2;B01
201700048039;2;7;0;3;0;1;14;A01
201700048040;1;7;0;0;2;6;1;A01
201700048040;1;7;0;0;2;2;12;B01
201700048041;1;7;0;0;2;4;2;B01
201700048041;1;10;0;0;2;1;1;A01
201700048042;1;7;0;4;2;4;2;B01
201700048042;1;7;0;0;2;1;1;A01
201700048043;2;7;0;0;2;1;1;A01
201700048043;2;7;0;0;2;5;2;B01
201700048044;1;7;0;0;2;5;12;A01
201700048044;1;31;0;0;2;3;0;B01
201700048045;1;7;0;4;0;1;21;A01
201700048046;1;7;0;16;0;2;21;A01
201700048047;1;7;0;0;2;5;2;A01
201700048047;1;7;0;0;2;1;1;C01
201700048047;1;7;0;0;2;4;2;B01
201700048048;2;7;0;4;2;1;1;A01
201700048048;2;7;0;0;2;4;2;B01
201700048049;1;7;0;16;0;1;14;A01
201700048050;2;7;0;4;0;2;14;A01
201700048051;1;7;0;0;2;4;2;C01
201700048051;1;7;0;0;2;1;1;A01
201700048051;1;7;0;0;2;4;2;B01
201700048052;2;7;0;4;0;1;13;A01
201700048053;1;14;0;0;2;2;13;A01
201700048053;1;7;0;0;2;4;2;C01
201700048053;1;7;0;0;2;6;2;B01
201700048054;2;7;0;0;2;4;2;B01
201700048054;2;7;0;0;2;1;1;A01
201700048054;2;7;0;0;2;4;2;C01
201700048055;2;7;0;0;2;4;1;A01
201700048055;2;7;0;0;2;1;1;B01
201700048056;1;7;0;0;1;1;2;A01
201700048057;1;7;0;4;0;3;21;A01
201700048058;1;10;0;4;0;1;0;A01
201700048059;2;7;0;0;2;7;2;A01
201700048059;2;33;0;0;2;8;3;B01
201700048060;2;33;0;0;9;3;1;A01
201700048061;2;7;0;4;0;1;9;A01
201700048062;1;7;0;0;2;3;1;B01
201700048062;1;17;0;0;2;2;12;A01
201700048062;1;7;0;0;2;3;1;C01
201700048063;2;7;0;0;2;4;2;B01
201700048063;2;7;0;0;2;4;2;A01
201700048063;2;7;0;0;2;4;2;D01
201700048063;2;10;0;0;2;1;1;C01
201700048064;1;7;0;0;2;4;2;B01
201700048064;1;7;0;0;2;4;2;C01
201700048064;1;7;0;0;2;1;1;Z01
201700048065;2;7;0;0;2;1;1;A01
201700048065;2;7;0;0;2;4;2;B01
201700048066;1;7;0;0;2;1;1;A01
201700048066;1;7;0;0;2;4;2;B01
201700048067;2;7;0;0;2;2;1;B01
201700048067;2;7;0;4;2;1;14;A01
201700048068;2;7;0;4;0;1;2;A01
201700048068;2;7;0;0;2;1;2;B01
201700048068;2;7;0;0;2;1;2;C01
201700048068;2;7;0;0;2;1;2;D01
201700048069;2;7;0;4;0;1;1;A01
201700048070;1;7;0;3;0;1;1;A01
201700048071;2;7;0;0;2;4;2;B01
201700048071;2;7;0;0;2;1;1;A01
201700048072;2;10;0;0;2;1;1;A01
201700048072;2;7;0;0;2;4;2;B01
201700048073;1;31;0;0;2;1;3;A01
201700048073;1;7;0;0;2;8;13;B01
201700048074;2;33;0;0;2;2;3;A01
201700048074;2;7;0;0;2;3;11;B01
201700048075;1;33;0;0;2;1;1;A01
201700048075;1;7;0;0;2;4;2;B01
201700048076;1;7;0;0;2;1;2;A01
201700048076;1;17;0;0;2;4;1;B01
201700048077;1;7;0;0;2;4;1;A01
201700048077;1;33;0;0;2;1;3;B01
201700048078;2;15;0;0;2;1;12;A01
201700048078;2;7;0;0;2;8;0;B01
201700048079;1;10;0;0;2;1;2;A01
201700048079;1;10;0;0;2;4;2;B01
201700048079;1;7;0;0;2;4;2;C01
201700048080;2;33;0;0;2;2;1;A01
201700048080;2;7;0;0;2;0;13;Z01
201700048081;2;7;0;0;2;7;12;A01
201700048081;2;33;0;0;2;3;1;B01
201700048082;2;7;0;0;2;7;12;A01
201700048082;2;7;0;0;2;1;1;B01
201700048083;1;7;0;4;0;1;2;A01
201700048084;2;7;0;4;0;1;1;A01
201700048085;2;7;0;4;0;1;14;A01
201700048086;2;10;0;0;2;1;1;A01
201700048086;2;7;0;0;2;4;21;B01
201700048087;2;7;0;0;2;6;12;A01
201700048087;2;7;0;0;2;8;1;B01
201700048087;2;7;0;0;2;0;0;Z01
201700048088;2;7;0;1;2;4;0;A01
201700048088;2;99;0;0;2;4;24;B01
201700048089;1;33;0;0;2;1;2;A01
201700048089;1;7;0;0;2;8;11;B01
201700048090;2;7;0;0;2;1;2;A01
201700048090;2;7;0;0;2;4;23;B01
201700048091;2;7;0;0;2;1;21;A01
201700048091;2;7;0;0;2;1;21;B01
201700048091;2;7;0;0;2;1;21;C01
201700048092;2;7;0;4;0;1;1;A01
201700048093;2;7;0;0;2;2;14;A01
201700048093;2;7;0;0;2;8;1;B01
201700048094;2;7;0;0;2;6;1;B01
201700048094;2;7;0;0;2;1;2;A01
201700048095;1;10;0;6;0;1;14;A01
201700048096;1;7;0;0;2;1;2;A01
201700048096;1;7;0;0;2;4;2;B01
201700048096;1;15;0;0;2;3;1;C01
201700048097;1;7;0;0;2;5;1;A01
201700048097;1;7;0;0;2;0;0;Z01
201700048098;2;31;0;0;2;1;3;A01
201700048098;2;7;0;0;2;5;1;B01
201700048099;2;31;0;0;2;7;3;A01
201700048099;2;7;0;0;2;3;11;B01
201700048100;2;14;0;0;2;2;2;B01
201700048100;2;7;0;0;2;6;9;A01
201700048101;2;33;0;0;2;7;1;A01
201700048101;2;7;0;0;2;8;11;B01
201700048102;2;7;0;0;2;1;1;A01
201700048102;2;7;0;0;2;4;2;B01
201700048103;1;33;0;0;2;3;3;A01
201700048103;1;10;0;0;2;6;1;C01
201700048103;1;7;0;0;2;4;1;B01
201700048104;1;10;0;0;2;1;2;A01
201700048104;1;7;0;0;2;4;2;B01
201700048105;1;33;0;0;0;8;2;A01
201700048106;1;33;0;0;2;6;11;A01
201700048106;1;7;0;0;2;2;1;B01
201700048107;2;7;0;0;2;1;1;B01
201700048107;2;7;0;0;2;1;2;C01
201700048107;2;7;0;0;2;4;23;A01
201700048107;2;7;0;0;2;4;2;D01
201700048108;1;33;0;0;2;8;11;A01
201700048108;1;15;0;0;2;7;12;Z01
201700048109;1;7;0;1;0;1;1;A01
201700048109;1;7;0;0;2;6;23;B01
201700048110;1;7;0;0;2;1;2;A01
201700048110;1;7;0;0;2;4;23;B01
201700048110;1;7;0;0;2;4;23;C01
201700048111;2;7;0;4;0;1;14;A01
201700048112;1;7;0;4;0;3;1;A01
201700048113;1;7;0;4;0;1;0;A01
201700048114;1;7;0;0;2;4;2;B01
201700048114;1;7;0;0;2;1;1;A01
201700048114;1;7;0;0;2;4;2;C01
201700048115;2;7;0;0;2;8;11;A01
201700048115;2;14;0;0;2;2;1;B01
201700048116;2;33;0;0;2;3;3;A01
201700048116;2;13;0;0;2;2;2;B01
201700048117;1;7;0;0;2;1;1;B01
201700048117;1;7;0;0;2;3;11;C01
201700048117;1;7;0;0;2;5;2;A01
201700048118;2;7;0;0;2;6;1;C01
201700048118;2;33;0;0;2;1;3;A01
201700048118;2;7;0;0;2;7;11;B01
201700048118;2;7;0;0;2;3;17;D01
201700048119;2;31;0;0;2;1;2;A01
201700048119;2;33;0;0;2;4;2;B01
201700048120;2;10;0;0;2;5;2;A01
201700048120;2;33;0;0;2;1;3;B01
201700048121;1;14;0;0;2;2;1;A01
201700048121;1;7;0;0;2;4;2;B01
201700048121;1;7;0;0;2;4;2;C01
201700048122;1;10;0;0;2;6;2;B01
201700048122;1;7;0;0;2;1;1;A01
201700048123;1;7;0;0;6;2;21;A01
201700048124;1;10;0;0;2;3;0;A01
201700048124;1;33;0;0;2;1;0;B01
201700048125;2;33;0;0;2;3;3;B01
201700048125;2;7;0;0;2;1;12;A01
201700048126;1;10;0;0;2;1;2;A01
201700048126;1;7;0;0;2;4;2;B01
201700048127;1;33;0;0;2;3;3;A01
201700048127;1;7;0;0;2;5;1;B01
201700048128;2;31;0;0;0;8;21;A01
201700048129;1;7;0;4;0;2;2;A01
201700048130;1;7;0;3;0;3;17;A01
201700048131;2;7;0;0;2;1;1;A01
201700048131;2;7;0;0;2;4;1;B01
201700048132;1;33;0;4;0;8;13;A01
201700048133;2;7;0;0;2;1;2;A01
201700048133;2;7;0;0;2;4;2;B01
201700048133;2;7;0;0;2;4;2;C01
201700048133;2;7;0;1;2;4;2;D01
201700048134;1;7;0;3;0;1;2;A01
201700048135;2;10;0;0;2;4;2;C01
201700048135;2;34;0;0;2;8;3;A01
201700048135;2;7;0;0;2;7;14;B01
201700048136;2;33;0;0;2;3;3;A01
201700048136;2;7;0;0;2;2;12;B01
201700048137;1;7;0;0;2;4;2;A01
201700048137;1;10;0;0;2;1;2;B01
201700048138;1;7;0;4;0;8;13;A01
201700048139;1;7;0;0;2;4;2;B01
201700048139;1;7;0;0;2;1;1;A01
201700048139;1;7;0;0;2;4;2;C01
201700048140;2;10;0;0;2;6;1;A01
201700048140;2;33;0;0;2;1;2;B01
201700048141;1;7;0;0;2;1;9;A01
201700048141;1;7;0;0;2;4;21;B01
201700048142;1;7;0;0;2;4;1;A01
201700048142;1;7;0;0;2;1;1;B01
201700048142;1;7;0;0;2;0;0;Z01
201700048143;2;10;0;13;0;1;14;A01
201700048144;2;7;0;0;2;4;1;A01
201700048144;2;7;0;0;2;1;1;Z01
201700048145;2;7;0;0;2;4;2;B01
201700048145;2;7;0;0;2;1;1;A01
201700048146;1;7;0;4;0;3;0;A01
201700048147;2;7;0;0;2;4;14;A01
201700048147;2;7;0;0;2;4;1;B01
201700048147;2;7;0;0;2;1;2;C01
201700048148;1;31;0;0;2;3;14;B01
201700048148;1;7;0;0;2;6;1;C01
201700048148;1;10;0;0;2;0;11;Z01
201700048149;2;7;0;0;2;2;1;B01
201700048149;2;7;0;0;2;3;11;A01
201700048150;1;10;0;4;2;2;12;A01
201700048150;1;15;0;0;2;3;2;B01
201700048151;1;34;0;4;0;8;3;A01
201700048152;1;10;0;0;2;1;2;A01
201700048152;1;14;0;0;2;4;2;B01
201700048152;1;7;0;0;2;1;2;C01
201700048152;1;10;0;0;2;4;2;D01
201700048153;2;7;0;0;2;4;0;B01
201700048153;2;7;0;12;2;1;12;Z01
201700048154;2;31;0;0;0;7;3;A01
201700048155;2;7;0;0;2;7;1;A01
201700048155;2;7;0;0;2;1;1;B01
201700048155;2;7;0;0;2;1;2;C01
201700048155;2;7;0;0;2;0;0;Z01
201700048156;1;7;0;4;0;1;14;A01
201700048157;1;7;0;0;2;4;2;C01
201700048157;1;10;0;0;2;4;2;B01
201700048157;1;10;0;0;2;1;1;A01
201700048158;2;17;0;0;2;3;11;B01
201700048158;2;7;0;0;2;5;2;A01
201700048159;2;7;0;4;2;1;0;A01
201700048159;2;7;0;0;2;0;0;B01
201700048160;1;7;0;0;2;5;2;B01
201700048160;1;7;0;0;2;3;18;Z01
201700048161;2;7;0;4;0;2;14;A01
201700048162;2;7;0;0;2;6;2;A01
201700048162;2;7;0;4;2;1;0;Z01
201700048163;2;7;0;4;0;2;12;A01
201700048164;2;7;0;4;0;3;13;A01
201700048165;2;7;0;0;2;1;2;C01
201700048165;2;7;0;0;2;4;2;B01
201700048165;2;7;0;0;2;4;2;A01
201700048166;2;7;0;4;0;1;14;A01
201700048167;2;7;0;4;0;3;1;A01
201700048168;1;7;0;0;2;4;1;B01
201700048168;1;10;0;0;2;9;1;A01
201700048169;2;7;0;0;2;4;23;A01
201700048169;2;7;0;0;2;4;23;B01
201700048169;2;7;0;1;0;1;1;C01
201700048169;2;7;0;0;2;1;1;Z01
201700048170;1;7;0;0;2;4;0;A01
201700048170;1;7;0;0;2;1;0;B01
201700048171;2;7;0;0;2;1;0;A01
201700048171;2;7;0;0;2;4;0;B01
201700048171;2;7;0;0;2;4;0;C01
201700048171;2;7;0;0;2;4;0;D01
201700048172;2;7;0;5;0;9;14;A01
201700048173;2;7;0;0;2;1;1;B01
201700048173;2;7;0;0;2;5;12;A01
201700048174;2;7;0;0;2;1;1;B01
201700048174;2;7;0;0;2;6;2;A01
201700048175;1;7;0;0;2;2;12;A01
201700048175;1;31;0;0;2;0;3;B01
201700048176;1;7;0;4;0;7;1;A01
201700048177;1;7;0;0;2;1;1;A01
201700048177;1;10;0;0;2;2;1;B01
201700048177;1;15;0;0;2;2;12;C01
201700048178;1;7;0;0;2;7;1;A01
201700048178;1;15;0;0;2;8;11;B01
201700048179;1;7;0;0;2;2;12;B01
201700048179;1;7;0;0;2;3;1;A01
201700048180;2;33;0;0;2;7;3;C01
201700048180;2;7;0;0;2;8;11;B01
201700048180;2;7;0;0;2;7;1;A01
201700048181;1;7;0;1;0;1;14;A01
201700048181;1;16;0;0;2;6;24;B01
201700048181;1;7;0;0;2;2;1;C01
201700048182;2;7;0;4;0;1;12;A01
201700048183;2;7;0;4;0;1;1;A01
201700048184;1;7;0;4;0;1;0;A01
201700048185;2;7;0;4;2;3;17;B01
201700048185;2;14;0;0;2;6;1;A01
201700048186;1;15;0;0;1;2;1;A01
201700048187;2;33;0;0;0;2;1;A01
201700048188;2;33;0;16;0;7;21;A01
201700048189;1;7;0;0;2;1;2;A01
201700048189;1;7;0;0;2;4;2;B01
201700048189;1;7;0;0;2;4;2;C01
201700048190;1;7;0;0;2;5;23;A01
201700048190;1;7;0;1;0;2;14;B01
201700048190;1;7;0;1;0;1;2;C01
201700048191;1;7;0;4;0;9;1;Z01
201700048191;1;7;0;0;2;1;1;A01
201700048192;2;7;0;13;0;1;1;A01
201700048193;2;7;0;4;0;1;13;A01
201700048194;2;7;0;4;0;1;15;A01
201700048195;2;7;0;0;2;9;1;A01
201700048196;2;7;0;0;2;1;14;A01
201700048196;2;7;0;0;2;3;1;B01
201700048197;2;7;0;4;0;3;17;A01
201700048198;2;7;0;4;0;1;1;A01
201700048199;2;7;0;0;2;7;0;A01
201700048199;2;15;0;0;2;8;0;B01
201700048200;2;7;0;0;2;1;2;A01
201700048200;2;7;0;0;2;4;2;B01
201700048200;2;7;0;0;2;4;2;C01
201700048200;2;7;0;0;2;4;2;D01
201700048201;2;7;0;3;2;1;14;A01
201700048201;2;7;0;3;2;8;2;B01
201700048202;1;7;0;0;2;6;2;A01
201700048203;2;7;0;0;2;1;2;A01
201700048203;2;7;0;0;2;4;2;B01
201700048203;2;7;0;0;2;4;2;C01
201700048204;1;15;0;0;2;7;12;A01
201700048204;1;7;0;0;2;8;2;B01
201700048205;2;7;0;0;2;4;2;B01
201700048205;2;7;0;4;2;1;1;A01
201700048206;1;15;0;16;0;1;13;A01
201700048207;1;7;0;3;0;9;1;A01
201700048208;1;10;0;0;2;1;11;A01
201700048208;1;15;0;0;2;1;2;B01
201700048208;1;10;0;0;2;1;2;C01
201700048208;1;7;0;0;2;1;2;D01
201700048208;1;13;0;0;2;5;1;E01
201700048209;1;7;0;4;0;3;0;A01
201700048210;2;7;0;4;0;1;1;A01
201700048211;1;15;0;0;2;2;1;A01
201700048211;1;7;0;0;2;4;23;B01
201700048211;1;15;0;0;2;2;1;C01
201700048212;2;7;0;4;0;2;2;A01
201700048213;2;7;0;0;2;1;0;A01
201700048213;2;31;0;0;2;4;0;B01
201700048214;2;10;0;0;1;2;23;A01
201700048215;2;7;0;0;2;4;0;A01
201700048215;2;33;0;0;2;1;0;B01
201700048216;1;7;0;0;2;4;2;A01
201700048216;1;7;0;0;2;4;2;B01
201700048216;1;14;0;0;2;1;2;C01
201700048217;2;7;0;0;2;1;1;A01
201700048217;2;7;0;0;2;4;2;B01
201700048217;2;7;0;0;2;4;2;C01
201700048218;2;7;0;0;2;0;0;A01
201700048218;1;7;0;0;2;3;1;B01
201700048219;1;7;0;0;2;2;14;A01
201700048219;1;7;0;0;2;6;1;B01
201700048220;2;7;0;9;0;1;12;A01
201700048221;2;7;0;0;2;8;2;A01
201700048221;2;7;0;0;2;2;13;B01
201700048222;2;7;0;0;2;1;0;A01
201700048222;2;7;0;0;2;9;1;B01
201700048223;1;7;0;4;0;1;1;A01
201700048224;2;7;0;3;2;1;0;A01
201700048224;2;7;0;0;2;5;0;B01
201700048224;2;31;0;0;2;9;0;C01
201700048225;1;7;0;3;0;1;11;A01
201700048226;2;7;0;0;2;1;2;A01
201700048226;2;7;0;0;2;4;2;B01
201700048227;2;7;0;4;0;9;9;A01
201700048228;2;7;0;0;2;4;2;B01
201700048228;2;7;0;0;2;1;1;A01
201700048229;1;7;0;0;2;1;1;A01
201700048229;1;7;0;0;2;9;2;B01
201700048229;1;7;0;0;2;1;2;C01
201700048229;1;7;0;0;2;4;2;D01
201700048230;1;7;0;13;0;3;13;A01
201700048231;2;7;0;0;2;1;1;A01
201700048231;2;7;0;0;2;4;2;B01
201700048232;2;7;0;0;2;1;2;A01
201700048232;2;7;0;0;2;4;2;D01
201700048232;2;7;0;0;2;4;2;C01
201700048232;2;7;0;0;2;4;2;B01
201700048233;2;7;0;0;2;1;2;A01
201700048233;2;7;0;0;2;4;2;B01
201700048233;2;7;0;0;2;4;2;C01
201700048233;2;7;0;0;2;4;2;D01
201700048233;2;7;0;0;2;4;2;E01
201700048234;1;7;0;0;2;3;11;A01
201700048234;1;7;0;0;2;5;1;B01
201700048235;1;15;0;0;2;6;24;A01
201700048235;1;7;0;1;0;2;2;B01
201700048236;1;7;0;0;2;7;12;A01
201700048236;1;33;0;0;2;8;3;B01
201700048237;2;14;0;0;2;1;2;A01
201700048237;2;7;0;0;2;4;2;B01
201700048237;2;7;0;0;2;4;2;C01
201700048238;2;7;0;0;2;4;2;B01
201700048238;2;10;0;0;2;1;1;C01
201700048238;2;7;0;0;2;4;2;A01
201700048239;1;7;0;0;2;4;1;C01
201700048239;1;7;0;0;2;6;2;B01
201700048239;1;7;0;0;2;2;12;A01
201700048240;1;7;0;0;2;1;2;A01
201700048240;1;7;0;0;2;4;2;B01
201700048241;2;33;0;16;0;1;1;A01
201700048242;2;7;0;0;2;8;2;A01
201700048242;2;17;0;0;2;7;12;Z01
201700048243;1;33;0;0;2;2;17;A01
201700048243;1;7;0;0;2;3;11;B01
201700048244;2;7;0;4;0;1;14;A01
201700048245;2;14;0;0;2;1;9;A01
201700048245;2;7;0;0;2;3;2;B01
201700048246;2;7;0;0;2;3;2;A01
201700048246;2;15;0;0;2;5;2;B01
201700048247;2;7;0;0;2;1;1;A01
201700048247;2;10;0;0;2;4;2;B01
201700048248;2;7;0;0;2;4;23;A01
201700048248;2;31;0;0;2;1;2;B01
201700048249;2;7;0;4;2;1;1;A01
201700048249;2;7;0;4;2;4;2;B01
201700048250;1;7;0;0;2;4;2;B01
201700048250;1;7;0;0;2;2;1;A01
201700048251;2;31;0;4;0;7;14;A01
201700048252;2;7;0;13;0;1;1;A01