num_acc;senc;catv;occutc;obs;obsm;choc;manv;num_veh
201700048556;2;7;0;0;2;4;1;B01
201700048557;2;7;0;0;2;4;2;B01
201700048557;2;7;0;0;2;4;2;C01
201700048557;2;7;0;0;2;1;2;A01
201700048558;2;7;0;0;2;4;0;B01
201700048558;2;7;0;0;2;4;0;C01
201700048558;2;10;0;0;2;1;0;A01
201700048559;1;7;0;0;2;4;2;B01
201700048559;1;14;0;0;2;1;2;A01
201700048559;1;7;0;0;2;4;2;D01
201700048559;1;7;0;0;2;1;2;C01
201700048560;1;10;0;0;2;4;23;D01
201700048560;2;7;0;0;2;4;2;C01
201700048560;2;15;0;0;2;1;2;A01
201700048560;2;10;0;0;2;4;23;B01
201700048561;2;15;0;0;9;0;2;A01
201700048561;2;7;0;14;9;0;2;B01
201700048562;2;10;0;0;2;6;1;C01
201700048562;2;7;0;0;2;2;12;B01
201700048562;2;33;0;0;2;1;3;A01
201700048563;1;7;0;0;2;1;2;A01
201700048563;1;7;0;0;2;4;2;B01
201700048564;2;31;0;0;2;1;3;A01
201700048564;2;7;0;0;2;5;12;B01
201700048565;1;7;0;0;2;1;0;D01
201700048565;1;7;0;0;2;4;2;B01
201700048565;1;7;0;0;2;5;0;C01
201700048565;1;7;0;0;2;1;2;A01
201700048566;1;7;0;0;9;0;21;A01
201700048567;2;7;0;0;2;2;12;B01
201700048567;2;33;0;0;2;3;3;A01
201700048568;1;33;0;0;2;2;0;A01
201700048568;1;7;0;0;2;3;0;B01
201700048568;1;10;0;0;2;5;0;C01
201700048569;1;10;0;0;2;4;2;C01
201700048569;1;7;0;0;2;4;2;B01
201700048569;1;7;0;0;2;1;2;A01
201700048570;1;7;0;0;2;3;11;A01
201700048570;1;7;0;0;2;4;1;C01
201700048570;1;33;0;0;2;1;2;B01
201700048571;2;7;0;0;2;4;2;B01
201700048571;2;7;0;0;2;4;2;D01
201700048571;2;7;0;0;2;4;2;C01
201700048571;2;7;0;0;2;1;2;A01
201700048572;1;33;0;0;2;1;2;A01
201700048572;1;7;0;0;2;4;2;B01
201700048573;2;7;0;0;2;7;12;A01
201700048573;2;33;0;0;2;8;3;B01
201700048574;2;7;0;0;2;3;1;C01
201700048574;2;33;0;0;2;1;3;A01
201700048574;2;33;0;0;2;4;3;B01
201700048575;1;7;0;0;2;4;2;B01
201700048575;1;34;0;0;2;1;1;A01
201700048576;2;33;0;0;2;1;18;A01
201700048576;2;7;0;0;9;4;12;B01
201700048577;1;33;0;0;2;1;1;A01
201700048577;1;7;0;0;2;6;1;B01
201700048578;1;7;0;1;0;1;2;C01
201700048578;1;7;0;0;2;4;2;B01
201700048578;1;7;0;0;2;1;2;A01
201700048579;1;10;0;3;0;3;1;B01
201700048579;1;7;0;4;2;3;14;A01
201700048580;1;7;0;0;2;4;2;B01
201700048580;1;7;0;0;2;1;2;A01
201700048581;1;7;0;0;2;1;0;A01
201700048581;1;7;0;0;2;4;0;B01
201700048581;1;7;0;0;2;4;0;C01
201700048582;2;7;0;0;2;0;0;A01
201700048582;2;7;0;0;2;4;2;C01
201700048582;2;7;0;0;2;4;2;B01
201700048583;1;31;0;0;2;7;12;B01
201700048583;1;7;0;0;2;8;11;A01
201700048584;2;7;0;0;2;1;1;A01
201700048585;2;7;0;0;2;3;11;A01
201700048585;2;31;0;0;2;7;1;B01
201700048586;2;7;0;0;2;0;0;B01
201700048586;2;33;0;0;2;0;0;A01
201700048587;2;33;0;0;2;3;0;B01
201700048587;2;7;0;0;2;0;0;A01
201700048588;1;7;0;0;2;2;12;A01
201700048588;1;33;0;0;2;6;3;B01
201700048589;1;7;0;0;2;3;11;B01
201700048589;1;31;0;0;2;7;3;A01
201700048590;1;10;0;0;2;5;12;B01
201700048590;1;33;0;0;2;3;1;A01
201700048591;2;7;0;0;2;1;1;A01
201700048591;2;7;0;0;2;4;1;C01
201700048591;2;7;0;0;2;6;1;B01
201700048591;2;7;0;0;2;4;1;D01
201700048592;1;7;0;0;2;4;13;B01
201700048592;1;7;0;0;2;1;21;A01
201700048593;2;7;0;0;2;4;23;A01
201700048593;2;33;0;0;2;1;21;D01
201700048593;2;7;0;0;2;1;1;C01
201700048593;2;33;0;0;2;1;21;B01
201700048594;2;7;0;0;2;4;1;B01
201700048594;2;38;0;0;2;1;1;A01
201700048594;2;7;0;0;2;4;1;C01
201700048595;2;7;0;0;2;7;14;C01
201700048595;2;7;0;0;2;4;1;D01
201700048595;2;7;0;0;2;6;2;B01
201700048595;2;10;0;0;2;2;2;A01
201700048596;1;33;0;0;0;0;0;A01
201700048597;1;7;0;0;2;4;2;C01
201700048597;1;7;0;0;2;2;1;A01
201700048597;1;7;0;0;2;6;12;B01
201700048598;1;7;0;0;2;1;0;A01
201700048598;1;7;0;0;2;4;0;B01
201700048599;1;7;0;0;2;6;4;A01
201700048599;1;7;0;0;2;2;1;B01
201700048600;1;7;0;0;2;3;2;A01
201700048600;1;7;0;0;2;4;2;B01
201700048601;2;7;0;0;2;1;1;A01
201700048601;2;7;0;0;2;4;1;B01
201700048602;2;7;0;0;2;4;2;B01
201700048602;2;7;0;0;2;1;2;A01
201700048603;2;7;0;0;2;4;1;B01
201700048603;2;33;0;0;2;1;3;A01
201700048604;2;7;0;0;2;4;2;C01
201700048604;2;7;0;0;2;4;0;B01
201700048604;2;7;0;0;2;1;0;A01
201700048604;2;7;0;0;2;4;2;D01
201700048605;1;17;0;13;0;1;0;A01
201700048606;2;7;0;4;0;1;9;A01
201700048607;1;33;0;0;2;3;3;A01
201700048607;1;7;0;0;2;2;12;B01
201700048608;2;7;0;5;0;8;1;A01
201700048609;1;7;0;0;2;2;2;A01
201700048609;1;33;0;0;2;5;2;B01
201700048610;1;33;0;0;2;2;1;A01
201700048610;1;7;0;0;0;5;1;B01
201700048611;1;33;0;0;2;1;3;B01
201700048611;1;7;0;0;2;4;1;C01
201700048611;1;7;0;0;2;7;12;A01
201700048612;1;7;0;4;0;1;2;A01
201700048613;1;7;0;0;2;3;11;B01
201700048613;1;31;0;0;2;2;3;A01
201700048614;2;7;0;0;2;3;21;A01
201700048614;2;7;0;0;2;4;2;C01
201700048614;2;7;0;0;2;6;2;B01
201700048615;2;7;0;0;2;1;14;A01
201700048615;2;7;0;0;2;4;1;B01
201700048616;2;7;0;3;0;1;9;A01
201700048617;2;7;0;4;0;0;9;A01
201700048618;1;17;0;0;2;6;1;B01
201700048618;1;7;0;0;2;2;21;A01
201700048619;2;33;0;0;2;3;1;B01
201700048619;2;7;0;0;2;2;12;A01
201700048620;1;7;0;0;2;4;2;B01
201700048620;1;7;0;0;2;5;2;C01
201700048620;1;7;0;0;2;4;2;D01
201700048620;1;14;0;0;2;1;2;A01
201700048621;2;7;0;0;2;3;2;C01
201700048621;2;7;0;0;2;7;12;A01
201700048621;2;33;0;0;2;3;2;B01
201700048622;2;10;0;0;2;1;1;A01
201700048622;2;7;0;0;2;4;2;B01
201700048623;1;33;0;0;2;1;2;A01
201700048623;1;7;0;0;2;4;2;B01
201700048624;1;7;0;0;2;2;12;A01
201700048624;1;33;0;0;2;1;3;B01
201700048624;1;7;0;0;2;4;1;C01
201700048625;2;7;0;0;2;4;2;D01
201700048625;2;7;0;0;2;4;2;B01
201700048625;2;7;0;0;2;4;2;C01
201700048625;2;7;0;0;2;1;2;A01
201700048626;1;7;0;0;2;4;2;B01
201700048626;1;7;0;0;2;1;2;A01
201700048626;1;7;0;0;2;4;2;C01
201700048626;1;7;0;0;2;4;2;D01
201700048627;2;33;0;2;0;1;2;A01
201700048628;1;7;0;0;2;1;2;A01
201700048628;1;7;0;0;2;5;2;B01
201700048629;2;7;0;0;2;1;2;A01
201700048629;2;7;0;0;2;4;2;B01
201700048630;2;7;0;4;0;9;0;A01
201700048631;2;7;0;0;2;1;2;A01
201700048631;2;7;0;0;2;4;2;D01
201700048631;2;7;0;0;2;4;2;B01
201700048631;2;7;0;0;2;4;2;C01
201700048632;2;7;0;0;2;5;2;B01
201700048632;2;7;0;0;2;3;2;A01
201700048633;1;7;0;4;0;2;14;A01
201700048634;1;7;0;0;2;4;1;C01
201700048634;1;7;0;0;2;4;1;B01
201700048634;1;7;0;0;2;1;1;A01
201700048635;2;33;0;4;0;3;1;A01
201700048636;2;7;0;0;2;1;2;A01
201700048636;2;7;0;0;2;4;2;B01
201700048637;1;7;0;0;2;1;2;A01
201700048637;1;7;0;0;2;4;2;C01
201700048637;1;7;0;0;2;4;2;B01
201700048637;1;7;0;0;2;4;1;D01
201700048638;1;7;0;0;2;3;1;B01
201700048638;1;15;0;0;2;5;12;A01
201700048639;2;7;0;0;2;0;0;Z01
201700048639;2;33;0;0;2;2;1;A01
201700048640;1;33;0;0;2;3;18;B01
201700048640;1;7;0;0;2;2;12;A01
201700048641;2;7;0;1;2;1;2;A01
201700048642;1;7;0;0;2;5;0;B01
201700048642;1;7;0;0;2;3;0;A01
201700048642;1;7;0;0;2;4;0;C01
201700048642;1;7;0;0;2;4;0;D01
201700048643;1;33;0;0;2;8;2;A01
201700048643;1;7;0;0;2;5;2;B01
201700048644;1;7;0;5;0;2;1;A01
201700048645;1;7;0;0;2;4;1;C01
201700048645;1;7;0;0;2;1;1;A01
201700048645;1;7;0;0;2;4;1;B01
201700048646;1;7;0;4;0;3;1;A01
201700048647;1;33;0;0;2;4;2;B01
201700048647;1;10;0;0;2;1;2;A01
201700048648;1;7;0;0;2;4;0;B01
201700048648;1;7;0;0;2;1;1;A01
201700048649;1;7;0;4;0;0;21;A01
201700048650;1;7;0;0;2;4;0;F02
201700048650;1;7;0;0;2;4;0;B01
201700048650;1;7;0;0;2;4;0;C01
201700048650;1;7;0;0;2;4;0;D01
201700048650;1;7;0;0;2;4;0;E01
201700048650;1;7;0;0;2;1;0;A01
201700048651;1;7;0;4;0;9;13;A01
201700048652;2;7;0;0;2;1;2;A01
201700048652;2;7;0;0;2;4;2;B01
201700048653;2;33;0;0;2;3;3;B01
201700048653;2;7;0;0;2;2;12;A01
201700048654;1;15;0;0;2;3;2;A01
201700048654;1;7;0;0;2;4;2;B01
201700048655;1;7;0;4;0;4;2;B01
201700048655;1;15;0;4;2;2;2;A01
201700048656;2;7;0;0;2;1;2;A01
201700048656;2;38;0;0;2;5;2;B01
201700048657;1;33;0;0;2;1;3;A01
201700048657;1;7;0;0;2;5;2;B01
201700048658;2;33;0;0;2;2;3;A01
201700048658;2;7;0;0;2;2;12;B01
201700048659;2;31;0;0;0;3;21;A01
201700048660;1;7;0;0;2;2;14;A01
201700048660;1;7;0;3;2;6;0;B01
201700048661;1;31;0;4;0;3;1;A01
201700048662;2;7;0;0;2;1;2;A01
201700048662;2;7;0;0;2;4;2;B01
201700048663;1;7;0;0;2;3;11;A01
201700048663;1;33;0;0;2;2;2;B01
201700048664;1;34;0;0;2;0;16;A01
201700048664;1;7;0;0;2;0;0;B01
201700048665;1;33;0;0;0;0;0;A01
201700048666;2;7;0;0;2;4;2;C01
201700048666;2;7;0;0;2;3;2;A01
201700048666;2;7;0;0;2;5;2;B01
201700048667;2;7;0;4;0;3;1;A01
201700048668;1;10;0;0;2;5;12;A01
201700048668;1;33;0;0;2;8;3;B01
201700048669;2;33;0;0;2;2;3;B01
201700048669;2;7;0;0;2;3;11;A01
201700048669;2;10;0;0;2;4;1;C01
201700048670;2;7;0;0;2;1;0;A01
201700048670;2;7;0;0;2;4;0;C01
201700048670;2;7;0;0;2;4;0;B01
201700048671;1;7;0;3;0;2;14;A01
201700048672;2;7;0;0;2;5;14;A01
201700048672;2;31;0;0;2;8;2;B01
201700048673;1;7;0;0;2;4;2;C01
201700048673;1;7;0;0;2;1;2;A01
201700048673;1;7;0;0;2;1;2;B01
201700048674;2;7;0;0;2;2;12;A01
201700048674;2;33;0;0;2;8;3;B01
201700048675;2;33;0;0;2;1;3;A01
201700048675;2;7;0;0;2;6;1;B01
201700048675;2;7;0;0;2;2;1;C01
201700048676;2;7;0;4;2;1;21;A01
201700048676;2;10;0;0;2;4;2;B01
201700048677;1;10;0;0;2;4;1;B01
201700048677;1;7;0;0;2;1;1;A01
201700048678;1;7;0;0;2;0;0;A01
201700048678;1;7;0;0;2;0;0;B01
201700048679;1;7;0;12;0;3;16;A01
201700048680;2;7;0;0;0;1;2;A01
201700048681;1;7;0;4;0;2;0;A01
201700048682;1;7;0;0;2;2;1;B01
201700048682;1;7;0;0;2;7;2;C01
201700048682;1;37;0;0;2;3;11;A01
201700048683;2;33;0;0;0;0;16;A01
201700048684;2;7;0;0;2;4;2;B01
201700048684;2;7;0;0;2;6;2;C01
201700048684;2;7;0;0;2;1;2;A01
201700048685;2;7;0;4;0;1;14;A01
201700048686;1;7;0;0;2;2;1;B01
201700048686;1;7;0;0;2;6;18;A01
201700048687;1;7;0;0;0;0;0;Z01
201700048687;2;7;0;3;0;3;21;B01
201700048688;2;15;0;0;2;4;2;B01
201700048688;2;7;0;0;2;1;2;A01
201700048689;1;33;0;0;0;3;15;A01
201700048690;1;7;0;0;2;1;2;A01
201700048690;1;7;0;4;2;2;2;C01
201700048690;1;7;0;0;2;4;2;B01
201700048691;1;7;0;0;2;7;12;A01
201700048691;1;33;0;0;2;3;1;B01
201700048692;1;7;0;6;2;3;1;A01
201700048693;2;7;0;0;2;1;2;A01
201700048693;2;7;0;0;2;4;2;B01
201700048694;1;7;0;0;2;2;2;A01
201700048694;1;7;0;0;2;6;24;B01
201700048695;2;7;0;0;0;9;2;A01
201700048696;2;7;0;0;2;8;11;A01
201700048696;2;33;0;0;2;7;1;B01
201700048697;1;7;0;2;0;1;1;A01
201700048698;2;7;0;0;2;7;11;A01
201700048698;2;33;0;0;2;7;7;B01
201700048699;1;37;0;0;2;6;2;B01
201700048699;1;7;0;0;2;1;2;A01
201700048700;2;33;0;0;2;8;3;A01
201700048700;1;7;0;0;2;2;12;B01
201700048701;1;32;0;0;2;3;1;B01
201700048701;1;7;0;0;2;2;12;A01
201700048702;1;7;0;0;2;1;2;A01
201700048702;1;7;0;0;2;4;2;B01
201700048703;1;10;0;0;2;4;0;C01
201700048703;1;10;0;0;2;4;0;B01
201700048703;1;10;0;0;2;1;0;A01
201700048704;1;7;0;0;2;1;2;A01
201700048704;1;7;0;0;2;4;2;B01
201700048705;1;7;0;0;2;1;2;A01
201700048705;1;7;0;0;2;4;2;B01
201700048706;2;7;0;0;2;2;0;B01
201700048706;2;7;0;0;2;1;2;A01
201700048707;2;7;0;0;2;1;1;A01
201700048707;2;7;0;0;2;4;1;B01
201700048708;1;7;0;6;0;3;12;A01
201700048709;1;7;0;0;2;4;2;B01
201700048709;1;7;0;0;2;1;2;A01
201700048710;2;7;0;0;2;4;2;D01
201700048710;2;7;0;0;2;4;12;A01
201700048710;2;7;0;0;2;8;2;E01
201700048710;2;15;0;0;2;2;2;B01
201700048710;2;7;0;0;2;3;2;C01
201700048711;2;33;0;0;2;8;0;A01
201700048712;2;7;0;14;9;3;4;B01
201700048712;2;7;0;0;2;4;2;A01
201700048713;2;34;0;0;2;3;3;A01
201700048713;2;10;0;0;2;2;1;B01
201700048714;1;7;0;4;0;3;0;A01
201700048715;2;33;0;14;2;7;12;A01
201700048715;2;7;0;0;2;5;2;B01
201700048716;1;7;0;3;0;2;21;A01
201700048717;2;33;0;0;9;8;3;A01
201700048718;2;7;0;4;0;4;21;A01
201700048719;2;10;0;0;2;6;2;B01
201700048719;2;7;0;0;2;5;2;C01
201700048719;2;10;0;0;2;1;2;A01
201700048720;1;7;0;4;0;8;9;A01
201700048721;2;7;0;0;2;1;1;A01
201700048721;2;7;0;0;2;4;12;B01
201700048722;2;7;0;0;2;4;2;C01
201700048722;2;7;0;0;2;1;1;A01
201700048722;2;7;0;0;2;1;2;B01
201700048723;2;10;0;0;2;1;1;A01
201700048723;2;7;0;0;2;3;1;D01
201700048723;2;7;0;0;2;4;1;B01
201700048723;2;7;0;0;2;4;1;C01
201700048724;2;33;0;0;2;1;11;A01
201700048724;2;7;0;0;2;6;2;B01
201700048725;1;7;0;0;2;4;12;A01
201700048725;1;33;0;0;2;1;1;B01
201700048726;2;7;0;0;2;4;2;E01
201700048726;2;7;0;0;2;1;2;A01
201700048726;2;7;0;0;2;4;2;D01
201700048726;2;7;0;0;2;4;2;C01
201700048726;2;7;0;0;2;4;2;B01
201700048726;2;7;0;0;2;4;2;F02
201700048726;2;7;0;0;2;6;2;G02
201700048727;2;7;0;0;2;1;2;A01
201700048727;2;7;0;0;2;4;2;B01
201700048728;2;33;0;0;2;8;13;A01
201700048729;2;14;0;0;2;6;2;B01
201700048729;2;33;0;0;2;1;2;A01
201700048730;2;31;0;14;0;3;9;A01
201700048731;1;33;0;0;0;0;2;A01
201700048732;2;7;0;0;2;7;12;B01
201700048732;2;33;0;0;2;3;3;A01
201700048733;2;7;0;0;2;4;2;C01
201700048733;2;7;0;0;2;4;2;B01
201700048733;2;7;0;0;2;1;2;A01
201700048734;2;7;0;4;0;1;14;A01
201700048735;2;33;0;0;0;1;21;A01
201700048736;1;7;0;0;2;7;9;B01
201700048736;1;33;0;4;2;8;16;A01
201700048737;2;7;0;0;2;6;2;B01
201700048737;2;7;0;0;2;2;12;A01
201700048738;1;7;0;0;2;1;2;A01
201700048738;1;7;0;0;2;4;2;B01
201700048739;2;7;0;4;0;2;1;A01
201700048740;2;7;0;0;2;6;0;A01
201700048740;2;33;0;0;2;3;0;B01
201700048741;2;10;0;0;2;7;12;B01
201700048741;2;34;0;0;2;3;3;A01
201700048742;2;7;0;0;2;4;2;B01
201700048742;2;7;0;0;2;1;2;A01
201700048742;2;7;0;0;2;6;2;D01
201700048742;2;10;0;0;2;4;2;C01
201700048743;2;33;0;16;0;7;16;A01
201700048744;2;33;0;0;0;6;2;A01
201700048745;2;7;0;0;2;1;2;A01
201700048745;2;7;0;0;2;4;2;B01
201700048746;1;31;0;0;0;3;3;A01
201700048747;2;33;0;0;0;7;18;A01
201700048748;2;15;0;0;2;1;1;C01
201700048748;2;15;0;0;2;1;1;B01
201700048748;2;7;0;3;2;1;12;A01
201700048749;1;7;0;0;2;4;2;B01
201700048749;1;7;0;1;0;1;2;A01
201700048750;2;33;0;0;2;1;12;A01
201700048750;2;33;0;0;2;4;11;B01
201700048751;2;15;0;0;2;8;1;B01
201700048751;2;7;0;4;2;2;14;A01
201700048752;1;7;0;0;2;4;2;C01
201700048752;1;7;0;0;2;1;2;A01
201700048752;1;31;0;0;2;4;2;B01
201700048753;1;7;0;0;2;1;0;A01
201700048753;1;33;0;14;0;0;0;D01
201700048753;1;7;0;0;2;0;0;C01
201700048753;1;7;0;0;2;1;0;B01
201700048754;1;7;0;0;2;4;2;C01
201700048754;1;7;0;0;2;4;2;B01
201700048754;1;7;0;0;2;1;2;A01
201700048755;1;7;0;0;2;4;2;B01
201700048755;1;7;0;0;2;4;2;C01
201700048755;1;7;0;0;2;1;2;A01
201700048756;1;7;0;0;2;4;1;B01
201700048756;1;7;0;0;2;1;1;A01
201700048757;2;33;0;0;2;7;1;A01
201700048757;2;7;0;0;2;8;11;B01
201700048758;2;15;0;0;2;1;12;A01
201700048758;2;7;0;0;2;8;2;B01
201700048759;1;7;0;0;2;5;12;A01
201700048759;1;33;0;0;2;8;3;B01
201700048760;2;10;0;0;2;6;2;D01
201700048760;2;10;0;0;2;5;2;E01
201700048760;2;7;0;0;2;6;2;C01
201700048760;2;33;0;0;2;1;1;A01
201700048760;2;7;0;0;2;2;12;B01
201700048761;1;7;0;0;2;4;2;B01
201700048761;1;7;0;0;2;1;1;A01
201700048762;2;7;0;4;2;6;2;B01
201700048762;2;15;0;0;2;5;2;A01
201700048763;2;7;0;0;2;8;11;B01
201700048763;2;33;0;0;2;7;3;A01
201700048764;2;7;0;4;2;8;1;B01
201700048764;2;15;0;0;2;2;14;A01
201700048765;2;34;0;0;0;7;21;A01
201700048766;2;33;0;0;0;9;1;A01
201700048767;2;31;0;0;0;7;3;A01
201700048768;1;7;0;0;2;4;11;C01
201700048768;1;7;0;0;2;2;2;B01
201700048768;1;10;0;0;2;1;2;A01
201700048769;1;7;0;0;2;1;2;A01
201700048769;1;7;0;0;2;1;2;B01
201700048770;2;33;0;0;2;2;1;B01
201700048770;2;7;0;0;2;6;9;A01
201700048771;2;7;0;0;2;4;1;C01
201700048771;2;7;0;0;2;9;1;B01
201700048771;2;7;0;0;2;1;1;A01
201700048772;2;10;0;0;2;4;2;B01
201700048772;2;34;0;0;2;1;2;A01
201700048773;1;7;0;0;2;1;2;A01
201700048773;1;7;0;0;2;6;2;C01
201700048773;1;7;0;0;2;4;2;B01
201700048774;1;33;0;0;2;4;0;A01
201700048775;1;7;0;3;0;1;1;A01
201700048776;1;7;0;15;0;4;2;A01
201700048777;2;7;0;0;2;4;1;B01
201700048777;2;7;0;0;2;1;0;A01
201700048777;2;7;0;0;0;4;1;C01
201700048778;2;7;0;0;2;1;2;A01
201700048778;2;7;0;0;2;4;2;B01
201700048778;2;7;0;0;2;4;2;C01
201700048779;2;7;0;0;2;4;0;B01
201700048779;2;7;0;0;2;1;12;A01
201700048780;1;7;0;0;2;1;2;A01
201700048780;1;7;0;0;2;4;2;B01
201700048781;2;33;0;0;2;2;1;B01
201700048781;2;7;0;0;2;3;11;A01
201700048782;2;7;0;0;2;3;0;B01
201700048782;2;34;0;0;2;5;9;A01
201700048783;1;34;0;0;2;2;3;A01
201700048783;1;7;0;0;2;6;11;B01
201700048784;1;7;0;0;2;2;12;A01
201700048784;1;31;0;0;2;3;1;B01
201700048785;1;7;0;0;2;5;1;B01
201700048785;1;33;0;0;2;1;1;A01
201700048786;1;34;0;0;2;3;3;A01
201700048786;1;7;0;0;2;2;1;B01
201700048787;1;7;0;0;2;4;2;C01
201700048787;1;7;0;0;2;4;2;D01
201700048787;1;7;0;0;2;4;2;E01
201700048787;1;7;0;0;2;4;2;B01
201700048787;1;7;0;0;2;1;2;A01
201700048788;1;7;0;0;2;1;2;A01
201700048788;1;7;0;0;2;4;2;B01
201700048789;1;10;0;0;2;1;2;A01
201700048789;1;7;0;0;2;9;2;B01
201700048789;1;7;0;0;2;6;2;C01
201700048790;2;7;0;0;2;0;2;Z01
201700048790;2;7;0;0;2;6;2;A01
201700048791;1;7;0;0;2;6;1;B01
201700048791;1;7;0;0;2;2;14;A01
201700048792;1;15;0;0;2;4;2;B01
201700048792;1;15;0;0;2;1;2;A01
201700048793;2;33;0;0;2;7;3;A01
201700048793;2;33;0;0;2;7;11;B01
201700048794;2;7;0;0;2;8;11;A01
201700048794;2;34;0;0;2;2;3;B01
201700048795;1;10;0;0;2;6;2;C01
201700048795;1;33;0;4;2;2;3;A01
201700048795;1;10;0;0;2;8;11;B01
201700048796;1;7;0;0;2;4;1;C01
201700048796;1;7;0;0;2;3;11;A01
201700048796;1;33;0;3;2;2;3;B01
201700048797;2;10;0;0;2;1;1;A01
201700048797;2;7;0;0;2;2;1;D01
201700048797;2;7;0;0;2;4;1;B01
201700048797;2;7;0;0;2;4;1;C01
201700048798;1;7;0;4;0;9;1;A01
201700048799;2;7;0;12;0;1;18;A01
201700048800;1;7;0;0;2;4;2;C01
201700048800;1;7;0;0;2;1;2;A01
201700048800;1;33;0;0;2;4;2;B01
201700048801;1;7;0;0;2;1;12;A01
201700048801;1;7;0;0;9;4;1;B01
201700048802;1;33;0;0;2;5;1;B01
201700048802;1;99;0;0;2;3;18;Z01
201700048803;2;10;0;4;0;6;2;A01
201700048804;1;7;0;0;2;6;11;B01
201700048804;1;33;0;0;2;0;2;A01
201700048805;1;7;0;0;2;1;1;A01
201700048805;1;7;0;0;2;5;1;B01
201700048806;2;7;0;0;2;5;12;A01
201700048806;2;33;0;0;2;1;1;B01
201700048807;2;33;0;0;2;8;3;A01
201700048807;2;7;0;0;2;7;12;B01
201700048808;1;33;0;0;2;1;1;A01
201700048808;1;10;0;0;2;4;14;B01
201700048809;2;33;0;0;2;2;2;A01
201700048809;2;7;0;0;2;6;2;B01
201700048810;1;33;0;0;2;9;1;A01
201700048810;1;7;0;0;2;6;1;B01
201700048811;1;7;0;0;2;6;2;B01
201700048811;1;32;0;0;2;2;2;A01
201700048812;2;33;0;4;2;2;2;B01
201700048813;1;33;0;0;0;7;1;A01
201700048814;2;7;0;0;2;4;2;C01
201700048814;2;7;0;0;2;1;2;A01
201700048814;2;7;0;0;2;4;2;D01
201700048814;2;10;0;0;2;4;2;B01
201700048815;2;7;0;0;2;4;2;B01
201700048815;2;7;0;0;2;4;2;C01
201700048815;2;7;0;0;2;1;2;A01
201700048816;2;7;0;0;2;1;2;A01
201700048816;2;10;0;0;2;4;1;B01
201700048817;1;33;0;0;2;1;21;A01
201700048817;1;7;0;0;2;6;1;B01
201700048818;1;7;0;0;2;6;2;B01
201700048818;1;7;0;0;2;1;2;A01
201700048819;1;7;0;0;2;4;2;B01
201700048819;1;7;0;0;2;1;2;A01
201700048820;1;7;0;4;2;3;0;A01
201700048820;1;7;0;0;2;1;13;B01
201700048821;2;7;0;0;2;4;2;C01
201700048821;2;7;0;0;2;4;2;B01
201700048821;2;7;0;0;2;1;2;A01
201700048822;2;7;0;14;0;1;14;A01
201700048823;2;10;0;0;2;6;9;B01
201700048823;2;7;0;0;2;1;9;A01
201700048824;2;7;0;0;2;3;11;A01
201700048824;2;33;0;0;2;2;2;B01
201700048825;2;7;0;0;2;4;12;A01
201700048825;2;31;0;0;2;1;3;B01
201700048826;1;31;0;0;2;1;3;A01
201700048826;1;7;0;0;2;4;12;B01
201700048827;2;15;0;0;2;1;0;A01
201700048827;2;7;0;0;2;6;0;B01
201700048828;2;7;0;0;2;1;2;A01
201700048828;2;7;0;0;2;4;2;D01
201700048828;2;7;0;0;2;1;2;B01
201700048828;2;7;0;0;2;4;2;C01
201700048829;1;7;0;0;2;1;18;A01
201700048829;1;7;0;0;2;4;1;B01
201700048830;2;33;0;0;2;3;3;B01
201700048830;2;7;0;0;2;7;12;A01
201700048831;2;7;0;0;2;1;2;A01
201700048831;2;15;0;0;2;4;2;B01
201700048832;2;7;0;0;2;1;2;A01
201700048832;2;7;0;0;2;4;1;B01
201700048833;1;7;0;0;2;6;1;B01
201700048833;1;15;0;0;2;2;14;A01
201700048834;2;7;0;0;2;5;11;B01
201700048834;2;34;0;0;2;3;18;A01
201700048835;2;7;0;0;2;5;12;B01
201700048835;2;33;0;0;2;3;3;A01
201700048836;1;7;0;0;2;5;14;B01
201700048836;1;33;0;0;2;3;12;A01
201700048837;1;7;0;0;2;6;2;B01
201700048837;1;7;0;0;2;1;3;A01
201700048838;1;7;0;3;0;1;12;A01
201700048839;1;7;0;6;0;1;0;A01
201700048840;1;7;0;0;2;1;0;A01
201700048840;1;15;0;0;2;4;2;B01
201700048841;2;7;0;0;2;1;1;B01
201700048841;2;7;0;9;2;1;11;A01
201700048842;2;7;0;0;2;3;11;A01
201700048842;2;33;0;0;2;1;3;B01
201700048843;1;33;0;0;2;3;1;B01
201700048843;1;36;0;0;2;2;14;A01
201700048844;2;33;0;14;0;0;1;A01
201700048845;1;10;0;0;2;5;2;B01
201700048845;1;33;0;0;2;1;1;A01
201700048846;2;7;0;0;2;7;12;A01
201700048846;2;33;0;0;2;8;3;B01
201700048847;2;14;0;4;0;2;2;A01
201700048848;2;31;0;12;0;8;13;A01
201700048849;1;7;0;0;2;1;2;A01
201700048849;1;7;0;0;2;4;2;B01
201700048850;2;7;0;0;2;6;1;B01
201700048850;2;7;0;0;2;2;1;A01
201700048851;2;7;0;0;2;2;14;A01
201700048851;2;7;0;0;2;8;2;B01
201700048852;2;7;0;0;2;4;2;B01
201700048852;2;7;0;0;2;1;2;A01
201700048853;1;7;0;0;2;4;2;B01
201700048853;1;7;0;0;2;1;2;A01
201700048854;1;7;0;4;0;3;13;A01