num_acc;senc;catv;occutc;obs;obsm;choc;manv;num_veh
201700048855;1;7;0;4;0;1;0;A01
201700048856;2;34;0;0;2;3;0;A01
201700048856;1;7;0;0;2;2;12;B01
201700048857;1;7;0;0;2;2;2;A01
201700048857;1;7;0;0;2;4;2;B01
201700048858;2;7;0;0;2;4;12;B01
201700048858;2;33;0;0;2;8;3;A01
201700048859;2;7;0;0;2;8;11;A01
201700048859;2;33;0;0;2;7;1;B01
201700048860;1;7;0;0;2;1;2;A01
201700048860;1;34;0;0;2;4;2;B01
201700048861;1;10;0;0;2;4;1;C01
201700048861;2;33;0;0;2;4;1;B01
201700048861;2;7;0;0;2;1;2;A01
201700048862;2;7;0;0;2;1;2;A01
201700048862;2;7;0;0;2;4;2;B01
201700048863;1;10;0;3;0;1;12;A01
201700048864;2;7;0;4;0;3;21;A01
201700048865;1;10;0;1;0;8;17;A01
201700048865;1;13;0;0;2;5;23;B01
201700048866;1;33;0;0;0;7;1;A01
201700048867;2;34;0;0;2;0;1;B01
201700048867;2;10;0;0;2;0;11;A01
201700048868;2;7;0;0;2;1;1;A01
201700048868;2;7;0;0;2;0;1;B01
201700048868;2;7;0;0;2;4;1;C01
201700048869;1;33;0;0;2;1;2;A01
201700048869;1;7;0;0;2;4;23;B01
201700048870;1;7;0;0;2;1;0;A01
201700048870;1;7;0;0;2;7;1;B01
201700048871;1;33;0;16;0;7;1;A01
201700048872;1;15;0;0;2;5;23;A01
201700048872;1;7;0;0;2;3;0;B01
201700048873;1;7;0;0;2;4;11;B01
201700048873;1;7;0;0;2;1;2;A01
201700048874;1;34;0;0;0;7;21;A01
201700048875;1;7;0;4;0;1;1;A01
201700048876;1;7;0;4;0;3;11;A01
201700048877;2;7;0;14;0;1;2;A01
201700048878;2;7;0;4;0;3;2;A01
201700048879;1;33;0;3;0;1;11;A01
201700048880;2;7;0;0;2;5;2;B01
201700048880;2;7;0;0;2;3;2;A01
201700048881;1;7;0;0;2;2;0;B01
201700048881;1;33;0;0;2;8;0;A01
201700048882;1;7;0;4;0;0;1;A01
201700048883;2;33;0;0;2;1;3;A01
201700048883;2;7;0;0;2;6;2;B01
201700048884;1;7;0;0;2;2;14;A01
201700048884;1;33;0;0;2;3;1;B01
201700048885;2;10;0;0;2;6;11;A01
201700048885;2;31;0;0;2;2;1;B01
201700048886;1;33;0;0;2;0;3;B01
201700048886;1;7;0;0;2;3;11;A01
201700048887;1;7;0;4;0;3;13;A01
201700048888;1;7;0;0;2;6;2;C01
201700048888;1;7;0;0;2;5;2;B01
201700048888;1;7;0;0;2;1;2;A01
201700048889;1;33;0;0;0;0;14;A01
201700048890;1;7;0;0;2;4;2;B01
201700048890;1;7;0;0;2;1;2;A01
201700048891;2;7;0;0;2;4;2;B01
201700048891;2;10;0;0;2;1;2;A01
201700048891;2;7;0;0;2;4;2;C01
201700048892;1;7;0;0;2;1;2;Z01
201700048892;1;7;0;0;2;1;2;A01
201700048892;1;7;0;0;2;4;2;B01
201700048893;1;7;0;0;2;5;1;B01
201700048893;1;33;0;0;2;3;1;A01
201700048894;2;7;0;0;2;3;11;B01
201700048894;2;33;0;0;2;2;3;A01
201700048895;1;33;0;0;2;3;11;A01
201700048895;1;10;0;0;2;4;2;B01
201700048896;2;7;0;0;2;5;12;A01
201700048896;2;33;0;0;2;3;3;B01
201700048897;2;14;0;0;2;5;2;B01
201700048897;2;7;0;0;2;1;2;A01
201700048898;2;7;0;0;2;4;2;C01
201700048898;2;7;0;0;2;1;2;A01
201700048898;2;7;0;0;2;4;2;B01
201700048899;1;7;0;0;2;4;2;B01
201700048899;1;7;0;0;2;4;2;C01
201700048899;1;7;0;0;2;1;2;A01
201700048900;1;7;0;0;2;4;2;B01
201700048900;1;7;0;0;2;2;2;A01
201700048901;1;7;0;3;0;3;0;A01
201700048902;2;7;0;4;0;3;21;A01
201700048903;1;7;0;4;0;1;0;A01
201700048904;2;7;0;4;0;1;1;A01
201700048905;1;33;0;0;2;3;3;B01
201700048905;1;7;0;0;2;5;12;A01
201700048906;1;33;0;0;2;1;2;A01
201700048906;1;7;0;0;2;4;2;B01
201700048907;2;32;0;0;0;0;2;A01
201700048908;1;7;0;0;2;3;2;A01
201700048908;1;31;0;0;2;4;14;B01
201700048909;2;7;0;0;2;6;11;B01
201700048909;2;33;0;0;2;1;3;A01
201700048910;1;7;0;0;2;5;2;C01
201700048910;1;33;0;0;2;3;3;A01
201700048910;1;7;0;0;2;2;2;B01
201700048911;1;10;0;0;2;4;1;B01
201700048911;1;10;0;0;2;1;12;A01
201700048911;1;10;0;0;2;4;0;D01
201700048911;1;7;0;0;2;4;1;C01
201700048912;1;7;0;0;2;7;14;A01
201700048912;1;33;0;0;2;8;1;B01
201700048912;1;7;0;0;2;6;2;C01
201700048913;2;7;0;0;2;5;2;B01
201700048913;2;33;0;0;2;3;2;A01
201700048914;2;7;0;4;0;9;0;A01
201700048915;2;7;0;0;2;4;1;E01
201700048915;2;7;0;0;2;2;2;D01
201700048915;2;7;0;0;2;3;1;F02
201700048915;2;7;0;0;2;8;2;A01
201700048915;2;7;0;0;2;6;1;B01
201700048915;2;7;0;0;2;3;1;C01
201700048915;2;7;0;0;2;8;1;G02
201700048916;2;31;0;12;0;8;1;A01
201700048916;2;7;0;0;2;1;2;B01
201700048917;2;7;0;0;2;1;2;B01
201700048917;2;7;0;0;2;4;4;A01
201700048918;1;7;0;0;2;6;1;F02
201700048918;1;7;0;0;2;6;1;E01
201700048918;1;7;0;0;2;3;11;A01
201700048918;1;7;0;0;2;6;1;D01
201700048918;1;7;0;0;2;1;1;C01
201700048918;1;15;0;4;2;1;21;B01
201700048919;2;33;0;0;2;3;3;A01
201700048919;2;7;0;0;2;5;12;B01
201700048920;1;7;0;0;2;4;0;D01
201700048920;1;7;0;0;2;4;0;C01
201700048920;1;7;0;0;2;4;0;B01
201700048920;1;7;0;0;2;1;0;A01
201700048921;1;34;0;0;2;7;3;A01
201700048921;1;7;0;0;2;8;11;B01
201700048922;2;7;0;0;2;7;1;D01
201700048922;2;7;0;0;2;8;11;A01
201700048922;2;33;0;0;2;7;3;B01
201700048922;2;10;0;0;2;8;1;C01
201700048923;2;33;0;0;2;1;3;A01
201700048923;2;7;0;0;2;6;11;B01
201700048924;1;33;0;0;2;7;3;A01
201700048925;1;7;0;0;2;1;2;A01
201700048925;1;7;0;0;2;5;23;B01
201700048926;1;7;0;14;0;3;2;A01
201700048927;1;7;0;4;0;1;0;A01
201700048928;2;7;0;4;0;1;21;A01
201700048929;1;7;0;0;2;4;2;C01
201700048929;1;10;0;0;2;1;2;A01
201700048929;1;7;0;0;2;4;2;B01
201700048930;2;7;0;0;2;4;2;C01
201700048930;2;10;0;0;2;4;2;B01
201700048930;2;7;0;0;2;1;2;A01
201700048931;2;33;0;0;2;2;3;A01
201700048931;2;7;0;0;2;3;14;B01
201700048932;1;7;0;0;2;4;0;A01
201700048933;1;7;0;0;2;1;2;A01
201700048933;1;7;0;0;2;4;2;B01
201700048934;2;14;0;0;2;2;12;A01
201700048934;2;7;0;0;2;3;9;B01
201700048935;1;7;0;0;2;8;2;B01
201700048935;1;7;0;0;2;7;2;A01
201700048936;1;7;0;4;0;2;19;A01
201700048937;2;7;0;0;2;2;19;A01
201700048937;2;7;0;0;2;5;23;C01
201700048937;2;7;0;0;2;1;2;B01
201700048938;2;7;0;0;2;2;12;A01
201700048938;2;99;0;0;2;3;3;B01
201700048938;2;7;0;0;2;6;1;C01
201700048939;2;7;0;3;0;9;0;A01
201700048940;2;7;0;0;2;1;2;A01
201700048940;2;7;0;0;2;4;2;B01
201700048941;1;7;0;4;2;1;14;A01
201700048941;1;7;0;0;2;2;0;B01
201700048942;2;7;0;3;0;3;21;A01
201700048943;2;7;0;0;2;4;2;C01
201700048943;2;13;0;0;2;1;2;A01
201700048943;2;7;0;0;2;4;2;B01
201700048944;2;7;0;0;2;6;17;A01
201700048944;2;33;0;0;2;2;3;B01
201700048945;1;7;0;0;2;2;12;A01
201700048945;1;33;0;0;2;3;0;B01
201700048946;2;7;0;0;2;1;1;Z01
201700048946;2;7;0;0;2;4;1;A01
201700048947;1;7;0;0;2;1;2;A01
201700048947;1;10;0;0;2;1;2;B01
201700048948;2;33;0;0;2;5;0;B01
201700048948;2;7;0;0;2;4;0;C01
201700048948;2;33;0;0;2;8;0;D01
201700048948;2;33;0;0;2;1;0;A01
201700048949;2;7;0;4;0;3;2;A01
201700048950;2;14;0;0;2;5;1;B01
201700048950;2;33;0;0;2;3;12;A01
201700048951;1;33;0;0;0;0;0;A01
201700048952;2;7;0;0;2;6;0;C01
201700048952;2;33;0;0;2;6;0;A01
201700048952;2;10;0;0;2;7;1;B01
201700048953;2;10;0;0;2;4;2;E01
201700048953;2;7;0;0;2;4;2;D01
201700048953;2;7;0;0;2;4;2;C01
201700048953;2;7;0;0;2;4;2;B01
201700048953;2;7;0;0;2;1;2;A01
201700048954;2;33;0;16;0;1;1;A01
201700048955;2;7;0;4;2;3;0;A01
201700048955;2;10;0;0;2;2;1;B01
201700048956;1;10;0;0;2;1;1;A01
201700048956;1;7;0;0;2;4;2;B01
201700048957;1;7;0;3;0;2;16;A01
201700048958;2;7;0;0;2;1;2;A01
201700048958;2;7;0;0;2;4;23;B01
201700048959;1;33;0;0;0;2;1;A01
201700048960;2;7;0;0;2;6;1;C01
201700048960;2;7;0;0;2;1;1;A01
201700048960;2;7;0;0;2;6;1;B01
201700048961;2;13;0;0;2;1;2;D01
201700048961;2;7;0;0;2;9;2;B01
201700048961;2;7;0;0;2;4;1;A01
201700048961;2;7;0;0;2;9;2;C01
201700048962;1;10;0;0;2;4;1;B01
201700048962;1;10;0;0;2;1;2;A01
201700048963;2;7;0;14;0;1;1;A01
201700048964;2;7;0;16;0;1;12;A01
201700048965;2;7;0;0;2;4;2;C01
201700048965;1;10;0;0;2;4;2;B01
201700048965;2;7;0;0;2;1;1;A01
201700048965;2;7;0;0;2;4;2;E01
201700048965;2;7;0;0;2;4;2;D01
201700048966;1;7;0;3;0;1;1;A01
201700048967;2;7;0;0;2;1;2;D01
201700048967;2;7;0;0;2;1;2;B01
201700048967;2;7;0;0;2;4;1;A01
201700048967;2;7;0;0;2;1;2;C01
201700048968;2;33;0;0;2;8;9;B01
201700048968;2;13;0;0;2;7;1;A01
201700048969;2;7;0;0;2;1;1;A01
201700048969;2;7;0;0;2;5;1;B01
201700048970;2;7;0;0;2;4;2;B01
201700048970;2;7;0;0;2;1;1;A01
201700048971;2;7;0;4;0;1;1;A01
201700048972;1;7;0;0;2;1;18;B01
201700048972;1;7;0;0;2;5;12;A01
201700048973;1;7;0;14;0;1;19;A01
201700048974;2;33;0;16;0;0;1;A01
201700048975;1;38;0;0;2;3;1;B01
201700048975;1;7;0;0;2;2;1;A01
201700048976;1;7;0;0;2;4;9;A01
201700048976;1;7;0;0;2;6;2;C01
201700048976;1;13;0;0;2;1;1;B01
201700048977;1;7;0;4;0;1;1;A01
201700048978;2;33;0;0;2;2;3;B01
201700048978;2;7;0;0;2;6;9;A01
201700048979;1;33;0;0;2;1;3;B01
201700048979;1;15;0;0;2;6;1;C01
201700048979;1;10;0;0;2;5;12;A01
201700048980;2;31;0;16;0;7;3;A01
201700048981;1;7;0;0;2;6;1;B01
201700048981;1;15;0;0;2;1;12;Z01
201700048982;2;33;0;16;0;8;1;A01
201700048983;1;33;0;16;0;8;1;A01
201700048984;1;13;0;0;2;6;1;B01
201700048984;1;7;0;0;2;2;1;A01
201700048985;2;10;0;0;2;6;1;C01
201700048985;2;14;0;0;2;2;1;A01
201700048985;2;7;0;0;2;4;11;B01
201700048986;1;7;0;14;0;9;1;A01
201700048987;1;7;0;0;2;9;2;B01
201700048987;1;7;0;0;2;1;2;C01
201700048987;1;10;0;0;2;4;1;A01
201700048988;1;33;0;0;2;1;3;A01
201700048988;1;10;0;0;2;2;12;B01
201700048989;2;7;0;16;0;3;1;A01
201700048990;2;7;0;0;2;2;12;A01
201700048990;2;33;0;0;2;3;3;B01
201700048991;2;10;0;0;2;3;1;A01
201700048991;2;7;0;0;2;5;1;B01
201700048992;1;7;0;0;2;7;1;A01
201700048992;1;7;0;0;2;8;11;B01
201700048993;1;10;0;0;2;4;1;B01
201700048993;1;34;0;0;2;1;2;A01
201700048994;1;7;0;0;2;8;11;A01
201700048994;1;33;0;0;2;7;1;B01
201700048995;1;7;0;0;2;1;1;A01
201700048995;1;7;0;0;2;4;17;B01
201700048996;2;7;0;0;2;1;1;A01
201700048996;2;7;0;0;2;4;1;B01
201700048997;1;7;0;4;0;1;1;A01
201700048998;1;33;0;4;0;8;3;A01
201700048999;2;7;0;0;2;9;2;B01
201700048999;2;7;0;0;2;4;1;C01
201700048999;2;7;0;0;2;1;2;A01
201700049000;1;7;0;0;2;4;11;A01
201700049000;1;33;0;0;2;1;3;B01
201700049001;1;7;0;0;2;1;1;A01
201700049001;1;7;0;0;2;4;2;C01
201700049001;1;7;0;0;2;4;2;B01
201700049002;2;15;0;0;2;4;1;B01
201700049002;2;7;0;0;2;1;12;A01
201700049003;2;7;0;0;2;4;1;B01
201700049003;2;33;0;0;2;1;1;A01
201700049004;1;7;0;0;2;2;1;B01
201700049004;1;13;0;0;2;7;9;A01
201700049005;1;7;0;16;0;9;1;A01
201700049006;2;7;0;0;2;1;1;B01
201700049006;2;7;0;0;2;4;12;A01
201700049007;1;7;0;0;2;1;2;A01
201700049007;1;15;0;0;2;4;1;B01
201700049008;2;10;0;0;2;4;2;B01
201700049008;2;10;0;0;2;4;1;A01
201700049008;2;10;0;0;2;1;2;C01
201700049009;1;7;0;0;2;1;1;A01
201700049009;1;7;0;0;2;4;2;C01
201700049009;1;7;0;0;2;4;2;B01
201700049010;1;7;0;3;0;1;21;A01
201700049011;1;7;0;5;0;1;1;A01
201700049012;1;10;0;4;0;1;1;A01
201700049013;1;7;0;3;0;1;1;A01
201700049014;2;7;0;0;2;4;2;B01
201700049014;2;7;0;0;2;1;1;A01
201700049015;2;7;0;0;2;4;2;D01
201700049015;2;7;0;0;2;4;2;B01
201700049015;2;7;0;0;2;1;1;A01
201700049015;2;7;0;0;2;4;2;C01
201700049016;2;7;0;0;2;4;1;A01
201700049016;2;7;0;0;2;4;2;C01
201700049016;2;7;0;0;2;1;2;F02
201700049016;2;7;0;0;2;4;2;E01
201700049016;2;7;0;0;2;4;2;D01
201700049016;2;7;0;0;2;4;2;B01
201700049017;1;7;0;0;2;4;1;A01
201700049017;1;7;0;0;2;1;2;C01
201700049017;1;7;0;0;2;4;2;B01
201700049018;2;7;0;0;2;6;1;C01
201700049018;2;7;0;0;2;7;16;B01
201700049018;2;10;0;0;2;1;1;A01
201700049019;1;7;0;14;0;1;1;A01
201700049020;2;7;0;0;2;4;2;B01
201700049020;2;7;0;0;2;1;1;A01
201700049021;1;10;0;0;2;6;23;A01
201700049021;1;33;0;0;2;1;21;B01
201700049022;2;7;0;16;0;9;1;A01
201700049023;2;7;0;16;0;8;1;A01
201700049024;1;7;0;13;0;1;1;A01
201700049025;1;7;0;4;0;1;1;A01
201700049026;1;7;0;0;2;1;1;A01
201700049026;1;7;0;0;2;4;2;B01
201700049027;2;7;0;3;0;8;1;A01
201700049028;1;7;0;13;0;8;1;A01
201700049029;1;7;0;4;0;5;1;A01
201700049030;2;7;0;4;0;1;1;A01
201700049031;2;7;0;0;2;1;16;Z01
201700049031;2;7;0;0;2;1;15;A01
201700049032;1;7;0;0;2;8;11;B01
201700049032;1;31;0;0;2;7;1;A01
201700049033;1;7;0;0;2;4;21;B01
201700049033;1;10;0;0;2;1;1;A01
201700049034;2;7;0;0;0;0;11;B01
201700049034;2;33;0;4;0;1;21;A01
201700049035;1;7;0;4;0;1;13;A01
201700049036;1;7;0;0;2;4;2;C01
201700049036;1;7;0;0;2;1;2;B01
201700049036;1;7;0;0;2;1;2;A01
201700049037;1;7;0;3;0;1;1;A01
201700049038;2;7;0;4;2;9;1;A01
201700049038;2;10;0;0;2;1;1;C01
201700049038;2;10;0;0;2;4;1;B01
201700049039;2;7;0;0;2;5;1;C01
201700049039;2;7;0;0;2;8;11;B01
201700049039;2;33;0;0;2;9;3;A01
201700049040;2;34;0;0;2;8;3;B01
201700049040;2;7;0;0;2;7;12;A01
201700049041;2;7;0;0;2;8;11;B01
201700049041;2;33;0;0;2;7;3;A01
201700049042;1;33;0;0;2;4;3;A01
201700049042;1;7;0;0;2;1;0;Z01
201700049043;1;10;0;0;2;1;2;A01
201700049043;1;7;0;0;2;4;2;B01
201700049044;1;7;0;3;0;1;1;A01
201700049045;2;7;0;0;2;1;2;B01
201700049045;2;7;0;0;2;4;2;C01
201700049045;2;7;0;0;2;1;1;A01
201700049046;2;7;0;0;2;4;2;B01
201700049046;2;15;0;0;2;4;2;C01
201700049046;2;10;0;0;2;1;1;A01
201700049047;2;7;0;0;0;0;11;B01
201700049047;2;31;0;16;0;8;3;A01
201700049048;1;7;0;0;2;1;2;C01
201700049048;1;7;0;0;2;4;1;A01
201700049048;1;7;0;0;2;5;2;B01
201700049049;1;7;0;4;0;1;1;A01
201700049050;2;7;0;0;2;8;11;A01
201700049050;2;33;0;0;2;7;3;B01
201700049051;2;7;0;0;2;7;12;A01
201700049051;2;33;0;0;2;3;3;B01
201700049052;2;7;0;0;2;1;1;A01
201700049052;2;7;0;0;2;2;1;B01
201700049053;2;7;0;4;0;1;1;A01
201700049054;2;7;0;0;2;2;12;A01
201700049054;2;33;0;0;2;8;3;B01
201700049055;2;10;0;0;2;1;2;A01
201700049055;2;10;0;0;2;4;1;B01
201700049056;1;7;0;0;2;5;11;A01
201700049056;1;7;0;0;2;2;1;B01
201700049057;2;14;0;0;2;2;1;A01
201700049057;2;38;0;0;2;6;1;C01
201700049057;2;10;0;0;2;4;1;B01
201700049057;2;10;0;0;2;4;1;D01
201700049058;2;7;0;14;0;3;19;A01
201700049059;2;7;0;0;2;4;2;B01
201700049059;2;7;0;0;2;1;1;A01
201700049060;2;7;0;0;2;2;14;D01
201700049060;2;7;0;0;2;6;1;A01
201700049060;2;7;0;14;0;1;1;C01
201700049060;2;7;0;14;0;1;1;B01
201700049061;2;31;0;0;2;7;3;A01
201700049061;2;7;0;0;2;8;11;B01
201700049062;2;7;0;0;2;4;1;B01
201700049062;2;14;0;0;2;2;12;A01
201700049062;2;7;0;0;2;2;1;C01
201700049063;2;7;0;0;2;5;12;A01
201700049063;2;33;0;0;2;1;3;B01
201700049064;2;33;0;0;2;1;1;A01
201700049064;2;7;0;0;2;4;2;B01
201700049065;1;7;0;0;2;1;1;A01
201700049065;1;7;0;0;2;1;2;B01
201700049066;1;10;0;0;2;1;2;B01
201700049066;1;7;0;0;2;4;2;C01
201700049066;1;7;0;0;2;4;1;A01
201700049067;2;7;0;0;2;4;1;B01
201700049067;2;7;0;0;2;4;1;C01
201700049067;2;10;0;0;2;2;14;A01
201700049068;2;33;0;0;2;1;3;B01
201700049068;2;7;0;0;2;6;12;A01
201700049069;1;10;0;0;2;1;1;A01
201700049069;1;7;0;0;2;4;2;B01
201700049070;2;7;0;0;2;1;2;A01
201700049070;2;7;0;0;2;9;2;C01
201700049070;2;7;0;0;2;4;1;D01
201700049070;2;10;0;0;2;9;2;B01
201700049071;1;7;0;0;2;9;2;D01
201700049071;1;7;0;0;2;1;2;A01
201700049071;1;7;0;0;2;9;2;C01
201700049071;1;7;0;0;2;9;2;B01
201700049071;1;7;0;0;2;4;1;E01
201700049072;2;7;0;8;0;1;1;A01
201700049073;1;7;0;0;2;4;23;A01
201700049073;1;7;0;0;2;1;2;B01
201700049074;2;7;0;0;2;6;11;B01
201700049074;2;33;0;0;2;7;12;A01
201700049075;2;7;0;0;2;5;1;C01
201700049075;2;10;0;0;2;2;12;A01
201700049075;2;34;0;0;2;1;3;B01
201700049076;1;7;0;0;2;7;17;A01
201700049076;1;7;0;0;2;1;1;B01
201700049077;2;34;0;16;0;7;1;A01
201700049078;1;7;0;4;0;1;1;A01
201700049079;2;7;0;0;2;1;1;B01
201700049079;2;7;0;0;2;1;2;D01
201700049079;2;7;0;0;2;4;1;A01
201700049079;2;7;0;0;2;1;2;C01
201700049079;2;13;0;0;2;1;2;E01
201700049080;2;33;0;0;2;7;1;B01
201700049080;2;7;0;0;2;3;11;A01
201700049081;2;7;0;0;2;1;19;A01
201700049081;2;7;0;0;2;3;1;B01
201700049082;2;33;0;0;2;1;3;A01
201700049082;2;7;0;0;2;4;11;B01
201700049083;2;7;0;0;2;4;2;C01
201700049083;2;7;0;0;2;1;1;A01
201700049083;2;7;0;0;2;4;2;B01
201700049084;2;7;0;0;2;4;2;B01
201700049084;2;7;0;0;2;1;2;A01
201700049085;1;7;0;0;2;1;6;A01
201700049085;1;7;0;0;2;3;1;B01
201700049086;2;14;0;0;2;5;2;B01
201700049086;2;7;0;0;2;4;1;A01
201700049087;2;33;0;0;2;7;3;A01
201700049087;2;7;0;0;2;3;11;B01
201700049088;2;7;0;4;0;1;1;A01
201700049089;1;33;0;16;2;9;1;A01
201700049089;1;33;0;0;2;8;21;B01
201700049089;1;7;0;0;2;5;1;D01
201700049089;1;7;0;0;2;1;1;C01
201700049090;2;7;0;0;2;4;1;A01
201700049090;2;7;0;0;2;1;2;B01
201700049091;1;7;0;0;2;4;1;A01
201700049091;1;10;0;0;2;1;2;B01
201700049092;2;7;0;0;2;3;12;A01
201700049092;2;7;0;0;2;5;9;B01
201700049093;1;31;0;16;0;8;1;A01
201700049094;2;15;0;0;2;3;1;B01
201700049094;1;7;0;0;2;2;10;A01
201700049095;1;15;0;0;2;2;12;A01
201700049095;1;7;0;0;2;8;21;B01
201700049096;2;7;0;4;0;1;1;A01
201700049097;2;7;0;0;2;4;2;B01
201700049097;2;7;0;0;2;1;1;A01
201700049098;2;7;0;0;2;8;1;B01
201700049098;2;7;0;0;2;9;17;A01
201700049099;2;7;0;16;0;1;21;A01
201700049100;1;10;0;0;2;1;2;C01
201700049100;1;7;0;0;2;6;2;B01
201700049100;1;7;0;0;2;1;1;A01
201700049101;2;7;0;0;2;4;2;C01
201700049101;2;7;0;0;2;1;1;A01
201700049101;2;7;0;0;2;4;2;B01
201700049101;2;7;0;0;2;4;2;D01
201700049102;2;7;0;0;2;4;2;B01
201700049102;2;7;0;0;2;4;2;C01
201700049102;2;7;0;0;2;1;1;A01
201700049103;2;10;0;0;2;7;12;A01
201700049103;2;33;0;0;2;8;1;B01
201700049104;1;7;0;0;2;4;1;A01
201700049104;1;7;0;0;2;1;2;B01
201700049105;1;34;0;16;0;8;3;A01
201700049106;2;10;0;0;2;1;2;A01
201700049106;2;7;0;0;2;4;2;B01
201700049107;2;33;0;0;2;3;3;D01
201700049107;2;15;0;0;2;5;1;A01
201700049107;2;7;0;0;2;3;1;B01
201700049107;2;10;0;0;2;5;11;C01
201700049108;1;7;0;0;2;4;1;A01
201700049108;1;33;0;0;2;7;3;B01
201700049108;1;10;0;0;2;3;11;C01
201700049109;2;7;0;0;2;1;2;C01
201700049109;2;7;0;0;2;4;1;A01
201700049109;2;7;0;0;2;4;2;B01
201700049110;2;7;0;0;2;7;12;A01
201700049110;2;31;0;0;2;8;3;B01
201700049111;1;7;0;0;2;5;1;A01
201700049111;1;33;0;0;2;8;1;B01
201700049112;1;7;0;0;2;3;1;C01
201700049112;1;7;0;0;2;1;17;B01
201700049112;1;7;0;0;2;4;1;A01
201700049113;1;33;0;0;2;7;1;A01
201700049113;1;15;0;0;2;8;11;Z01
201700049114;1;14;0;0;2;3;21;B01
201700049114;1;7;0;0;2;3;19;A01
201700049115;1;33;0;0;2;1;2;A01
201700049115;1;7;0;0;2;6;1;B01
201700049116;1;10;0;0;2;1;2;A01
201700049116;1;10;0;0;2;4;1;B01
201700049117;2;7;0;0;2;6;9;A01
201700049117;2;14;0;0;2;7;1;B01
201700049118;1;7;0;0;2;1;2;A01
201700049118;1;7;0;0;2;4;2;B01
201700049118;1;7;0;0;2;4;2;C01
201700049119;2;7;0;4;0;1;1;A01
201700049120;2;7;0;0;2;4;9;B01
201700049120;2;13;0;0;2;2;9;A01
201700049121;2;7;0;3;0;3;1;A01
201700049122;1;7;0;0;2;9;23;C01
201700049122;1;7;0;0;2;4;23;A01
201700049122;1;7;0;0;2;1;2;D01
201700049122;1;7;0;0;2;9;23;B01
201700049123;1;7;0;0;0;2;1;A01
201700049124;1;34;0;16;0;8;1;A01
201700049125;2;7;0;0;2;4;2;B01
201700049125;2;10;0;0;2;1;1;A01
201700049125;2;7;0;0;2;4;2;C01
201700049126;1;7;0;0;2;7;12;A01
201700049126;2;33;0;0;2;8;3;B01
201700049127;1;7;0;0;2;1;17;A01
201700049127;1;7;0;0;2;4;1;B01
201700049128;2;10;0;0;2;4;2;B01
201700049128;2;10;0;0;2;1;1;A01
201700049129;1;7;0;0;2;1;2;A01
201700049129;1;32;0;0;2;4;2;B01
201700049130;1;7;0;3;0;7;1;A01
201700049131;1;7;0;0;2;6;1;C01
201700049131;1;7;0;0;2;1;11;B01
201700049131;1;7;0;0;2;1;1;A01
201700049132;2;7;0;0;2;4;2;B01
201700049132;2;34;0;0;2;1;1;A01
201700049133;2;7;0;0;2;1;2;A01
201700049133;2;7;0;0;2;9;2;B01
201700049133;2;7;0;0;2;4;1;C01
201700049134;1;7;0;0;2;5;12;A01
201700049134;1;33;0;0;2;8;3;B01
201700049135;1;34;0;0;2;1;3;A01
201700049136;1;31;0;0;2;4;1;B01
201700049136;1;7;0;0;2;1;2;A01
201700049137;2;7;0;0;2;1;1;A01
201700049137;2;31;0;0;2;4;2;B01
201700049138;2;7;0;0;2;4;12;A01
201700049138;2;7;0;0;2;1;1;B01
201700049139;2;31;0;0;2;3;1;B01
201700049139;2;7;0;0;2;5;12;A01
201700049140;1;7;0;0;1;2;1;A01
201700049141;2;33;0;0;2;1;3;A01
201700049141;2;7;0;0;2;5;12;B01
201700049142;1;7;0;0;2;4;1;C01
201700049142;1;33;0;0;2;1;18;A01
201700049142;1;7;0;0;2;5;1;B01
201700049143;1;33;0;0;2;8;13;A01
201700049143;1;33;0;0;2;7;17;B01
201700049144;1;7;0;5;0;1;19;A01
201700049145;1;7;0;0;2;4;2;B01
201700049145;1;13;0;0;2;4;2;C01
201700049145;1;13;0;0;2;1;1;A01
201700049146;2;7;0;0;2;5;12;A01
201700049146;2;33;0;0;2;3;3;B01
201700049147;2;7;0;0;2;4;1;A01
201700049147;2;10;0;0;2;1;2;B01
201700049148;1;7;0;0;2;8;1;B01
201700049148;1;13;0;0;2;7;12;A01
201700049149;2;7;0;0;2;6;1;A01
201700049149;2;13;0;0;2;2;1;B01
201700049150;2;15;0;0;2;1;11;A01
201700049150;2;7;0;0;2;7;1;B01
201700049151;1;7;0;0;2;4;12;Z01
201700049151;1;33;0;0;2;1;3;A01
201700049152;1;33;0;0;2;8;3;B01
201700049152;1;7;0;0;2;7;12;A01
201700049153;2;33;0;0;2;7;3;A01
201700049153;2;7;0;0;2;8;11;B01
201700049154;2;7;0;0;2;6;11;A01
201700049154;2;33;0;0;2;1;3;B01
201700049155;1;33;0;0;2;1;3;B01
201700049155;1;7;0;0;2;8;11;A01
201700049155;1;7;0;0;2;7;1;C01
201700049155;1;7;0;0;2;1;1;D01
201700049156;1;7;0;0;2;8;1;C01
201700049156;1;33;0;0;2;1;3;B01
201700049156;1;7;0;0;2;6;12;A01
201700049157;2;7;0;4;0;1;1;A01
201700049158;1;7;0;4;0;2;1;A01
201700049159;2;7;0;0;2;4;2;B01
201700049159;2;7;0;0;2;4;2;C01
201700049159;2;7;0;0;2;1;1;A01
201700049160;2;7;0;14;0;2;1;A01
201700049161;2;7;0;0;2;4;2;B01
201700049161;2;7;0;0;2;4;2;C01