num_acc;senc;catv;occutc;obs;obsm;choc;manv;num_veh
201700049161;2;7;0;0;2;1;1;A01
201700049162;2;7;0;0;2;4;1;A01
201700049162;2;7;0;0;2;2;2;B01
201700049163;2;33;0;0;2;7;3;A01
201700049163;2;7;0;0;2;6;11;B01
201700049164;2;7;0;0;2;4;2;C01
201700049164;2;7;0;0;2;4;2;D01
201700049164;2;7;0;0;2;1;1;A01
201700049164;2;7;0;0;2;1;2;B01
201700049165;2;7;0;0;2;4;2;B01
201700049165;2;7;0;0;2;4;2;E01
201700049165;2;7;0;0;2;4;2;D01
201700049165;2;7;0;0;2;1;2;F02
201700049165;2;7;0;0;2;4;2;C01
201700049165;2;7;0;0;2;4;1;A01
201700049166;1;7;0;0;2;4;2;B01
201700049166;1;7;0;0;2;4;2;D01
201700049166;1;7;0;0;2;4;2;C01
201700049166;1;7;0;0;2;1;1;A01
201700049166;1;7;0;0;2;4;2;E01
201700049167;2;10;0;0;2;1;1;A01
201700049167;2;7;0;0;2;4;2;C01
201700049167;2;7;0;0;2;4;2;B01
201700049168;1;7;0;0;2;1;1;A01
201700049168;1;10;0;0;2;4;2;B01
201700049169;1;33;0;0;2;1;3;A01
201700049169;1;10;0;0;2;4;11;B01
201700049170;2;7;0;0;2;1;1;C01
201700049170;2;7;0;0;2;3;1;B01
201700049170;2;13;0;0;2;3;12;A01
201700049171;2;7;0;0;2;4;2;B01
201700049171;2;7;0;0;2;1;1;A01
201700049172;1;7;0;0;2;3;19;A01
201700049172;1;33;0;0;2;1;1;B01
201700049173;2;33;0;0;2;4;1;A01
201700049173;2;7;0;0;2;1;1;B01
201700049174;2;10;0;0;2;1;2;C01
201700049174;2;7;0;0;2;1;2;D01
201700049174;2;7;0;0;2;4;1;A01
201700049174;2;10;0;0;2;4;2;B01
201700049175;2;7;0;0;2;4;11;B01
201700049175;2;33;0;0;2;1;3;A01
201700049176;1;7;0;0;2;1;2;A01
201700049176;1;14;0;0;2;4;2;B01
201700049177;1;7;0;0;2;7;12;B01
201700049177;1;7;0;0;2;8;1;A01
201700049178;1;31;0;0;2;1;2;A01
201700049178;1;13;0;0;2;5;1;B01
201700049179;2;7;0;0;2;4;2;B01
201700049179;2;7;0;0;2;1;2;C01
201700049179;2;7;0;0;2;4;1;A01
201700049180;1;10;0;0;2;4;9;B01
201700049180;1;7;0;0;2;2;1;D01
201700049180;1;13;0;0;2;2;1;A01
201700049180;1;10;0;0;2;2;1;C01
201700049181;1;7;0;0;2;1;14;B01
201700049181;2;14;0;0;2;1;1;A01
201700049182;1;33;0;16;0;7;3;A01
201700049183;1;10;0;0;2;1;2;B01
201700049183;1;7;0;0;2;4;1;A01
201700049183;1;13;0;0;2;4;2;C01
201700049184;2;10;0;0;2;7;12;A01
201700049184;2;33;0;0;2;8;3;B01
201700049185;1;33;0;16;0;8;1;A01
201700049186;2;10;0;0;2;5;11;B01
201700049186;2;31;0;0;2;8;1;A01
201700049187;2;31;0;16;0;7;3;A01
201700049188;2;13;0;0;2;2;12;A01
201700049188;2;7;0;0;2;8;11;B01
201700049189;2;7;0;16;0;1;1;A01
201700049190;1;7;0;4;0;1;1;A01
201700049191;2;33;0;16;0;8;1;A01
201700049192;2;33;0;3;0;8;1;A01
201700049193;1;7;0;0;2;1;1;A01
201700049193;1;10;0;0;2;4;2;C01
201700049193;1;10;0;0;2;4;2;B01
201700049194;1;7;0;0;2;4;2;B01
201700049194;1;7;0;0;2;1;1;A01
201700049195;2;34;0;0;2;8;3;A01
201700049195;2;7;0;0;2;7;12;B01
201700049196;2;7;0;4;0;2;1;A01
201700049197;1;7;0;16;0;0;1;A01
201700049198;1;7;0;0;2;4;2;A01
201700049198;1;7;0;0;2;1;2;X01
201700049199;2;7;0;0;2;4;1;D01
201700049199;2;7;0;0;2;9;2;C01
201700049199;2;10;0;0;2;1;2;A01
201700049199;2;7;0;0;2;9;2;B01
201700049200;2;7;0;0;2;4;2;B01
201700049200;2;7;0;0;2;1;1;A01
201700049200;2;7;0;0;2;4;2;C01
201700049201;1;7;0;0;2;8;11;B01
201700049201;1;33;0;0;2;1;3;A01
201700049202;1;31;0;0;2;8;3;B01
201700049202;1;7;0;0;2;7;11;A01
201700049203;2;10;0;0;2;4;2;B01
201700049203;2;38;1;0;2;1;1;A01
201700049203;2;7;0;0;2;4;2;C01
201700049204;2;7;0;0;2;8;11;A01
201700049204;2;33;0;0;2;1;3;B01
201700049205;2;7;0;16;0;1;19;A01
201700049206;2;7;0;0;1;7;1;A01
201700049207;2;7;0;0;2;4;2;B01
201700049207;2;7;0;0;2;3;1;A01
201700049208;1;7;0;0;2;2;12;B01
201700049208;1;33;0;0;2;3;3;A01
201700049209;1;14;0;0;2;1;1;C01
201700049209;1;7;0;0;2;6;1;A01
201700049209;1;7;0;0;2;1;1;B01
201700049210;1;33;0;0;2;8;1;B01
201700049210;1;7;0;0;2;7;12;A01
201700049211;1;34;0;0;2;8;3;A01
201700049211;1;7;0;0;2;5;12;B01
201700049212;2;7;0;0;2;1;1;C01
201700049212;2;7;0;0;2;1;1;D01
201700049212;2;7;0;0;2;1;1;A01
201700049212;2;10;0;0;2;6;23;B01
201700049213;2;7;0;16;0;9;1;A01
201700049214;1;7;0;16;0;0;19;A01
201700049215;2;7;0;0;2;7;9;A01
201700049215;2;33;0;0;2;1;21;B01
201700049216;1;7;0;3;0;2;19;A01
201700049217;2;10;0;0;2;8;23;A01
201700049217;2;10;0;0;2;1;1;B01
201700049217;2;33;0;0;2;1;17;C01
201700049218;2;33;0;0;2;7;1;A01
201700049218;2;7;0;0;2;5;1;B01
201700049219;2;10;0;0;2;7;1;Z01
201700049219;2;33;0;0;2;8;3;A01
201700049220;2;10;0;0;2;5;2;B01
201700049220;2;7;0;0;2;4;2;C01
201700049220;2;10;0;0;2;1;2;D01
201700049220;2;7;0;0;2;5;1;A01
201700049221;2;10;0;0;2;7;9;A01
201700049221;2;15;0;0;2;3;21;B01
201700049221;2;7;0;0;2;8;1;C01
201700049222;2;7;0;0;2;1;2;A01
201700049222;2;7;0;0;2;4;23;C01
201700049222;2;7;0;0;2;9;2;B01
201700049223;1;7;0;0;2;1;1;A01
201700049223;1;7;0;0;2;4;2;B01
201700049224;1;15;0;6;0;2;1;A01
201700049225;2;7;0;0;2;7;21;A01
201700049225;2;15;0;0;2;7;1;B01
201700049226;1;14;0;0;2;1;12;A01
201700049226;1;7;0;0;2;8;1;B01
201700049227;2;7;0;0;2;8;18;A01
201700049227;2;10;0;0;2;2;1;B01
201700049228;1;15;0;0;2;4;1;A01
201700049228;1;7;0;0;2;1;2;B01
201700049229;2;7;0;0;2;8;17;A01
201700049229;2;33;0;4;2;8;17;B01
201700049230;2;7;0;0;2;1;2;B01
201700049230;2;7;0;0;2;4;1;A01
201700049231;2;7;0;0;2;7;12;Z01
201700049231;2;33;0;0;2;8;3;A01
201700049232;2;7;0;0;2;4;2;B01
201700049232;2;7;0;0;2;1;1;A01
201700049232;2;7;0;0;2;4;2;C01
201700049233;2;7;0;0;2;4;1;C01
201700049233;2;7;0;0;2;9;2;B01
201700049233;2;7;0;0;2;1;2;A01
201700049234;2;7;0;4;0;3;1;A01
201700049235;1;14;0;0;2;1;1;A01
201700049235;1;13;0;0;2;4;2;B01
201700049236;1;7;0;0;2;4;2;C01
201700049236;1;7;0;0;2;4;2;B01
201700049236;1;10;0;0;2;1;1;A01
201700049237;2;33;0;0;2;8;3;A01
201700049237;2;10;0;0;2;8;11;B01
201700049238;2;34;0;0;2;7;12;B01
201700049238;2;34;0;0;2;8;1;A01
201700049239;1;7;0;0;2;4;23;B01
201700049239;1;7;0;0;2;1;2;A01
201700049240;1;7;0;0;2;4;2;C01
201700049240;1;7;0;0;2;4;2;B01
201700049240;1;7;0;0;2;1;1;A01
201700049241;1;33;0;16;0;7;1;B01
201700049241;1;7;0;0;0;0;11;A01
201700049242;1;33;0;16;0;8;1;A01
201700049243;1;7;0;16;0;9;1;A01
201700049244;1;7;0;0;2;1;1;A01
201700049244;1;7;0;0;2;4;2;C01
201700049244;1;7;0;0;2;4;2;B01
201700049244;1;10;0;0;2;4;2;D01
201700049244;1;7;0;0;2;4;2;E01
201700049245;2;7;0;4;0;1;1;A01
201700049246;1;7;0;16;0;0;1;A01
201700049247;2;7;0;0;2;4;2;B01
201700049247;2;7;0;0;2;1;2;A01
201700049247;2;7;0;0;2;4;2;C01
201700049248;2;31;0;0;2;7;3;A01
201700049248;2;10;0;0;2;6;11;B01
201700049249;1;7;0;0;2;1;1;A01
201700049249;1;10;0;0;2;4;2;B01
201700049250;1;7;0;0;2;8;9;B01
201700049250;1;32;0;0;2;7;1;A01
201700049251;2;7;0;0;2;4;2;B01
201700049251;2;7;0;0;2;4;2;D01
201700049251;2;7;0;0;2;4;2;C01
201700049251;2;7;0;0;2;1;1;A01
201700049252;1;7;0;0;2;4;2;C01
201700049252;1;7;0;0;2;4;2;B01
201700049252;1;7;0;0;2;1;1;A01
201700049253;2;33;0;16;0;8;3;A01
201700049254;1;14;0;0;2;1;1;A01
201700049254;1;7;0;0;2;4;2;B01
201700049255;0;7;0;16;0;9;1;A01
201700049256;2;7;0;4;0;2;1;A01
201700049257;2;7;0;14;0;1;19;A01
201700049258;2;7;0;3;0;1;19;A01
201700049259;2;7;0;13;0;1;1;A01
201700049260;1;31;0;3;0;1;19;A01
201700049261;2;7;0;1;0;1;1;A01
201700049262;1;7;0;0;2;6;1;C01
201700049262;1;7;0;0;2;4;11;A01
201700049262;1;33;0;0;2;8;1;B01
201700049263;2;31;0;0;2;7;3;A01
201700049263;2;7;0;0;2;4;11;B01
201700049264;2;7;0;0;2;6;11;A01
201700049264;2;33;0;0;2;1;3;B01
201700049265;2;7;0;3;0;1;1;A01
201700049266;1;7;0;0;2;1;2;B01
201700049266;1;7;0;0;2;4;1;A01
201700049267;2;7;0;0;2;4;2;B01
201700049267;2;7;0;0;2;4;2;C01
201700049267;2;7;0;0;2;1;1;A01
201700049268;1;7;0;0;2;6;1;A01
201700049268;1;14;0;0;2;2;12;B01
201700049268;1;7;0;0;2;1;1;C01
201700049269;2;10;0;0;2;4;2;C01
201700049269;2;7;0;0;2;1;1;A01
201700049269;2;7;0;0;2;4;2;B01
201700049270;2;7;0;0;2;4;2;C01
201700049270;2;7;0;0;2;4;2;B01
201700049270;2;10;0;0;2;1;2;A01
201700049271;2;7;0;0;2;2;12;A01
201700049271;2;7;0;0;2;8;3;B01
201700049272;2;7;0;0;2;3;11;A01
201700049272;2;7;0;0;2;8;1;B01
201700049273;1;7;0;0;2;1;1;C01
201700049273;1;10;0;0;2;3;12;A01
201700049273;1;15;0;0;2;8;1;B01
201700049274;2;13;0;0;2;2;12;A01
201700049274;2;7;0;0;2;6;1;B01
201700049275;2;31;0;16;0;7;18;A01
201700049275;2;7;0;0;0;0;14;B01
201700049276;1;7;0;0;2;1;1;A01
201700049276;1;7;0;0;2;4;2;B01
201700049277;2;7;0;0;2;1;2;C01
201700049277;2;7;0;0;2;4;1;A01
201700049277;2;7;0;0;2;4;2;B01
201700049278;2;7;0;0;2;4;11;A01
201700049278;2;33;0;0;2;1;1;B01
201700049279;2;7;0;0;2;1;1;D01
201700049279;2;7;0;0;2;4;23;A01
201700049279;2;7;0;0;2;4;1;C01
201700049279;2;7;0;0;2;4;1;B01
201700049280;2;10;0;0;2;1;2;A01
201700049280;2;7;0;0;2;4;2;B01
201700049280;2;7;0;0;2;4;2;C01
201700049281;1;33;0;0;2;1;1;A01
201700049281;1;7;0;0;2;4;2;B01
201700049282;2;7;0;0;2;1;21;A01
201700049282;1;7;0;0;2;8;5;B01
201700049283;1;7;0;0;2;1;1;B01
201700049283;1;7;0;0;2;4;23;A01
201700049284;2;7;0;0;2;8;11;A01
201700049284;2;33;0;0;2;7;3;B01
201700049285;2;10;0;0;2;1;1;A01
201700049285;2;7;0;0;2;4;2;B01
201700049286;1;7;0;0;2;4;1;A01
201700049286;1;7;0;0;2;1;2;B01
201700049287;2;34;0;0;2;8;3;B01
201700049287;2;7;0;0;2;7;1;A01
201700049288;1;7;0;0;2;7;14;A01
201700049288;1;33;0;0;2;8;3;B01
201700049289;2;13;0;0;2;2;1;A01
201700049289;2;7;0;0;2;8;9;B01
201700049290;1;7;0;0;2;4;2;B01
201700049290;1;7;0;0;2;4;2;C01
201700049290;1;7;0;0;2;1;1;A01
201700049291;1;7;0;0;2;2;12;B01
201700049291;1;13;0;0;2;3;1;A01
201700049292;1;7;0;3;0;1;1;A01
201700049293;2;32;0;16;0;7;19;A01
201700049294;1;7;0;4;0;8;1;A01
201700049295;1;7;0;3;0;1;1;A01
201700049296;2;7;0;0;2;1;1;A01
201700049296;2;7;0;0;2;4;2;B01
201700049296;2;7;0;0;2;4;2;C01
201700049297;2;7;0;0;2;7;1;A01
201700049297;2;33;0;0;2;1;3;B01
201700049298;2;7;0;0;2;2;3;B01
201700049298;2;7;0;0;2;6;1;A01
201700049299;2;10;0;0;2;6;11;A01
201700049299;2;33;0;0;2;1;3;B01
201700049300;2;7;0;0;2;4;1;A01
201700049300;2;33;0;0;2;7;3;C01
201700049300;2;7;0;0;2;8;11;B01
201700049301;1;7;0;3;0;1;1;A01
201700049302;1;7;0;0;2;1;2;A01
201700049302;1;33;0;0;2;4;2;B01
201700049303;1;31;0;0;2;8;3;B01
201700049303;1;7;0;0;2;7;12;A01
201700049304;1;7;0;0;2;1;2;D01
201700049304;1;7;0;0;2;9;2;C01
201700049304;1;7;0;0;2;9;2;B01
201700049304;1;7;0;0;2;1;2;E01
201700049304;1;15;0;0;2;1;1;A01
201700049305;2;7;0;0;2;8;11;B01
201700049305;2;7;0;0;2;2;1;A01
201700049306;2;10;0;16;0;9;1;A01
201700049307;2;7;0;0;2;1;2;A01
201700049307;2;7;0;0;2;4;2;B01
201700049308;2;33;0;0;2;8;1;B01
201700049308;2;32;0;0;2;7;12;A01
201700049309;2;7;0;0;2;2;12;A01
201700049309;2;33;0;0;2;1;3;B01
201700049310;1;7;0;0;2;4;2;B01
201700049310;1;33;0;0;2;1;1;A01
201700049311;2;10;0;0;2;2;1;C01
201700049311;2;7;0;0;2;8;11;A01
201700049311;2;33;0;0;2;7;3;B01
201700049312;1;33;0;3;0;1;9;A01
201700049313;2;13;0;0;2;4;1;A01
201700049313;2;10;0;0;2;1;2;B01
201700049314;1;10;0;0;2;5;12;A01
201700049314;1;33;0;0;2;8;3;B01
201700049315;2;7;0;0;2;1;1;A01
201700049315;2;7;0;0;2;5;2;B01
201700049316;1;7;0;0;2;1;1;A01
201700049316;1;7;0;0;2;4;2;B01
201700049317;2;7;0;0;2;4;2;B01
201700049317;2;7;0;0;2;1;1;A01
201700049318;1;33;0;0;2;1;1;A01
201700049318;1;7;0;0;2;6;2;B01
201700049319;2;7;0;0;2;1;1;B01
201700049319;2;7;0;0;2;7;15;A01
201700049320;1;10;0;0;2;7;1;C01
201700049320;1;33;0;0;2;1;3;A01
201700049320;1;7;0;0;2;4;1;B01
201700049321;1;33;0;0;2;3;3;A01
201700049321;1;7;0;0;2;5;1;B01
201700049322;1;33;0;0;2;2;3;A01
201700049322;1;7;0;0;2;3;11;B01
201700049322;1;7;0;0;2;4;1;C01
201700049323;1;7;0;4;0;1;1;A01
201700049324;1;7;0;0;2;6;13;B01
201700049324;1;33;0;0;2;7;3;A01
201700049325;2;7;0;3;0;2;1;A01
201700049326;2;33;0;0;2;7;1;B01
201700049326;2;13;0;0;2;8;11;A01
201700049327;2;10;0;0;2;1;1;A01
201700049327;2;7;0;0;2;4;2;C01
201700049327;2;7;0;0;2;4;2;B01
201700049328;1;7;0;0;2;8;1;B01
201700049328;1;7;0;0;2;7;1;A01
201700049329;1;33;0;16;0;8;1;A01
201700049330;2;7;0;0;2;4;2;B01
201700049330;2;7;0;0;2;4;1;A01
201700049330;2;7;0;0;2;1;2;C01
201700049331;1;7;0;0;2;4;2;A01
201700049331;1;7;0;0;2;1;2;C01
201700049331;1;7;0;0;2;4;2;B01
201700049332;1;7;0;4;0;8;1;A01
201700049333;1;13;0;0;2;2;1;B01
201700049333;1;7;0;0;2;3;9;A01
201700049333;1;33;0;0;2;1;1;C01
201700049334;2;33;0;0;2;3;3;A01
201700049334;2;14;0;0;2;6;1;B01
201700049334;2;7;0;0;2;5;1;C01
201700049335;1;10;0;0;2;8;1;B01
201700049335;1;7;0;0;2;3;11;A01
201700049336;2;34;0;0;2;1;3;A01
201700049336;2;7;0;0;2;4;12;B01
201700049337;2;7;0;0;2;1;2;A01
201700049337;2;7;0;0;2;4;2;B01
201700049338;2;7;0;0;2;1;1;A01
201700049338;2;7;0;0;2;4;2;C01
201700049338;2;7;0;0;2;4;2;B01
201700049339;1;7;0;0;2;4;2;B01
201700049339;1;7;0;0;2;1;1;A01
201700049340;2;7;0;3;0;1;1;A01
201700049341;2;7;0;0;2;4;1;B01
201700049341;2;7;0;0;2;1;1;A01
201700049342;2;10;0;4;0;1;1;A01
201700049343;2;7;0;0;2;4;2;B01
201700049343;2;7;0;0;2;1;1;A01
201700049344;1;7;0;0;2;7;12;A01
201700049344;1;33;0;0;2;8;3;B01
201700049345;2;7;0;0;2;6;1;B01
201700049345;2;13;0;0;2;2;12;A01
201700049346;1;7;0;16;0;0;19;A01
201700049347;1;7;0;0;2;6;11;A01
201700049347;1;33;0;0;2;1;1;B01
201700049348;1;33;0;0;2;4;1;A01
201700049348;1;7;0;0;2;1;2;Z01
201700049349;2;33;0;0;2;4;3;A01
201700049349;2;7;0;0;2;2;12;C01
201700049349;2;34;0;0;2;1;3;B01
201700049350;1;7;0;0;2;8;11;A01
201700049350;1;33;0;0;2;2;3;B01
201700049351;1;33;0;0;2;1;1;A01
201700049351;1;7;0;0;2;6;2;B01
201700049352;1;7;0;6;0;1;19;A01
201700049353;2;7;0;16;0;1;12;A01
201700049354;1;7;0;0;2;1;2;C01
201700049354;1;7;0;0;2;1;2;D01
201700049354;1;7;0;0;2;4;23;A01
201700049354;1;7;0;0;2;1;2;B01
201700049355;1;7;0;0;2;4;2;B01
201700049355;1;10;0;0;2;1;1;A01
201700049355;1;10;0;0;2;4;2;C01
201700049356;1;7;0;0;2;4;1;A01
201700049356;1;7;0;0;2;1;2;B01
201700049357;2;7;0;0;2;5;1;C01
201700049357;2;31;0;0;2;1;3;B01
201700049357;2;10;0;0;2;5;12;A01
201700049358;1;7;0;0;2;2;14;A01
201700049358;1;33;0;0;2;1;1;B01
201700049359;1;7;0;0;2;8;1;B01
201700049359;1;7;0;0;2;2;12;A01
201700049360;1;15;0;16;0;7;1;A01
201700049361;2;7;0;0;2;4;2;C01
201700049361;2;7;0;0;2;1;1;A01
201700049361;2;7;0;0;2;4;2;D01
201700049361;2;10;0;0;2;4;2;B01
201700049362;1;33;0;0;2;1;1;A01
201700049362;1;7;0;0;2;6;1;B01
201700049363;1;10;0;0;2;1;1;A01
201700049363;1;99;0;0;2;6;2;B01
201700049364;2;7;0;0;2;1;19;A01
201700049364;2;7;0;0;2;4;1;B01
201700049365;1;7;0;14;2;1;1;B01
201700049365;1;7;0;0;2;1;12;A01
201700049366;2;7;0;0;2;8;9;A01
201700049366;2;13;0;0;2;2;1;B01
201700049367;1;7;0;0;2;8;9;A01
201700049367;1;13;0;0;2;1;12;B01
201700049367;1;33;0;0;2;8;3;C01
201700049368;1;31;0;0;2;2;14;A01
201700049368;1;7;0;0;2;8;1;B01
201700049369;2;15;0;0;2;2;9;A01
201700049369;2;7;0;0;2;6;9;B01
201700049370;2;7;0;0;2;1;1;A01
201700049370;2;10;0;0;2;4;2;B01
201700049370;2;7;0;0;2;4;2;C01
201700049371;2;7;0;14;0;1;1;A01
201700049372;2;7;0;0;2;8;11;C01
201700049372;2;7;0;0;2;4;1;A01
201700049372;2;33;0;0;2;7;3;B01
201700049373;2;7;0;0;2;4;1;A01
201700049373;2;7;0;0;2;1;1;Z01
201700049374;2;14;0;16;0;8;9;A01
201700049375;2;7;0;3;0;3;1;A01
201700049376;2;7;0;0;2;1;5;A01
201700049376;2;7;0;0;2;1;1;B01
201700049377;1;7;0;0;2;1;2;A01
201700049377;1;10;0;0;2;4;2;B01
201700049378;2;7;0;0;2;5;1;B01
201700049378;2;7;0;0;2;1;11;A01
201700049379;2;13;0;3;0;8;1;A01
201700049380;2;7;0;0;2;1;1;A01
201700049380;2;7;0;0;2;4;1;B01
201700049381;1;7;0;16;0;7;1;A01
201700049382;2;14;0;0;2;8;13;Z01
201700049382;2;7;0;0;2;6;1;A01
201700049383;1;7;0;16;0;9;0;A01
201700049384;2;31;0;16;0;8;1;A01
201700049385;1;7;0;4;2;4;2;B01
201700049385;1;7;0;0;2;1;1;A01
201700049386;1;7;0;0;2;1;1;B01
201700049386;1;7;0;0;2;1;19;A01
201700049387;2;33;0;0;2;1;1;A01
201700049388;1;10;0;0;2;7;14;A01
201700049388;1;14;0;0;2;6;1;B01
201700049389;2;7;0;2;0;1;19;A01
201700049390;2;33;0;16;0;0;19;A01
201700049391;1;7;0;0;2;4;2;B01
201700049391;1;10;0;0;2;1;1;A01
201700049391;1;7;0;0;2;4;2;C01
201700049391;1;7;0;0;2;4;2;D01
201700049392;2;7;0;16;0;1;19;A01
201700049393;2;7;0;0;2;1;19;A01
201700049393;2;7;0;0;2;7;1;B01
201700049394;2;7;0;0;2;1;1;A01
201700049394;2;7;0;0;2;1;21;D01
201700049394;2;7;0;0;2;1;10;C01
201700049394;2;7;0;0;2;1;2;B01
201700049395;1;7;0;0;2;4;1;C01
201700049395;1;33;0;0;2;6;3;B01
201700049395;1;7;0;0;2;2;12;A01
201700049396;1;33;0;0;2;7;3;B01
201700049396;1;7;0;0;2;8;11;A01
201700049397;2;7;0;4;0;2;13;A01
201700049398;1;7;0;4;0;1;19;A01
201700049399;2;7;0;4;2;2;18;A01
201700049399;2;7;0;4;2;3;2;B01
201700049400;2;10;0;14;0;1;1;A01
201700049401;2;7;0;4;0;1;1;A01
201700049402;2;7;0;13;0;1;1;A01
201700049403;2;7;0;0;2;4;2;B01
201700049403;2;7;0;0;2;1;1;A01
201700049404;2;7;0;0;2;1;1;A01
201700049404;2;15;0;0;2;4;2;B01
201700049405;2;10;0;0;2;5;2;B01
201700049405;2;7;0;0;2;4;1;C01
201700049405;2;7;0;0;2;8;1;A01
201700049406;2;7;0;4;0;1;1;A01
201700049407;1;7;0;0;2;4;1;B01
201700049407;1;7;0;0;2;1;1;A01
201700049408;1;7;0;6;0;1;1;A01
201700049409;1;7;0;6;0;1;1;A01
201700049410;1;7;0;3;0;1;1;A01
201700049411;1;7;0;16;0;9;1;A01
201700049412;2;10;0;4;0;1;18;A01
201700049413;1;7;0;0;2;1;1;A01
201700049413;1;7;0;0;2;4;2;B01
201700049414;2;10;0;0;2;3;1;A01
201700049414;2;7;0;0;2;5;1;B01
201700049415;2;7;0;6;0;1;1;A01
201700049416;1;7;0;0;2;6;2;B01
201700049416;1;16;0;0;2;2;1;A01
201700049417;1;7;0;14;0;1;1;A01
201700049418;2;33;0;0;2;1;3;B01
201700049418;2;7;0;0;2;5;11;A01
201700049419;1;7;0;4;0;1;1;A01
201700049420;2;7;0;0;2;4;2;C01
201700049420;2;7;0;0;2;4;3;E01
201700049420;2;7;0;0;2;1;1;A01
201700049420;2;10;0;0;2;2;14;B01
201700049420;2;7;0;0;2;4;2;F02
201700049420;2;7;0;0;2;4;2;D01
201700049421;1;7;0;0;2;4;2;B01
201700049421;1;33;0;0;2;1;1;A01
201700049422;2;33;0;0;2;7;3;B01
201700049422;2;7;0;0;2;8;11;A01
201700049423;2;7;0;0;2;2;17;A01
201700049423;2;7;0;0;2;6;1;B01
201700049423;2;7;0;0;2;4;1;C01
201700049424;1;7;0;0;2;4;1;B01
201700049424;1;10;0;0;2;1;11;A01
201700049424;1;7;0;0;2;4;1;C01
201700049425;2;7;0;0;2;1;1;A01
201700049425;2;7;0;0;2;4;2;B01
201700049426;2;7;0;0;2;1;1;A01
201700049426;2;7;0;0;2;4;2;C01
201700049426;2;7;0;0;2;4;2;B01
201700049427;2;7;0;0;2;5;12;A01
201700049427;2;33;0;0;2;6;1;B01
201700049428;2;7;0;0;2;8;1;A01
201700049428;2;10;0;0;2;7;1;C01
201700049428;2;7;0;0;2;4;1;D01
201700049428;2;7;0;0;2;7;12;B01
201700049429;1;33;0;4;0;1;1;A01
201700049430;1;33;0;0;9;8;1;A01
201700049431;1;7;0;6;0;1;19;A01
201700049432;1;33;0;0;2;1;3;A01
201700049432;1;10;0;0;2;4;11;B01
201700049433;2;7;0;0;2;1;18;A01
201700049433;2;15;0;0;2;4;1;C01
201700049433;2;7;0;0;2;5;1;B01
201700049434;2;10;0;0;2;4;1;C01
201700049434;2;34;0;0;2;1;3;B01
201700049434;2;7;0;0;2;8;11;A01
201700049435;2;33;0;0;2;1;3;B01
201700049435;2;7;0;0;2;4;2;C01
201700049435;2;7;0;0;2;1;1;A01
201700049435;2;7;0;0;2;4;2;D01
201700049436;1;31;0;0;2;1;1;A01
201700049436;1;7;0;0;2;4;2;B01
201700049437;1;10;0;0;2;4;2;C01
201700049437;1;7;0;0;2;4;2;B01
201700049437;1;13;0;0;2;1;1;A01
201700049438;2;7;0;0;2;4;2;B01
201700049438;2;33;0;0;2;1;2;A01
201700049439;2;7;0;0;2;4;2;B01
201700049439;2;7;0;0;2;4;1;A01
201700049439;2;10;0;0;2;1;2;C01
201700049439;2;7;0;0;2;1;2;D01
201700049440;2;7;0;0;2;4;2;B01
201700049440;2;7;0;0;2;1;2;C01
201700049440;2;7;0;0;2;4;1;A01
201700049441;2;7;0;0;2;4;2;C01
201700049441;2;7;0;0;2;1;2;B01
201700049441;2;7;0;0;2;1;2;A01
201700049441;2;7;0;0;2;4;2;D01
201700049442;1;7;0;3;0;4;14;A01
201700049443;2;13;0;0;2;4;2;B01
201700049443;2;7;0;0;2;4;2;D01
201700049443;2;10;0;0;2;4;2;C01
201700049443;2;10;0;0;2;4;2;E01
201700049443;2;13;0;0;2;1;1;A01
201700049444;2;15;0;0;2;4;1;A01
201700049444;2;99;0;0;2;1;2;C01
201700049444;2;7;0;0;2;4;2;B01
201700049445;1;10;0;3;0;8;1;A01
201700049446;1;13;0;0;2;4;12;A01
201700049446;1;7;0;0;2;1;2;B01
201700049447;2;7;0;16;0;1;1;A01
201700049448;1;34;0;0;2;1;3;B01
201700049448;1;10;0;0;2;6;11;A01
201700049449;2;7;0;0;2;4;2;B01
201700049449;2;7;0;0;2;1;1;A01
201700049450;2;7;0;16;0;0;17;A01
201700049450;2;34;0;16;0;0;1;B01
201700049451;2;99;0;4;0;1;1;A01
201700049452;1;7;0;0;2;4;1;C01
201700049452;1;7;0;1;0;1;1;B01
201700049452;1;7;0;0;2;3;1;A01
201700049453;2;32;0;0;2;7;3;B01
201700049453;2;10;0;0;2;6;11;A01
201700049454;2;7;0;4;0;1;1;A01
201700049455;2;7;0;0;2;6;11;A01
201700049455;2;33;0;0;2;7;3;B01
201700049456;1;10;0;0;0;0;1;A01
201700049456;1;7;0;0;2;1;21;C01
201700049456;1;13;0;0;2;8;1;B01
201700049457;2;7;0;0;2;1;2;D01
201700049457;2;7;0;0;2;4;2;A01
201700049457;2;7;0;0;2;4;2;B01
201700049457;2;7;0;0;2;4;2;C01
201700049458;2;10;0;0;2;4;2;B01
201700049458;2;7;0;0;2;1;2;A01
201700049459;1;1;0;0;2;1;19;A01
201700049459;1;7;0;0;2;7;1;B01
201700049460;2;7;0;0;2;8;11;Z01
201700049460;2;33;0;0;2;7;3;A01
201700049461;2;38;2;16;0;0;21;A01
201700049462;2;33;0;14;0;8;1;A01
201700049463;1;31;0;14;0;1;21;A01