num_acc;senc;catv;occutc;obs;obsm;choc;manv;num_veh
201700049464;2;7;0;16;0;1;1;A01
201700049465;2;33;0;0;2;7;1;A01
201700049465;2;7;0;0;2;2;1;B01
201700049466;2;17;0;0;2;4;1;B01
201700049466;2;31;0;0;2;7;3;A01
201700049467;2;10;0;0;2;1;1;A01
201700049467;2;10;0;0;2;4;2;B01
201700049468;2;7;0;0;2;4;2;B01
201700049468;2;7;0;0;2;1;2;C01
201700049468;2;10;0;0;2;4;1;A01
201700049469;2;10;0;0;2;8;11;B01
201700049469;2;33;0;0;2;7;1;A01
201700049470;2;33;0;0;2;1;1;A01
201700049470;2;7;0;0;2;4;1;B01
201700049471;2;31;0;0;2;1;3;B01
201700049471;2;33;0;0;2;1;3;A01
201700049471;2;13;0;0;2;8;1;C01
201700049472;1;7;0;0;2;1;1;A01
201700049472;1;7;0;0;2;4;2;B01
201700049472;1;7;0;0;2;4;2;C01
201700049473;1;15;0;0;2;0;1;B01
201700049473;1;10;0;0;2;1;1;C01
201700049473;1;15;0;0;2;2;21;A01
201700049474;2;7;0;0;2;2;14;A01
201700049474;2;7;0;0;2;8;1;B01
201700049475;1;7;0;0;2;6;2;A01
201700049475;1;33;0;3;2;1;17;B01
201700049476;2;7;0;0;2;4;2;B01
201700049476;2;7;0;0;2;1;1;A01
201700049477;1;7;0;0;2;1;1;A01
201700049477;1;7;0;0;2;4;2;B01
201700049478;2;33;0;0;2;1;1;A01
201700049478;2;7;0;0;2;4;2;B01
201700049479;2;7;0;0;2;4;19;A01
201700049479;2;7;0;0;2;2;1;B01
201700049479;2;7;0;0;2;7;1;C01
201700049480;2;7;0;0;2;1;12;A01
201700049480;2;7;0;0;2;4;2;B01
201700049481;2;33;0;0;2;3;1;B01
201700049481;2;7;0;0;2;2;12;A01
201700049482;1;7;0;0;2;6;2;B01
201700049482;1;7;0;0;2;2;12;A01
201700049483;2;7;0;0;2;8;1;B01
201700049483;2;14;0;0;2;7;12;A01
201700049484;2;31;0;0;2;4;13;A01
201700049484;2;7;0;0;2;4;1;B01
201700049485;1;33;0;0;2;2;1;B01
201700049485;1;7;0;0;2;5;12;A01
201700049486;2;7;0;0;2;5;1;C01
201700049486;2;33;0;0;2;7;3;B01
201700049486;2;7;0;0;2;8;11;A01
201700049487;2;31;0;16;0;7;12;A01
201700049488;1;33;0;0;2;1;1;B01
201700049488;1;7;0;0;2;4;1;A01
201700049489;1;7;0;0;2;1;2;D01
201700049489;1;10;0;0;2;3;2;C01
201700049489;1;7;0;0;2;1;1;B01
201700049489;2;7;0;0;2;3;13;A01
201700049490;2;7;0;0;2;4;2;B01
201700049490;2;31;0;0;2;1;1;A01
201700049490;2;7;0;0;2;4;2;C01
201700049491;2;7;0;0;2;6;11;B01
201700049491;2;31;0;0;2;8;1;A01
201700049492;1;14;0;0;2;2;9;D01
201700049492;1;33;0;0;2;1;1;C01
201700049492;1;10;0;0;2;8;1;A01
201700049492;1;7;0;0;2;8;19;B01
201700049493;2;10;0;0;2;3;9;A01
201700049493;2;7;0;0;2;4;9;B01
201700049494;2;7;0;0;2;1;1;B01
201700049494;2;7;0;0;2;4;1;A01
201700049495;1;33;0;3;0;1;14;A01
201700049496;2;7;0;0;2;8;1;B01
201700049496;1;34;0;3;2;1;13;A01
201700049497;2;33;0;0;2;8;3;B01
201700049497;2;7;0;0;2;7;12;A01
201700049498;2;7;0;0;2;6;11;A01
201700049498;2;33;0;0;2;1;3;B01
201700049499;1;7;0;0;2;2;21;B01
201700049499;1;7;0;0;2;2;21;A01
201700049499;2;7;0;0;2;6;2;D01
201700049499;2;7;0;0;2;2;13;C01
201700049500;1;7;0;0;2;4;1;B01
201700049500;1;7;0;0;2;8;1;C01
201700049500;1;31;0;0;2;7;3;A01
201700049501;1;7;0;0;2;7;12;A01
201700049501;1;33;0;0;2;8;3;B01
201700049502;2;10;0;0;2;7;1;C01
201700049502;2;7;0;0;2;3;11;A01
201700049502;2;33;0;0;2;2;3;B01
201700049503;2;7;0;0;2;5;1;E01
201700049503;2;7;0;0;2;4;2;D01
201700049503;2;7;0;0;2;6;1;C01
201700049503;2;7;0;0;2;1;1;A01
201700049503;2;7;0;0;2;4;2;B01
201700049504;2;7;0;0;2;2;12;A01
201700049504;2;7;0;0;2;5;1;C01
201700049504;2;33;0;0;2;1;3;B01
201700049505;2;31;0;0;2;4;1;B01
201700049505;2;7;0;0;2;1;12;A01
201700049506;2;7;0;0;2;4;1;A01
201700049506;2;7;0;0;2;1;1;B01
201700049507;2;33;0;0;2;2;1;B01
201700049507;2;10;0;0;2;3;11;A01
201700049508;2;33;0;0;2;1;3;B01
201700049508;2;7;0;0;2;5;12;A01
201700049509;1;7;0;0;2;1;1;A01
201700049509;1;7;0;0;2;4;2;B01
201700049510;1;10;0;0;2;1;1;A01
201700049510;1;7;0;0;2;4;2;C01
201700049510;1;7;0;0;2;4;2;B01
201700049511;2;7;0;3;0;7;21;A01
201700049512;1;33;0;0;0;7;1;A01
201700049513;1;7;0;3;0;8;1;A01
201700049514;1;7;0;3;0;2;14;A01
201700049515;1;7;0;0;2;8;11;Z01
201700049515;1;34;0;0;2;7;1;A01
201700049516;1;33;0;0;2;7;3;A01
201700049516;1;7;0;0;2;8;11;B01
201700049517;2;33;0;0;2;7;3;A01
201700049517;2;7;0;0;2;7;12;B01
201700049518;1;34;0;0;2;1;2;A01
201700049518;1;7;0;0;2;5;2;C01
201700049518;1;7;0;0;2;5;2;B01
201700049519;2;7;0;0;2;6;1;B01
201700049519;2;7;0;0;2;1;9;A01
201700049520;1;33;0;0;2;1;1;A01
201700049520;1;7;0;0;2;4;2;B01
201700049521;2;31;0;0;2;1;3;B01
201700049521;2;7;0;0;2;5;12;A01
201700049522;1;33;0;14;0;1;1;A01
201700049523;2;7;0;0;2;1;2;A01
201700049523;2;7;0;0;2;4;2;B01
201700049523;2;7;0;0;2;4;2;C01
201700049524;1;33;0;0;2;1;2;C01
201700049524;1;7;0;0;2;4;2;A01
201700049524;1;10;0;0;2;4;2;B01
201700049525;2;7;0;0;2;4;2;B01
201700049525;2;7;0;0;2;1;1;A01
201700049526;1;34;0;12;0;2;16;A01
201700049527;2;7;0;0;2;4;2;C01
201700049527;2;7;0;0;2;1;1;A01
201700049527;2;7;0;0;2;4;2;B01
201700049528;2;7;0;0;2;1;1;A01
201700049528;2;7;0;0;2;4;2;B01
201700049529;2;7;0;0;2;4;2;B01
201700049529;2;7;0;0;2;4;2;C01
201700049529;2;7;0;0;2;1;2;D01
201700049529;2;7;0;0;2;1;1;A01
201700049530;1;7;0;0;2;2;1;B01
201700049530;1;13;0;0;2;8;1;A01
201700049530;1;7;0;0;2;4;1;C01
201700049531;1;13;0;0;2;2;1;A01
201700049531;1;14;0;0;2;5;2;B01
201700049532;1;7;0;0;2;1;18;A01
201700049532;1;7;0;4;2;4;13;B01
201700049533;2;7;0;0;2;8;11;A01
201700049533;2;33;0;0;2;1;3;B01
201700049533;2;7;0;0;2;4;1;C01
201700049534;1;99;0;0;1;1;1;Z01
201700049535;2;33;0;16;0;0;3;A01
201700049536;2;33;0;16;0;0;1;A01
201700049537;1;15;0;0;2;6;1;A01
201700049537;1;7;0;0;2;2;1;B01
201700049537;1;33;0;0;9;0;3;C01
201700049537;1;10;0;0;0;0;0;T01
201700049538;2;33;0;0;2;1;3;B01
201700049538;2;7;0;0;2;5;12;A01
201700049539;2;7;0;0;2;5;12;A01
201700049539;2;33;0;0;2;2;3;B01
201700049540;1;7;0;0;2;4;2;C01
201700049540;1;7;0;0;2;4;2;B01
201700049540;1;7;0;0;2;1;1;A01
201700049541;1;31;0;0;2;1;1;A01
201700049541;1;7;0;0;2;4;2;Z01
201700049542;2;7;0;0;2;7;1;B01
201700049542;2;7;0;0;2;2;19;A01
201700049543;1;33;0;1;0;1;1;A01
201700049543;1;14;0;0;2;6;24;B01
201700049544;2;7;0;0;2;4;2;C01
201700049544;2;7;0;0;2;4;2;E01
201700049544;2;7;0;0;2;1;2;A01
201700049544;2;7;0;0;2;4;2;D01
201700049544;2;7;0;0;2;4;2;B01
201700049545;1;7;0;14;0;6;19;A01
201700049546;2;7;0;0;2;4;2;B01
201700049546;2;7;0;0;2;1;2;C01
201700049546;2;7;0;0;2;4;1;A01
201700049547;2;7;0;0;2;8;11;A01
201700049547;2;33;0;0;2;7;3;B01
201700049548;1;7;0;3;0;1;19;A01
201700049549;1;7;0;0;2;4;2;B01
201700049549;1;7;0;0;2;4;1;A01
201700049549;1;7;0;0;2;1;2;C01
201700049550;2;31;0;0;2;1;1;C01
201700049550;2;31;0;0;2;7;1;B01
201700049550;2;7;0;0;2;7;12;A01
201700049551;2;7;0;0;2;7;12;A01
201700049551;2;33;0;0;2;1;3;B01
201700049552;2;7;0;0;2;1;2;A01
201700049552;2;7;0;0;2;4;3;B01
201700049553;1;31;0;0;9;1;3;A01
201700049554;1;13;0;0;2;1;2;A01
201700049554;1;13;0;0;2;4;2;B01
201700049555;1;34;0;4;0;3;21;A01
201700049556;2;7;0;0;2;4;2;C01
201700049556;2;7;0;0;2;1;1;A01
201700049556;2;10;0;0;2;4;2;B01
201700049557;1;7;0;0;2;4;2;E01
201700049557;1;7;0;0;2;4;2;B01
201700049557;1;99;0;0;2;1;1;A01
201700049557;1;7;0;0;2;4;2;C01
201700049557;1;7;0;0;2;5;2;D01
201700049557;1;13;0;0;2;8;1;F02
201700049558;1;33;0;0;0;0;0;A01
201700049559;1;10;0;3;0;2;1;A01
201700049560;2;7;0;0;2;4;2;B01
201700049560;2;7;0;0;2;1;2;A01
201700049561;1;13;0;0;2;4;2;B01
201700049561;1;13;0;0;2;1;1;A01
201700049561;1;13;0;0;2;4;2;C01
201700049562;2;14;0;1;0;3;1;B01
201700049562;2;33;0;0;2;8;3;C01
201700049562;2;7;0;0;2;7;12;A01
201700049563;1;7;0;0;2;4;2;F02
201700049563;1;7;0;0;2;4;2;B01
201700049563;1;7;0;0;2;4;2;D01
201700049563;1;7;0;0;2;4;2;E01
201700049563;1;7;0;0;2;1;2;A01
201700049563;1;7;0;0;2;4;2;C01
201700049564;2;7;0;0;2;1;2;F02
201700049564;2;7;0;0;2;2;17;D01
201700049564;2;7;0;0;2;4;1;A01
201700049564;2;7;0;0;2;1;2;B01
201700049564;2;7;0;0;2;1;2;E01
201700049564;2;7;0;0;2;2;2;C01
201700049565;2;7;0;0;2;1;2;A01
201700049565;1;7;0;0;2;4;2;C01
201700049565;1;7;0;0;2;4;2;D01
201700049565;1;7;0;0;2;4;2;B01
201700049566;2;10;0;0;2;4;2;B01
201700049566;2;7;0;0;2;4;2;E01
201700049566;2;7;0;0;2;4;2;D01
201700049566;2;7;0;0;2;4;2;C01
201700049566;2;7;0;0;2;1;1;A01
201700049567;1;7;0;3;0;1;1;A01
201700049568;2;7;0;0;0;7;1;C01
201700049568;2;33;0;0;2;7;1;B01
201700049568;2;7;0;0;2;1;12;A01
201700049569;1;7;0;0;2;4;2;C01
201700049569;1;10;0;0;2;1;1;A01
201700049569;1;7;0;0;2;4;2;D01
201700049569;1;7;0;0;2;4;2;B01
201700049570;2;7;0;4;0;4;1;A01
201700049570;2;7;0;0;2;1;0;Z01
201700049571;2;33;0;0;2;1;3;A01
201700049571;2;10;0;0;2;6;1;B01
201700049572;1;10;0;0;2;4;2;C01
201700049572;1;33;0;0;2;1;2;A01
201700049572;1;31;0;0;2;1;2;B01
201700049573;2;33;0;0;2;1;3;A01
201700049573;2;10;0;0;2;4;12;B01
201700049574;2;7;0;0;2;1;1;A01
201700049574;2;7;0;0;2;4;2;D01
201700049574;2;10;0;0;2;4;2;C01
201700049574;2;10;0;0;2;4;2;B01
201700049575;2;7;0;0;2;6;1;B01
201700049575;2;14;0;0;2;5;9;A01
201700049576;1;33;0;0;2;1;1;B01
201700049576;1;7;0;0;2;4;11;Z01
201700049577;1;7;0;4;2;1;13;A01
201700049577;1;7;0;0;2;5;1;Z01
201700049578;2;7;0;0;1;2;13;A01
201700049579;1;31;0;0;2;7;1;B01
201700049579;1;7;0;0;2;6;11;A01
201700049580;2;7;0;0;2;1;1;A01
201700049580;2;7;0;0;2;4;2;B01
201700049580;2;7;0;0;2;4;2;C01
201700049581;2;7;0;14;0;2;1;A01
201700049582;2;7;0;13;0;7;1;A01
201700049583;1;7;0;4;0;1;1;A01
201700049584;1;7;0;0;2;8;1;A01
201700049584;1;7;0;0;2;4;1;B01
201700049585;1;7;0;4;0;1;1;A01
201700049586;2;7;0;16;0;9;1;A01
201700049587;2;7;0;4;0;1;1;A01
201700049588;1;7;0;0;2;1;1;A01
201700049588;1;7;0;0;2;4;2;B01
201700049588;1;7;0;0;2;4;2;C01
201700049589;2;7;0;0;2;4;2;C01
201700049589;2;7;0;0;2;1;1;A01
201700049589;2;7;0;0;2;4;2;B01
201700049590;2;7;0;0;2;4;2;B01
201700049590;2;7;0;0;2;7;1;C01
201700049590;2;7;0;0;2;1;2;A01
201700049591;1;13;0;0;2;6;24;B01
201700049591;1;13;0;0;2;5;1;A01
201700049592;2;7;0;2;0;3;1;A01
201700049593;2;7;0;0;2;1;21;A01
201700049593;2;7;0;0;2;4;23;B01
201700049594;1;7;0;0;2;7;21;A01
201700049594;1;31;0;0;2;8;21;B01
201700049595;1;7;0;0;2;1;2;A01
201700049595;1;7;0;0;2;4;2;B01
201700049596;1;7;0;0;2;1;2;B01
201700049596;1;7;0;0;2;4;1;A01
201700049597;2;13;0;0;2;3;1;B01
201700049597;2;7;0;0;2;8;9;A01
201700049598;2;10;0;0;2;4;2;B01
201700049598;2;7;0;0;2;1;1;A01
201700049599;1;33;0;0;2;7;3;B01
201700049599;1;7;0;0;2;8;11;A01
201700049600;1;7;0;0;2;1;2;B01
201700049600;1;7;0;0;2;4;23;C01
201700049600;1;7;0;0;2;1;1;A01
201700049601;1;7;0;0;2;1;1;Z01
201700049601;1;7;0;0;2;4;1;A01
201700049602;1;7;0;3;0;1;1;A01
201700049603;1;7;0;0;2;4;1;A01
201700049603;1;7;0;0;2;1;2;B01
201700049604;1;10;0;0;2;5;11;A01
201700049604;1;33;0;0;2;1;11;B01
201700049605;2;31;0;0;2;1;2;A01
201700049605;2;7;0;0;2;4;2;C01
201700049605;2;7;0;0;2;1;2;B01
201700049606;2;33;0;0;2;1;1;A01
201700049606;2;7;0;0;2;4;2;B01
201700049607;2;10;0;0;2;6;11;A01
201700049607;2;33;0;0;2;7;1;B01
201700049608;1;7;0;0;2;1;2;B01
201700049608;1;99;0;0;2;4;1;A01
201700049609;1;7;0;0;2;8;19;A01
201700049609;1;13;0;0;2;4;1;B01
201700049610;1;10;0;0;2;4;1;A01
201700049610;1;99;0;0;2;1;2;B01
201700049611;2;7;0;0;1;1;1;B01
201700049612;2;7;0;16;0;9;1;A01
201700049613;1;34;0;4;0;7;1;A01
201700049614;1;10;0;4;2;7;21;C01
201700049614;1;7;0;0;2;1;1;B01
201700049614;1;7;0;0;2;8;18;A01
201700049615;2;7;0;0;2;4;2;C01
201700049615;2;7;0;0;2;4;2;B01
201700049615;2;7;0;0;2;1;1;A01
201700049616;1;7;0;0;2;1;1;A01
201700049616;1;7;0;0;2;4;23;B01
201700049617;2;7;0;0;2;7;12;A01
201700049617;2;31;0;0;2;8;18;B01
201700049618;1;33;0;0;2;1;3;A01
201700049618;1;7;0;0;2;7;12;B01
201700049619;2;33;0;0;2;4;3;B01
201700049619;2;33;0;0;2;1;3;A01
201700049620;2;33;0;0;2;1;1;A01
201700049620;2;7;0;0;2;6;2;B01
201700049621;2;7;0;5;0;3;16;A01
201700049622;1;7;0;3;0;1;1;A01
201700049623;1;7;0;0;2;3;1;A01
201700049623;1;7;0;4;2;7;21;B01
201700049624;1;33;0;16;0;1;1;A01
201700049625;1;7;0;0;2;8;9;A01
201700049625;1;14;0;0;2;7;1;B01
201700049626;2;7;0;0;2;4;1;A01
201700049626;2;10;0;0;2;1;19;B01
201700049627;1;7;0;3;0;8;19;A01
201700049628;1;7;0;0;2;1;1;A01
201700049628;1;7;0;0;2;4;2;B01
201700049629;1;7;0;0;2;4;2;C01
201700049629;1;10;0;0;2;4;2;B01
201700049629;1;7;0;0;2;1;1;A01
201700049630;2;7;0;0;2;4;2;B01
201700049630;2;7;0;0;2;2;1;C01
201700049630;2;7;0;0;2;1;1;A01
201700049631;1;33;0;0;2;3;3;A01
201700049631;1;7;0;0;2;4;12;B01
201700049632;1;7;0;0;2;1;1;B01
201700049632;1;7;0;0;2;1;19;A01
201700049633;1;31;0;16;0;8;19;A01
201700049634;2;7;0;0;2;4;1;C01
201700049634;2;7;0;0;2;8;12;A01
201700049634;2;33;0;0;2;2;1;B01
201700049635;2;7;0;0;2;7;14;A01
201700049635;2;33;0;0;2;8;3;B01
201700049635;2;7;0;0;2;4;1;C01
201700049636;1;7;0;0;2;4;2;C01
201700049636;1;7;0;0;2;4;2;D01
201700049636;1;10;0;0;2;4;2;B01
201700049636;1;7;0;0;2;1;1;A01
201700049637;2;7;0;0;2;4;2;C01
201700049637;2;7;0;0;2;1;2;A01
201700049637;2;7;0;0;2;4;2;B01
201700049638;2;7;0;0;2;1;14;B01
201700049638;2;10;0;0;2;8;1;A01
201700049639;1;7;0;0;2;1;2;Z01
201700049639;1;7;0;0;2;4;2;C01
201700049639;1;34;0;0;2;4;2;B01
201700049640;2;7;0;0;2;1;9;A01
201700049640;2;7;0;0;2;4;1;B01
201700049641;2;99;0;0;2;1;1;Z01
201700049641;2;7;0;0;2;4;1;C01
201700049641;2;7;0;0;2;4;1;B01
201700049642;1;7;0;6;0;1;19;A01
201700049643;2;7;0;0;2;4;2;D01
201700049643;2;7;0;0;2;4;2;C01
201700049643;2;10;0;0;2;1;1;A01
201700049643;2;7;0;0;2;4;2;B01
201700049644;1;7;0;0;2;1;1;A01
201700049644;1;7;0;0;2;4;2;B01
201700049645;1;7;0;0;2;5;2;B01
201700049645;1;7;0;0;2;1;1;A01
201700049646;2;17;0;4;0;5;19;A01
201700049647;2;7;0;0;2;4;2;C01
201700049647;2;14;0;0;2;1;1;A01
201700049647;2;7;0;0;2;4;2;B01
201700049648;1;7;0;0;2;4;2;C01
201700049648;1;7;0;0;2;4;2;B01
201700049648;1;7;0;0;2;1;2;A01
201700049649;1;33;0;16;0;8;19;A01
201700049650;1;7;0;0;2;7;1;B01
201700049650;1;7;0;0;2;8;11;A01
201700049651;2;7;0;4;0;2;14;A01
201700049652;2;33;0;16;0;0;0;A01
201700049653;1;7;0;16;0;0;19;A01
201700049654;2;7;0;16;0;9;1;A01
201700049655;2;7;0;13;0;1;1;A01
201700049656;2;7;0;0;2;1;11;A01
201700049656;2;7;0;0;2;4;1;B01
201700049657;2;7;0;0;2;1;1;A01
201700049657;2;7;0;0;2;4;2;B01
201700049658;1;33;0;0;2;7;3;B01
201700049658;1;7;0;0;2;8;11;A01
201700049659;2;13;0;0;2;1;2;B01
201700049659;2;7;0;0;2;5;1;A01
201700049660;1;13;0;0;2;1;1;A01
201700049660;1;7;0;0;2;4;2;B01
201700049661;2;7;0;0;2;1;13;A01
201700049661;2;7;0;0;2;1;1;B01
201700049662;1;7;0;0;2;2;5;A01
201700049662;1;14;0;0;2;2;1;B01
201700049663;2;10;0;0;2;4;14;A01
201700049663;2;33;0;0;2;1;3;B01
201700049664;2;7;0;0;2;1;1;A01
201700049664;2;7;0;0;2;4;1;B01
201700049665;2;7;0;0;2;4;2;C01
201700049665;2;7;0;0;2;4;2;B01
201700049665;2;10;0;0;2;1;1;A01
201700049666;2;7;0;16;0;1;19;A01
201700049667;2;33;0;0;2;1;3;C01
201700049667;2;10;0;0;2;5;1;A01
201700049667;2;7;0;0;2;8;11;B01
201700049668;2;7;0;0;2;4;2;B01
201700049668;2;7;0;0;2;4;2;A01
201700049668;2;10;0;0;2;3;2;E01
201700049668;2;7;0;0;2;4;2;C01
201700049668;2;7;0;0;2;4;2;D01
201700049669;2;7;0;0;2;8;1;A01
201700049669;2;13;0;0;2;7;12;B01
201700049670;2;10;0;4;0;1;1;A01
201700049671;1;7;0;0;2;4;2;B01
201700049671;1;10;0;0;2;1;1;A01
201700049671;1;7;0;0;2;4;2;C01
201700049672;2;7;0;0;2;8;13;A01
201700049672;2;7;0;0;2;7;1;B01
201700049673;1;7;0;4;2;4;2;D01
201700049673;1;7;0;0;2;1;2;E01
201700049673;1;7;0;0;2;4;1;A01
201700049673;1;7;0;0;2;4;2;C01
201700049673;1;7;0;0;2;4;2;B01
201700049674;2;33;0;0;2;8;3;B01
201700049674;2;7;0;0;2;7;12;A01
201700049675;2;31;0;14;0;1;19;A01
201700049676;2;10;0;14;0;1;19;A01
201700049677;2;7;0;0;2;4;2;C01
201700049677;2;7;0;0;2;4;2;B01
201700049677;2;10;0;0;2;1;1;A01
201700049678;1;7;0;0;2;4;2;A01
201700049678;1;7;0;0;2;1;2;D01
201700049678;1;7;0;0;2;1;2;B01
201700049678;1;7;0;0;2;4;2;C01
201700049679;2;7;0;0;2;4;2;B01
201700049679;2;7;0;0;2;1;1;A01
201700049680;1;7;0;0;2;2;1;B01
201700049680;1;33;0;0;2;8;3;A01
201700049680;1;7;0;0;2;4;1;C01
201700049681;2;31;0;0;2;1;3;A01
201700049681;2;31;0;0;2;4;3;B01
201700049682;1;33;0;0;2;8;3;B01
201700049682;1;7;0;0;2;5;14;A01
201700049683;2;7;0;0;2;1;1;A01
201700049683;2;7;0;0;2;4;2;B01
201700049684;2;10;0;4;0;1;1;A01
201700049685;1;10;0;0;2;1;21;B01
201700049685;2;7;0;0;2;1;13;A01
201700049686;2;7;0;0;2;1;2;B01
201700049686;2;7;0;0;2;4;1;A01
201700049687;2;7;0;0;2;4;2;B01
201700049687;2;13;0;0;2;1;1;A01
201700049688;2;34;0;0;2;1;3;Z01
201700049688;2;33;0;0;2;8;3;C01
201700049688;2;10;0;0;2;5;12;A01
201700049689;1;38;0;0;2;1;2;A01
201700049689;1;7;0;0;2;4;2;B01
201700049690;2;7;0;0;2;1;1;A01
201700049690;2;7;0;0;2;4;2;B01
201700049690;2;7;0;0;2;4;2;C01
201700049691;2;7;0;0;2;4;2;B01
201700049691;2;7;0;0;2;1;1;A01
201700049692;2;7;0;0;2;4;2;D01
201700049692;2;7;0;0;2;4;2;E01
201700049692;2;7;0;0;2;4;2;C01
201700049692;2;7;0;0;2;4;2;B01
201700049692;2;13;0;0;2;1;1;A01
201700049693;2;13;0;0;2;7;12;A01
201700049693;2;7;0;0;2;8;1;B01
201700049694;2;7;0;0;2;5;17;A01
201700049694;2;2;0;0;2;8;1;B01
201700049695;1;7;0;0;2;4;12;B01
201700049695;1;7;0;0;2;1;11;A01
201700049696;2;7;0;0;2;6;11;B01
201700049696;2;31;0;0;2;1;3;A01
201700049697;1;34;0;0;2;1;3;B01
201700049697;1;10;0;0;2;5;12;A01
201700049698;2;7;0;0;2;1;1;A01
201700049698;2;7;0;0;2;4;2;B01
201700049698;2;7;0;0;2;4;2;C01
201700049699;1;7;0;0;2;1;2;C01
201700049699;1;7;0;0;2;4;2;B01
201700049699;1;7;0;0;2;1;1;A01
201700049700;1;13;0;1;0;1;1;A01
201700049700;1;7;0;0;2;4;24;B01
201700049701;2;14;0;0;2;1;9;B01
201700049701;2;7;0;0;2;4;9;A01
201700049702;2;7;0;0;2;4;2;C01
201700049702;2;7;0;0;2;1;1;A01
201700049702;2;7;0;0;2;4;2;B01
201700049702;2;7;0;0;2;4;2;D01
201700049703;1;34;0;0;2;2;21;B01
201700049703;1;10;0;0;2;6;11;A01
201700049704;1;33;0;0;2;2;19;A01
201700049704;1;7;0;0;2;3;1;B01
201700049705;2;7;0;14;0;1;1;A01
201700049706;1;7;0;0;2;1;1;B01
201700049706;1;7;0;0;2;1;19;A01
201700049707;2;7;0;16;0;1;19;A01
201700049708;2;7;0;0;2;8;1;B01
201700049708;2;7;0;0;2;2;14;A01
201700049709;1;7;0;16;2;1;19;A01
201700049710;1;10;0;3;0;1;19;A01
201700049711;2;7;0;16;0;7;0;A01
201700049712;2;7;0;0;2;4;1;B01
201700049712;2;7;0;0;2;1;1;A01
201700049713;2;33;0;0;2;8;3;A01
201700049713;2;99;0;0;2;7;11;Z01
201700049714;2;7;0;0;2;1;1;A01
201700049714;2;7;0;0;2;4;2;B01
201700049714;2;7;0;0;2;4;2;C01
201700049715;2;33;0;5;0;1;1;A01
201700049716;1;33;0;3;0;7;1;A01
201700049717;1;13;0;0;2;7;12;A01
201700049717;1;7;0;0;2;6;1;B01
201700049718;1;7;0;0;2;8;1;B01
201700049718;1;7;0;0;2;1;1;A01
201700049719;1;7;0;0;2;4;1;A01
201700049719;1;99;0;0;2;1;2;Z01
201700049720;1;33;0;16;0;8;1;A01
201700049721;1;33;0;16;0;8;1;A01
201700049722;1;7;0;3;0;2;1;A01
201700049723;1;7;0;0;2;1;1;A01
201700049723;2;7;0;0;2;4;2;B01
201700049724;2;7;0;0;1;3;16;A01
201700049725;1;7;0;0;1;1;1;A01
201700049726;2;7;0;0;2;7;15;A01
201700049726;2;33;0;0;2;2;1;B01
201700049727;2;7;0;0;1;2;15;A01
201700049728;1;7;0;0;2;1;0;A01
201700049728;1;7;0;0;2;3;0;B01
201700049729;2;7;0;0;2;7;15;A01
201700049729;1;32;0;0;2;1;2;B01
201700049730;2;33;0;0;0;0;1;A01
201700049731;2;7;0;0;1;1;1;A01
201700049732;1;2;0;0;2;1;2;A01
201700049732;1;7;0;0;2;4;16;B01
201700049733;1;2;0;0;2;0;17;A01
201700049733;1;7;0;0;2;6;15;B01
201700049734;1;7;0;0;2;1;2;A01
201700049734;1;7;0;0;2;1;2;B01
201700049734;1;7;0;0;2;4;2;C01
201700049735;1;10;0;0;2;1;2;A01
201700049735;1;3;0;0;2;1;2;B01
201700049735;1;7;0;0;2;4;2;C01
201700049736;1;7;0;4;0;1;1;A01
201700049737;1;7;0;0;2;1;2;A01
201700049737;1;7;0;0;2;4;0;B01
201700049738;1;36;0;0;2;0;0;A01
201700049738;1;7;0;0;2;0;0;B01
201700049739;1;7;0;0;2;4;2;A01
201700049739;1;7;0;0;2;4;2;B01
201700049739;1;7;0;0;2;1;2;C01
201700049740;1;7;0;0;2;1;2;A01
201700049740;1;7;0;0;0;4;23;B01
201700049741;1;7;0;0;2;3;11;A01
201700049741;1;7;0;0;2;5;1;B01
201700049742;1;7;0;0;2;1;2;A01
201700049742;1;7;0;0;2;4;2;B01
201700049743;2;7;0;4;0;3;1;A01
201700049744;1;7;0;10;0;1;1;A01
201700049745;1;7;0;0;1;1;1;A01
201700049746;1;7;0;0;2;8;15;A01
201700049746;1;30;0;0;2;1;2;B01
201700049747;2;33;0;0;2;1;1;A01
201700049747;1;7;0;0;2;7;11;B01
201700049748;1;32;0;0;2;0;0;A01
201700049748;1;2;0;0;2;4;13;B01
201700049749;2;2;0;0;2;7;1;B01
201700049749;1;7;0;0;2;1;15;A01
201700049750;2;7;0;0;2;0;0;B01
201700049750;1;2;0;0;2;3;0;A01
201700049751;0;7;0;0;2;4;1;C01
201700049751;1;7;0;0;2;4;1;B01
201700049751;1;7;0;0;2;1;1;A01
201700049752;1;2;0;0;2;1;1;A01
201700049752;1;7;0;0;2;0;1;B01
201700049753;1;7;0;0;2;8;11;A01
201700049753;1;7;0;0;2;2;2;B01
201700049754;1;33;0;0;2;1;17;A01
201700049754;1;7;0;0;2;3;15;B01
201700049755;1;7;0;0;0;4;1;B01
201700049755;1;7;0;0;2;1;1;A01
201700049756;1;7;0;0;2;3;2;A01
201700049756;2;33;0;0;2;0;0;B01
201700049757;1;36;0;4;0;3;0;A01
201700049758;1;7;0;1;0;1;2;A01
201700049758;1;7;0;1;2;6;0;B01
201700049759;0;7;0;0;2;8;0;B01