num_acc;senc;catv;occutc;obs;obsm;choc;manv;num_veh
201700049759;0;7;0;0;2;2;0;A01
201700049760;1;7;0;4;0;3;0;A01
201700049761;1;7;0;0;1;0;0;A01
201700049762;1;32;0;0;0;0;1;A01
201700049762;1;7;0;0;0;0;20;B01
201700049763;1;32;0;0;2;4;2;C01
201700049763;1;7;0;0;2;4;2;D01
201700049763;1;7;0;0;2;4;0;E01
201700049763;1;7;0;0;2;1;2;A01
201700049763;1;7;0;0;2;4;2;B01
201700049764;2;7;0;14;0;1;2;A01
201700049764;1;7;0;0;2;4;0;B01
201700049764;1;7;0;0;0;4;2;C01
201700049765;1;7;0;0;2;5;15;A01
201700049765;2;33;0;0;2;1;1;B01
201700049766;1;7;0;12;0;3;13;A01
201700049767;1;7;0;0;2;7;15;A01
201700049767;1;33;0;0;2;1;2;B01
201700049768;1;7;0;0;1;3;15;A01
201700049769;1;7;0;0;1;2;1;A01
201700049770;1;31;0;0;2;1;1;A01
201700049770;1;33;0;0;2;4;1;B01
201700049771;2;7;0;0;2;5;1;B01
201700049771;2;7;0;0;2;2;19;A01
201700049772;1;31;0;12;2;2;18;A01
201700049772;1;7;0;0;2;2;2;B01
201700049773;1;2;0;0;2;1;17;A01
201700049773;1;7;0;0;2;3;15;B01
201700049774;1;7;0;0;2;7;0;A01
201700049774;2;7;0;0;2;1;1;B01
201700049775;1;34;0;0;2;1;1;A01
201700049775;1;7;0;0;2;3;15;B01
201700049776;1;7;0;0;2;7;14;A01
201700049776;2;7;0;0;2;1;1;B01
201700049777;1;7;0;0;2;1;2;A01
201700049777;1;7;0;0;2;4;2;B01
201700049778;1;7;0;0;2;1;2;A01
201700049778;2;7;0;0;2;4;2;B01
201700049779;2;7;0;0;2;1;2;A01
201700049779;2;7;0;0;2;4;2;B01
201700049779;2;7;0;0;2;4;2;C01
201700049780;1;7;0;0;1;2;1;A01
201700049781;0;7;0;0;1;3;15;A01
201700049782;1;7;0;0;2;4;11;Z01
201700049782;1;7;0;8;2;1;21;A01
201700049783;2;32;0;0;2;2;17;A01
201700049783;2;7;0;0;2;8;15;B01
201700049784;1;30;0;0;2;1;13;A01
201700049784;2;7;0;0;2;3;1;B01
201700049785;2;7;0;0;1;2;0;A01
201700049786;2;7;0;0;2;1;1;A01
201700049786;2;7;0;0;2;4;1;B01
201700049787;2;7;0;0;2;1;2;A01
201700049787;2;7;0;0;2;4;2;B01
201700049787;2;7;0;0;2;4;2;C01
201700049788;1;7;0;0;1;1;17;A01
201700049789;1;7;0;0;2;3;0;A01
201700049789;2;7;0;0;2;0;15;B01
201700049790;1;7;0;4;0;1;2;A01
201700049790;1;7;0;0;2;0;9;B01
201700049791;1;7;0;0;2;1;2;A01
201700049791;1;7;0;0;2;4;2;B01
201700049792;1;33;0;8;0;1;2;A01
201700049793;1;7;0;0;2;1;1;A01
201700049793;1;7;0;0;2;4;23;B01
201700049793;2;7;0;0;9;4;15;C01
201700049793;1;7;0;0;2;4;23;D01
201700049794;1;7;0;0;2;0;0;B01
201700049794;1;30;0;0;2;5;0;A01
201700049795;2;7;0;0;2;1;2;A01
201700049795;0;7;0;0;2;4;2;B01
201700049796;1;7;0;0;2;6;2;B01
201700049796;1;7;0;0;2;4;0;C01
201700049796;1;7;0;0;2;1;2;A01
201700049797;1;7;0;0;1;1;1;A01
201700049798;1;2;0;4;2;8;6;A01
201700049798;1;7;0;0;9;8;1;B01
201700049799;1;10;0;0;1;0;0;A01
201700049800;1;33;0;0;2;2;0;A01
201700049800;2;33;0;0;2;1;1;B01
201700049801;1;7;0;0;2;4;2;B01
201700049801;1;7;0;0;0;4;2;C01
201700049801;1;7;0;0;2;1;2;A01
201700049802;2;33;0;0;2;1;1;A01
201700049802;1;7;0;0;2;2;15;B01
201700049803;1;7;0;0;1;1;1;A01
201700049804;1;31;0;0;2;1;14;A01
201700049804;1;7;0;0;2;3;15;B01
201700049805;1;7;0;0;2;7;17;A01
201700049805;1;7;0;0;2;1;16;B01
201700049806;1;7;0;0;1;1;1;A01
201700049807;1;7;0;1;0;2;1;A01
201700049808;1;7;0;0;1;2;1;A01
201700049809;1;7;0;0;1;2;1;A01
201700049810;1;7;0;1;2;2;14;A01
201700049811;2;7;0;0;2;3;13;A01
201700049811;2;31;0;0;2;7;17;B01
201700049812;2;7;0;1;0;2;2;A01
201700049813;1;7;0;0;2;1;2;A01
201700049813;1;7;0;0;2;4;2;B01
201700049813;1;7;0;0;2;5;2;C01
201700049814;1;10;0;0;2;1;2;A01
201700049814;2;7;0;0;2;4;2;B01
201700049815;1;7;0;0;2;5;1;B01
201700049815;1;7;0;0;2;2;1;A01
201700049816;1;7;0;0;1;8;1;A01
201700049817;1;7;0;0;2;3;1;B01
201700049817;2;31;0;0;1;3;14;A01
201700049818;1;7;0;0;2;1;2;A01
201700049818;1;7;0;0;2;4;2;B01
201700049819;2;7;0;0;2;2;23;B01
201700049819;1;33;0;0;2;7;21;A01
201700049820;1;34;0;0;2;1;9;A01
201700049820;1;7;0;0;2;2;15;B01
201700049821;2;7;0;0;2;1;2;A01
201700049821;1;7;0;0;2;4;2;B01
201700049822;1;7;0;0;1;3;15;A01
201700049823;1;7;0;0;2;4;2;C01
201700049823;1;10;0;0;2;4;2;A01
201700049823;1;7;0;0;2;4;2;B01
201700049824;1;7;0;0;2;3;2;B01
201700049824;2;7;0;0;2;3;2;A01
201700049825;1;7;0;0;2;1;2;A01
201700049825;2;7;0;0;2;4;2;B01
201700049826;1;7;0;0;2;5;1;B01
201700049826;1;10;0;0;2;2;1;A01
201700049827;2;7;0;0;2;1;2;A01
201700049827;2;7;0;0;2;4;2;B01
201700049828;1;7;0;0;2;3;21;B01
201700049828;1;7;0;0;2;3;13;A01
201700049829;1;7;0;0;2;1;20;A01
201700049829;1;7;0;1;2;6;24;B01
201700049830;1;10;0;0;2;4;12;A01
201700049830;1;7;0;0;2;2;2;B01
201700049831;1;7;0;0;2;8;11;A01
201700049831;1;33;0;0;2;7;17;B01
201700049832;1;7;0;0;1;7;2;A01
201700049833;2;31;0;0;2;1;2;A01
201700049833;2;7;0;0;2;4;2;Z01
201700049834;1;7;0;0;2;6;2;B01
201700049834;1;7;0;0;0;0;0;C01
201700049834;1;31;0;11;0;8;17;A01
201700049835;1;32;0;0;2;1;2;A01
201700049835;1;10;0;0;2;4;2;B01
201700049836;1;7;0;0;9;3;9;A01
201700049836;0;1;0;0;2;1;1;B01
201700049837;1;10;0;0;2;8;1;A01
201700049837;1;10;0;0;2;8;1;B01
201700049838;2;7;0;16;0;1;19;A01
201700049839;1;7;0;0;1;2;2;A01
201700049840;1;7;0;0;2;3;1;A01
201700049840;2;7;0;0;2;7;15;B01
201700049841;1;7;0;0;1;1;2;A01
201700049842;1;7;0;0;2;7;1;B01
201700049842;1;7;0;0;2;3;11;A01
201700049843;2;7;0;0;2;3;2;B01
201700049843;1;3;0;0;2;1;19;A01
201700049844;1;7;0;0;2;1;2;A01
201700049844;1;7;0;0;2;9;2;B01
201700049844;1;7;0;0;2;4;2;C01
201700049845;2;7;0;0;2;1;21;B01
201700049845;1;7;0;0;2;8;15;A01
201700049846;1;7;0;0;2;3;13;A01
201700049846;2;7;0;0;2;3;21;B01
201700049847;2;10;0;0;1;1;1;A01
201700049848;1;10;0;0;1;4;4;A01
201700049849;1;7;0;0;2;6;23;A01
201700049849;1;31;0;0;2;1;22;B01
201700049850;1;10;0;0;2;1;2;A01
201700049850;1;7;0;0;2;5;2;B01
201700049851;1;33;0;0;2;1;17;A01
201700049851;2;7;0;0;2;3;1;B01
201700049851;1;7;0;0;2;8;0;C01
201700049852;1;7;0;0;2;4;1;B01
201700049852;1;10;0;0;2;1;1;A01
201700049853;1;7;0;0;1;2;16;A01
201700049854;1;7;0;0;2;4;1;B01
201700049854;1;7;0;0;2;4;1;C01
201700049854;1;7;0;0;2;1;1;A01
201700049855;1;7;0;0;2;1;1;A01
201700049855;1;7;0;0;2;6;1;B01
201700049856;1;7;0;1;0;0;24;A01
201700049856;1;33;0;0;2;0;2;B01
201700049857;2;2;0;0;2;5;17;B01
201700049857;2;7;0;0;2;8;13;A01
201700049858;1;7;0;0;2;5;1;B01
201700049858;1;7;0;0;2;2;1;A01
201700049859;1;7;0;0;2;1;15;A01
201700049859;2;7;0;0;2;3;2;B01
201700049860;1;7;0;0;2;1;2;A01
201700049860;1;7;0;0;2;4;2;B01
201700049861;1;7;0;0;2;1;5;A01
201700049861;1;7;0;0;2;1;1;B01
201700049862;2;31;0;0;2;1;1;B01
201700049862;2;7;0;0;2;3;15;A01
201700049863;1;7;0;0;1;1;1;A01
201700049864;1;10;0;0;2;1;16;A01
201700049864;1;10;0;0;2;3;1;B01
201700049865;1;32;0;0;2;1;18;A01
201700049865;1;7;0;0;2;5;2;B01
201700049865;1;7;0;0;2;8;2;C01
201700049866;1;7;0;0;2;8;9;A01
201700049866;1;7;0;0;2;2;2;B01
201700049867;1;35;0;0;1;0;1;A01
201700049868;1;7;0;0;2;1;0;A01
201700049868;1;33;0;0;2;4;1;B01
201700049869;1;7;0;0;2;4;1;B01
201700049869;1;7;0;0;9;4;1;C01
201700049869;1;7;0;0;2;1;1;A01
201700049870;2;7;0;0;2;1;2;A01
201700049870;2;7;0;0;2;4;2;B01
201700049870;2;10;0;0;2;4;2;C01
201700049871;1;7;0;0;2;7;5;A01
201700049871;2;33;0;0;2;7;1;B01
201700049872;1;7;0;0;2;6;11;A01
201700049872;1;33;0;0;2;1;1;B01
201700049873;1;7;0;0;2;1;2;A01
201700049873;1;7;0;0;2;9;2;B01
201700049873;1;7;0;0;2;4;2;C01
201700049874;1;7;0;0;1;2;19;A01
201700049875;1;33;0;0;2;1;3;A01
201700049875;1;7;0;0;2;3;13;B01
201700049876;1;7;0;0;2;2;1;B01
201700049876;1;7;0;0;2;3;9;A01
201700049877;2;7;0;0;2;1;2;A01
201700049877;1;7;0;0;2;4;2;B01
201700049877;2;7;0;0;2;4;2;C01
201700049877;2;7;0;0;2;4;2;D01
201700049877;2;7;0;0;2;4;2;E01
201700049878;1;7;0;0;2;2;1;B01
201700049878;1;7;0;0;2;1;15;A01
201700049879;1;7;0;8;0;3;13;A01
201700049880;2;7;0;0;2;4;2;B01
201700049880;2;10;0;0;2;1;2;A01
201700049881;1;10;0;0;2;4;2;C01
201700049881;1;7;0;0;2;1;2;A01
201700049881;1;10;0;0;2;4;2;B01
201700049882;1;10;0;12;2;2;21;A01
201700049882;2;7;0;0;2;0;13;Y01
201700049883;2;7;0;4;0;2;14;A01
201700049884;2;7;0;0;0;0;13;A01
201700049884;1;7;0;0;2;7;21;B01
201700049885;1;7;0;6;0;3;13;A01
201700049886;1;31;0;0;2;1;7;A01
201700049886;2;7;0;0;2;5;15;B01
201700049887;2;7;0;0;2;1;13;A01
201700049887;1;33;0;0;2;1;15;B01
201700049888;1;7;0;0;2;1;2;A01
201700049888;1;7;0;0;9;4;2;B01
201700049889;1;7;0;0;2;1;2;A01
201700049889;1;7;0;0;2;6;2;B01
201700049890;1;20;0;0;2;7;21;A01
201700049890;1;31;0;0;2;3;15;B01
201700049891;1;7;0;0;1;3;2;A01
201700049892;2;7;0;0;2;1;2;A01
201700049892;2;7;0;0;2;9;2;B01
201700049892;2;7;0;0;2;4;2;C01
201700049893;0;1;0;0;2;4;1;B01
201700049893;0;7;0;0;9;7;17;A01
201700049894;2;7;0;0;2;5;2;B01
201700049894;2;7;0;0;2;3;1;A01
201700049895;1;7;0;0;2;3;2;A01
201700049895;2;7;0;0;2;5;2;B01
201700049896;1;1;0;0;2;8;19;B01
201700049896;1;7;0;0;2;1;1;A01
201700049897;1;31;0;0;2;1;17;B01
201700049897;1;7;0;0;9;3;19;A01
201700049898;1;7;0;0;2;2;1;B01
201700049898;1;7;0;0;2;5;19;A01
201700049899;1;7;0;0;1;2;0;A01
201700049900;1;7;0;0;1;0;0;Z01
201700049901;1;33;0;0;2;2;1;A01
201700049902;2;33;0;0;2;1;17;A01
201700049902;1;7;0;0;9;1;15;B01
201700049903;2;7;0;5;0;3;3;A01
201700049904;2;7;0;0;1;3;1;A01
201700049905;2;7;0;0;1;8;15;A01
201700049906;1;7;0;0;2;1;1;A01
201700049906;1;7;0;0;2;4;1;B01
201700049907;2;2;0;0;2;2;1;A01
201700049907;1;7;0;0;2;2;1;B01
201700049908;1;7;0;0;2;1;16;A01
201700049908;2;1;0;0;2;8;1;B01
201700049909;2;7;0;0;2;3;15;A01
201700049909;1;1;0;0;2;8;1;B01
201700049910;1;37;1;0;2;1;2;A01
201700049910;1;7;0;15;0;8;14;B01
201700049911;1;7;0;0;2;2;0;A01
201700049911;2;7;0;0;2;3;0;B01
201700049912;2;10;0;0;2;1;2;A01
201700049912;2;7;0;0;2;4;20;B01
201700049913;2;7;0;0;2;1;2;A01
201700049913;2;7;0;0;2;4;1;B01
201700049914;2;7;0;0;1;1;1;A01
201700049915;2;30;0;0;2;1;1;B01
201700049915;1;7;0;0;2;8;10;A01
201700049916;1;7;0;6;0;3;14;A01
201700049917;1;7;0;1;1;4;4;A01
201700049918;2;10;0;0;2;1;19;B01
201700049918;2;10;0;0;2;5;19;A01
201700049919;1;7;0;0;1;1;16;A01
201700049920;1;7;0;0;1;0;0;A01
201700049921;1;7;0;0;1;4;4;A01
201700049922;2;34;0;12;0;2;1;A01
201700049923;1;7;0;0;2;3;15;A01
201700049923;2;2;0;0;2;1;23;B01
201700049924;0;7;0;0;2;1;1;A01
201700049924;0;7;0;0;2;4;1;C01
201700049924;0;7;0;0;2;4;1;B01
201700049925;1;7;0;0;1;1;15;A01
201700049926;2;10;0;0;1;3;15;A01
201700049927;1;7;0;0;2;2;1;A01
201700049927;1;37;35;0;2;8;9;B01
201700049928;1;7;0;0;1;3;2;A01
201700049929;1;7;0;0;2;2;1;A01
201700049929;1;7;0;0;2;3;9;B01
201700049930;2;7;0;0;2;8;11;A01
201700049930;2;7;0;0;1;7;1;B01
201700049931;2;7;0;0;1;2;0;A01
201700049932;1;7;0;0;1;1;15;A01
201700049933;1;7;0;0;1;1;1;A01
201700049934;1;7;0;0;1;1;15;A01
201700049935;1;7;0;0;2;3;1;B01
201700049935;1;7;0;0;2;3;15;A01
201700049936;1;7;0;16;0;1;15;A01
201700049936;2;7;0;0;2;1;1;B01
201700049937;1;7;0;0;2;2;1;Z01
201700049937;2;1;0;0;2;1;0;B01
201700049938;2;7;0;0;2;3;16;A01
201700049938;1;7;0;0;2;8;1;B01
201700049939;2;7;0;0;1;1;16;A01
201700049940;1;7;0;0;1;1;1;A01
201700049941;2;31;0;0;1;3;2;A01
201700049942;1;33;0;0;2;1;1;B01
201700049942;2;7;0;0;2;3;15;A01
201700049943;1;7;0;0;2;1;9;A01
201700049943;1;7;0;0;2;7;1;B01
201700049944;2;7;0;0;1;3;1;A01
201700049945;1;32;0;0;2;1;1;B01
201700049945;2;7;0;0;2;3;15;A01
201700049946;1;30;0;0;2;2;0;B01
201700049946;1;7;0;0;2;5;23;A01
201700049947;2;7;0;0;1;4;4;A01
201700049948;1;7;0;0;2;1;1;A01
201700049948;1;7;0;0;2;4;1;B01
201700049949;1;7;0;0;2;6;1;A01
201700049949;1;7;0;0;2;1;1;B01
201700049950;1;7;0;0;2;1;2;A01
201700049950;1;14;0;0;2;0;0;B01
201700049951;1;7;0;0;1;8;15;A01
201700049952;1;7;0;0;1;2;1;A01
201700049953;1;34;0;0;2;1;1;A01
201700049953;1;7;0;0;2;4;1;B01
201700049954;2;7;0;8;2;3;1;A01
201700049955;2;32;0;0;1;1;2;A01
201700049956;1;3;0;0;1;7;0;A01
201700049957;1;7;0;0;1;0;0;A01
201700049958;1;7;0;1;1;2;1;A01
201700049959;1;7;0;0;2;1;1;A01
201700049959;2;7;0;0;2;3;1;B01
201700049960;1;7;0;0;2;1;1;B01
201700049960;1;7;0;0;2;4;1;A01
201700049961;2;7;0;1;0;3;13;A01
201700049962;1;33;0;0;2;1;6;A01
201700049962;1;7;0;0;2;8;15;B01
201700049963;2;7;0;0;2;4;2;B01
201700049963;2;7;0;0;2;4;2;C01
201700049963;2;7;0;0;2;4;2;A01
201700049964;1;7;0;2;0;1;1;A01
201700049965;1;10;0;0;2;2;1;B01
201700049965;2;7;0;0;2;1;9;A01
201700049966;1;30;0;0;1;0;0;Z01
201700049967;2;7;0;0;2;1;2;A01
201700049967;2;7;0;0;2;4;0;C01
201700049967;2;7;0;0;2;4;2;B01
201700049968;1;7;0;0;2;1;15;A01
201700049968;2;7;0;0;2;8;1;B01
201700049969;2;7;0;2;0;1;14;A01
201700049970;2;7;0;0;2;4;4;A01
201700049970;2;7;0;0;2;1;23;B01
201700049971;2;10;0;0;1;5;12;A01
201700049972;2;7;0;0;1;2;2;A01
201700049973;1;7;0;0;1;3;1;A01
201700049974;1;37;0;9;0;7;16;A01
201700049975;2;7;0;0;2;1;2;B01
201700049975;2;7;0;0;2;4;1;A01
201700049976;1;7;0;0;1;2;1;A01
201700049977;1;7;0;0;2;3;15;A01
201700049977;1;31;0;0;2;2;2;B01
201700049978;1;7;0;0;2;1;1;B01
201700049978;1;7;0;1;2;7;1;A01
201700049979;1;7;0;0;1;8;1;A01
201700049980;1;7;0;0;9;2;0;B01
201700049980;1;1;0;0;2;8;1;A01
201700049981;2;7;0;0;2;6;2;C01
201700049981;2;33;0;0;2;1;2;A01
201700049981;2;7;0;0;2;3;1;B01
201700049982;1;7;0;0;2;2;15;A01
201700049982;2;30;0;0;2;1;1;B01
201700049983;2;32;0;0;2;3;13;A01
201700049983;2;7;0;0;2;5;1;B01
201700049984;1;7;0;0;2;3;1;B01
201700049984;2;30;0;0;2;7;14;A01
201700049985;1;7;0;0;2;4;1;A01
201700049985;1;7;0;0;2;1;1;B01
201700049986;2;7;0;0;2;3;1;B01
201700049986;2;7;0;0;2;3;15;A01
201700049987;1;7;0;0;1;3;1;A01
201700049988;1;7;0;0;2;3;9;A01
201700049988;1;37;0;0;2;2;1;B01
201700049989;1;7;0;0;2;3;2;A01
201700049989;1;2;0;0;2;5;2;B01
201700049990;1;7;0;0;1;2;1;A01
201700049991;2;7;0;0;1;3;15;A01
201700049992;1;10;0;0;2;1;1;A01
201700049992;1;10;0;0;2;4;1;B01
201700049992;1;7;0;0;2;4;1;C01
201700049993;1;7;0;0;1;1;2;A01
201700049994;2;7;0;0;2;1;1;A01
201700049994;1;1;0;0;2;7;19;B01
201700049995;2;1;0;0;2;5;9;B01
201700049995;2;10;0;0;2;3;1;A01
201700049996;1;1;0;0;2;2;1;A01
201700049996;1;7;0;0;2;1;1;B01
201700049997;1;7;0;0;2;4;1;B01
201700049997;1;36;0;0;2;1;1;A01
201700049998;1;33;0;0;2;3;15;B01
201700049998;1;7;0;0;2;2;2;A01
201700049999;2;30;0;0;2;1;1;B01
201700049999;1;7;0;0;2;2;15;A01
201700050000;1;7;0;0;2;1;2;A01
201700050000;1;7;0;0;2;4;2;B01
201700050001;1;10;0;0;2;1;14;A01
201700050002;1;7;0;0;1;2;1;A01
201700050003;1;7;0;0;1;0;0;A01
201700050004;1;1;0;0;1;0;0;A01
201700050005;1;7;0;0;1;4;0;A01
201700050006;1;7;0;0;2;3;13;A01
201700050006;1;7;0;0;2;3;1;B01
201700050007;1;7;0;15;2;3;13;A01
201700050007;2;7;0;1;2;3;1;B01
201700050008;2;30;0;0;2;1;1;B01
201700050008;2;7;0;0;2;3;11;A01
201700050009;1;13;0;0;1;3;15;A01
201700050010;2;31;0;0;2;1;1;B01
201700050010;2;7;0;0;2;1;15;A01
201700050011;2;7;0;0;2;8;22;A01
201700050011;2;1;0;0;2;1;2;B01
201700050012;2;7;0;0;1;4;4;A01
201700050013;1;34;0;0;1;1;1;A01
201700050014;1;14;0;0;0;0;0;Z01
201700050014;1;1;0;0;2;4;1;B01
201700050015;2;7;0;0;2;0;2;A01
201700050015;2;31;0;0;2;2;2;B01
201700050016;1;7;0;0;1;1;16;A01
201700050017;1;33;0;3;2;8;2;A01
201700050018;2;33;0;0;2;8;0;A01
201700050018;1;7;0;0;2;0;0;B01
201700050019;1;7;0;0;9;6;1;B01
201700050019;1;1;0;0;2;1;9;A01
201700050020;1;7;0;0;2;0;0;A01
201700050020;2;7;0;0;2;7;15;B01
201700050021;2;2;0;0;2;0;0;B01
201700050021;2;7;0;0;2;3;14;A01
201700050022;2;7;0;0;2;7;23;A01
201700050022;2;1;0;1;0;1;3;B01
201700050023;1;7;0;0;2;4;2;B01
201700050023;1;7;0;0;2;1;2;A01
201700050023;1;7;0;0;2;4;2;C01
201700050024;1;7;0;0;2;1;10;A01
201700050024;2;2;0;0;2;8;1;B01
201700050025;2;30;0;0;1;1;17;A01
201700050026;2;7;0;0;2;4;1;B01
201700050026;2;7;0;0;2;1;2;A01
201700050027;1;7;0;0;2;3;15;A01
201700050027;2;30;0;0;2;8;1;B01
201700050028;2;7;0;0;2;6;23;A01
201700050028;2;33;0;14;0;2;3;B01
201700050028;2;7;0;0;2;7;23;C01
201700050029;1;33;0;0;2;1;1;B01
201700050029;2;7;0;0;2;5;15;A01
201700050030;2;7;0;0;2;3;0;B01
201700050030;1;7;0;0;2;3;0;A01
201700050031;1;7;0;0;2;1;1;B01
201700050031;2;33;0;0;2;1;1;A01
201700050032;2;33;0;0;2;1;1;B01
201700050032;1;7;0;0;2;7;15;A01
201700050033;2;30;0;0;0;0;0;Z01
201700050034;1;7;0;0;2;1;13;A01
201700050034;1;7;0;0;2;3;1;B01
201700050035;2;33;0;0;2;1;1;A01
201700050035;1;7;0;0;2;3;1;C01
201700050035;1;7;0;0;2;5;15;B01
201700050036;1;30;0;15;2;7;0;A01
201700050036;1;7;0;0;2;8;1;B01
201700050037;2;7;0;0;1;1;1;A01
201700050038;2;7;0;1;2;8;9;B01
201700050038;2;7;0;0;2;2;1;A01
201700050039;1;7;0;0;1;1;1;A01
201700050040;1;7;0;0;2;4;1;B01
201700050040;1;33;0;0;2;1;21;A01
201700050041;2;7;0;0;1;1;16;A01
201700050042;1;7;0;0;1;1;1;A01
201700050043;2;7;0;0;2;7;19;A01
201700050043;2;7;0;0;2;1;1;B01
201700050044;1;7;0;0;1;1;1;A01
201700050045;1;33;0;0;2;2;1;A01
201700050045;1;1;0;0;2;6;1;B01
201700050046;2;7;0;0;2;2;12;A01
201700050046;2;7;0;0;2;9;1;B01
201700050047;2;7;0;0;1;3;15;A01
201700050048;1;1;0;0;2;8;19;B01
201700050048;1;7;0;0;2;2;16;A01
201700050049;1;7;0;0;2;4;4;B01
201700050049;1;34;0;0;2;2;1;A01
201700050050;2;1;0;0;1;1;0;A01
201700050051;1;7;0;0;1;2;1;A01
201700050052;2;31;0;0;2;1;1;B01
201700050052;2;7;0;0;2;2;9;A01
201700050053;1;32;0;0;2;2;17;B01
201700050053;1;7;0;0;2;3;15;A01
201700050054;1;7;0;0;2;3;20;A01
201700050054;1;31;0;0;2;7;1;B01
201700050055;1;7;0;0;1;1;1;A01
201700050056;2;7;0;0;2;0;0;B01
201700050056;1;7;0;0;2;3;19;A01
201700050057;2;7;0;12;2;1;1;A01
201700050058;2;10;0;11;0;9;21;A01
201700050059;1;1;0;0;0;0;0;A01
201700050060;2;32;0;2;0;9;0;A01
201700050061;1;13;0;0;2;1;2;A01
201700050061;1;30;0;1;2;4;2;B01
201700050062;2;7;0;0;1;1;1;A01
201700050063;2;7;0;0;2;8;1;A01
201700050063;1;31;0;0;2;1;1;B01
201700050064;1;37;1;0;1;2;1;A01
201700050065;1;7;0;0;4;3;16;A01
201700050065;2;40;1;0;2;1;0;B01
201700050066;1;7;0;6;0;3;19;A01
201700050067;2;7;0;0;2;1;15;B01
201700050067;1;33;0;0;2;1;1;A01
201700050068;2;7;0;1;2;1;2;A01
201700050068;1;10;0;0;2;3;0;F01
201700050068;1;7;0;0;2;3;0;E01
201700050068;2;7;0;0;2;6;0;G01
201700050069;2;7;0;0;2;2;15;A01
201700050069;1;2;0;0;2;1;1;B01
201700050070;1;37;1;0;2;1;9;A01
201700050070;1;7;0;0;2;2;1;B01
201700050071;2;7;0;0;1;7;1;A01
201700050072;1;7;0;8;0;0;0;A01
201700050073;2;7;0;4;2;2;12;A01
201700050073;2;10;0;0;2;6;1;B01
201700050074;1;30;0;0;0;0;0;A01
201700050075;2;7;0;0;9;1;15;A01
201700050075;0;1;0;0;2;1;1;B01
201700050076;2;33;0;0;0;0;0;B01
201700050076;1;3;0;0;2;1;1;A01
201700050077;1;7;0;0;2;8;1;B01
201700050077;2;7;0;0;2;3;13;A01
201700050078;2;7;0;0;9;0;23;D01
201700050078;2;7;0;0;2;3;0;C01
201700050078;1;7;0;0;2;7;1;A01
201700050078;1;7;0;0;2;3;15;B01
201700050079;1;7;0;0;0;0;0;B01
201700050079;2;7;0;0;2;1;15;A01
201700050080;2;7;0;0;1;1;0;A01
201700050081;2;2;0;0;2;3;1;A01
201700050081;2;7;0;0;2;2;16;B01
201700050082;2;32;0;0;2;2;1;A01
201700050082;2;1;0;0;2;3;15;B01
201700050083;1;31;0;0;0;7;2;A01
201700050084;1;33;0;0;2;1;1;B01
201700050084;2;7;0;0;2;1;15;A01
201700050085;2;10;0;0;2;7;12;B01
201700050085;2;31;0;0;2;1;2;A01
201700050086;2;33;0;0;2;1;17;A01
201700050086;2;7;0;0;2;1;19;B01
201700050087;1;7;0;0;1;2;1;A01
201700050088;1;7;0;0;2;8;19;B01
201700050088;2;2;0;0;2;1;0;A01
201700050089;1;7;0;0;2;3;15;B01
201700050089;2;33;0;0;2;1;1;A01
201700050090;2;7;0;6;2;8;15;A01
201700050090;2;7;0;0;2;1;1;B01
201700050091;1;7;0;0;1;1;14;A01
201700050092;1;30;0;0;2;3;16;B01
201700050092;1;7;0;0;0;2;9;A01
201700050093;1;7;0;0;1;3;1;A01
201700050094;1;7;0;0;2;8;0;B01
201700050094;2;7;0;0;2;1;5;A01
201700050095;2;7;0;0;2;1;1;B01
201700050095;1;7;0;4;2;7;15;A01
201700050096;2;7;0;0;2;1;1;A01
201700050096;2;7;0;0;2;4;1;B01
201700050097;1;15;0;0;1;7;2;A01
201700050098;2;7;0;0;2;1;5;A01
201700050098;1;37;20;0;2;1;1;B01
201700050099;1;7;0;0;2;5;1;B01
201700050099;1;7;0;0;2;3;18;A01
201700050100;1;7;0;0;1;0;15;A01
201700050101;2;33;0;0;2;4;2;B01
201700050101;2;7;0;0;2;1;2;A01
201700050102;2;32;0;0;2;1;1;A01
201700050102;1;7;0;0;2;7;16;B01
201700050103;1;7;0;0;1;3;1;A01
201700050104;2;7;0;0;1;8;1;A01
201700050105;2;7;0;0;1;1;2;A01
201700050106;2;30;0;0;2;7;17;B01
201700050106;2;7;0;0;2;8;15;A01
201700050107;1;7;0;0;1;1;1;A01
201700050108;1;32;0;0;0;7;0;A01
201700050109;1;1;0;0;1;1;2;A01
201700050110;1;7;0;0;1;3;1;A01
201700050111;1;7;0;1;0;2;1;A01
201700050112;1;7;0;3;0;1;1;A01
201700050113;1;7;0;0;2;8;0;B01
201700050113;1;33;0;0;2;1;19;A01
201700050114;1;2;0;0;2;3;2;A01
201700050114;1;7;0;0;2;5;2;B01
201700050115;1;7;0;0;9;5;15;A01
201700050115;2;1;0;0;0;0;0;B01
201700050116;1;7;0;0;2;0;10;A01
201700050116;2;7;0;0;2;8;13;B01
201700050117;1;30;0;0;1;1;1;A01
201700050118;2;7;0;1;0;2;14;A01
201700050119;2;10;0;9;0;0;11;B01
201700050119;2;7;0;0;2;8;1;A01
201700050120;2;33;0;0;2;1;7;A01
201700050120;1;7;0;0;2;2;2;B01
201700050121;1;7;0;0;2;3;15;A01
201700050121;2;33;0;0;2;1;1;B01
201700050122;2;7;0;0;1;1;1;A01