num_acc;senc;catv;occutc;obs;obsm;choc;manv;num_veh
201700050834;1;7;0;0;2;9;2;A01
201700050834;1;7;0;0;2;1;15;Z01
201700050835;1;7;0;0;1;2;2;A01
201700050836;2;33;0;0;2;1;23;B01
201700050836;2;10;0;14;0;4;4;A01
201700050837;2;7;0;0;2;1;15;A01
201700050837;1;2;0;0;2;7;1;B01
201700050838;1;1;0;0;4;3;19;B01
201700050838;1;40;80;0;2;1;1;A01
201700050839;1;7;0;0;2;0;0;Z01
201700050839;1;1;0;0;2;0;0;A01
201700050840;1;1;0;0;1;0;0;Z01
201700050841;2;7;0;0;2;7;15;B01
201700050841;1;7;0;0;2;2;1;A01
201700050842;2;40;0;0;1;0;0;A01
201700050843;2;1;0;0;2;1;1;B01
201700050843;1;7;0;0;9;2;0;A01
201700050844;1;99;0;0;2;1;5;A01
201700050844;1;7;0;0;2;1;0;B01
201700050845;2;7;0;0;2;7;0;A01
201700050845;2;34;0;0;2;8;1;B01
201700050846;1;7;0;0;2;2;15;A01
201700050846;2;32;0;0;2;0;0;B01
201700050847;1;17;0;0;2;6;15;B01
201700050847;1;7;0;0;2;3;1;A01
201700050848;1;34;0;12;0;1;0;A01
201700050849;1;7;0;9;0;5;21;A01
201700050850;1;7;0;0;1;2;16;A01
201700050851;2;7;0;0;2;4;2;D01
201700050851;1;7;0;0;2;4;0;B01
201700050851;1;7;0;0;2;9;2;C01
201700050851;2;7;0;0;2;1;2;A01
201700050852;1;7;0;0;1;2;1;A01
201700050853;2;7;0;0;1;1;1;A01
201700050854;1;7;0;0;2;4;23;B01
201700050854;1;7;0;0;2;4;23;A01
201700050854;1;7;0;0;2;1;2;C01
201700050855;2;7;0;0;2;1;1;B01
201700050855;2;7;0;8;2;7;19;A01
201700050856;1;1;0;0;0;0;0;B01
201700050856;1;20;0;0;0;0;0;A01
201700050857;2;1;0;0;2;3;1;B01
201700050857;2;7;0;0;2;5;16;A01
201700050858;2;7;0;0;1;1;1;A01
201700050859;1;7;0;0;2;4;2;B01
201700050859;1;7;0;0;2;1;2;A01
201700050860;1;1;0;0;2;8;0;B01
201700050860;1;7;0;0;2;1;0;Z01
201700050861;2;1;0;0;2;8;13;B01
201700050861;2;10;0;0;2;7;14;A01
201700050862;1;7;0;0;2;1;2;A01
201700050862;1;7;0;0;2;4;0;B01
201700050863;1;7;0;0;1;6;4;A01
201700050864;1;7;0;0;2;2;15;A01
201700050864;1;33;0;0;2;1;1;B01
201700050865;2;33;0;1;0;1;2;A01
201700050865;1;7;0;0;2;4;24;B01
201700050866;1;7;0;9;2;3;1;B01
201700050866;1;7;0;0;2;1;1;A01
201700050867;1;33;0;8;0;0;0;A01
201700050868;1;1;0;0;0;0;0;B01
201700050868;1;40;0;0;2;7;1;A01
201700050869;1;7;0;0;2;7;1;A01
201700050869;1;34;0;0;2;1;1;B01
201700050870;1;7;0;0;2;2;0;A01
201700050870;1;7;0;0;2;3;0;B01
201700050871;1;1;0;0;2;0;23;B01
201700050871;2;7;0;0;2;1;0;A01
201700050872;2;7;0;0;2;1;0;A01
201700050872;2;1;0;0;2;7;0;B01
201700050873;2;7;0;0;1;1;0;A01
201700050874;1;7;0;0;1;4;4;A01
201700050875;2;7;0;0;2;4;2;B01
201700050875;2;7;0;0;2;1;2;A01
201700050876;2;7;0;0;2;1;15;A01
201700050876;2;7;0;0;2;1;1;B01
201700050877;2;7;0;0;1;1;0;A01
201700050878;2;30;0;0;2;1;1;A01
201700050878;2;7;0;0;2;3;1;B01
201700050879;1;32;0;14;0;1;1;A01
201700050879;1;7;0;14;0;4;2;B01
201700050880;1;7;0;0;2;4;23;A01
201700050880;1;7;0;0;2;1;2;B01
201700050881;1;7;0;0;2;4;23;A01
201700050881;1;7;0;0;2;1;2;B01
201700050882;1;30;0;0;2;1;1;B01
201700050882;1;7;0;0;2;7;10;A01
201700050883;1;1;0;0;2;8;19;A01
201700050883;2;7;0;0;2;1;1;B01
201700050884;2;7;0;0;2;2;2;A01
201700050884;2;7;0;0;2;6;2;B01
201700050885;2;7;0;12;2;6;15;B01
201700050885;1;30;0;12;2;1;1;A01
201700050886;2;7;0;1;0;8;2;A01
201700050887;1;7;0;0;2;0;0;B01
201700050887;1;7;0;0;2;0;0;A01
201700050888;2;30;0;0;2;2;2;A01
201700050888;2;7;0;0;2;4;2;B01
201700050889;1;7;0;0;2;3;19;B01
201700050889;2;7;0;0;2;2;15;A01
201700050890;1;7;0;0;2;1;15;A01
201700050890;2;7;0;0;2;1;1;B01
201700050891;1;7;0;0;2;1;1;B01
201700050891;1;7;0;1;0;4;0;C01
201700050891;1;7;0;1;0;8;1;A01
201700050892;1;99;0;0;1;1;15;A01
201700050893;1;7;0;0;2;1;7;A01
201700050893;1;7;0;0;2;8;1;B01
201700050894;1;7;0;0;1;0;1;A01
201700050895;2;7;0;0;1;1;0;A01
201700050896;1;7;0;0;2;2;2;A01
201700050896;1;30;0;0;2;1;19;B01
201700050897;1;7;0;8;1;0;2;A01
201700050897;1;7;0;0;2;6;23;B01
201700050898;1;7;0;1;0;3;22;A01
201700050898;1;1;0;1;0;1;1;B01
201700050899;2;1;0;0;2;8;1;B01
201700050899;1;7;0;0;2;1;1;A01
201700050900;2;7;0;0;1;1;21;A01
201700050901;1;7;0;0;2;4;19;B01
201700050901;1;7;0;0;2;1;19;A01
201700050902;1;7;0;0;2;2;15;A01
201700050902;2;33;0;0;2;1;1;B01
201700050903;1;7;0;8;0;3;13;A01
201700050904;2;7;0;0;1;1;1;A01
201700050905;2;7;0;0;1;3;21;A01
201700050906;1;7;0;0;2;2;2;A01
201700050906;1;7;0;1;2;1;2;B01
201700050907;2;7;0;0;2;3;19;B01
201700050907;1;7;0;0;2;2;1;A01
201700050908;2;7;0;0;2;1;1;B01
201700050908;2;7;0;8;1;9;1;A01
201700050909;2;33;0;0;2;1;7;A01
201700050909;2;7;0;0;2;3;15;B01
201700050910;1;7;0;0;2;8;0;A01
201700050910;1;7;0;0;2;1;1;B01
201700050911;1;1;0;1;0;8;1;B01
201700050911;1;7;0;0;9;8;24;A01
201700050912;1;30;0;0;2;1;2;A01
201700050912;1;33;0;0;2;4;23;B01
201700050913;1;30;0;0;1;1;1;A01
201700050914;1;33;0;0;2;7;2;B01
201700050914;1;7;0;0;2;8;16;A01
201700050915;2;10;0;0;2;8;15;B01
201700050915;2;33;0;0;2;2;17;A01
201700050916;1;7;0;0;1;4;4;A01
201700050917;1;7;0;0;2;3;1;B01
201700050917;1;30;0;0;2;7;17;A01
201700050918;2;1;0;0;1;1;8;A01
201700050919;1;7;0;0;4;8;15;A01
201700050919;1;40;0;0;2;2;1;B01
201700050920;1;99;0;0;2;3;11;A01
201700050920;1;7;0;0;2;1;1;B01
201700050921;1;10;0;0;2;4;2;A01
201700050921;1;7;0;0;2;1;1;B01
201700050922;1;7;0;0;2;1;23;B01
201700050922;1;7;0;14;1;4;4;A01
201700050923;1;33;0;0;2;8;1;B01
201700050923;1;7;0;0;2;2;9;A01
201700050924;1;7;0;0;1;8;2;A01
201700050925;1;7;0;0;2;5;9;A01
201700050925;1;31;0;0;2;8;9;B01
201700050926;1;7;0;8;2;3;1;A01
201700050926;1;7;0;8;2;2;1;B01
201700050927;2;34;0;0;2;1;19;A01
201700050927;1;7;0;0;2;5;23;B01
201700050928;2;34;0;0;2;1;1;B01
201700050928;1;7;0;0;2;1;10;A01
201700050929;2;7;0;0;1;7;21;A01
201700050930;1;31;0;0;2;2;19;B01
201700050930;2;7;0;0;2;7;15;A01
201700050931;1;7;0;0;2;8;1;B01
201700050931;1;34;0;0;2;1;5;A01
201700050932;1;7;0;0;2;2;13;A01
201700050932;1;7;0;0;2;3;14;B01
201700050933;1;7;0;0;2;3;18;A01
201700050933;2;7;0;0;2;8;1;B01
201700050934;1;7;0;0;2;3;5;A01
201700050934;2;31;0;0;2;1;15;B01
201700050935;1;34;0;0;2;7;1;A01
201700050935;1;7;0;0;2;3;9;B01
201700050936;2;7;0;0;1;1;2;A01
201700050937;1;7;0;0;2;1;20;A01
201700050937;1;7;0;0;2;2;1;B01
201700050938;1;7;0;0;2;7;2;A01
201700050938;1;7;0;0;2;1;1;B01
201700050939;2;7;0;0;1;4;4;A01
201700050940;2;7;0;0;2;3;1;A01
201700050940;1;1;0;0;2;7;1;B01
201700050941;1;7;0;0;2;3;9;A01
201700050941;1;7;0;1;0;7;2;B01
201700050942;1;7;0;0;2;2;17;A01
201700050942;1;10;0;0;9;6;2;B01
201700050943;1;7;0;0;1;3;15;A01
201700050944;2;7;0;0;2;3;20;A01
201700050944;2;2;0;0;2;2;2;B01
201700050945;2;33;0;0;2;1;17;A01
201700050945;2;7;0;0;2;3;15;B01
201700050946;1;1;0;0;2;2;1;B01
201700050946;1;7;0;0;2;3;16;A01
201700050947;1;7;0;0;9;1;15;A01
201700050947;2;1;0;0;2;8;1;B01
201700050948;2;7;0;0;1;3;1;A01
201700050949;1;7;0;0;2;1;12;A01
201700050949;1;7;0;0;2;4;14;B01
201700050949;1;7;0;0;2;4;12;C01
201700050950;1;7;0;0;1;6;4;A01
201700050951;1;1;0;0;1;1;1;A01
201700050952;1;7;0;0;2;2;19;A01
201700050952;2;34;0;0;2;1;18;B01
201700050953;2;7;0;0;2;3;7;A01
201700050953;1;1;0;0;2;1;19;B01
201700050954;2;31;0;0;2;2;1;B01
201700050954;2;7;0;0;2;2;14;A01
201700050955;2;7;0;0;2;1;23;A01
201700050955;2;7;0;0;2;4;23;B01
201700050956;1;31;0;0;4;3;15;A01
201700050956;1;40;35;0;2;2;1;B01
201700050957;1;7;0;0;2;1;19;A01
201700050957;1;7;0;0;2;7;1;B01
201700050958;1;7;0;0;2;1;9;B01
201700050958;1;7;0;0;2;2;1;A01
201700050959;1;1;0;0;2;1;5;A01
201700050959;1;7;0;0;9;5;1;B01
201700050960;1;7;0;0;2;8;15;A01
201700050960;1;7;0;0;2;2;1;B01
201700050961;2;7;0;0;2;6;9;A01
201700050961;2;7;0;0;2;2;1;B01
201700050962;1;7;0;0;2;2;1;B01
201700050962;1;7;0;0;2;8;10;A01
201700050963;2;33;0;0;2;8;1;B01
201700050963;2;7;0;0;2;8;15;A01
201700050964;2;7;0;0;2;5;11;A01
201700050964;2;33;0;0;2;1;2;B01
201700050965;2;7;0;0;2;6;15;B01
201700050965;1;3;0;0;2;1;1;A01
201700050966;1;7;0;0;2;4;2;C01
201700050966;1;7;0;0;2;4;2;B01
201700050966;1;7;0;0;2;1;2;A01
201700050967;2;7;0;0;2;1;1;B01
201700050967;1;30;0;0;2;1;5;A01
201700050968;1;7;0;0;1;2;16;A01
201700050969;1;7;0;2;0;1;8;A01
201700050970;1;7;0;0;2;1;19;B01
201700050970;1;7;0;0;2;8;19;A01
201700050971;1;7;0;0;2;5;17;A01
201700050971;1;7;0;0;2;3;17;B01
201700050972;2;34;0;0;1;3;1;A01
201700050973;1;7;0;0;2;3;1;A01
201700050973;2;7;0;0;2;0;5;B01
201700050974;2;7;0;0;2;6;16;C01
201700050974;2;7;0;0;2;6;16;B01
201700050974;2;37;0;0;2;2;16;A01
201700050975;2;7;0;0;2;2;9;B01
201700050975;2;7;0;0;2;3;1;A01
201700050976;1;7;0;15;1;8;4;A01
201700050977;2;33;0;0;2;8;1;B01
201700050977;1;7;0;0;2;1;19;A01
201700050978;2;33;0;1;0;1;1;A01
201700050978;1;99;0;0;2;3;23;B01
201700050979;2;7;0;0;2;1;15;A01
201700050979;1;7;0;0;2;3;1;B01
201700050980;1;31;0;0;2;1;1;B01
201700050980;2;7;0;0;2;1;15;A01
201700050981;2;7;0;8;1;2;21;A01
201700050981;2;7;0;0;2;0;16;B01
201700050982;2;31;0;0;2;1;21;B01
201700050982;1;7;0;0;2;7;15;A01
201700050983;2;7;0;0;1;2;17;A01
201700050984;1;7;0;0;2;5;15;A01
201700050984;2;33;0;0;2;1;2;B01
201700050985;1;7;0;1;2;7;16;B01
201700050985;1;31;0;1;2;3;8;A01
201700050986;1;10;0;0;2;2;1;A01
201700050986;1;7;0;0;2;3;16;B01
201700050987;1;7;0;0;2;6;15;A01
201700050987;1;7;0;0;2;2;1;B01
201700050988;1;7;0;1;0;2;21;A01
201700050989;2;34;0;0;2;1;1;A01
201700050989;2;7;0;0;2;4;1;B01
201700050990;1;7;0;1;0;3;13;A01
201700050991;1;7;0;0;1;1;24;A01
201700050992;2;7;0;0;1;3;15;A01
201700050993;2;7;0;0;2;7;1;C01
201700050993;2;7;0;0;2;3;1;B01
201700050993;2;7;0;0;2;1;15;A01
201700050994;1;10;0;2;0;3;17;A01
201700050995;1;7;0;0;2;4;2;A01
201700050995;1;7;0;0;2;1;2;B01
201700050996;2;7;0;1;0;5;14;A01
201700050997;1;7;0;0;2;8;1;A01
201700050997;1;7;0;0;2;1;1;B01
201700050998;1;7;0;0;2;6;0;B01
201700050998;2;31;0;0;2;1;0;A01
201700050999;1;31;0;0;2;2;18;A01
201700050999;1;7;0;0;2;5;16;B01
201700051000;2;7;0;0;2;1;1;B01
201700051000;1;7;0;0;2;2;15;A01
201700051001;1;7;0;0;2;4;16;A01
201700051001;1;31;0;0;2;1;17;B01
201700051002;1;7;0;0;2;4;19;B01
201700051002;1;7;0;0;2;4;19;C01
201700051002;1;7;0;0;2;1;19;A01
201700051003;1;7;0;0;2;8;22;A01
201700051003;1;1;0;1;0;1;1;B01
201700051004;1;34;0;0;1;1;15;Z01
201700051005;2;7;0;0;2;5;1;A01
201700051005;1;31;0;0;2;1;1;B01
201700051006;1;7;0;0;2;1;19;B01
201700051006;1;7;0;1;2;3;1;A01
201700051007;1;7;0;0;2;4;2;B01
201700051007;1;7;0;0;2;2;2;A01
201700051008;2;7;0;0;2;7;9;A01
201700051008;2;34;0;0;2;1;9;B01
201700051009;1;1;0;0;2;1;1;B01
201700051009;1;7;0;0;2;1;15;A01
201700051010;1;7;0;1;2;1;15;A01
201700051010;1;7;0;6;0;7;21;B01
201700051011;1;35;0;0;2;8;19;A01
201700051011;1;7;0;0;2;1;2;B01
201700051012;1;7;0;8;0;1;23;A01
201700051013;1;33;0;0;9;1;2;A01
201700051014;1;7;0;0;1;1;2;A01
201700051015;2;7;0;0;2;1;2;A01
201700051015;1;7;0;0;2;7;15;B01
201700051016;1;7;0;6;0;1;0;A01
201700051017;2;33;0;0;2;1;1;B01
201700051017;2;10;0;0;2;2;16;A01
201700051018;1;7;0;0;1;3;2;Z01
201700051019;1;7;0;1;0;2;14;A01
201700051020;2;34;0;0;2;2;1;A01
201700051020;2;7;0;0;2;3;1;B01
201700051021;1;1;0;0;2;2;21;B01
201700051021;1;7;0;0;9;3;21;A01
201700051022;2;7;0;0;1;1;1;A01
201700051023;1;7;0;0;2;1;5;A01
201700051023;1;7;0;0;2;2;1;B01
201700051024;1;7;0;0;2;2;1;A01
201700051024;1;7;0;0;2;3;16;B01
201700051025;1;7;0;0;2;1;2;A01
201700051025;1;30;0;0;2;8;2;B01
201700051026;1;7;0;2;0;2;1;B01
201700051026;1;1;0;0;2;1;15;A01
201700051027;1;7;0;0;2;1;15;B01
201700051027;1;10;0;0;2;7;13;A01
201700051028;2;1;0;0;1;0;1;A01
201700051029;1;7;0;0;9;3;15;B01
201700051029;2;34;0;0;2;1;1;A01
201700051030;1;2;0;1;2;1;17;A01
201700051030;1;7;0;0;2;8;15;B01
201700051031;1;7;0;0;2;9;2;B01
201700051031;1;7;0;0;2;1;2;A01
201700051031;1;7;0;0;2;4;0;D01
201700051031;1;7;0;0;2;9;2;C01
201700051032;1;3;0;9;2;1;15;A01
201700051032;1;7;0;0;2;2;2;B01
201700051033;1;7;0;0;2;9;9;A01
201700051033;1;7;0;0;2;2;15;B01
201700051034;2;40;60;0;1;2;2;A01
201700051035;2;7;0;0;1;2;1;A01
201700051036;2;33;0;0;2;1;0;B01
201700051036;2;7;0;0;2;3;15;A01
201700051037;1;34;0;0;2;7;1;B01
201700051037;1;7;0;0;2;0;1;Z01
201700051038;1;7;0;0;2;5;1;B01
201700051038;1;7;0;0;2;3;1;A01
201700051039;1;40;40;0;1;2;1;A01
201700051040;1;7;0;0;2;1;15;B01
201700051040;1;1;0;0;2;7;19;A01
201700051041;1;7;0;0;1;3;15;A01
201700051042;1;7;0;0;1;8;19;Z01
201700051043;1;7;0;0;2;3;15;A01
201700051043;2;7;0;0;2;6;16;B01
201700051044;1;32;0;0;2;7;17;A01
201700051044;1;7;0;0;2;8;1;B01
201700051045;2;33;0;0;2;1;1;A01
201700051045;1;7;0;0;2;7;1;B01
201700051046;1;31;0;0;1;1;17;A01
201700051047;2;7;0;0;2;1;19;A01
201700051047;1;7;0;0;2;0;19;B01
201700051048;1;7;0;0;1;3;0;A01
201700051049;1;7;0;0;2;2;1;B01
201700051049;2;10;0;0;2;1;1;A01
201700051050;2;7;0;1;2;6;15;A01
201700051050;1;1;0;1;2;7;21;B01
201700051051;1;7;0;0;1;0;15;A01
201700051052;1;7;0;0;2;8;1;B01
201700051052;1;7;0;0;2;1;15;A01
201700051053;1;7;0;0;1;1;15;A01
201700051054;1;7;0;0;2;2;19;B01
201700051054;1;34;0;0;2;1;19;A01
201700051055;1;1;0;0;1;7;1;A01
201700051056;1;1;0;14;0;3;18;B01
201700051056;1;7;0;0;9;7;22;A01
201700051057;2;1;0;0;1;1;1;A01
201700051058;1;7;0;0;2;1;16;B01
201700051058;1;1;0;0;2;4;9;A01
201700051059;1;1;0;0;2;1;1;A01
201700051059;2;31;0;0;2;1;1;B01
201700051060;2;33;0;0;1;3;2;A01
201700051061;1;7;0;0;2;1;2;B01
201700051061;2;10;0;0;2;7;2;A01
201700051061;1;7;0;0;2;1;23;D01
201700051061;1;34;0;0;2;1;23;C01
201700051062;1;7;0;0;1;1;19;A01
201700051063;2;7;0;0;2;3;9;A01
201700051063;2;33;0;0;2;1;1;B01
201700051064;1;7;0;0;2;4;1;B01
201700051064;1;1;0;0;2;1;1;A01
201700051065;1;7;0;0;1;1;1;A01
201700051066;1;7;0;0;2;1;2;A01
201700051066;1;7;0;0;2;4;23;B01
201700051067;1;7;0;8;0;1;0;A01
201700051068;1;7;0;1;2;3;0;B01
201700051068;1;7;0;0;2;1;0;A01
201700051069;2;7;0;0;2;3;16;A01
201700051069;2;1;0;0;2;4;2;B01
201700051070;1;7;0;0;2;1;0;B01
201700051070;2;7;0;12;1;9;1;A01
201700051071;1;7;0;0;1;1;1;A01
201700051072;1;7;0;8;0;3;1;A01
201700051073;2;7;0;0;1;4;4;A01
201700051074;2;7;0;0;9;6;15;A01
201700051074;2;33;0;0;2;1;17;B01
201700051075;1;7;0;0;2;1;17;A01
201700051075;1;7;0;0;2;2;1;B01
201700051076;1;34;0;0;1;2;1;A01
201700051077;2;1;0;0;2;1;1;B01
201700051077;2;7;0;0;2;2;16;A01
201700051078;2;7;0;0;9;1;19;A01
201700051078;2;1;0;0;2;5;1;B01
201700051079;1;2;0;0;2;2;15;B01
201700051079;1;7;0;0;2;3;13;A01
201700051080;2;1;0;0;2;1;8;B01
201700051080;1;7;0;0;2;5;15;A01
201700051081;2;33;0;0;2;0;1;A01
201700051081;2;7;0;0;2;0;9;B01
201700051082;1;7;0;0;1;2;21;A01
201700051083;1;7;0;0;1;3;9;A01
201700051084;1;7;0;0;2;3;16;A01
201700051084;2;1;0;0;2;2;1;B01
201700051085;1;7;0;0;2;1;1;A01
201700051086;1;1;0;0;0;0;1;A01
201700051087;2;7;0;0;1;1;1;A01
201700051088;1;7;0;0;2;2;1;B01
201700051088;1;7;0;0;2;1;1;A01
201700051089;1;7;0;0;2;4;1;B01
201700051089;1;7;0;0;2;4;1;C01
201700051089;1;7;0;0;2;1;2;Z01
201700051090;1;7;0;0;1;0;0;A01
201700051091;2;33;0;0;2;2;2;B01
201700051091;2;7;0;0;2;8;11;A01
201700051092;2;3;0;0;2;2;15;B01
201700051092;1;7;0;0;2;1;1;A01
201700051093;1;7;0;0;2;3;13;B01
201700051093;1;10;0;0;2;2;17;A01
201700051094;1;7;0;0;9;0;15;A01
201700051094;2;1;0;0;2;0;1;B01
201700051095;1;10;0;0;1;2;1;A01
201700051096;1;7;0;0;2;7;21;A01
201700051096;1;31;0;0;2;1;21;B01
201700051097;1;7;0;0;2;3;1;B01
201700051097;2;37;45;0;2;2;7;A01
201700051098;1;33;0;0;2;1;17;A01
201700051098;2;7;0;0;2;1;15;B01
201700051099;2;33;0;0;2;4;2;B01
201700051099;2;7;0;0;2;3;2;A01
201700051100;2;7;0;0;2;3;9;A01
201700051100;2;30;0;0;2;1;2;B01
201700051101;1;7;0;0;2;1;1;B01
201700051101;1;7;0;0;2;7;1;A01
201700051102;2;33;0;0;2;1;1;A01
201700051102;2;7;0;0;2;7;1;B01
201700051103;1;7;0;0;1;1;15;A01
201700051104;1;7;0;0;2;7;19;B01
201700051104;1;7;0;8;2;1;14;A01
201700051105;2;7;0;0;2;5;23;B01
201700051105;2;7;0;8;0;1;17;A01
201700051106;1;7;0;0;2;4;2;B01
201700051106;1;7;0;0;2;1;2;A01
201700051106;1;7;0;0;2;4;1;C01
201700051107;1;7;0;0;2;1;1;A01
201700051107;1;31;0;0;2;7;0;B01
201700051108;1;7;0;6;0;1;13;A01
201700051109;1;7;0;10;0;3;13;A01
201700051110;1;30;0;0;2;0;2;A01
201700051110;1;7;0;0;2;7;16;B01
201700051111;1;7;0;0;2;3;21;B01
201700051111;1;7;0;0;2;2;12;A01
201700051112;1;7;0;1;2;3;17;A01
201700051112;1;14;0;0;2;8;2;B01
201700051113;1;7;0;0;2;1;13;A01
201700051113;2;7;0;0;2;1;1;B01
201700051114;2;7;0;0;2;3;2;B01
201700051114;2;7;0;0;2;1;0;A01
201700051115;2;37;0;0;1;7;7;A01
201700051116;1;7;0;1;0;1;2;A01
201700051116;1;7;0;0;2;4;24;B01
201700051117;1;7;0;0;2;1;1;A01
201700051117;1;1;0;0;2;4;1;B01
201700051118;2;7;0;0;9;2;15;A01
201700051118;1;1;0;0;2;1;8;B01
201700051119;1;7;0;15;0;1;21;A01
201700051120;1;31;0;0;2;8;21;B01
201700051120;2;7;0;0;2;3;15;A01
201700051121;2;10;0;0;1;1;15;A01
201700051122;1;10;0;6;0;3;9;A01
201700051123;1;7;0;0;2;1;1;B01
201700051123;1;7;0;9;2;6;15;A01
201700051124;1;7;0;0;2;1;15;A01
201700051124;2;31;0;0;2;8;2;B01
201700051125;2;7;0;0;2;4;23;A01
201700051125;2;7;0;0;2;1;2;B01
201700051125;1;7;0;0;2;1;2;C01
201700051126;2;1;0;0;1;1;1;A01
201700051127;1;40;0;0;1;3;2;A01
201700051128;1;7;0;0;2;3;1;B01
201700051128;1;7;0;0;2;1;1;A01
201700051129;1;7;0;0;2;1;1;B01
201700051129;1;7;0;0;2;7;1;A01
201700051130;2;7;0;6;0;1;1;A01
201700051131;1;10;0;1;1;4;4;A01
201700051132;1;13;0;0;1;3;16;A01
201700051133;2;7;0;0;1;3;1;A01
201700051134;2;7;0;0;1;2;1;A01
201700051135;1;7;0;0;1;1;1;A01
201700051136;2;31;0;2;0;1;14;A01
201700051137;2;7;0;0;2;4;2;A01
201700051137;2;7;0;0;2;1;2;B01
201700051138;2;7;0;0;1;1;15;A01
201700051139;2;10;0;0;2;1;19;A01
201700051139;2;7;0;0;2;2;1;B01
201700051140;1;34;0;0;0;0;1;A01
201700051141;2;7;0;0;2;2;20;A01
201700051141;2;1;0;0;2;1;2;B01
201700051142;1;7;0;6;0;1;1;A01
201700051143;1;10;0;0;1;3;1;A01
201700051144;1;33;0;0;2;1;21;B01
201700051144;2;7;0;0;2;3;19;A01
201700051145;1;7;0;0;9;0;15;Z01
201700051145;1;1;0;0;2;0;8;B01
201700051146;1;7;0;0;1;0;0;A01
201700051147;1;7;0;12;2;3;14;A01
201700051147;1;7;0;12;2;5;2;B01
201700051148;1;7;0;0;2;1;1;Z01
201700051148;1;7;0;0;1;4;1;B01
201700051149;1;7;0;0;2;6;1;B01
201700051149;1;15;0;0;2;1;12;A01
201700051150;1;10;0;0;2;3;15;A01
201700051150;1;33;0;0;2;8;1;B01
201700051151;1;7;0;0;2;1;1;B01
201700051151;1;7;0;0;2;9;1;A01
201700051152;2;1;0;0;0;0;7;A01
201700051153;1;7;0;0;2;8;15;A01
201700051153;1;7;0;0;2;3;18;Z01
201700051154;1;7;0;0;1;1;0;A01
201700051155;1;40;59;0;2;3;0;B01
201700051155;1;7;0;0;4;2;9;A01
201700051156;2;7;0;14;2;1;1;A01
201700051156;2;7;0;0;9;4;23;B01
201700051157;1;7;0;0;1;0;19;A01
201700051158;1;7;0;0;1;1;1;A01
201700051159;1;7;0;0;2;3;15;A01
201700051159;2;7;0;0;2;2;1;B01
201700051160;1;7;0;0;2;2;19;A01
201700051160;1;7;0;0;2;3;19;B01
201700051161;1;30;0;0;2;7;19;A01
201700051161;1;10;0;0;2;1;1;B01
201700051162;1;1;0;0;2;1;1;B01
201700051162;1;7;0;0;9;3;9;A01
201700051163;2;7;0;8;0;1;13;A01
201700051164;2;7;0;0;2;7;1;A01
201700051164;2;7;0;0;2;1;1;B01
201700051165;1;1;0;0;2;3;1;B01
201700051165;1;7;0;0;9;2;16;A01
201700051166;1;1;0;2;0;0;14;A01
201700051167;2;13;0;6;0;1;2;A01
201700051168;2;7;0;0;9;6;16;B01
201700051168;2;1;0;0;2;3;18;A01
201700051169;1;10;0;0;2;3;1;A01
201700051169;2;30;0;0;2;2;2;B01
201700051170;2;7;0;0;1;1;17;Z01
201700051171;1;31;0;0;2;1;1;B01
201700051171;1;10;0;0;2;2;19;A01
201700051172;1;7;0;0;2;2;1;A01
201700051172;1;7;0;0;2;1;1;B01
201700051173;1;7;0;8;2;1;1;A01
201700051173;1;7;0;8;2;1;1;B01
201700051174;1;7;0;0;2;1;1;B01
201700051174;1;7;0;2;1;1;1;A01
201700051175;1;7;0;0;1;2;1;A01
201700051176;1;7;0;0;1;1;21;A01
201700051177;1;32;0;0;2;1;7;A01
201700051177;1;7;0;0;2;8;15;B01
201700051178;2;33;0;0;2;7;17;A01
201700051178;1;7;0;0;2;1;0;B01
201700051179;1;7;0;0;2;1;21;B01
201700051179;1;34;0;0;2;7;1;A01
201700051180;1;33;0;0;0;8;1;A01
201700051181;2;7;0;0;1;3;1;A01
201700051182;2;7;0;0;2;2;19;B01
201700051182;2;7;0;5;2;1;19;A01
201700051183;1;7;0;0;1;2;15;A01
201700051184;1;7;0;0;2;1;15;A01
201700051184;1;7;0;0;2;3;1;B01
201700051185;1;33;0;0;0;0;1;A01
201700051186;1;7;0;0;2;4;2;B01
201700051186;1;13;0;0;2;1;1;A01
201700051187;1;7;0;1;9;8;22;A01
201700051187;1;1;0;1;0;1;24;B01
201700051188;1;7;0;0;2;2;16;B01
201700051188;1;7;0;0;2;4;7;A01
201700051189;1;34;0;0;0;7;1;A01
201700051190;2;7;0;0;1;1;1;A01
201700051191;2;7;0;0;1;2;19;A01
201700051192;1;31;0;0;2;8;1;A01
201700051193;2;7;0;0;2;3;9;B01
201700051193;1;33;0;0;2;1;17;A01
201700051194;1;7;0;0;1;1;0;A01
201700051195;1;7;0;0;2;3;15;B01
201700051195;1;7;0;0;2;2;1;A01
201700051196;1;7;0;0;2;3;21;B01
201700051196;1;10;0;0;2;1;17;A01
201700051197;1;7;0;14;0;1;1;A01
201700051198;2;32;0;0;0;0;1;A01
201700051199;1;7;0;0;1;1;1;A01
201700051200;1;1;0;0;2;7;19;B01
201700051200;1;7;0;0;2;8;9;A01
201700051201;2;10;0;0;2;2;10;A01
201700051201;2;10;0;0;2;3;1;B01
201700051202;1;34;0;0;2;2;15;A01