num_acc;senc;catv;occutc;obs;obsm;choc;manv;num_veh
201700051491;2;7;0;0;2;4;1;B01
201700051491;2;7;0;0;2;3;2;A01
201700051492;1;7;0;4;0;3;13;A01
201700051493;1;10;0;0;2;7;14;A01
201700051493;1;10;0;0;2;3;1;B01
201700051494;2;10;0;0;2;0;12;A01
201700051494;2;33;0;0;2;8;3;B01
201700051495;1;33;0;0;2;1;1;A01
201700051495;1;7;0;0;2;6;1;B01
201700051496;1;7;0;0;2;4;1;B01
201700051496;1;10;0;0;2;1;1;A01
201700051497;2;7;0;0;2;1;1;A01
201700051497;2;7;0;0;2;4;1;B01
201700051498;2;7;0;0;2;1;2;A01
201700051498;2;7;0;0;2;4;23;B01
201700051499;1;7;0;13;0;1;1;A01
201700051500;1;7;0;0;2;1;2;B01
201700051500;1;7;0;12;0;1;1;C01
201700051500;1;7;0;3;0;3;1;A01
201700051501;1;17;0;0;0;0;0;A01
201700051501;1;15;0;0;0;0;0;D01
201700051501;1;15;0;0;0;1;0;C01
201700051501;1;15;0;0;2;1;0;B01
201700051502;2;7;0;0;2;1;2;A01
201700051502;2;7;0;0;2;4;1;B01
201700051503;2;7;0;0;2;5;1;A01
201700051504;1;33;0;0;0;8;1;A01
201700051505;1;7;0;5;0;1;1;A01
201700051506;1;7;0;4;0;1;1;A01
201700051507;2;17;0;0;2;2;1;C01
201700051507;2;7;0;0;2;1;1;B01
201700051507;2;7;0;0;2;5;1;A01
201700051508;1;17;0;0;2;7;12;Z01
201700051508;1;7;0;4;2;8;1;A01
201700051509;2;7;0;0;2;4;1;B01
201700051509;2;7;0;0;2;1;2;A01
201700051510;2;7;0;4;0;8;13;A01
201700051511;1;7;0;0;2;6;23;C01
201700051511;1;7;0;0;2;6;12;A01
201700051511;1;17;0;0;2;1;0;B01
201700051512;1;33;0;0;2;8;3;B01
201700051512;1;7;0;0;2;0;12;A01
201700051513;2;33;0;0;0;7;1;A01
201700051514;2;7;0;0;2;5;23;B01
201700051514;2;7;0;0;2;3;2;A01
201700051514;2;7;0;0;2;4;23;D01
201700051514;2;7;0;0;2;6;23;C01
201700051515;1;7;0;0;2;3;1;C01
201700051515;1;17;0;0;2;2;12;Z01
201700051515;1;7;0;4;2;6;1;B01
201700051516;1;7;0;0;2;5;1;B01
201700051517;1;7;0;0;2;8;11;B01
201700051517;1;33;0;0;2;7;3;A01
201700051518;2;31;0;0;2;6;3;B01
201700051518;2;7;0;0;2;7;12;A01
201700051518;2;7;0;0;2;8;0;C01
201700051519;2;7;0;0;2;4;1;B01
201700051519;2;7;0;0;2;1;2;A01
201700051520;2;7;0;0;2;5;1;B01
201700051520;2;7;0;0;2;1;2;A01
201700051521;2;7;0;0;2;0;0;A01
201700051521;2;7;0;3;2;3;0;B01
201700051521;2;7;0;0;2;0;0;C01
201700051521;2;7;0;0;2;0;0;D01
201700051521;2;7;0;0;2;1;0;E01
201700051521;2;7;0;0;2;0;23;F02
201700051521;2;7;0;0;2;0;23;G02
201700051521;2;7;0;0;2;4;0;H02
201700051521;2;7;0;0;2;0;0;I02
201700051521;2;7;0;0;2;1;0;J02
201700051521;2;7;0;0;0;5;0;K03
201700051521;2;7;0;0;2;4;1;L03
201700051521;2;7;0;0;2;2;0;M03
201700051521;2;7;0;0;2;2;0;N03
201700051521;2;7;0;0;2;0;0;Z03
201700051522;2;17;0;0;2;2;0;A01
201700051522;2;7;0;0;2;6;0;B01
201700051523;2;7;0;0;2;1;2;A01
201700051523;2;7;0;0;2;4;1;B01
201700051524;1;17;0;0;2;0;1;B01
201700051524;1;7;0;0;2;4;1;C01
201700051524;1;7;0;0;2;8;9;A01
201700051525;1;7;0;0;2;1;14;A01
201700051525;1;7;0;0;2;4;2;B01
201700051525;1;7;0;0;2;1;1;C01
201700051526;2;17;0;0;2;4;1;B01
201700051526;2;7;0;0;2;1;2;A01
201700051527;2;7;0;4;0;1;1;A01
201700051528;2;7;0;0;2;8;13;B01
201700051528;2;14;0;0;2;2;1;A01
201700051529;1;7;0;0;2;4;2;B01
201700051529;1;33;0;0;2;0;1;A01
201700051530;1;31;0;0;2;7;3;B01
201700051530;1;10;0;0;2;4;11;A01
201700051531;1;10;0;0;2;4;2;C01
201700051531;1;10;0;0;2;4;2;B01
201700051531;1;10;0;0;2;1;2;A01
201700051532;1;7;0;0;2;1;2;A01
201700051532;1;7;0;0;2;4;1;C01
201700051532;1;7;0;0;2;4;2;B01
201700051533;2;10;0;0;2;1;2;A01
201700051533;2;7;0;0;2;4;2;B01
201700051533;2;7;0;0;2;4;2;C01
201700051534;1;7;0;0;2;4;23;D01
201700051534;1;7;0;0;2;0;2;B01
201700051534;1;7;0;0;2;1;2;A01
201700051534;1;7;0;0;2;4;2;C01
201700051535;2;7;0;0;2;1;2;A01
201700051535;2;7;0;3;2;4;1;B01
201700051536;2;7;0;0;2;3;14;A01
201700051536;2;7;0;0;2;4;1;B01
201700051537;2;7;0;4;2;1;1;A01
201700051537;2;7;0;0;2;2;1;B01
201700051538;2;7;0;0;2;1;2;A01
201700051538;2;7;0;0;2;1;2;B01
201700051538;2;7;0;0;2;4;23;C01
201700051539;1;7;0;3;0;1;13;A01
201700051540;2;7;0;0;2;1;1;B01
201700051540;2;7;0;0;2;4;1;A01
201700051541;1;7;0;0;2;4;2;D01
201700051541;1;7;0;0;2;1;23;B01
201700051541;1;7;0;0;2;4;23;A01
201700051541;1;20;0;0;2;1;2;E01
201700051541;1;7;0;0;2;4;23;C01
201700051542;2;7;0;0;2;4;23;B01
201700051542;2;7;0;0;2;4;23;A01
201700051542;2;7;0;0;2;1;2;C01
201700051543;1;7;0;0;2;1;1;C01
201700051543;1;7;0;0;2;2;1;B01
201700051543;1;7;0;0;2;4;1;A01
201700051543;1;7;0;0;2;1;1;D01
201700051544;2;10;0;0;2;4;23;B01
201700051544;2;7;0;0;2;4;2;A01
201700051544;2;7;0;0;2;3;21;C01
201700051545;2;7;0;0;0;1;1;A01
201700051546;2;7;0;0;0;1;1;A01
201700051547;1;7;0;0;2;4;23;A01
201700051547;2;7;0;0;2;1;2;B01
201700051548;2;7;0;0;2;1;2;B01
201700051548;2;7;0;0;2;4;23;A01
201700051549;2;7;0;0;1;2;0;A01
201700051550;2;33;0;0;2;3;1;A01
201700051550;2;7;0;0;2;7;12;B01
201700051551;1;7;0;0;2;4;2;A01
201700051551;1;17;0;0;2;4;2;B01
201700051552;1;7;0;0;2;1;2;B01
201700051552;1;7;0;0;2;4;23;A01
201700051553;1;7;0;0;2;4;23;A01
201700051553;1;7;0;0;2;1;2;C01
201700051553;1;7;0;0;2;4;23;B01
201700051554;1;10;0;0;2;1;2;B01
201700051554;1;10;0;3;0;4;2;A01
201700051555;1;7;0;0;2;1;2;B01
201700051555;1;7;0;0;2;4;2;A01
201700051556;2;7;0;0;2;6;0;A01
201700051556;2;17;0;0;2;0;0;B01
201700051557;2;7;0;0;2;1;1;B01
201700051557;2;7;0;0;2;4;2;A01
201700051558;2;17;0;0;2;1;12;A01
201700051558;2;7;0;0;2;8;1;B01
201700051559;2;7;0;0;2;7;1;A01
201700051559;2;15;0;0;2;3;11;B01
201700051560;1;17;0;1;2;2;1;B01
201700051560;1;17;0;1;2;6;0;A01
201700051561;2;7;0;0;2;7;1;A01
201700051561;2;7;0;0;2;3;13;B01
201700051562;2;7;0;3;2;3;13;A01
201700051562;2;7;0;15;2;8;1;B01
201700051563;2;7;0;0;2;4;1;A01
201700051563;2;17;0;0;2;2;1;B01
201700051564;1;7;0;0;2;4;1;A01
201700051564;1;33;0;0;2;1;2;B01
201700051565;2;7;0;0;2;8;1;A01
201700051565;2;15;0;0;2;2;12;B01
201700051566;1;17;0;0;2;2;1;A01
201700051566;1;7;0;0;2;8;11;B01
201700051567;2;7;0;0;2;4;1;B01
201700051567;2;7;0;0;2;1;2;C01
201700051567;2;7;0;0;2;4;23;A01
201700051568;1;7;0;0;2;1;2;B01
201700051568;1;7;0;0;2;4;2;A01
201700051569;1;10;0;0;2;4;2;B01
201700051569;1;15;0;0;2;1;2;D01
201700051569;1;10;0;0;2;4;2;C01
201700051569;1;10;0;0;2;4;2;A01
201700051570;2;7;0;0;2;4;2;A01
201700051570;2;7;0;0;2;1;2;B01
201700051571;2;7;0;0;2;4;1;B01
201700051571;2;7;0;0;2;3;2;A01
201700051571;2;7;0;0;2;8;2;C01
201700051571;2;7;0;0;2;4;1;D01
201700051572;2;7;0;0;2;1;1;B01
201700051572;2;10;0;0;2;1;1;C01
201700051572;2;7;0;0;2;4;23;A01
201700051572;2;7;0;0;2;1;1;D01
201700051573;2;7;0;0;2;7;1;C01
201700051573;2;7;0;0;2;7;1;B01
201700051573;2;7;0;0;2;5;1;A01
201700051573;2;31;0;0;2;8;3;D01
201700051574;1;7;0;0;2;4;1;A01
201700051574;2;17;0;14;2;1;2;B01
201700051574;2;15;0;14;2;2;2;C01
201700051575;2;7;0;0;2;4;1;A01
201700051575;2;7;0;0;2;1;2;B01
201700051576;2;10;0;6;0;1;1;A01
201700051577;2;33;0;4;0;7;0;A01
201700051578;1;15;0;0;2;4;2;A01
201700051578;1;7;0;0;2;1;2;B01
201700051579;2;7;0;3;0;1;1;A01
201700051580;1;33;0;0;2;1;2;B01
201700051580;1;7;0;0;2;5;2;A01
201700051581;2;7;0;3;0;2;14;A01
201700051582;1;10;0;0;2;8;1;A01
201700051582;1;17;0;0;2;2;12;B01
201700051583;2;14;0;3;0;3;21;A01
201700051584;2;99;0;0;2;4;2;A01
201700051584;2;7;0;0;2;1;2;B01
201700051585;1;7;0;3;2;3;13;A01
201700051585;1;7;0;0;2;2;1;B01
201700051586;2;7;0;0;2;4;11;B01
201700051586;2;33;0;0;2;1;2;A01
201700051587;2;7;0;0;2;4;2;A01
201700051587;2;7;0;0;2;1;2;B01
201700051588;1;34;0;4;0;8;13;A01
201700051589;2;10;0;0;2;4;1;A01
201700051589;2;7;0;0;2;1;2;B01
201700051590;2;15;0;0;2;7;12;A01
201700051590;2;7;0;4;2;8;1;B01
201700051591;1;7;0;0;2;5;11;A01
201700051591;1;7;0;3;2;3;1;B01
201700051592;1;7;0;0;2;1;5;A01
201700051592;1;7;0;0;2;1;1;B01
201700051593;2;7;0;0;2;8;11;A01
201700051593;2;33;0;0;2;1;3;B01
201700051594;2;15;0;0;2;8;1;A01
201700051594;2;7;0;0;2;6;1;B01
201700051594;2;7;0;0;2;5;1;C01
201700051594;2;7;0;0;2;6;1;D01
201700051594;2;7;0;3;2;3;13;E01
201700051595;1;10;0;0;2;6;11;A01
201700051595;2;7;0;0;2;2;1;B01
201700051596;2;10;0;0;2;3;1;A01
201700051596;2;10;0;0;2;5;23;B01
201700051596;2;7;0;0;2;7;21;C01
201700051596;2;7;0;0;2;2;23;D01
201700051597;2;7;0;0;2;4;2;A01
201700051597;2;7;0;0;2;1;2;B01
201700051598;2;33;0;0;0;8;0;A01
201700051599;2;7;0;13;2;6;1;A01
201700051599;2;15;0;0;2;2;12;B01
201700051600;2;7;0;0;2;1;2;C01
201700051600;2;7;0;0;2;4;2;A01
201700051600;2;14;0;0;2;1;2;B01
201700051601;2;37;0;3;2;4;1;A01
201700051601;2;7;0;0;2;1;2;B01
201700051602;2;7;0;0;2;8;1;A01
201700051602;2;17;0;0;2;2;12;B01
201700051603;1;7;0;0;2;1;2;C01
201700051603;1;7;0;0;2;4;2;B01
201700051603;1;7;0;0;2;4;1;A01
201700051604;2;14;0;0;2;4;23;A01
201700051604;2;7;0;0;2;1;2;B01
201700051605;2;7;0;0;2;4;0;A01
201700051605;2;10;0;0;2;1;0;B01
201700051606;1;33;0;0;2;6;21;A01
201700051606;1;7;0;0;2;4;1;B01
201700051607;2;7;0;0;2;4;2;B01
201700051607;2;7;0;0;2;1;2;C01
201700051607;2;7;0;0;2;4;23;A01
201700051608;1;7;0;3;0;1;16;A01
201700051609;2;7;0;0;2;1;2;C01
201700051609;2;7;0;0;2;4;2;A01
201700051609;2;7;0;0;2;4;2;B01
201700051610;1;7;0;0;2;8;1;B01
201700051610;1;15;0;0;2;2;12;A01
201700051611;1;10;0;0;0;2;2;A01
201700051612;1;7;0;0;2;4;1;A01
201700051612;1;17;0;0;2;4;2;B01
201700051612;1;17;0;0;2;1;2;C01
201700051613;1;7;0;0;2;5;2;B01
201700051613;1;7;0;0;2;2;1;E01
201700051613;1;7;0;0;2;4;2;A01
201700051613;1;7;0;0;2;2;21;D01
201700051613;1;7;0;0;2;6;1;C01
201700051614;2;7;0;0;1;1;23;B01
201700051614;2;10;0;0;1;0;23;A01
201700051615;1;7;0;0;2;4;2;B01
201700051615;1;7;0;0;2;4;2;C01
201700051615;1;7;0;0;2;1;2;A01
201700051616;2;7;0;0;2;1;1;D01
201700051616;2;7;0;3;2;3;2;A01
201700051616;2;7;0;1;2;6;12;C01
201700051616;2;7;0;14;0;5;2;B01
201700051617;2;7;0;0;2;1;2;C01
201700051617;1;7;0;0;2;1;2;A01
201700051617;2;7;0;0;2;4;2;B01
201700051618;2;7;0;0;2;4;2;H02
201700051618;2;7;0;0;2;2;3;E01
201700051618;2;7;0;0;2;4;2;C01
201700051618;2;15;0;0;2;1;2;G02
201700051618;2;10;0;0;2;6;3;D01
201700051618;2;7;0;0;2;1;3;F01
201700051618;2;7;0;0;2;1;2;A01
201700051618;2;7;0;0;2;4;2;B02
201700051619;1;7;0;0;0;4;23;D01
201700051619;1;10;0;0;2;1;12;A01
201700051619;1;7;0;3;0;4;23;B01
201700051619;1;7;0;0;2;4;23;C01
201700051620;2;7;0;0;2;4;2;C01
201700051620;0;7;0;0;2;4;2;D01
201700051620;2;7;0;0;2;1;2;A01
201700051620;2;7;0;0;0;0;0;B01
201700051621;1;7;0;0;2;1;18;Z01
201700051621;1;7;0;16;2;9;1;A01
201700051622;2;15;0;0;2;2;0;B01
201700051622;2;7;0;3;2;6;0;A01
201700051622;2;7;0;0;9;3;21;C01
201700051623;1;7;0;0;2;1;2;A01
201700051623;1;7;0;0;2;5;2;B01
201700051623;1;7;0;0;2;6;2;C01
201700051623;1;7;0;0;2;4;2;D01
201700051624;1;7;0;0;2;1;17;Z01
201700051624;1;7;0;0;2;4;17;B01
201700051625;1;33;0;3;2;8;18;B01
201700051625;1;7;0;0;2;2;14;A01
201700051626;2;7;0;2;0;2;14;A01
201700051627;1;7;0;1;0;1;14;A01
201700051627;1;7;0;3;0;6;2;B01
201700051628;2;7;0;3;2;5;1;B01
201700051628;2;14;0;0;2;3;11;A01
201700051629;2;7;0;0;2;8;1;B01
201700051629;2;7;0;0;2;4;2;C01
201700051629;2;14;0;0;2;7;17;A01
201700051630;1;7;0;0;2;1;2;A01
201700051630;1;7;0;0;2;4;2;B01
201700051630;1;7;0;0;2;4;2;D01
201700051630;1;7;0;0;2;4;2;C01
201700051631;1;7;0;0;2;4;2;A01
201700051631;1;7;0;0;2;4;2;B01
201700051632;1;7;0;0;2;1;2;A01
201700051632;1;7;0;0;2;4;2;C01
201700051632;1;7;0;0;2;4;2;B01
201700051632;1;10;0;0;2;4;2;D01
201700051633;1;7;0;3;2;4;9;A01
201700051633;1;15;0;0;2;1;0;B01
201700051634;1;7;0;0;2;4;2;B01
201700051634;1;10;0;0;2;1;2;A01
201700051634;1;7;0;0;2;6;2;C01
201700051635;2;10;0;3;2;3;21;A01
201700051635;2;7;0;0;2;4;2;B01
201700051635;2;10;0;0;2;4;23;D01
201700051635;2;7;0;0;2;4;23;C01
201700051636;1;10;0;0;2;1;2;A01
201700051636;1;7;0;3;2;4;2;B01
201700051637;1;7;0;0;2;4;2;C01
201700051637;1;10;0;0;2;1;2;A01
201700051637;1;10;0;0;2;4;2;B01
201700051638;2;7;0;0;2;4;2;D01
201700051638;2;10;0;0;2;4;2;C01
201700051638;2;10;0;0;2;4;7;B01
201700051638;2;10;0;0;2;1;2;A01
201700051639;1;7;0;0;2;1;13;A01
201700051639;2;7;0;3;2;3;21;B01
201700051639;2;7;0;0;2;1;21;C01
201700051640;1;15;0;0;2;4;2;C01
201700051640;1;7;0;0;2;4;2;B01
201700051640;1;7;0;0;2;2;2;A01
201700051641;1;7;0;0;2;1;2;C01
201700051641;1;7;0;0;2;6;2;B01
201700051641;1;7;0;0;2;1;2;A01
201700051642;2;7;0;0;2;4;2;B01
201700051642;2;7;0;0;2;1;2;A01
201700051643;1;7;0;0;2;1;2;A01
201700051643;1;7;0;0;2;4;2;B01
201700051644;2;7;0;0;2;4;2;E01
201700051644;2;7;0;0;2;4;0;F02
201700051644;2;14;0;0;2;1;2;A01
201700051644;2;7;0;0;2;4;2;D01
201700051644;2;7;0;0;2;4;2;B01
201700051644;2;7;0;0;2;4;2;C01
201700051645;2;7;0;0;2;4;2;C01
201700051645;2;7;0;0;2;1;2;A01
201700051645;2;7;0;0;2;4;2;B01
201700051646;1;7;0;0;2;4;2;B01
201700051646;1;7;0;0;2;1;2;A01
201700051647;2;7;0;0;2;1;2;A01
201700051647;2;7;0;0;2;5;2;C01
201700051647;2;7;0;0;2;4;2;B01
201700051648;2;10;0;7;0;9;0;A01
201700051649;2;7;0;0;2;4;2;B01
201700051649;2;7;0;0;2;1;2;A01
201700051650;2;10;0;0;2;1;2;A01
201700051650;2;13;0;0;2;4;2;B01
201700051651;1;7;0;0;2;1;1;E01
201700051651;1;7;0;0;2;5;4;A01
201700051651;1;7;0;0;2;1;2;D01
201700051651;1;7;0;3;0;1;2;B01
201700051651;1;7;0;0;2;3;2;C01
201700051652;1;15;0;0;2;4;2;B01
201700051652;1;7;0;0;2;4;2;C01
201700051652;1;7;0;0;2;4;2;E01
201700051652;1;7;0;0;2;4;2;D01
201700051652;1;14;0;0;2;1;2;A01
201700051653;2;33;0;0;2;1;3;A01
201700051653;2;10;0;0;2;6;15;B01
201700051654;1;7;0;0;2;8;15;Z01
201700051654;1;33;0;0;2;2;2;B01
201700051655;2;7;0;0;2;3;2;A01
201700051655;2;7;0;0;2;2;23;B01
201700051656;1;7;0;0;2;6;23;A01
201700051656;1;7;0;1;0;2;13;B01
201700051657;2;7;0;2;0;1;13;A01
201700051658;2;7;0;0;2;1;2;A01
201700051658;2;7;0;3;2;4;2;B01
201700051659;2;7;0;0;2;3;5;A01
201700051659;2;7;0;0;2;1;1;B01
201700051659;2;37;0;0;2;1;2;C01
201700051659;2;7;0;0;2;3;2;D01
201700051660;1;7;0;3;0;3;0;A01
201700051660;1;7;0;14;0;1;1;B01
201700051661;1;33;0;0;2;3;12;B01
201700051661;1;7;0;0;2;5;12;A01
201700051662;1;7;0;4;0;1;13;A01
201700051663;1;7;0;0;2;1;2;A01
201700051663;1;7;0;14;0;1;2;C01
201700051663;1;10;0;0;2;4;2;B01
201700051664;2;7;0;0;2;4;2;B01
201700051664;2;10;0;0;2;1;2;A01
201700051665;1;7;0;0;2;5;1;B01
201700051665;1;7;0;0;2;8;1;C01
201700051665;1;33;0;3;2;1;18;A01
201700051666;2;14;0;0;2;2;21;A01
201700051666;2;7;0;0;2;4;2;B01
201700051667;1;33;0;0;2;4;2;B01
201700051667;1;7;0;0;2;1;2;A01
201700051668;2;7;0;0;2;2;2;A01
201700051668;2;7;0;6;0;6;2;B01
201700051669;2;7;0;2;0;8;14;A01
201700051670;1;34;0;13;0;8;13;A01
201700051671;1;7;0;14;1;3;21;A01
201700051671;1;7;0;14;0;1;21;B01
201700051672;1;7;0;0;2;6;13;B01
201700051672;1;7;0;0;2;1;2;C01
201700051672;1;7;0;0;2;2;17;A01
201700051673;1;7;0;3;2;8;2;C01
201700051673;1;7;0;0;2;5;2;D01
201700051673;1;15;0;0;2;1;2;A01
201700051673;1;7;0;0;2;4;2;E01
201700051673;1;7;0;3;2;8;2;B01
201700051674;2;15;0;0;9;4;20;B01
201700051674;2;7;0;0;2;1;21;A01
201700051675;1;7;0;2;0;7;14;A01
201700051676;2;7;0;0;2;3;5;A01
201700051676;1;7;0;0;2;8;0;C01
201700051676;1;7;0;0;2;3;17;B01
201700051677;2;7;0;0;2;4;2;D01
201700051677;2;7;0;0;2;4;2;B01
201700051677;2;7;0;0;2;5;2;C01
201700051677;2;10;0;0;2;1;2;A01
201700051678;2;15;0;0;2;2;2;A01
201700051678;2;7;0;0;2;4;2;B01
201700051678;2;7;0;0;2;4;23;C01
201700051678;2;7;0;0;2;4;23;D01
201700051679;2;7;0;0;2;4;1;B01
201700051679;2;7;0;0;2;8;23;C01
201700051679;2;7;0;0;2;1;2;A01
201700051680;1;7;0;0;2;3;9;A01
201700051680;1;7;0;0;2;7;1;B01
201700051681;1;7;0;0;2;1;2;A01
201700051681;1;7;0;0;2;4;2;B01
201700051682;2;7;0;0;2;4;23;B01
201700051682;2;10;0;0;2;1;2;A01
201700051683;2;17;0;0;0;0;3;Z01
201700051683;2;7;0;0;2;8;0;B01
201700051684;0;7;0;0;2;4;1;B01
201700051684;2;7;0;0;2;1;1;A01
201700051685;2;33;0;0;0;0;1;A01
201700051686;2;7;0;4;0;1;1;A01
201700051687;1;7;0;0;2;5;1;B01
201700051687;1;33;0;0;2;1;2;A01
201700051688;2;7;0;0;2;1;2;A01
201700051688;2;7;0;0;2;4;2;C01
201700051688;2;7;0;0;2;1;2;B01
201700051688;2;7;0;0;2;4;2;D01
201700051688;2;7;0;0;2;4;2;E01
201700051689;2;7;0;0;9;3;1;B01
201700051689;2;7;0;3;2;2;17;A01
201700051689;2;7;0;0;9;6;1;C01
201700051690;2;7;0;0;2;4;2;B01
201700051690;2;7;0;0;2;4;2;D01
201700051690;2;10;0;0;2;1;2;A01
201700051690;2;7;0;0;2;4;2;E01
201700051690;2;7;0;0;2;6;2;C01
201700051691;1;7;0;3;2;4;1;B01
201700051691;1;7;0;3;2;1;23;A01
201700051692;1;10;0;0;2;3;1;B01
201700051692;2;7;0;0;2;3;13;A01
201700051693;2;10;0;0;2;4;1;B01
201700051693;2;7;0;0;2;1;1;A01
201700051694;2;7;0;0;2;2;1;A01
201700051694;2;7;0;0;2;6;1;B01
201700051695;2;7;0;0;2;1;2;A01
201700051695;2;7;0;0;2;4;2;B01
201700051696;1;15;0;0;2;0;12;A01
201700051696;1;7;0;0;2;6;1;B01
201700051697;2;17;0;0;1;2;1;A01
201700051698;1;7;0;0;2;2;21;A01
201700051698;1;7;0;0;2;6;1;B01
201700051699;2;10;0;0;0;1;14;A01
201700051700;1;7;0;4;0;2;14;A01
201700051701;1;7;0;0;2;2;2;A01
201700051701;1;7;0;0;2;4;14;B01
201700051701;1;10;0;0;9;8;2;C01
201700051702;2;7;0;2;0;6;16;A01
201700051703;1;7;0;0;2;1;2;A01
201700051703;1;7;0;0;2;4;23;C01
201700051703;1;7;0;0;2;4;23;B01
201700051704;1;7;0;0;2;1;2;A01
201700051704;1;7;0;0;2;4;2;B01
201700051705;2;7;0;10;0;2;14;A01
201700051705;1;7;0;0;2;8;23;B01
201700051706;2;7;0;0;2;2;14;A01
201700051706;2;15;0;0;2;3;2;D01
201700051706;2;7;0;0;2;8;1;C01
201700051706;2;7;0;0;2;6;1;B01
201700051707;2;7;0;0;2;1;1;A01
201700051707;2;7;0;0;2;1;2;B01
201700051707;2;7;0;0;2;4;2;C01
201700051708;1;7;0;3;2;4;2;B01
201700051708;1;7;0;3;2;4;2;C01
201700051708;1;7;0;3;2;4;2;A01
201700051709;1;7;0;0;2;4;2;E01
201700051709;2;7;0;0;2;6;2;B01
201700051709;2;7;0;0;2;4;23;C01
201700051709;1;7;0;0;2;4;1;D01
201700051709;1;15;0;0;2;1;1;A01
201700051710;2;10;0;0;2;1;14;A01
201700051710;2;7;0;0;2;4;1;B01
201700051711;2;7;0;0;2;1;13;A01
201700051711;2;7;0;0;2;4;1;B01
201700051712;1;17;0;0;2;2;21;A01
201700051712;1;7;0;0;2;5;23;B01
201700051713;1;7;0;0;2;4;23;F01
201700051713;1;7;0;0;2;6;23;B02
201700051713;1;7;0;0;2;4;23;E01
201700051713;1;7;0;0;2;4;23;C01
201700051713;1;7;0;0;2;6;1;D01
201700051713;1;17;0;0;2;2;14;A02
201700051713;1;10;0;0;2;4;23;G01
201700051714;1;7;0;0;2;1;11;A01
201700051714;1;7;0;0;2;4;2;B01
201700051714;1;10;0;0;2;1;1;C01
201700051715;2;17;0;;;;;A01
201700051716;1;14;0;0;2;2;12;A01
201700051716;1;7;0;0;2;8;1;B01
201700051717;2;7;0;0;0;0;0;Z01
201700051717;2;7;0;3;0;4;2;A01
201700051718;1;17;0;0;2;4;1;C01
201700051718;1;10;0;0;2;4;2;B01
201700051718;1;14;0;0;2;1;2;A01
201700051719;0;33;0;3;0;7;16;A01
201700051720;2;7;0;4;0;6;1;A01
201700051720;2;7;0;0;2;1;0;Z01
201700051721;2;7;0;0;2;2;2;B01
201700051721;2;7;0;0;2;8;11;A01
201700051722;1;10;0;7;2;2;1;A01
201700051723;1;7;0;0;2;1;2;A01
201700051723;1;7;0;0;0;4;11;B01
201700051724;1;17;0;0;2;2;1;B01
201700051724;1;7;0;0;2;3;11;A01
201700051725;0;7;0;0;2;1;2;A01
201700051725;0;7;0;0;2;4;2;B01
201700051725;0;7;0;0;2;4;2;C01
201700051725;0;7;0;0;2;4;2;D01
201700051726;2;7;0;0;2;1;2;A01
201700051726;2;7;0;0;2;4;2;B01
201700051727;2;7;0;0;2;1;2;A01
201700051727;2;7;0;0;2;4;2;B01
201700051727;2;7;0;0;2;4;2;C01
201700051728;2;7;0;0;0;0;0;A01
201700051728;2;7;0;0;0;0;0;B01
201700051729;2;7;0;0;2;4;2;B01
201700051729;2;7;0;0;2;1;2;A01
201700051730;2;7;0;3;0;1;1;A01
201700051731;1;7;0;3;0;3;13;A01
201700051732;2;7;0;0;0;0;24;A01
201700051732;2;15;0;0;2;7;2;B01
201700051733;2;7;0;4;0;3;11;A01
201700051734;2;7;0;0;2;3;1;B01
201700051734;2;7;0;4;2;1;14;A01
201700051735;1;7;0;0;2;1;2;A01
201700051735;1;7;0;0;2;4;2;B01
201700051736;2;7;0;0;2;5;11;A01
201700051736;2;33;0;0;2;9;1;B01
201700051737;2;7;0;3;2;7;12;A01
201700051737;2;7;0;3;2;3;1;B01
201700051738;2;33;0;0;2;8;3;B01
201700051738;2;7;0;0;2;2;12;A01
201700051739;1;17;0;0;2;2;14;A01
201700051739;1;7;0;0;2;6;1;B01
201700051740;2;17;0;0;2;2;2;A01
201700051740;2;7;0;0;2;6;2;B01
201700051741;1;7;0;4;0;1;14;A01
201700051742;2;7;0;0;2;4;23;A01
201700051742;2;15;0;0;2;1;1;B01
201700051743;1;7;0;0;1;2;1;A01
201700051743;1;7;0;0;1;1;1;B01
201700051744;1;7;0;4;0;3;13;A01
201700051745;2;15;0;0;2;2;0;Z01
201700051745;2;7;0;4;2;6;1;A01
201700051746;1;32;0;12;0;7;16;A01
201700051747;1;7;0;0;0;8;23;B01
201700051747;1;17;0;1;0;2;14;A01
201700051747;1;7;0;0;0;4;23;C01
201700051748;1;7;0;0;2;1;1;A01
201700051748;1;7;0;0;0;4;23;C01
201700051748;1;7;0;0;2;4;23;B01
201700051749;2;7;0;4;2;1;5;A01
201700051749;2;10;0;0;2;1;1;C01
201700051749;2;33;0;0;2;1;1;B01
201700051750;2;7;0;0;2;1;1;A01
201700051750;2;7;0;0;2;4;0;B01
201700051750;2;7;0;0;2;4;0;C01
201700051751;1;7;0;4;0;1;14;A01
201700051752;1;7;0;3;0;0;0;B01
201700051752;1;7;0;0;2;4;14;A01
201700051753;1;7;0;4;0;9;0;A01
201700051754;1;7;0;1;0;3;3;A01
201700051754;1;7;0;1;2;7;23;D01
201700051754;1;7;0;0;2;7;23;B01
201700051754;1;7;0;1;2;4;23;C01
201700051755;2;7;0;1;0;2;1;B01
201700051755;2;7;0;0;2;3;2;A01
201700051756;1;7;0;0;1;1;1;A01