num_acc;senc;catv;occutc;obs;obsm;choc;manv;num_veh
201700051757;1;7;0;4;0;1;0;A01
201700051758;1;7;0;0;2;0;2;A01
201700051758;1;7;0;0;2;0;0;B01
201700051759;1;14;0;0;0;8;16;A01
201700051760;1;7;0;0;9;4;2;C01
201700051760;1;7;0;0;2;4;2;B01
201700051760;1;7;0;0;2;1;2;A01
201700051761;1;7;0;2;0;3;0;A01
201700051762;2;7;0;0;2;8;11;A01
201700051762;2;14;0;0;2;2;1;B01
201700051763;1;7;0;0;0;4;1;B01
201700051763;1;10;0;0;2;1;1;A01
201700051764;0;7;0;0;2;4;2;C01
201700051764;1;7;0;0;2;1;2;A01
201700051764;1;7;0;0;0;0;0;B01
201700051765;2;7;0;0;2;1;1;A01
201700051765;2;7;0;0;2;4;23;B01
201700051766;2;7;0;0;2;1;2;A01
201700051766;2;7;0;0;2;4;2;B01
201700051767;1;38;0;0;2;1;2;A01
201700051767;1;17;0;0;2;4;2;B01
201700051768;1;7;0;4;0;1;1;A01
201700051769;2;7;0;0;2;1;2;A01
201700051769;2;7;0;0;2;1;2;D01
201700051769;2;10;0;0;2;4;2;C01
201700051769;2;7;0;0;2;4;2;B01
201700051770;1;10;0;0;2;3;2;A01
201700051770;1;7;0;0;2;5;2;B01
201700051770;1;7;0;0;2;4;2;C01
201700051771;2;7;0;0;2;1;2;C01
201700051771;2;14;0;0;0;6;2;B01
201700051771;2;7;0;0;2;1;2;A01
201700051772;2;7;0;0;2;3;12;A01
201700051772;2;7;0;0;2;5;2;B01
201700051772;2;7;0;0;2;4;2;C01
201700051773;1;7;0;0;0;4;1;B01
201700051773;0;7;0;0;2;1;2;A01
201700051774;1;7;0;0;2;7;12;A01
201700051774;1;7;0;0;2;5;1;C01
201700051774;1;7;0;0;2;8;1;D01
201700051774;1;33;0;0;2;8;3;B01
201700051775;2;7;0;0;0;6;1;B01
201700051775;2;7;0;0;2;1;2;A01
201700051776;2;15;0;0;2;0;0;Z01
201700051776;2;7;0;0;2;7;0;B01
201700051777;2;33;0;0;0;9;2;A01
201700051778;2;7;0;0;2;1;2;A01
201700051778;2;7;0;0;2;4;23;B01
201700051778;2;7;0;0;2;4;23;C01
201700051778;2;10;0;0;2;4;23;D01
201700051779;2;7;0;0;0;0;0;A01
201700051779;2;7;0;0;0;0;0;Z01
201700051780;1;7;0;4;0;2;14;A01
201700051781;1;7;0;0;2;5;1;B01
201700051781;1;7;0;4;2;3;17;A01
201700051782;1;10;0;0;2;8;11;A01
201700051782;1;7;0;0;2;5;12;B01
201700051783;1;7;0;4;0;1;13;A01
201700051784;2;2;0;0;0;7;0;A01
201700051785;1;7;0;0;0;0;0;A01
201700051786;2;7;0;0;2;8;5;A01
201700051786;2;7;0;0;2;8;1;B01
201700051787;1;7;0;0;2;6;1;B01
201700051787;1;17;0;0;2;2;1;A01
201700051788;2;7;0;0;2;9;1;B01
201700051788;2;7;0;0;2;1;1;C01
201700051788;2;7;0;0;2;3;12;A01
201700051789;2;7;0;0;2;1;2;Z01
201700051789;2;7;0;0;2;4;1;B01
201700051790;2;7;0;0;2;1;2;A01
201700051790;2;7;0;0;2;4;2;B01
201700051790;2;7;0;0;2;4;2;C01
201700051791;2;7;0;15;0;3;12;A01
201700051792;2;38;0;0;1;1;0;A01
201700051793;2;7;0;1;0;3;1;A01
201700051793;2;7;0;4;0;3;23;B01
201700051794;1;34;0;0;0;7;0;A01
201700051794;1;10;0;0;0;5;0;B01
201700051795;2;7;0;14;2;1;14;A01
201700051795;2;7;0;0;0;4;2;B01
201700051796;2;7;0;0;2;3;14;A01
201700051796;2;7;0;0;2;5;23;B01
201700051796;2;7;0;0;2;4;23;C01
201700051796;2;7;0;0;2;4;23;D01
201700051797;2;7;0;0;2;4;1;B01
201700051797;2;10;0;0;2;1;1;A01
201700051798;1;7;0;0;0;5;14;A01
201700051798;1;33;0;0;2;1;1;B01
201700051799;1;10;0;0;2;7;11;Z01
201700051799;1;33;0;0;2;7;21;B01
201700051800;2;7;0;3;2;6;0;B01
201700051800;2;7;0;0;2;1;14;A01
201700051801;2;10;0;0;2;4;2;B01
201700051801;2;10;0;0;2;1;2;A01
201700051801;2;10;0;0;2;7;1;D01
201700051801;2;10;0;0;2;8;1;C01
201700051802;2;7;0;0;2;0;11;A01
201700051802;2;33;0;0;2;0;1;B01
201700051803;1;7;0;0;2;6;2;D01
201700051803;1;7;0;4;2;2;13;B01
201700051803;1;7;0;4;0;1;12;A01
201700051803;1;7;0;0;2;0;12;Z01
201700051803;1;7;0;0;2;8;2;C01
201700051804;2;7;0;0;2;8;11;A01
201700051804;2;33;0;0;2;7;3;B01
201700051805;2;10;0;0;2;1;2;A01
201700051805;2;7;0;0;2;4;23;B01
201700051805;2;7;0;0;2;4;23;C01
201700051806;2;7;0;0;2;1;2;A01
201700051806;2;7;0;0;2;4;2;B01
201700051806;2;7;0;0;2;6;1;C01
201700051807;2;7;0;0;2;5;2;D01
201700051807;2;7;0;0;2;4;2;C01
201700051807;2;7;0;0;2;4;2;B01
201700051807;2;7;0;0;2;6;2;E01
201700051807;2;7;0;0;2;1;2;A01
201700051808;1;10;0;0;2;1;2;A01
201700051808;1;7;0;0;2;4;23;B01
201700051808;1;7;0;0;2;4;23;C01
201700051809;2;33;0;0;2;8;12;B01
201700051809;2;7;0;0;2;7;17;A01
201700051810;1;17;0;0;2;8;1;B01
201700051810;1;10;0;0;2;5;14;A01
201700051811;2;17;0;0;2;2;2;A01
201700051811;2;10;0;0;2;4;2;E01
201700051811;2;10;0;0;2;4;2;D01
201700051811;2;10;0;0;2;4;2;B01
201700051811;2;10;0;0;2;4;2;C01
201700051812;1;33;0;0;2;4;9;B01
201700051812;1;7;0;0;2;0;0;Z01
201700051813;1;15;0;0;2;7;12;B01
201700051813;1;7;0;0;2;8;9;A01
201700051814;2;10;0;4;0;1;9;A01
201700051815;1;7;0;0;1;5;9;A01
201700051816;1;7;0;3;0;2;14;A01
201700051817;1;7;0;0;2;4;1;Z01
201700051817;1;34;0;14;2;3;1;A01
201700051818;1;7;0;0;2;1;2;A01
201700051818;1;7;0;0;2;4;1;B01
201700051819;1;7;0;0;2;1;2;A01
201700051819;1;7;0;3;2;4;2;B01
201700051820;2;7;0;0;2;3;1;B01
201700051820;2;7;0;4;2;3;1;A01
201700051821;1;7;0;4;0;2;1;A01
201700051822;2;33;0;4;2;1;6;A01
201700051823;1;7;0;0;2;3;1;A01
201700051823;1;7;0;0;2;5;1;B01
201700051824;2;7;0;0;2;5;13;A01
201700051824;2;33;0;0;2;8;3;B01
201700051825;2;7;0;0;2;3;1;A01
201700051825;2;33;0;0;2;7;12;B01
201700051826;2;7;0;4;0;3;1;A01
201700051827;2;15;0;0;2;3;2;A01
201700051827;2;15;0;0;2;5;2;B01
201700051828;2;7;0;3;2;3;13;A01
201700051828;2;7;0;3;2;3;1;B01
201700051828;2;33;0;0;2;3;1;C01
201700051829;2;7;0;0;0;1;0;A01
201700051829;2;7;0;0;0;4;0;B01
201700051829;2;7;0;0;0;4;0;C01
201700051830;2;7;0;0;0;1;0;C01
201700051830;2;7;0;0;0;4;0;E01
201700051830;2;7;0;2;0;4;1;A01
201700051830;2;13;0;0;0;1;0;B01
201700051830;2;7;0;0;0;1;0;D01
201700051831;2;17;0;0;2;4;2;B01
201700051831;2;7;0;0;2;1;2;A01
201700051832;1;7;0;0;2;8;1;B01
201700051832;1;7;0;0;2;2;12;A01
201700051833;2;7;0;0;2;6;1;B01
201700051833;2;7;0;0;2;2;12;A01
201700051834;1;7;0;0;2;3;11;B01
201700051834;1;33;0;0;2;2;3;A01
201700051834;1;7;0;0;0;0;0;T01
201700051835;2;14;0;4;0;2;14;A01
201700051836;1;7;0;0;2;1;12;A01
201700051836;1;7;0;0;2;4;1;B01
201700051837;1;7;0;0;2;6;11;Z01
201700051837;1;34;0;0;2;2;1;A01
201700051838;2;10;0;1;0;1;21;A01
201700051838;2;7;0;1;0;6;24;B01
201700051839;1;7;0;3;0;1;14;A01
201700051840;2;7;0;0;2;8;1;B01
201700051840;2;15;0;0;2;2;17;A01
201700051841;1;15;0;0;2;6;16;B01
201700051841;1;7;0;0;2;7;12;A01
201700051842;2;7;0;0;2;4;0;A01
201700051842;2;34;0;0;2;1;0;B01
201700051843;2;7;0;0;2;7;2;A01
201700051843;2;32;0;0;2;3;3;B01
201700051844;1;7;0;1;0;2;14;A01
201700051844;1;7;0;0;2;3;24;B01
201700051845;2;7;0;0;2;1;2;Z01
201700051845;2;7;0;0;2;4;1;B01
201700051846;2;7;0;0;2;6;1;C01
201700051846;2;7;0;0;2;6;1;B01
201700051846;2;33;0;0;2;1;13;A01
201700051847;1;10;0;4;2;2;2;A01
201700051847;1;7;0;0;2;7;2;B01
201700051848;1;33;0;4;0;8;13;A01
201700051849;2;7;0;0;2;1;2;Z01
201700051849;2;7;0;0;2;1;2;A01
201700051849;2;7;0;0;2;4;23;B01
201700051850;1;7;0;0;2;8;5;A01
201700051850;1;7;0;0;2;8;1;B01
201700051851;2;7;0;3;0;9;0;B01
201700051851;2;7;0;0;0;0;17;Z01
201700051852;2;7;0;0;2;4;12;A01
201700051852;2;33;0;0;2;0;0;B01
201700051853;2;7;0;0;2;8;1;E02
201700051853;2;7;0;0;2;7;0;B02
201700051853;1;7;0;0;2;8;17;A01
201700051853;2;7;0;0;2;4;0;G01
201700051853;2;7;0;0;2;5;0;F01
201700051853;2;7;0;0;2;4;0;D01
201700051853;2;7;0;0;2;3;0;C01
201700051854;2;7;0;0;2;1;12;A01
201700051854;2;7;0;0;2;4;23;B01
201700051855;1;17;0;0;2;0;12;Z01
201700051855;1;7;0;4;2;3;12;A01
201700051856;2;7;0;0;2;1;12;A01
201700051856;2;10;0;0;2;6;1;B01
201700051857;1;17;0;0;2;2;21;A01
201700051857;1;15;0;0;2;5;2;B01
201700051858;1;33;0;0;2;1;2;A01
201700051858;1;7;0;0;2;4;2;B01
201700051859;1;7;0;0;2;1;2;A01
201700051859;1;7;0;0;2;4;2;B01
201700051859;1;7;0;0;2;4;2;C01
201700051860;1;7;0;0;2;3;11;A01
201700051860;1;33;0;0;2;7;3;B01
201700051860;1;7;0;0;2;5;1;C01
201700051860;1;7;0;0;2;0;1;D01
201700051860;1;7;0;0;2;0;1;E01
201700051861;2;7;0;0;2;1;2;A01
201700051861;2;7;0;0;2;4;2;B01
201700051861;2;7;0;0;2;4;1;C01
201700051862;1;15;0;0;2;2;12;A01
201700051862;1;7;0;0;2;8;1;B01
201700051863;1;10;0;0;2;6;0;B01
201700051863;1;31;0;0;2;1;3;A01
201700051864;2;7;0;0;9;1;1;C01
201700051864;2;7;0;0;2;1;17;B01
201700051864;2;7;0;0;2;1;16;A01
201700051865;1;10;0;4;0;1;16;A01
201700051866;2;7;0;0;2;7;24;B01
201700051866;2;15;0;1;0;8;11;Z01
201700051867;2;7;0;3;0;0;0;A01
201700051868;2;33;0;0;2;2;3;B01
201700051868;2;7;0;0;2;8;11;A01
201700051869;2;33;0;0;2;5;0;B01
201700051869;2;33;0;0;2;1;0;A01
201700051870;1;7;0;0;2;1;2;A01
201700051870;1;7;0;0;2;4;2;C01
201700051870;1;7;0;0;2;1;2;E01
201700051870;1;7;0;0;2;4;2;D01
201700051870;1;7;0;0;2;4;2;B01
201700051871;2;7;0;0;2;1;2;A01
201700051871;2;7;0;0;2;4;2;B01
201700051872;1;7;0;13;0;2;14;A01
201700051873;2;7;0;0;2;4;2;E01
201700051873;2;7;0;0;2;1;1;A01
201700051873;2;7;0;0;2;4;2;D01
201700051873;2;7;0;0;2;4;23;B01
201700051873;2;7;0;0;2;4;2;C01
201700051874;1;7;0;3;0;3;2;A01
201700051875;1;7;0;0;2;4;23;B01
201700051875;1;7;0;0;2;6;23;C01
201700051875;1;7;0;0;2;2;2;A01
201700051875;1;7;0;0;2;6;23;D01
201700051876;2;7;0;0;2;8;18;A01
201700051876;2;7;0;0;2;2;1;B01
201700051876;2;10;0;0;0;0;1;T01
201700051877;1;10;0;0;0;6;1;B01
201700051877;1;15;0;0;2;2;12;A01
201700051878;1;7;0;0;2;1;2;A01
201700051878;1;7;0;0;2;4;1;B01
201700051879;1;7;0;0;2;4;23;B01
201700051879;1;33;0;0;2;1;2;A01
201700051880;2;10;0;0;2;2;12;A01
201700051880;2;7;0;0;2;6;11;B01
201700051881;2;17;0;3;2;1;2;A01
201700051881;2;17;0;0;2;4;2;B01
201700051882;1;7;0;0;2;4;2;C01
201700051882;1;7;0;0;2;5;2;B01
201700051882;1;10;0;0;2;3;2;A01
201700051883;2;7;0;0;2;1;2;A01
201700051883;2;7;0;0;2;4;2;B01
201700051883;2;7;0;0;2;4;2;C01
201700051883;2;7;0;0;0;4;2;D01
201700051884;1;7;0;0;2;4;23;B01
201700051884;1;7;0;0;2;4;2;C01
201700051884;1;7;0;0;2;1;2;A01
201700051885;1;7;0;0;2;3;13;A01
201700051885;1;7;0;0;2;7;1;B01
201700051886;2;7;0;0;2;3;11;A01
201700051886;2;14;0;0;2;2;12;B01
201700051887;2;10;0;0;2;1;2;A01
201700051887;2;10;0;0;2;4;2;C01
201700051887;2;10;0;0;2;4;2;B01
201700051887;2;10;0;0;2;5;2;D01
201700051888;2;7;0;0;2;5;11;A01
201700051888;2;31;0;0;2;1;1;B01
201700051888;2;7;0;0;2;3;1;D01
201700051888;2;7;0;0;2;8;1;C01
201700051889;1;7;0;0;2;4;1;B01
201700051889;1;7;0;0;2;1;2;A01
201700051890;2;7;0;0;2;8;11;A01
201700051890;2;31;0;0;2;7;17;B01
201700051891;1;7;0;0;2;8;0;A01
201700051891;1;7;0;0;2;4;0;B01
201700051891;1;7;0;0;2;4;0;C01
201700051892;2;7;0;0;2;4;2;C01
201700051892;2;7;0;0;2;4;2;E01
201700051892;2;7;0;0;2;1;2;A01
201700051892;2;7;0;0;2;4;2;B01
201700051892;2;7;0;0;2;4;2;D01
201700051893;1;7;0;4;0;1;14;A01
201700051893;1;7;0;0;0;4;0;B01
201700051893;1;7;0;0;0;0;0;T01
201700051894;1;10;0;0;2;1;12;A01
201700051894;1;10;0;0;2;4;2;C01
201700051894;1;10;0;0;2;4;23;B01
201700051895;1;7;0;0;2;1;2;A01
201700051895;1;7;0;0;2;4;2;B01
201700051895;1;7;0;0;2;1;2;C01
201700051895;1;7;0;0;2;4;2;D01
201700051895;1;7;0;0;2;4;2;E01
201700051895;1;7;0;0;2;4;2;F02
201700051896;1;7;0;0;2;8;1;C01
201700051896;1;7;0;0;2;8;21;A01
201700051896;1;7;0;0;2;8;1;B01
201700051897;1;7;0;0;1;2;2;A01
201700051897;2;10;0;0;1;0;1;B01
201700051898;1;7;0;0;9;3;1;F02
201700051898;1;7;0;0;2;4;23;G01
201700051898;1;7;0;0;2;4;1;D01
201700051898;1;15;0;0;2;1;1;A01
201700051898;1;7;0;0;2;8;1;E01
201700051898;1;10;0;0;2;5;23;B02
201700051898;1;7;0;0;2;4;23;C01
201700051899;1;7;0;0;2;1;0;A01
201700051899;1;7;0;0;2;1;0;C01
201700051899;1;7;0;0;2;4;0;B01
201700051900;1;10;0;0;2;0;2;A01
201700051900;1;7;0;0;9;9;2;B01
201700051901;2;16;0;0;2;2;12;A01
201700051901;2;7;0;0;2;6;1;B01
201700051902;1;7;0;14;2;2;2;B01
201700051902;1;7;0;3;0;7;14;A01
201700051903;2;7;0;0;2;4;1;C01
201700051903;2;7;0;0;2;4;2;B01
201700051903;2;15;0;0;2;3;2;A01
201700051904;1;7;0;13;0;1;0;A01
201700051905;1;7;0;15;0;2;14;A01
201700051906;2;7;0;0;2;1;2;A01
201700051906;2;7;0;0;2;4;2;B01
201700051907;1;7;0;0;2;1;1;B01
201700051907;1;7;0;0;2;4;4;Z01
201700051908;2;7;0;0;2;4;2;B01
201700051908;2;13;0;0;2;4;2;A01
201700051909;2;7;0;4;0;1;9;A01
201700051910;2;33;0;0;0;8;1;A01
201700051911;1;7;0;0;2;3;11;A01
201700051911;1;33;0;0;2;7;2;B01
201700051912;1;7;0;0;2;1;2;A01
201700051912;1;7;0;0;2;4;2;B01
201700051913;1;7;0;3;0;3;11;A01
201700051914;1;7;0;0;2;2;12;A01
201700051914;1;17;0;3;0;6;1;B01
201700051915;2;7;0;0;2;4;0;B01
201700051915;1;7;0;0;2;7;1;A01
201700051916;1;33;0;12;0;1;1;A01
201700051917;2;7;0;0;2;4;2;B01
201700051917;2;7;0;0;2;1;2;A01
201700051918;1;7;0;0;2;1;2;A01
201700051918;1;7;0;0;2;4;2;B01
201700051919;2;7;0;12;0;3;13;A01
201700051920;2;7;0;0;2;3;13;A01
201700051920;2;7;0;3;2;7;17;B01
201700051921;1;7;0;0;2;4;23;B01
201700051921;1;7;0;0;2;1;2;A01
201700051922;2;7;0;0;2;4;1;B01
201700051922;2;7;0;0;2;1;2;A01
201700051923;1;10;0;0;2;4;1;D01
201700051923;1;7;0;0;2;4;2;C01
201700051923;1;7;0;0;2;4;2;B01
201700051923;1;10;0;0;2;1;2;A01
201700051924;1;7;0;0;0;0;11;B01
201700051924;1;32;0;0;0;0;3;A01
201700051925;1;31;0;0;2;1;3;A01
201700051925;1;7;0;0;2;4;11;B01
201700051926;1;10;0;0;2;4;23;C01
201700051926;1;7;0;0;2;4;23;B01
201700051926;1;7;0;0;2;1;2;A01
201700051927;2;7;0;0;2;1;14;A01
201700051927;2;7;0;0;2;6;1;B01
201700051928;2;7;0;4;0;2;21;B01
201700051928;2;7;0;4;0;3;13;A01
201700051929;1;7;0;4;0;9;13;A01
201700051929;1;7;0;4;0;1;21;E01
201700051929;1;7;0;0;0;0;23;D01
201700051929;1;10;0;0;2;4;23;C01
201700051929;1;10;0;4;2;5;21;B01
201700051930;2;31;0;0;2;1;2;A01
201700051930;2;7;0;0;2;4;1;B01
201700051931;2;31;0;0;0;8;1;A01
201700051932;2;7;0;3;0;9;16;A01
201700051933;2;7;0;0;2;5;1;B01
201700051933;2;7;0;0;2;5;1;C01
201700051933;2;7;0;0;2;3;13;A01
201700051934;1;7;0;0;2;3;14;E01
201700051934;1;10;0;4;2;9;13;A01
201700051934;1;7;0;0;2;3;1;C01
201700051934;1;7;0;0;2;1;2;B01
201700051934;1;7;0;0;2;1;1;D01
201700051935;2;7;0;0;2;1;2;A01
201700051935;2;7;0;0;2;4;1;B01
201700051936;2;7;0;12;0;2;14;A01
201700051937;2;7;0;0;2;8;11;A01
201700051937;2;33;0;0;2;7;3;B01
201700051938;2;7;0;0;2;4;23;C01
201700051938;2;7;0;0;2;4;23;B01
201700051938;2;7;0;0;2;1;2;A01
201700051939;1;7;0;0;2;6;1;B01
201700051939;1;33;0;0;2;1;2;A01
201700051940;1;10;0;4;0;1;13;A01
201700051941;2;7;0;0;2;4;23;D01
201700051941;2;7;0;0;2;4;23;B01
201700051941;2;7;0;0;2;1;2;A01
201700051941;2;7;0;0;2;4;23;C01
201700051942;2;33;0;3;2;7;3;C01
201700051942;2;7;0;0;2;8;9;A01
201700051942;2;17;0;0;2;2;1;B01
201700051943;2;7;0;0;2;1;1;A01
201700051943;2;7;0;0;2;8;23;B01
201700051944;1;7;0;0;2;4;1;B01
201700051944;1;7;0;0;2;1;2;A01
201700051945;1;7;0;4;2;5;1;B01
201700051945;1;7;0;4;2;3;18;A01
201700051946;1;7;0;0;2;6;1;B01
201700051946;1;7;0;0;2;2;11;A01
201700051947;2;7;0;0;0;0;2;A01
201700051947;2;7;0;3;0;2;21;B01
201700051948;2;33;0;3;0;1;1;A01
201700051949;2;7;0;0;2;3;1;B01
201700051949;2;7;0;0;2;4;1;C01
201700051949;2;7;0;0;2;1;12;A01
201700051950;2;7;0;0;2;4;23;B01
201700051950;2;33;0;0;2;1;2;A01
201700051951;1;7;0;0;2;3;21;B01
201700051951;1;7;0;0;2;5;12;A01
201700051952;2;7;0;0;2;4;2;C01
201700051952;2;7;0;0;2;1;2;D01
201700051952;2;7;0;0;2;1;2;A01
201700051952;2;7;0;0;2;4;2;B01
201700051953;2;7;0;0;2;4;23;B01
201700051953;2;7;0;0;2;4;23;C01
201700051953;2;7;0;0;2;1;2;A01
201700051954;2;7;0;0;2;5;1;B01
201700051954;2;33;0;0;2;1;11;A01
201700051954;2;7;0;0;2;6;1;C01
201700051955;1;10;0;0;2;6;1;B01
201700051955;1;7;0;4;2;1;21;A01
201700051956;2;7;0;14;0;3;14;E01
201700051956;2;33;0;4;0;8;13;A01
201700051956;2;7;0;14;0;1;1;D01
201700051956;2;31;0;0;2;6;1;C01
201700051956;2;14;0;14;0;0;21;B01
201700051957;2;7;0;0;9;4;2;B01
201700051957;2;7;0;0;2;1;2;A01
201700051958;1;7;0;0;2;1;2;A01
201700051958;1;7;0;0;2;4;1;B01
201700051959;1;31;0;0;0;0;11;B01
201700051959;1;31;0;0;0;3;3;A01
201700051960;1;15;0;0;9;4;1;A01
201700051960;1;34;0;0;9;1;2;B01
201700051961;2;7;0;0;2;1;2;A01
201700051961;2;7;0;0;2;4;1;B01
201700051962;2;7;0;0;2;4;1;C01
201700051962;2;7;0;0;2;1;2;A01
201700051962;2;7;0;0;2;4;1;B01
201700051963;1;34;0;4;0;7;14;A01
201700051964;1;34;0;0;2;1;2;A01
201700051964;1;10;0;0;2;5;1;B01
201700051965;1;7;0;0;2;4;23;B01
201700051965;1;7;0;0;2;1;2;A01
201700051966;2;33;0;0;2;1;3;A01
201700051966;2;7;0;0;2;6;23;B01
201700051967;2;7;0;0;2;2;1;A01
201700051967;2;7;0;0;2;6;17;B01
201700051968;2;7;0;0;2;1;2;A01
201700051968;2;7;0;0;2;4;1;B01
201700051969;2;34;0;4;0;0;2;A01
201700051970;2;7;0;0;2;4;23;C01
201700051970;2;7;0;0;2;1;2;A01
201700051970;2;7;0;0;2;4;23;D01
201700051970;2;7;0;0;2;4;23;B01
201700051970;2;7;0;0;2;4;23;E01
201700051971;2;7;0;0;2;4;23;A01
201700051971;2;7;0;0;2;1;21;B01
201700051971;2;7;0;0;2;1;2;C01
201700051972;1;7;0;0;2;8;1;B01
201700051972;1;10;0;0;2;4;1;C01
201700051972;1;34;0;0;2;2;3;A01
201700051973;1;33;0;0;2;1;1;B01
201700051973;1;10;0;0;2;3;11;A01
201700051974;2;7;0;2;0;1;19;A01
201700051975;1;7;0;4;2;6;18;A01
201700051975;1;7;0;4;2;2;1;B01
201700051976;2;7;0;0;2;8;11;A01
201700051976;2;31;0;0;2;8;3;B01
201700051977;1;7;0;0;2;3;1;A01
201700051977;1;7;0;0;2;6;11;B01
201700051978;1;10;0;0;2;1;2;A01
201700051978;1;7;0;0;2;4;1;B01
201700051979;1;14;0;6;0;2;14;A01
201700051980;1;7;0;0;2;8;1;B01
201700051980;1;14;0;0;2;1;12;A01
201700051981;2;7;0;0;2;1;21;B01
201700051981;2;7;0;4;2;5;18;A01
201700051982;2;14;0;0;2;2;12;A01
201700051982;2;7;0;0;2;8;1;B01
201700051983;1;7;0;0;2;2;2;A01
201700051983;1;7;0;0;2;4;23;B01
201700051983;1;7;0;0;2;4;23;C01
201700051984;2;34;0;0;2;1;3;A01
201700051984;2;7;0;0;2;6;1;C01
201700051984;2;7;0;0;2;5;1;B01
201700051985;2;7;0;0;2;1;5;A01
201700051985;1;7;0;0;2;1;21;B01
201700051986;2;7;0;0;2;4;1;C01
201700051986;2;7;0;0;2;4;2;B01
201700051986;2;7;0;0;2;1;2;A01
201700051987;1;7;0;0;2;1;2;A01
201700051987;1;7;0;0;2;4;23;B01
201700051987;1;7;0;0;2;4;23;C01
201700051988;1;7;0;12;0;3;13;A01
201700051989;2;33;0;0;2;1;3;A01
201700051989;2;7;0;0;2;8;11;B01
201700051990;1;10;0;0;2;1;2;A01
201700051990;1;7;0;0;2;4;23;B01
201700051991;1;7;0;0;2;4;1;B01
201700051991;1;7;0;0;2;1;2;A01
201700051992;2;7;0;0;2;2;2;A01
201700051992;2;32;0;0;2;4;1;B01
201700051993;2;7;0;0;2;6;1;B01
201700051993;2;7;0;3;2;2;13;A01
201700051994;1;33;0;0;2;1;2;A01
201700051994;1;7;0;0;2;4;23;B01
201700051995;1;7;0;0;2;7;14;A01
201700051995;1;7;0;4;2;8;1;B01
201700051996;1;7;0;0;2;4;23;B01
201700051996;1;10;0;0;2;1;2;A01
201700051997;1;7;0;0;2;1;2;A01
201700051997;1;7;0;0;2;4;1;B01
201700051998;1;33;0;0;2;1;2;A01
201700051998;1;7;0;0;2;6;1;B01
201700051999;2;7;0;0;2;4;1;D01
201700051999;2;7;0;0;2;4;1;C01
201700051999;2;7;0;0;2;1;2;A01
201700051999;2;7;0;0;2;4;1;B01
201700052000;2;7;0;0;2;4;23;B01
201700052000;2;10;0;0;2;1;2;A01
201700052001;1;7;0;0;2;6;1;B01
201700052001;1;15;0;0;2;2;12;A01
201700052002;1;33;0;0;2;1;2;A01
201700052003;1;7;0;0;2;1;2;A01
201700052003;1;7;0;0;2;4;23;B01
201700052003;1;7;0;0;2;4;23;C01
201700052004;2;10;0;0;2;1;2;A01
201700052004;2;7;0;0;2;6;23;C01
201700052004;2;7;0;0;2;4;23;B01
201700052005;2;7;0;3;0;3;21;B01
201700052005;2;7;0;0;0;0;12;A01
201700052006;2;7;0;0;2;4;2;C01
201700052006;2;7;0;0;2;4;2;D01
201700052006;2;7;0;0;2;1;2;B01
201700052006;2;7;0;0;2;1;2;A01
201700052007;1;7;0;0;2;4;1;B01
201700052007;1;7;0;0;2;1;1;A01
201700052007;1;7;0;0;2;4;1;C01
201700052008;1;7;0;0;2;4;23;B01
201700052008;1;7;0;0;2;1;2;A01
201700052009;1;33;0;0;0;8;3;A01
201700052009;1;7;0;0;0;0;1;T01
201700052010;1;7;0;0;2;3;21;D01
201700052010;1;7;0;0;2;1;21;B01
201700052010;1;7;0;4;2;3;14;A01
201700052010;1;7;0;0;2;5;21;C01
201700052011;1;13;0;0;2;1;0;D01
201700052011;1;7;0;0;2;4;2;B01
201700052011;1;7;0;0;2;4;2;A01
201700052011;1;7;0;0;2;4;2;C01
201700052012;2;7;0;14;0;1;2;B01
201700052012;2;7;0;0;2;4;2;A01
201700052013;1;7;0;0;9;4;2;A01
201700052013;1;7;0;0;2;1;2;B01
201700052014;1;7;0;3;0;1;0;A01
201700052015;1;14;0;0;2;1;2;B01
201700052015;1;7;0;0;2;6;2;A01
201700052016;2;7;0;0;2;4;0;A01
201700052016;2;7;0;0;2;1;0;B01
201700052017;1;7;0;0;2;1;1;B01
201700052017;1;7;0;0;2;4;1;A01
201700052018;2;13;0;0;2;3;13;B01
201700052018;2;7;0;0;2;2;17;A01
201700052019;1;7;0;0;2;2;2;B01
201700052019;1;7;0;0;2;8;0;A01
201700052020;1;7;0;0;2;5;2;A01
201700052020;1;7;0;0;2;1;2;B01
201700052021;1;7;0;6;0;1;2;A01
201700052022;1;7;0;4;0;1;21;A01
201700052023;2;7;0;13;0;1;14;A01
201700052024;2;7;0;0;2;1;1;C01
201700052024;2;7;0;0;2;6;1;A01
201700052024;2;7;0;0;2;1;1;B01
201700052025;1;7;0;0;2;4;2;B01
201700052025;1;7;0;0;2;4;2;A01
201700052025;1;7;0;0;2;1;2;C01
201700052026;2;7;0;3;0;1;1;A01
201700052027;1;7;0;0;2;1;2;C01
201700052027;1;7;0;0;2;4;23;A01
201700052027;1;7;0;0;2;4;23;B01
201700052028;1;10;0;11;0;1;2;A01
201700052029;1;7;0;0;2;4;1;A01
201700052029;1;7;0;0;0;0;0;Z01
201700052030;2;7;0;0;2;1;1;A01
201700052030;2;7;0;0;0;0;0;B01
201700052031;1;7;0;0;2;4;24;B01
201700052031;1;7;0;1;0;2;14;A01
201700052032;2;7;0;0;0;4;2;C01
201700052032;2;7;0;0;0;5;1;B01