num_acc;senc;catv;occutc;obs;obsm;choc;manv;num_veh
201700052032;2;7;0;0;2;1;2;A01
201700052033;0;7;0;0;2;1;1;C01
201700052033;1;7;0;0;0;4;2;A01
201700052033;1;7;0;0;2;1;2;B01
201700052034;1;7;0;3;0;3;0;A01
201700052035;2;7;0;0;2;1;2;C01
201700052035;2;7;0;0;2;4;2;A01
201700052035;2;7;0;0;2;4;2;B01
201700052036;2;10;0;0;0;4;1;A01
201700052036;2;7;0;0;2;1;1;B01
201700052037;2;33;0;0;0;0;0;T01
201700052037;2;32;0;0;2;8;2;B01
201700052037;2;7;0;0;2;7;1;A01
201700052038;2;7;0;3;2;4;2;B01
201700052038;1;7;0;3;2;2;0;C01
201700052038;2;7;0;3;2;1;0;D01
201700052038;2;7;0;0;0;0;0;Z01
201700052039;1;7;0;0;2;1;2;C01
201700052039;1;7;0;0;2;4;2;A01
201700052039;1;7;0;0;2;4;2;B01
201700052040;2;7;0;0;2;4;23;A01
201700052040;2;10;0;0;2;1;2;C01
201700052040;2;7;0;0;2;4;2;B01
201700052040;2;7;0;0;2;1;2;D01
201700052041;1;7;0;3;0;3;19;A01
201700052042;1;7;0;11;0;1;1;A01
201700052043;2;7;0;0;2;4;1;D01
201700052043;2;7;0;0;2;1;2;C01
201700052043;2;7;0;0;2;1;2;A01
201700052043;2;7;0;0;2;9;2;B01
201700052044;2;7;0;0;2;0;0;C01
201700052044;2;7;0;0;2;1;2;B01
201700052044;2;7;0;0;2;4;2;A01
201700052045;2;7;0;4;2;0;2;C01
201700052045;2;7;0;4;2;4;0;A01
201700052045;2;7;0;0;2;1;2;D01
201700052045;2;7;0;4;2;0;0;B01
201700052046;1;7;0;6;0;2;14;A01
201700052047;2;7;0;4;0;8;1;A01
201700052048;1;7;0;0;2;3;13;A01
201700052048;1;33;0;0;2;7;0;B01
201700052049;2;7;0;0;9;4;1;B01
201700052049;2;7;0;0;2;1;2;A01
201700052050;1;7;0;4;2;2;9;B01
201700052050;1;7;0;3;2;6;9;A01
201700052051;1;7;0;3;2;3;1;B01
201700052051;1;7;0;3;2;3;1;A01
201700052052;2;7;0;0;1;2;1;A01
201700052053;1;7;0;0;2;4;1;D01
201700052053;1;7;0;0;2;5;0;B01
201700052053;1;7;0;0;2;4;2;C01
201700052053;1;7;0;0;2;3;0;A01
201700052054;1;7;0;4;0;1;2;A01
201700052055;1;7;0;0;2;4;2;E01
201700052055;1;7;0;0;2;1;2;A01
201700052055;1;7;0;0;2;4;2;B01
201700052055;1;7;0;0;2;4;2;D01
201700052055;1;10;0;0;2;4;2;C01
201700052056;2;7;0;0;0;0;2;Z01
201700052056;2;7;0;3;0;1;14;A01
201700052057;2;7;0;0;2;8;2;B01
201700052057;2;34;0;0;2;8;1;A01
201700052058;1;7;0;0;2;1;1;B01
201700052058;1;10;0;0;2;4;2;A01
201700052059;2;7;0;0;2;1;2;C01
201700052059;2;7;0;0;2;4;2;A01
201700052059;2;10;0;0;2;1;2;B01
201700052060;2;7;0;4;0;7;1;A01
201700052061;1;7;0;3;0;9;0;A01
201700052062;2;7;0;4;0;2;21;A01
201700052063;1;7;0;0;0;5;1;A01
201700052064;2;7;0;0;2;1;2;A01
201700052064;2;7;0;0;0;0;0;T01
201700052064;2;7;0;0;2;3;0;B01
201700052065;2;7;0;0;0;4;2;B01
201700052065;2;7;0;0;2;2;2;A01
201700052065;2;7;0;0;0;3;2;C01
201700052066;2;7;0;1;0;1;9;B01
201700052066;2;7;0;1;0;6;0;A01
201700052067;2;17;0;0;2;0;0;Z01
201700052067;2;7;0;0;2;7;17;A01
201700052068;1;7;0;0;2;0;0;A01
201700052068;1;7;0;0;2;4;2;B01
201700052068;1;7;0;0;2;4;12;C01
201700052069;2;7;0;0;0;9;2;A01
201700052070;2;7;0;0;2;1;2;B01
201700052070;2;7;0;0;2;4;1;A01
201700052071;1;7;0;0;2;4;2;A01
201700052071;1;7;0;0;2;1;2;B01
201700052072;0;7;0;0;2;1;0;B01
201700052072;0;7;0;0;2;4;1;A01
201700052073;1;7;0;13;0;9;2;A01
201700052074;2;7;0;0;0;4;2;B01
201700052074;2;7;0;0;0;0;0;A01
201700052075;1;33;0;4;2;2;0;A01
201700052075;1;7;0;0;2;6;13;Z01
201700052076;1;7;0;3;0;1;1;A01
201700052077;1;33;0;0;0;1;1;A01
201700052078;1;7;0;0;2;4;2;A01
201700052078;1;7;0;0;2;1;2;B01
201700052079;1;7;0;0;0;0;0;C01
201700052079;2;7;0;0;2;0;1;B01
201700052079;1;7;0;0;0;0;0;A01
201700052080;2;7;0;4;0;3;1;A01
201700052081;1;7;0;0;2;4;1;A01
201700052081;1;33;0;0;2;0;0;B01
201700052081;1;7;0;0;2;7;9;C01
201700052082;1;7;0;0;2;1;2;A01
201700052082;1;10;0;0;2;4;0;B01
201700052083;2;7;0;0;2;6;1;A01
201700052084;2;7;0;3;0;3;13;A01
201700052085;1;7;0;0;2;4;2;B01
201700052085;0;7;0;0;2;1;2;C01
201700052085;1;7;0;0;2;4;2;A01
201700052086;1;7;0;6;0;2;1;A01
201700052087;2;7;0;0;2;1;0;B01
201700052087;2;7;0;0;2;4;1;A01
201700052088;1;7;0;0;2;1;0;C01
201700052088;1;7;0;0;2;4;0;A01
201700052088;1;7;0;0;2;4;0;B01
201700052089;1;7;0;3;2;1;2;B01
201700052089;1;7;0;3;2;4;2;A01
201700052090;2;7;0;0;2;4;2;A01
201700052090;2;7;0;0;2;1;2;B01
201700052091;2;7;0;0;0;9;9;A01
201700052092;1;7;0;4;0;3;13;A01
201700052093;1;33;0;14;0;0;2;A01
201700052094;1;7;0;3;0;1;1;A01
201700052095;1;7;0;0;2;4;2;A01
201700052095;1;7;0;0;2;1;2;B01
201700052096;2;7;0;13;0;1;14;A01
201700052097;1;7;0;0;2;4;2;B01
201700052097;1;7;0;0;2;1;9;C01
201700052097;1;7;0;0;2;0;2;A01
201700052098;1;7;0;0;2;2;0;B01
201700052098;1;7;0;0;2;4;0;A01
201700052099;1;7;0;0;2;4;1;A01
201700052099;1;7;0;0;2;1;2;B01
201700052100;1;14;0;0;2;2;23;B01
201700052100;1;7;0;0;2;4;2;A01
201700052101;1;7;0;0;2;1;2;C01
201700052101;1;7;0;0;2;4;2;B01
201700052101;1;7;0;0;2;4;2;A01
201700052102;1;7;0;0;2;6;2;A01
201700052102;1;10;0;0;2;2;2;B01
201700052102;1;7;0;0;2;2;0;C01
201700052103;1;7;0;0;2;4;2;A01
201700052103;1;7;0;0;2;1;2;B01
201700052104;2;7;0;0;2;4;1;A01
201700052104;2;7;0;0;2;4;1;B01
201700052104;2;7;0;0;2;1;1;C01
201700052105;1;7;0;3;0;9;2;A01
201700052106;1;10;0;0;2;1;0;B01
201700052106;1;7;0;0;0;0;0;T01
201700052106;1;7;0;0;0;4;2;A01
201700052107;2;7;0;0;0;4;1;A01
201700052107;2;7;0;0;2;1;2;B01
201700052108;0;7;0;0;2;4;0;A01
201700052108;0;7;0;0;0;0;0;C01
201700052108;2;7;0;0;2;0;0;B01
201700052109;0;13;0;0;2;1;2;B01
201700052109;2;7;0;0;0;4;2;A01
201700052110;1;32;0;0;0;7;0;A01
201700052111;1;7;0;4;0;2;2;A01
201700052112;2;7;0;0;2;8;0;B01
201700052112;2;7;0;0;0;8;1;A01
201700052113;2;7;0;0;0;1;2;B01
201700052113;2;7;0;0;0;4;0;A01
201700052114;2;7;0;0;2;1;0;B01
201700052114;2;7;0;0;2;4;0;A01
201700052115;2;7;0;3;0;7;0;A01
201700052116;1;7;0;0;2;4;1;A01
201700052116;1;7;0;0;2;1;2;B01
201700052117;2;7;0;4;0;2;14;A01
201700052118;1;7;0;3;0;7;0;A01
201700052119;1;7;0;0;2;1;2;C01
201700052119;1;7;0;0;2;4;2;A01
201700052119;1;7;0;0;2;4;1;B01
201700052120;1;7;0;0;2;1;2;B01
201700052120;1;7;0;0;2;4;2;A01
201700052121;1;34;0;0;2;0;1;A01
201700052122;1;7;0;0;2;4;1;B01
201700052122;1;7;0;0;2;1;1;A01
201700052123;2;7;0;3;9;1;0;A01
201700052124;2;7;0;0;2;4;2;C01
201700052124;2;10;0;0;2;4;2;A01
201700052124;2;7;0;0;2;4;2;B01
201700052124;2;7;0;0;2;1;2;D01
201700052125;1;10;0;0;2;7;14;A01
201700052125;2;7;0;0;2;1;1;B01
201700052125;2;7;0;0;2;1;1;C01
201700052126;2;7;0;4;0;3;0;A01
201700052127;1;7;0;0;2;1;2;B01
201700052127;1;7;0;0;2;4;2;A01
201700052128;1;7;0;0;2;1;1;A01
201700052128;1;7;0;0;2;7;1;C01
201700052128;1;7;0;0;2;4;1;B01
201700052129;2;7;0;0;2;4;0;E01
201700052129;2;7;0;0;2;4;2;B01
201700052129;1;7;0;0;2;4;2;A02
201700052129;2;7;0;0;2;4;2;D01
201700052129;2;7;0;0;2;4;2;C02
201700052129;2;7;0;0;2;1;2;G01
201700052129;2;7;0;0;2;0;2;F01
201700052130;1;7;0;0;2;4;1;A01
201700052130;1;7;0;0;2;1;2;B01
201700052130;1;7;0;0;2;1;2;D01
201700052130;1;7;0;0;2;1;2;C01
201700052131;1;7;0;4;0;1;13;A01
201700052132;2;7;0;0;2;8;1;B01
201700052132;2;13;0;0;2;7;1;A01
201700052133;1;7;0;0;2;4;2;A01
201700052133;1;7;0;0;2;1;2;B01
201700052134;1;7;0;4;0;3;0;A01
201700052135;1;34;0;0;0;0;0;A01
201700052136;1;34;0;0;0;8;1;A01
201700052137;1;7;0;0;2;4;1;B01
201700052137;1;7;0;0;2;1;1;A01
201700052138;1;7;0;0;0;0;0;A01
201700052139;2;7;0;0;0;1;2;E01
201700052139;2;7;0;0;0;4;2;A01
201700052139;2;7;0;0;0;4;2;D01
201700052139;2;7;0;0;0;4;2;C01
201700052139;2;7;0;0;0;4;2;B01
201700052140;2;7;0;0;2;1;2;A01
201700052140;2;7;0;0;2;4;2;B01
201700052141;1;7;0;0;2;9;18;B01
201700052141;1;7;0;0;2;9;12;A01
201700052142;2;7;0;0;2;3;1;B01
201700052142;2;7;0;4;0;3;0;A01
201700052143;2;7;0;0;2;4;2;C01
201700052143;2;7;0;0;2;4;2;A01
201700052143;2;7;0;0;2;1;2;D01
201700052143;2;7;0;0;2;4;2;B01
201700052144;2;7;0;0;2;4;1;B01
201700052144;2;7;0;0;2;1;3;A01
201700052145;1;7;0;4;0;2;14;A01
201700052146;1;7;0;0;2;4;12;A01
201700052146;1;7;0;3;2;1;2;B01
201700052147;0;7;0;0;0;0;0;B01
201700052147;1;7;0;0;0;0;0;A01
201700052147;0;7;0;0;0;0;0;C01
201700052147;1;7;0;0;0;0;0;D01
201700052148;2;7;0;0;2;4;0;B01
201700052148;2;7;0;0;2;4;0;A01
201700052148;2;7;0;0;2;1;0;C01
201700052149;1;7;0;0;2;4;2;B01
201700052149;1;7;0;0;2;1;2;E01
201700052149;1;7;0;0;2;4;2;D01
201700052149;1;7;0;0;2;4;1;A01
201700052149;1;7;0;0;2;4;2;C01
201700052150;2;7;0;0;2;4;2;A01
201700052150;2;7;0;0;2;4;2;B01
201700052151;1;7;0;0;2;1;2;D01
201700052151;1;7;0;4;2;4;0;B01
201700052151;1;7;0;4;2;4;0;C01
201700052151;1;7;0;4;2;6;2;A01
201700052152;1;7;0;4;2;4;1;A01
201700052152;1;33;0;0;2;1;0;B01
201700052153;1;7;0;0;2;4;2;B01
201700052153;1;7;0;0;2;1;2;C01
201700052153;1;7;0;0;2;4;2;A01
201700052154;2;33;0;0;0;0;0;A01
201700052155;1;10;0;0;0;6;24;A01
201700052155;1;7;0;0;2;2;2;B01
201700052156;2;7;0;0;2;4;2;A01
201700052156;2;10;0;0;2;1;2;B01
201700052157;2;33;0;0;2;8;1;A01
201700052157;2;7;0;0;2;2;12;Z01
201700052158;1;7;0;3;0;1;0;A01
201700052159;1;7;0;0;2;4;2;A01
201700052159;1;7;0;0;2;1;2;B01
201700052160;2;7;0;0;2;4;2;A01
201700052160;2;7;0;0;2;1;2;C01
201700052160;2;7;0;0;2;4;2;B01
201700052161;1;7;0;0;2;1;2;B01
201700052161;1;7;0;0;2;4;2;A01
201700052162;1;34;0;0;2;4;1;A01
201700052162;1;7;0;0;2;1;12;B01
201700052163;2;7;0;0;2;1;0;B01
201700052163;2;7;0;0;2;4;1;A01
201700052164;2;34;0;0;2;4;2;A01
201700052164;2;33;0;0;2;1;2;B01
201700052165;2;7;0;0;2;1;2;C01
201700052165;2;7;0;0;2;4;2;B01
201700052165;1;7;0;0;2;4;2;A01
201700052166;2;7;0;0;2;1;2;B01
201700052166;2;7;0;0;2;4;1;A01
201700052167;1;7;0;0;2;4;2;A01
201700052167;1;7;0;0;0;1;2;B01
201700052168;2;7;0;3;0;0;0;A01
201700052169;1;7;0;0;2;2;0;C01
201700052169;1;17;0;0;2;6;0;B01
201700052169;1;7;0;0;2;2;0;A01
201700052170;2;7;0;0;0;0;0;A01
201700052171;2;7;0;4;0;1;2;A01
201700052172;2;7;0;4;0;6;1;A01
201700052172;2;7;0;4;2;1;1;B01
201700052173;2;7;0;0;2;4;2;C01
201700052173;2;7;0;0;2;4;2;B01
201700052173;2;7;0;0;2;4;23;A01
201700052173;2;7;0;0;2;1;2;D01
201700052174;1;7;0;0;2;1;0;B01
201700052174;1;7;0;0;2;4;2;A01
201700052175;1;7;0;0;2;1;2;B01
201700052175;1;7;0;0;2;4;23;A01
201700052176;1;7;0;4;0;1;1;A01
201700052177;1;33;0;0;0;0;0;A01
201700052178;2;7;0;0;2;8;1;B01
201700052178;2;15;0;0;2;3;1;A01
201700052179;1;7;0;0;2;1;1;B01
201700052179;1;7;0;4;2;3;17;A01
201700052180;2;7;0;3;0;1;14;A01
201700052181;1;7;0;0;2;6;1;A01
201700052181;1;7;0;0;2;1;14;B01
201700052182;2;7;0;4;2;3;17;A01
201700052182;2;14;0;0;2;6;1;B01
201700052183;2;7;0;4;0;1;2;A01
201700052184;0;7;0;0;2;1;2;C01
201700052184;1;7;0;0;0;0;0;D01
201700052184;1;7;0;0;0;4;2;A01
201700052184;1;7;0;0;2;4;2;B01
201700052185;1;7;0;3;2;2;14;B01
201700052185;1;7;0;0;2;6;1;A01
201700052186;1;7;0;0;2;1;2;B01
201700052186;1;7;0;0;2;4;2;A01
201700052187;2;33;0;3;0;1;1;A01
201700052188;1;7;0;4;0;1;14;A01
201700052189;1;7;0;0;2;1;2;B01
201700052189;1;7;0;0;0;0;0;C01
201700052189;1;7;0;0;2;4;2;D01
201700052189;1;7;0;0;2;1;2;A01
201700052190;1;7;0;0;2;1;2;A01
201700052190;1;7;0;0;2;9;2;B01
201700052191;1;10;0;6;0;3;2;A01
201700052192;2;7;0;0;2;4;2;B01
201700052192;2;7;0;0;2;6;2;C01
201700052192;2;7;0;0;2;1;2;A01
201700052193;0;7;0;0;0;0;0;A01
201700052193;0;7;0;0;0;0;0;B01
201700052193;1;7;0;0;0;0;0;C01
201700052194;2;7;0;0;0;4;1;A01
201700052194;2;7;0;0;2;1;2;B01
201700052195;2;7;0;4;0;1;2;A01
201700052196;2;99;0;0;2;4;1;B01
201700052196;2;99;0;0;2;1;0;C01
201700052196;2;7;0;0;2;4;1;A01
201700052197;2;7;0;0;2;1;9;B01
201700052197;2;7;0;0;2;4;2;A01
201700052197;2;7;0;0;2;1;2;C01
201700052198;2;7;0;0;2;4;2;A01
201700052198;0;7;0;0;2;1;2;B01
201700052199;2;7;0;0;2;1;1;B01
201700052199;2;10;0;0;0;4;1;A01
201700052200;1;10;0;0;2;7;0;A01
201700052200;1;7;0;13;0;9;0;B01
201700052201;1;33;0;3;2;1;1;B01
201700052201;1;7;0;3;2;4;1;A01
201700052202;2;7;0;0;0;9;0;A01
201700052203;2;7;0;0;0;0;0;A01
201700052203;0;7;0;0;0;0;0;B01
201700052204;2;7;0;0;0;0;0;A01
201700052204;0;7;0;0;0;0;0;B01
201700052205;1;33;0;0;2;2;3;A01
201700052205;0;7;0;0;2;0;11;B01
201700052206;2;10;0;0;2;1;2;B01
201700052206;2;7;0;0;2;4;2;A01
201700052207;2;7;0;4;0;1;1;A01
201700052208;2;7;0;0;2;1;2;B01
201700052208;2;7;0;0;2;4;2;A01
201700052209;1;34;0;0;0;8;1;A01
201700052210;1;7;0;0;2;1;2;B01
201700052210;1;7;0;0;2;4;2;A01
201700052211;2;7;0;0;2;0;0;A01
201700052211;2;7;0;0;2;0;0;C01
201700052211;2;7;0;0;2;0;0;B01
201700052212;2;7;0;0;2;0;0;A01
201700052212;2;7;0;0;2;3;14;B01
201700052213;2;7;0;0;0;3;13;A01
201700052214;1;7;0;0;2;4;0;C01
201700052214;1;7;0;0;0;0;0;B01
201700052214;1;7;0;0;2;1;1;A01
201700052215;2;7;0;3;2;1;12;A01
201700052215;2;7;0;3;2;6;1;B01
201700052215;2;7;0;3;2;4;1;C01
201700052216;2;7;0;0;2;4;2;A01
201700052216;2;7;0;0;2;1;2;B01
201700052217;1;7;0;4;0;3;13;A01
201700052218;1;7;0;0;2;1;2;B01
201700052218;1;7;0;0;2;4;2;A01
201700052219;1;7;0;0;2;1;0;Z01
201700052219;1;7;0;0;2;4;2;A01
201700052220;2;7;0;0;0;0;0;A01
201700052221;1;7;0;0;2;1;0;B01
201700052221;1;10;0;0;2;4;0;A01
201700052222;1;10;0;0;2;0;0;B01
201700052222;1;7;0;0;2;0;0;A01
201700052222;1;7;0;0;2;0;0;C01
201700052223;2;7;0;3;2;4;2;A01
201700052223;2;7;0;3;2;1;2;B01
201700052224;1;33;0;0;2;1;0;B01
201700052224;1;7;0;0;2;4;11;A01
201700052225;2;31;0;0;0;0;1;A01
201700052226;2;31;0;0;2;9;11;B01
201700052226;1;7;0;0;2;6;11;A01
201700052227;0;7;0;0;2;1;2;C01
201700052227;2;3;0;0;2;4;2;B01
201700052227;2;7;0;0;2;4;2;A01
201700052228;2;7;0;0;2;1;1;C01
201700052228;2;7;0;0;0;4;1;A01
201700052228;2;7;0;0;2;4;1;B01
201700052229;1;7;0;0;2;5;2;A01
201700052229;1;31;0;0;2;1;2;B01
201700052230;1;34;0;12;2;1;16;A01
201700052231;1;7;0;0;2;1;2;B01
201700052231;1;7;0;0;2;4;2;A01
201700052232;1;7;0;0;2;4;7;B01
201700052232;1;7;0;0;2;1;7;A01
201700052233;2;7;0;0;2;1;2;E01
201700052233;2;7;0;0;2;4;23;B01
201700052233;2;99;0;0;2;4;23;C01
201700052233;2;7;0;0;2;4;23;A01
201700052233;2;7;0;0;2;4;23;D01
201700052234;2;7;0;0;2;1;2;D01
201700052234;2;7;0;0;2;2;2;C01
201700052234;2;7;0;0;2;2;1;A01
201700052234;2;7;0;1;0;1;2;B01
201700052235;1;7;0;3;0;2;14;A01
201700052236;1;7;0;3;0;2;14;A01
201700052237;1;7;0;0;2;1;2;B01
201700052237;1;7;0;0;2;4;2;A01
201700052238;2;7;0;3;2;1;2;B01
201700052238;2;7;0;3;2;4;1;A01
201700052239;1;7;0;0;2;0;7;B01
201700052239;1;7;0;0;2;4;1;C01
201700052239;1;7;0;0;2;1;1;A01
201700052240;2;7;0;0;2;2;2;C01
201700052240;2;7;0;0;2;1;18;A01
201700052240;2;7;0;0;2;4;2;B01
201700052241;2;14;0;0;2;4;2;B01
201700052241;2;7;0;0;2;5;1;A01
201700052242;2;33;0;0;2;1;1;A01
201700052242;2;7;0;0;2;5;1;C01
201700052242;2;7;0;0;2;2;1;B01
201700052243;1;7;0;0;2;4;1;A01
201700052243;1;7;0;0;2;1;0;B01
201700052244;2;7;0;3;2;3;1;B01
201700052244;2;7;0;0;2;0;1;T01
201700052244;2;10;0;3;2;3;1;C01
201700052244;2;7;0;3;2;3;11;A01
201700052245;2;7;0;13;0;1;9;A01
201700052246;1;7;0;0;0;1;2;B01
201700052246;1;7;0;0;0;4;2;A01
201700052247;2;7;0;0;2;8;1;B01
201700052247;2;7;0;0;2;5;12;A01
201700052248;2;7;0;0;2;3;1;B01
201700052248;2;7;0;0;2;6;1;A01
201700052249;1;7;0;0;2;6;11;B01
201700052249;1;31;0;0;2;2;17;A01
201700052250;2;7;0;0;2;1;2;B01
201700052250;2;7;0;0;2;4;2;A01
201700052251;1;7;0;0;2;4;2;B01
201700052251;1;7;0;0;2;1;2;C01
201700052251;1;7;0;0;2;4;2;A01
201700052252;1;7;0;4;0;1;1;A01
201700052253;2;7;0;0;2;1;2;B01
201700052253;2;10;0;0;2;4;1;A01
201700052254;2;7;0;3;0;1;13;A01
201700052255;1;7;0;0;2;4;1;A01
201700052255;1;7;0;0;2;1;2;B01
201700052256;1;7;0;0;2;1;9;Z01
201700052256;1;7;0;0;2;4;2;A01
201700052256;1;7;0;0;2;4;9;B01
201700052257;2;7;0;0;2;4;1;A01
201700052257;2;7;0;0;2;1;2;B01
201700052258;1;15;0;0;2;2;12;B01
201700052258;1;7;0;0;2;3;18;A01
201700052259;2;7;0;4;0;2;11;A01
201700052260;2;7;0;3;2;4;0;A01
201700052260;2;14;0;0;2;1;2;B01
201700052261;1;7;0;0;2;1;2;E01
201700052261;1;7;0;0;2;4;2;D01
201700052261;1;7;0;0;2;4;2;C01
201700052261;1;10;0;0;2;4;2;A01
201700052261;1;7;0;0;2;4;2;B01
201700052262;2;7;0;0;2;4;2;B01
201700052262;2;7;0;0;2;1;2;Z01
201700052263;2;7;0;4;0;6;13;A01
201700052264;1;10;0;0;2;4;2;C01
201700052264;1;7;0;0;2;4;2;D01
201700052264;1;7;0;0;2;1;2;B01
201700052264;1;7;0;0;2;1;2;A01
201700052265;1;7;0;0;2;6;11;A01
201700052265;1;17;0;0;2;2;1;B01
201700052266;1;15;0;0;2;4;2;A01
201700052266;1;7;0;0;2;1;2;B01
201700052267;1;7;0;0;2;4;13;D01
201700052267;1;7;0;0;2;4;13;A01
201700052267;1;7;0;0;2;1;13;E01
201700052267;1;7;0;0;2;4;13;B01
201700052267;1;7;0;0;2;4;13;C01
201700052268;1;7;0;0;2;3;14;B01
201700052268;1;7;0;13;2;5;1;A01
201700052269;2;7;0;0;0;9;1;A01
201700052270;1;33;0;0;2;1;21;B01
201700052270;1;7;0;0;2;6;23;A01
201700052271;1;7;0;0;2;3;2;B01
201700052271;1;7;0;0;2;5;2;A01
201700052272;2;7;0;0;2;4;21;A01
201700052272;2;34;0;0;2;1;21;B01
201700052273;2;7;0;0;0;1;0;A01
201700052274;2;7;0;4;2;4;0;A01
201700052274;2;7;0;0;2;1;2;B01
201700052275;2;7;0;0;2;4;2;B01
201700052275;2;10;0;0;2;4;2;A01
201700052275;2;7;0;0;2;1;2;D01
201700052275;2;7;0;0;2;4;2;C01
201700052276;1;7;0;0;2;4;2;C01
201700052276;1;10;0;0;2;9;1;B01
201700052276;1;7;0;0;2;1;2;A01
201700052277;2;33;0;0;2;3;6;B01
201700052277;2;7;0;0;2;1;2;A01
201700052278;1;7;0;0;2;4;23;A01
201700052278;1;7;0;0;2;4;23;B01
201700052278;1;7;0;0;2;1;2;C01
201700052279;1;7;0;0;2;8;0;B01
201700052279;1;7;0;0;2;2;1;A01
201700052280;1;7;0;0;2;6;17;C01
201700052280;1;7;0;0;2;1;17;D01
201700052280;1;7;0;0;2;1;17;B01
201700052280;1;7;0;4;2;4;0;A01
201700052281;1;7;0;0;2;4;2;A01
201700052281;1;7;0;0;2;1;2;B01
201700052282;2;7;0;0;2;2;2;B01
201700052282;2;7;0;0;2;6;2;A01
201700052283;1;7;0;3;2;1;2;B01
201700052283;1;10;0;3;2;4;2;A01
201700052284;2;7;0;0;2;4;1;B01
201700052284;2;7;0;0;2;1;1;D01
201700052284;2;7;0;0;2;4;1;C01
201700052284;2;7;0;0;2;6;1;A01
201700052285;2;7;0;0;2;1;2;B01
201700052285;2;7;0;0;2;0;2;A01
201700052286;2;7;0;0;0;2;14;A01
201700052287;1;7;0;0;0;0;0;B01
201700052287;0;7;0;0;0;0;12;A01
201700052288;2;7;0;13;0;2;21;A01
201700052289;1;14;0;0;2;1;0;E01
201700052289;1;7;0;0;2;4;23;A01
201700052289;1;7;0;0;2;4;0;B01
201700052289;1;7;0;0;2;4;0;D01
201700052289;1;7;0;0;2;4;2;C01
201700052290;1;7;0;4;2;3;1;D01
201700052290;1;7;0;4;2;1;1;C01
201700052290;1;7;0;4;2;1;2;B01
201700052290;1;7;0;4;2;9;2;A01
201700052291;2;33;0;0;2;1;2;B01
201700052291;2;7;0;0;2;4;2;A01
201700052292;2;7;0;0;2;4;2;A01
201700052292;2;7;0;0;2;4;2;B01
201700052292;2;7;0;0;2;1;2;C01
201700052293;1;7;0;0;2;1;2;A01
201700052293;1;10;0;0;2;5;2;B01
201700052294;1;7;0;0;2;1;2;A01
201700052294;1;7;0;0;2;4;2;C01
201700052294;1;7;0;0;2;4;2;B01
201700052294;1;7;0;0;2;4;2;D01
201700052295;1;7;0;0;2;2;12;A01
201700052295;1;34;0;0;2;3;17;B01
201700052295;1;7;0;0;2;4;7;C01
201700052296;2;33;0;0;2;2;3;B01
201700052296;2;7;0;0;2;3;11;A01
201700052297;2;7;0;0;2;5;3;B01
201700052297;2;34;0;0;2;1;18;A01
201700052298;1;7;0;0;2;4;2;A01
201700052298;1;7;0;0;2;1;2;B01
201700052299;1;7;0;3;9;1;2;A01
201700052300;1;7;0;0;2;3;13;A01
201700052300;1;7;0;0;2;5;17;B01
201700052301;2;7;0;0;2;6;1;A01
201700052301;2;7;0;4;2;1;13;B01
201700052302;1;10;0;0;2;7;7;A01
201700052302;1;33;0;0;2;8;3;B01
201700052303;1;7;0;0;2;2;1;B01
201700052303;1;7;0;0;2;6;1;A01
201700052304;1;7;0;4;0;1;2;A01
201700052305;1;7;0;0;2;4;23;B01
201700052305;1;7;0;0;2;1;2;C01
201700052305;1;7;0;0;2;4;23;A01
201700052306;2;7;0;0;2;4;2;B01
201700052306;2;7;0;0;2;8;2;E01
201700052306;2;7;0;0;2;4;2;C01
201700052306;2;7;0;0;2;2;2;D02
201700052306;2;15;0;0;2;4;2;A01
201700052306;2;7;0;0;2;8;2;F01
201700052307;2;7;0;3;2;3;10;Z01
201700052307;2;34;0;0;2;4;2;A01
201700052308;2;33;0;4;2;2;17;A01
201700052308;2;7;0;0;2;3;11;B01
201700052309;2;7;0;0;2;4;2;A01
201700052309;2;7;0;0;2;4;2;B01
201700052309;2;7;0;0;2;1;2;C01
201700052310;2;7;0;0;0;0;0;A01
201700052311;2;7;0;0;2;4;7;A01
201700052311;2;7;0;0;2;1;12;B01
201700052312;2;10;0;0;2;1;2;B01
201700052312;2;7;0;0;2;4;2;A01
201700052313;1;7;0;0;2;7;12;A01
201700052313;1;33;0;0;2;3;1;B01
201700052314;1;32;0;0;2;1;5;A01
201700052314;1;7;0;0;2;3;5;B01
201700052315;2;7;0;0;2;4;2;A01
201700052315;2;7;0;0;2;1;2;B01
201700052316;1;7;0;0;0;3;21;A01
201700052317;2;10;0;13;0;9;14;A01
201700052318;2;7;0;0;2;6;2;A01
201700052318;2;10;0;0;2;4;2;B01
201700052318;2;7;0;0;2;1;2;C01
201700052319;2;7;0;4;0;3;13;A01
201700052320;1;7;0;4;0;2;1;A01
201700052321;1;7;0;0;2;1;18;A01
201700052321;1;7;0;0;2;9;2;B01
201700052322;2;7;0;13;0;2;7;A01
201700052323;1;33;0;0;0;8;2;A01
201700052324;2;7;0;0;2;1;0;A01
201700052324;2;7;0;0;0;8;1;B01
201700052325;2;7;0;3;0;1;0;A01
201700052326;1;10;0;0;2;4;2;B01
201700052326;1;7;0;0;2;1;2;A01
201700052327;2;7;0;0;2;6;1;A01
201700052327;1;7;0;0;2;6;13;B01
201700052328;1;7;0;0;2;3;12;B01
201700052328;1;7;0;0;0;5;1;A01
201700052329;2;33;0;4;2;1;3;A01
201700052329;2;7;0;0;2;6;1;B01
201700052330;2;7;0;0;2;4;1;A01
201700052330;2;7;0;0;2;3;14;B01
201700052331;2;7;0;0;2;1;2;A01