num_acc;senc;catv;occutc;obs;obsm;choc;manv;num_veh
201700052331;2;31;0;0;0;0;2;B01
201700052332;2;7;0;0;2;4;2;B01
201700052332;2;7;0;0;2;5;2;C01
201700052332;2;10;0;0;2;1;2;A01
201700052333;1;7;0;0;2;2;14;A01
201700052333;1;33;0;0;2;3;21;B01
201700052333;1;33;0;0;9;0;1;T01
201700052334;1;7;0;0;2;1;2;B01
201700052334;1;7;0;0;2;4;2;A01
201700052335;1;7;0;0;2;1;2;B01
201700052335;1;7;0;0;2;4;1;A01
201700052336;1;31;0;0;0;8;1;A01
201700052337;2;7;0;0;0;4;1;A01
201700052337;2;7;0;0;0;4;2;B01
201700052337;2;10;0;0;0;1;2;C01
201700052338;2;7;0;0;2;1;12;A01
201700052338;2;7;0;0;2;4;12;B01
201700052339;1;7;0;0;2;1;2;B01
201700052339;1;7;0;0;2;4;2;A01
201700052340;1;7;0;0;2;1;2;C01
201700052340;1;7;0;0;2;1;2;B01
201700052340;1;7;0;0;2;4;2;A01
201700052341;1;7;0;0;2;4;1;A01
201700052341;1;7;0;0;2;0;1;B01
201700052341;1;7;0;0;2;1;1;C01
201700052342;1;7;0;0;2;4;2;B01
201700052342;1;7;0;0;2;4;2;C01
201700052342;1;7;0;0;2;1;2;D01
201700052342;1;7;0;0;2;4;2;A01
201700052343;1;7;0;3;0;1;21;A01
201700052344;1;7;0;4;2;7;17;A01
201700052344;1;7;0;4;2;8;1;B01
201700052345;2;7;0;4;2;4;1;A01
201700052345;2;7;0;4;2;1;2;B01
201700052346;1;7;0;0;0;4;2;A01
201700052346;1;15;0;0;0;0;2;B01
201700052347;2;7;0;4;0;1;14;A01
201700052348;2;7;0;13;0;1;13;A01
201700052349;1;7;0;13;0;9;13;A01
201700052350;2;7;0;3;0;3;6;A01
201700052351;2;33;0;0;2;1;2;B01
201700052351;2;7;0;0;2;4;2;A01
201700052352;1;7;0;3;2;1;1;B01
201700052352;1;7;0;3;2;1;1;A01
201700052353;1;7;0;4;0;7;1;A01
201700052354;2;7;0;0;2;1;2;A01
201700052354;2;7;0;0;2;4;2;C01
201700052354;2;7;0;0;2;4;2;D01
201700052354;2;7;0;0;2;4;2;B01
201700052355;1;7;0;13;0;9;0;A01
201700052356;1;7;0;3;2;8;1;B01
201700052356;1;7;0;0;2;0;1;A01
201700052357;1;7;0;13;0;9;0;A01
201700052358;1;7;0;0;2;6;1;B01
201700052358;1;14;0;0;2;2;12;A01
201700052359;1;7;0;0;2;8;2;B01
201700052359;1;14;0;0;2;7;12;A01
201700052360;2;7;0;0;2;5;23;A01
201700052360;2;7;0;0;2;1;2;B01
201700052361;2;13;0;2;0;1;13;A01
201700052362;1;7;0;4;0;1;1;A01
201700052363;1;13;0;0;0;7;9;A01
201700052364;1;33;0;0;2;1;1;D01
201700052364;1;7;0;0;2;4;1;A01
201700052364;1;7;0;0;2;4;1;B01
201700052364;1;7;0;0;2;1;1;C01
201700052365;2;7;0;4;0;1;1;A01
201700052366;2;7;0;0;2;7;1;A01
201700052366;2;31;0;0;2;8;21;B01
201700052367;1;33;0;7;0;1;1;A01
201700052368;2;7;0;0;2;1;2;B01
201700052368;2;7;0;0;2;4;2;A01
201700052369;2;7;0;0;2;6;2;A01
201700052370;2;7;0;0;2;1;2;C01
201700052370;2;10;0;0;2;0;2;B01
201700052370;2;7;0;0;2;4;2;A01
201700052371;2;33;0;14;0;1;0;A01
201700052372;2;7;0;0;2;4;2;C01
201700052372;2;7;0;0;2;4;1;B01
201700052372;2;7;0;0;2;4;2;D01
201700052372;2;7;0;0;2;1;2;E01
201700052372;2;7;0;0;2;4;1;A01
201700052373;2;7;0;0;2;4;1;B01
201700052373;2;10;0;0;2;1;1;C01
201700052373;2;10;0;0;2;4;1;A01
201700052374;2;7;0;0;2;4;9;A01
201700052374;2;14;0;0;2;1;7;B01
201700052375;1;7;0;0;2;1;5;A01
201700052375;1;34;0;0;2;1;1;B01
201700052376;2;37;0;0;2;1;2;A01
201700052377;2;7;0;0;2;1;2;E01
201700052377;2;7;0;0;2;4;2;A01
201700052377;2;7;0;0;2;1;2;C01
201700052377;2;10;0;0;2;1;2;B01
201700052377;2;7;0;0;2;1;2;D01
201700052378;1;14;0;0;2;7;12;B01
201700052378;1;7;0;0;2;3;12;A01
201700052379;2;33;0;0;2;3;9;A01
201700052379;2;7;0;0;2;0;12;Z01
201700052380;2;7;0;0;2;4;2;A01
201700052380;2;7;0;0;2;1;2;B01
201700052381;2;7;0;0;2;1;2;D01
201700052381;2;7;0;0;2;4;7;A01
201700052381;2;7;0;0;2;4;7;B01
201700052381;2;7;0;0;2;4;2;C01
201700052382;2;7;0;0;2;1;7;B01
201700052382;2;7;0;0;2;4;7;A01
201700052383;1;7;0;0;2;4;2;B01
201700052383;1;32;0;0;2;1;2;A01
201700052384;1;7;0;4;0;3;13;A01
201700052385;1;7;0;0;2;1;7;B01
201700052385;1;7;0;0;2;6;7;A01
201700052385;1;7;0;0;2;1;7;C01
201700052386;1;99;0;0;2;4;19;A01
201700052386;1;33;0;0;2;1;0;B01
201700052387;1;31;0;0;2;1;11;B01
201700052387;1;7;0;0;9;0;2;T01
201700052387;1;7;0;0;2;6;2;A01
201700052388;1;7;0;0;2;8;14;A01
201700052388;1;7;0;16;2;8;14;B01
201700052389;2;7;0;0;2;4;1;B01
201700052389;2;7;0;0;2;4;1;A01
201700052389;2;7;0;0;2;1;2;C01
201700052390;2;7;0;0;2;4;21;B01
201700052390;2;7;0;0;2;4;21;A01
201700052390;2;7;0;0;2;4;21;C01
201700052390;2;7;0;0;2;1;2;D01
201700052391;1;7;0;0;2;8;0;B01
201700052391;1;10;0;0;2;7;0;A01
201700052392;1;7;0;0;2;1;2;B01
201700052392;1;7;0;0;2;1;2;C01
201700052392;1;7;0;0;2;4;2;A01
201700052393;2;31;0;0;0;7;21;A01
201700052394;2;7;0;3;0;2;14;A01
201700052395;2;7;0;0;2;4;2;C01
201700052395;2;7;0;0;2;4;2;B01
201700052395;2;7;0;0;2;1;2;D01
201700052395;2;7;0;0;2;4;2;A01
201700052396;1;7;0;3;0;2;14;A01
201700052397;1;7;0;0;2;1;2;C01
201700052397;1;7;0;0;2;4;2;A01
201700052397;1;10;0;0;2;4;2;B01
201700052398;1;7;0;0;2;4;2;A01
201700052398;1;7;0;0;2;1;2;B01
201700052399;1;7;0;0;2;1;2;B01
201700052399;1;7;0;0;2;4;2;A01
201700052400;2;7;0;0;2;1;2;B01
201700052400;2;7;0;0;2;4;2;A01
201700052401;1;7;0;0;2;4;7;B01
201700052401;1;7;0;0;2;4;7;A01
201700052401;1;7;0;0;2;1;7;D01
201700052401;1;7;0;0;2;4;7;C01
201700052402;2;7;0;0;2;1;7;B01
201700052403;2;7;0;0;2;4;2;B01
201700052403;2;7;0;0;2;1;2;C01
201700052403;2;10;0;0;2;4;2;A01
201700052404;2;7;0;4;0;1;0;A01
201700052405;2;7;0;0;2;5;21;B01
201700052405;2;7;0;0;2;5;23;A01
201700052406;2;7;0;0;2;4;23;B01
201700052406;2;99;0;0;2;4;23;A01
201700052407;1;7;0;0;2;1;11;B01
201700052407;1;7;0;0;2;6;2;A01
201700052408;1;20;0;0;1;2;1;B01
201700052409;1;7;0;0;2;1;0;B01
201700052409;1;7;0;0;2;4;1;A01
201700052410;1;33;0;0;2;3;9;A01
201700052411;1;7;0;0;2;4;2;B01
201700052411;1;7;0;0;2;1;2;A01
201700052412;2;7;0;0;2;1;2;A01
201700052412;2;7;0;0;2;6;2;B01
201700052413;1;7;0;4;0;3;2;A01
201700052414;1;7;0;3;2;1;2;B01
201700052414;1;7;0;3;2;4;1;A01
201700052415;2;7;0;3;2;5;2;B01
201700052415;2;7;0;3;2;4;2;A01
201700052415;2;7;0;3;2;1;2;C01
201700052416;1;7;0;0;2;1;2;A01
201700052416;1;7;0;0;2;4;2;B01
201700052417;2;7;0;16;0;1;2;A01
201700052418;1;7;0;6;0;7;0;A01
201700052419;2;7;0;0;0;1;1;A01
201700052420;2;7;0;13;0;1;14;A01
201700052421;1;7;0;3;0;0;13;A01
201700052422;1;10;0;0;2;1;1;A01
201700052422;1;15;0;0;2;4;1;B01
201700052423;2;7;0;0;2;1;2;B01
201700052423;2;10;0;3;2;4;23;A01
201700052424;2;7;0;0;2;4;2;A01
201700052424;2;7;0;0;2;1;2;B01
201700052425;1;7;0;0;2;6;2;B01
201700052425;1;7;0;0;2;1;2;D01
201700052425;1;7;0;0;2;1;2;C01
201700052425;1;31;0;0;2;1;2;A01
201700052426;1;7;0;0;2;1;2;B01
201700052426;1;7;0;0;2;4;2;A01
201700052427;1;33;0;1;2;1;2;B01
201700052427;1;7;0;0;2;4;23;A01
201700052428;1;7;0;6;0;7;1;A01
201700052429;2;10;0;0;9;4;2;B01
201700052429;2;7;0;0;2;1;2;A01
201700052430;2;7;0;3;0;1;1;A01
201700052431;1;7;0;0;2;1;2;B01
201700052431;1;7;0;0;2;4;2;A01
201700052432;2;7;0;0;2;4;1;A01
201700052432;2;7;0;0;2;1;2;B01
201700052433;1;33;0;15;0;1;14;A01
201700052434;2;7;0;0;0;0;2;A01
201700052435;2;7;0;2;0;0;0;A01
201700052436;1;7;0;0;2;1;2;C01
201700052436;1;7;0;0;2;0;1;B01
201700052436;1;7;0;0;2;4;1;A01
201700052437;1;7;0;0;2;9;2;C01
201700052437;1;7;0;1;0;4;2;A01
201700052437;1;7;0;0;2;1;2;D01
201700052437;1;7;0;1;0;6;2;B01
201700052438;2;7;0;0;2;6;2;A01
201700052438;2;7;0;0;2;2;2;Z01
201700052439;1;7;0;0;2;1;2;B01
201700052439;1;31;0;0;2;1;0;A01
201700052439;1;7;0;0;2;1;2;C01
201700052439;1;7;0;0;2;4;2;D01
201700052440;2;7;0;0;2;4;2;A01
201700052440;2;7;0;0;2;1;2;B01
201700052441;2;34;0;3;0;8;3;A01
201700052442;2;31;0;3;0;8;13;A01
201700052443;2;7;0;0;2;7;14;A01
201700052443;2;33;0;0;2;8;2;B01
201700052444;1;7;0;0;0;4;9;A01
201700052444;1;33;0;0;2;1;9;B01
201700052445;1;15;0;0;2;2;12;B01
201700052445;1;7;0;0;2;6;1;A01
201700052446;1;7;0;0;2;5;12;B01
201700052446;1;7;0;3;2;5;1;A01
201700052447;2;7;0;0;0;1;1;A01
201700052448;1;7;0;13;0;3;13;A01
201700052449;2;31;0;0;9;1;1;A01
201700052450;2;7;0;0;2;6;9;B01
201700052450;2;14;0;0;2;2;7;A01
201700052451;1;33;0;0;2;2;2;B01
201700052451;1;7;0;0;2;6;2;A01
201700052452;1;33;0;0;0;1;1;A01
201700052453;1;7;0;0;2;3;1;C01
201700052453;1;7;0;4;2;5;1;B01
201700052453;1;7;0;4;2;3;11;A01
201700052454;1;7;0;0;2;8;2;B01
201700052454;1;7;0;0;2;7;2;C01
201700052454;1;7;0;0;2;4;2;A01
201700052455;1;7;0;0;0;1;1;A01
201700052456;1;7;0;0;9;4;9;A01
201700052456;1;7;0;0;2;1;9;B01
201700052457;1;7;0;0;2;1;1;B01
201700052457;1;7;0;0;2;1;9;A01
201700052458;2;7;0;0;2;1;2;B01
201700052458;2;7;0;0;2;4;1;A01
201700052459;2;7;0;0;2;1;2;B01
201700052459;2;7;0;0;2;4;1;A01
201700052460;2;7;0;7;0;1;13;A01
201700052461;1;15;0;0;2;2;12;B01
201700052461;1;7;0;0;2;8;1;A01
201700052462;1;7;0;0;2;8;13;B01
201700052462;1;33;0;3;2;7;17;A01
201700052463;1;7;0;0;2;4;23;B01
201700052463;1;7;0;0;2;1;2;D01
201700052463;1;7;0;0;2;4;23;A01
201700052463;1;7;0;0;2;4;2;C01
201700052464;1;10;0;0;2;6;2;A01
201700052464;1;7;0;0;2;2;2;Z01
201700052465;2;7;0;0;2;1;2;C01
201700052465;2;7;0;0;2;4;2;D01
201700052465;2;7;0;0;2;4;2;B01
201700052465;2;7;0;0;2;4;1;A01
201700052466;2;10;0;3;0;2;21;A01
201700052467;2;7;0;0;0;3;1;A01
201700052467;2;7;0;0;0;2;14;B01
201700052468;2;7;0;0;2;4;2;C01
201700052468;2;7;0;0;2;1;2;A01
201700052468;2;7;0;0;2;4;2;B01
201700052469;1;7;0;0;0;8;1;A01
201700052470;1;7;0;0;2;1;2;B01
201700052470;1;7;0;0;2;4;2;A01
201700052471;1;10;0;0;2;1;2;B01
201700052471;1;7;0;0;2;4;2;A01
201700052472;2;10;0;0;2;1;7;B01
201700052472;2;7;0;0;2;4;2;A01
201700052472;2;7;0;0;2;1;2;C01
201700052473;2;7;0;0;2;1;2;B01
201700052473;2;33;0;0;2;1;2;C01
201700052473;2;7;0;0;9;4;2;A01
201700052474;1;15;0;3;2;6;24;A01
201700052474;1;14;0;3;2;2;2;B01
201700052475;1;7;0;0;2;7;2;A01
201700052475;1;7;0;4;2;3;21;B01
201700052476;2;33;0;0;2;1;11;A01
201700052476;2;7;0;0;2;6;11;B01
201700052477;2;7;0;1;2;1;2;B01
201700052477;2;7;0;0;2;1;2;A01
201700052477;2;7;0;1;0;1;2;C01
201700052478;1;7;0;3;0;1;1;A01
201700052479;1;7;0;0;2;8;2;B01
201700052479;1;7;0;0;2;7;14;A01
201700052480;1;7;0;3;0;3;21;A01
201700052481;2;10;0;0;2;4;2;C01
201700052481;2;7;0;0;2;4;2;B01
201700052481;2;10;0;0;2;4;2;D01
201700052481;2;7;0;0;2;1;2;A01
201700052482;2;7;0;0;2;4;0;A01
201700052482;2;7;0;0;2;1;0;B01
201700052483;2;7;0;3;0;1;13;A01
201700052484;2;7;0;0;2;4;2;B01
201700052484;2;7;0;0;2;1;2;D01
201700052484;2;7;0;0;2;4;2;C01
201700052484;2;7;0;0;2;4;2;A01
201700052485;2;7;0;0;2;5;0;B01
201700052485;2;7;0;0;2;5;2;C01
201700052485;2;7;0;3;2;3;2;A01
201700052486;2;7;0;0;0;0;1;A01
201700052486;2;7;0;0;2;2;2;B01
201700052487;1;7;0;0;2;4;1;B01
201700052487;1;7;0;3;2;1;2;A01
201700052488;1;7;0;0;2;4;2;C01
201700052488;1;10;0;4;2;5;2;B01
201700052488;1;7;0;4;2;3;1;A01
201700052489;2;7;0;0;2;1;2;A01
201700052489;2;7;0;0;9;4;2;B01
201700052490;2;7;0;0;2;7;18;A01
201700052490;2;7;0;0;2;8;17;B01
201700052491;2;7;0;6;0;3;13;A01
201700052492;1;7;0;14;0;8;1;B01
201700052492;1;7;0;3;0;3;13;A01
201700052493;2;10;0;0;2;1;2;A01
201700052493;2;10;0;0;2;4;23;B01
201700052493;2;10;0;0;2;4;23;C01
201700052494;1;7;0;0;2;4;2;C01
201700052494;1;7;0;0;2;4;2;B01
201700052494;1;7;0;0;0;4;2;A01
201700052494;1;10;0;0;2;1;2;D01
201700052495;2;7;0;0;0;4;0;A01
201700052495;2;7;0;0;2;1;0;B01
201700052495;2;7;0;0;2;1;0;C01
201700052496;1;7;0;0;2;6;2;A01
201700052496;1;7;0;0;2;1;2;C01
201700052496;1;7;0;0;2;4;2;B01
201700052497;1;7;0;14;0;3;14;A01
201700052498;2;7;0;0;2;4;2;A01
201700052498;2;7;0;0;2;1;2;B01
201700052499;2;31;0;3;2;8;3;A01
201700052499;2;7;0;3;2;3;12;B01
201700052500;1;7;0;0;2;1;2;C01
201700052500;1;7;0;0;0;4;1;A01
201700052500;1;7;0;0;2;4;2;B01
201700052501;1;7;0;3;0;9;14;A01
201700052502;1;7;0;0;2;1;2;C01
201700052502;1;7;0;0;2;4;2;A01
201700052502;1;7;0;0;2;4;2;B01
201700052503;1;7;0;0;2;6;9;A01
201700052503;1;7;0;0;2;1;9;B01
201700052504;1;7;0;0;2;4;9;A01
201700052504;1;34;0;0;2;1;9;B01
201700052505;1;7;0;6;0;2;14;A01
201700052506;1;7;0;0;2;5;2;A01
201700052506;1;7;0;0;2;1;2;C01
201700052506;1;7;0;0;2;1;2;B01
201700052506;1;7;0;0;2;1;2;D01
201700052507;2;7;0;0;2;4;23;B01
201700052507;2;7;0;0;2;1;2;D01
201700052507;2;7;0;0;2;4;23;A01
201700052507;2;7;0;0;2;4;2;C01
201700052508;1;10;0;0;2;1;2;A01
201700052508;1;10;0;0;2;4;2;B01
201700052509;1;7;0;12;0;9;0;A01
201700052510;1;7;0;3;0;1;1;A01
201700052511;2;7;0;0;2;4;1;B01
201700052511;2;31;0;0;2;1;0;A01
201700052512;1;7;0;0;2;7;2;B01
201700052512;1;33;0;0;2;8;11;A01
201700052513;2;7;0;0;2;4;1;A01
201700052513;2;7;0;0;2;1;1;B01
201700052514;2;7;0;0;2;1;2;A01
201700052514;2;7;0;0;2;4;2;B01
201700052515;1;7;0;3;2;2;14;B01
201700052515;1;7;0;4;2;6;1;A01
201700052516;2;33;0;0;2;7;2;A01
201700052516;1;7;0;0;2;4;10;Z01
201700052517;2;7;0;0;2;5;2;A01
201700052517;2;33;0;0;2;1;2;B01
201700052518;1;7;0;0;0;2;14;A01
201700052519;2;7;0;0;2;4;1;A01
201700052519;2;7;0;0;2;1;1;B01
201700052520;2;7;0;0;2;4;21;B01
201700052520;2;10;0;1;0;1;9;D01
201700052520;2;7;0;0;0;4;23;C01
201700052520;2;7;0;14;0;1;21;A01
201700052521;2;7;0;0;2;1;1;B01
201700052521;2;7;0;0;2;1;12;A01
201700052522;1;7;0;0;2;4;2;A01
201700052522;1;7;0;0;2;4;2;B01
201700052523;2;10;0;0;2;4;1;A01
201700052523;2;7;0;0;2;1;2;B01
201700052524;2;13;0;0;2;4;1;C01
201700052524;2;16;0;0;2;1;2;A01
201700052524;1;7;0;0;2;6;1;B01
201700052525;1;7;0;0;2;1;2;C01
201700052525;1;7;0;0;2;4;2;A01
201700052525;1;7;0;0;2;4;2;B01
201700052526;1;7;0;0;2;4;2;B01
201700052526;1;7;0;14;2;4;1;C01
201700052526;1;7;0;0;2;1;2;A01
201700052527;1;7;0;0;2;8;0;A01
201700052527;1;13;0;0;2;0;12;Z01
201700052528;1;33;0;0;2;5;1;B01
201700052528;1;10;0;0;2;6;11;A01
201700052529;1;7;0;0;2;7;12;A01
201700052529;1;33;0;13;2;8;1;B01
201700052530;2;7;0;0;2;4;1;B01
201700052530;2;7;0;0;2;4;2;C01
201700052530;2;7;0;0;0;4;1;A01
201700052530;2;7;0;0;2;1;2;D01
201700052531;2;7;0;0;0;8;1;B01
201700052531;2;33;0;0;0;9;3;C01
201700052531;2;7;0;0;0;7;1;A01
201700052532;2;7;0;4;0;2;1;A01
201700052533;1;7;0;0;2;1;2;B01
201700052533;1;7;0;0;0;4;1;A01
201700052534;1;7;0;0;2;2;17;B01
201700052534;1;7;0;3;2;6;1;A01
201700052535;1;7;0;4;0;1;0;A01
201700052536;1;99;0;0;0;0;2;A01
201700052537;1;7;0;0;2;4;23;C01
201700052537;1;7;0;0;2;1;2;D01
201700052537;1;7;0;0;2;4;2;B01
201700052537;1;7;0;0;2;4;1;A01
201700052538;2;7;0;0;2;1;2;A01
201700052538;2;10;0;0;2;5;2;C01
201700052538;2;7;0;0;2;4;2;B01
201700052538;2;7;0;0;2;5;2;D01
201700052539;1;7;0;0;2;1;2;A01
201700052539;1;10;0;0;2;4;1;B01
201700052540;1;33;0;0;2;1;17;B01
201700052540;1;7;0;0;2;4;11;A01
201700052541;2;7;0;3;2;9;2;B01
201700052541;2;7;0;3;2;1;2;C01
201700052541;2;7;0;3;2;4;2;A01
201700052542;2;7;0;0;2;2;0;B01
201700052542;2;7;0;0;2;3;1;A01
201700052543;2;10;0;0;2;1;1;B01
201700052543;2;7;0;0;2;4;1;A01
201700052544;1;10;0;0;2;1;2;A01
201700052544;1;7;0;0;2;4;2;B01
201700052545;2;10;0;0;2;4;2;B01
201700052545;2;7;0;0;2;4;2;C01
201700052545;2;7;0;0;2;1;2;A01
201700052546;2;7;0;0;2;1;2;B01
201700052546;2;10;0;0;2;4;1;A01
201700052547;2;7;0;0;2;5;2;A01
201700052547;2;7;0;3;2;2;14;B01
201700052548;2;7;0;0;0;1;2;B01
201700052548;2;7;0;0;0;1;2;A01
201700052548;2;7;0;0;0;4;2;C01
201700052549;0;7;0;0;2;4;2;B01
201700052549;2;7;0;0;2;4;2;A01
201700052549;0;7;0;0;2;4;2;C01
201700052549;0;7;0;0;2;1;2;D01
201700052550;2;7;0;0;2;4;23;B01
201700052550;2;7;0;0;2;4;23;A01
201700052550;2;7;0;0;2;1;9;C01
201700052551;2;31;0;3;0;1;1;A01
201700052552;2;7;0;0;2;1;2;B01
201700052552;2;7;0;0;2;4;2;A01
201700052553;1;10;0;0;0;3;2;B01
201700052553;1;7;0;4;0;0;14;A01
201700052554;1;10;0;3;0;3;9;A01
201700052555;1;7;0;3;0;3;1;A01
201700052556;1;7;0;0;2;2;12;B01
201700052556;1;34;0;0;2;6;2;A01
201700052557;1;7;0;0;2;1;1;B01
201700052557;1;7;0;0;2;4;13;A01
201700052558;2;10;0;0;2;1;2;A01
201700052558;2;10;0;0;2;4;2;B01
201700052559;2;7;0;16;0;1;19;A01
201700052559;2;7;0;1;0;1;21;B01
201700052560;1;7;0;0;2;9;2;B01
201700052560;1;7;0;0;2;1;2;A01
201700052560;1;7;0;0;2;4;2;C01
201700052561;1;31;0;6;0;8;18;A01
201700052562;2;33;0;0;0;7;1;A01
201700052563;1;7;0;12;0;3;1;A01
201700052564;1;7;0;0;2;3;1;B01
201700052564;1;99;0;0;2;7;16;A01
201700052565;1;7;0;3;0;1;1;A01
201700052566;2;10;0;0;2;5;2;A01
201700052566;2;34;0;0;2;1;2;B01
201700052567;2;7;0;0;2;4;2;B01
201700052567;2;10;0;0;2;6;2;A01
201700052567;2;7;0;0;2;1;1;C01
201700052568;1;10;0;0;2;1;1;C01
201700052568;1;7;0;0;2;4;1;B01
201700052568;1;7;0;0;2;4;1;A01
201700052569;1;10;0;0;2;1;14;A01
201700052569;1;10;0;15;2;4;2;B01
201700052570;1;7;0;0;2;4;23;A01
201700052570;1;7;0;0;2;1;14;Z01
201700052571;2;15;0;3;0;2;13;A01
201700052572;1;7;0;3;0;3;13;A01
201700052573;2;7;0;0;2;2;1;B01
201700052573;2;7;0;0;2;2;12;A01
201700052573;2;7;0;0;2;6;2;D01
201700052573;2;7;0;0;2;6;2;C01
201700052574;2;7;0;0;2;2;1;A01
201700052574;2;7;0;0;2;3;1;B01
201700052575;1;7;0;0;2;4;2;A01
201700052575;1;7;0;0;2;1;2;B01
201700052576;1;7;0;0;2;2;2;A01
201700052576;1;7;0;0;2;6;2;B01
201700052577;1;7;0;3;2;4;2;A01
201700052577;1;7;0;0;2;4;2;B01
201700052578;1;34;0;0;2;6;1;A01
201700052578;1;10;0;0;2;2;12;B01
201700052579;2;7;0;0;2;4;2;B01
201700052579;2;7;0;0;2;1;2;A01
201700052580;1;7;0;4;0;7;2;B01
201700052580;1;37;0;0;2;1;2;A01
201700052581;2;7;0;0;2;1;2;B01
201700052581;2;7;0;0;2;4;2;A01
201700052582;2;31;0;3;2;8;14;B01
201700052582;2;7;0;0;2;2;14;A01
201700052583;2;33;0;0;2;7;1;B01
201700052583;2;7;0;0;2;8;11;A01
201700052584;2;15;0;0;2;4;2;B01
201700052584;2;10;0;0;2;1;2;A01
201700052585;2;7;0;4;0;1;0;A01
201700052586;1;7;0;0;2;4;2;A01
201700052586;1;7;0;0;2;8;1;C01
201700052586;1;10;0;0;2;1;2;B01
201700052587;2;7;0;3;0;3;13;A01
201700052588;2;7;0;0;2;1;1;B01
201700052588;2;7;0;0;2;4;12;A01
201700052589;1;10;0;0;2;1;2;B01
201700052589;2;7;0;0;2;6;1;A01
201700052590;1;7;0;0;2;1;1;B01
201700052590;1;7;0;0;2;4;1;A01
201700052591;1;7;0;0;2;1;5;A01
201700052591;1;7;0;0;2;1;1;B01
201700052592;1;17;0;0;2;1;2;B01
201700052592;1;7;0;0;2;4;2;A01
201700052593;1;34;0;0;2;1;2;C01
201700052593;1;7;0;0;2;6;2;B01
201700052593;1;7;0;0;2;4;2;A01
201700052594;1;7;0;0;2;1;2;B01
201700052594;1;7;0;0;2;4;2;A01
201700052595;1;7;0;0;2;4;1;A01
201700052595;1;7;0;0;2;4;2;C01
201700052595;1;7;0;0;2;1;2;D01
201700052595;1;7;0;0;2;4;2;B01
201700052596;1;7;0;0;2;1;2;C01
201700052596;1;7;0;0;2;4;2;A01
201700052596;1;7;0;0;2;4;2;B01
201700052597;2;34;0;0;2;7;2;B01
201700052597;2;7;0;0;2;6;13;A01
201700052598;1;33;0;0;2;1;21;A01
201700052598;1;7;0;0;2;4;1;B01
201700052599;2;7;0;3;0;9;1;A01
201700052600;2;7;0;0;2;6;3;B01
201700052600;2;33;0;0;2;7;1;A01
201700052601;2;10;0;0;2;1;2;C01
201700052601;2;7;0;0;2;4;2;A01
201700052601;2;7;0;0;2;4;2;B01
201700052602;2;7;0;0;2;5;11;B01
201700052602;2;33;0;0;2;1;14;A01
201700052603;2;7;0;0;2;4;4;A01
201700052603;2;7;0;0;2;1;2;B01
201700052604;2;10;0;0;2;1;1;A01
201700052604;2;7;0;0;2;4;23;B01
201700052604;2;7;0;0;2;4;23;C01
201700052605;1;7;0;4;2;2;14;A01
201700052605;1;7;0;4;2;6;2;B01
201700052606;2;7;0;3;0;1;0;A01
201700052607;2;31;0;0;2;1;2;B01
201700052607;2;7;0;0;2;4;2;A01
201700052608;1;15;0;0;2;4;2;B01
201700052608;1;7;0;0;2;1;2;A01
201700052609;1;7;0;0;2;4;2;A01
201700052609;1;7;0;0;2;1;2;Z01
201700052610;2;7;0;0;2;1;2;B01
201700052610;2;7;0;0;2;4;2;A01
201700052611;2;7;0;4;0;1;0;A01
201700052612;1;7;0;4;0;1;1;A01
201700052613;2;7;0;0;2;4;2;B01
201700052613;2;7;0;0;2;1;2;A01
201700052614;2;7;0;0;2;1;2;C01
201700052614;2;7;0;0;2;4;2;A01
201700052615;1;33;0;0;2;7;1;A01
201700052615;1;7;0;0;2;8;11;B01
201700052616;1;7;0;0;2;4;2;A01
201700052616;1;7;0;3;2;9;2;B01
201700052616;1;7;0;3;2;1;2;C01
201700052617;1;7;0;0;2;4;23;A01
201700052617;1;7;0;0;2;1;2;C01
201700052617;1;7;0;0;2;4;23;B01
201700052618;1;7;0;0;2;0;0;A01
201700052618;1;7;0;0;2;1;2;C01
201700052618;1;7;0;0;2;4;2;B01
201700052619;1;7;0;4;0;9;0;A01
201700052620;2;7;0;0;9;5;0;A01
201700052621;1;99;0;0;9;0;1;A01
201700052621;1;7;0;0;2;6;1;B01
201700052621;1;7;0;0;2;2;14;C01
201700052622;1;7;0;0;2;1;1;B01
201700052622;1;7;0;0;2;4;12;A01
201700052623;1;31;0;1;0;2;0;B01
201700052623;1;7;0;0;2;8;22;A01
201700052624;1;7;0;0;2;4;23;A01
201700052624;1;7;0;0;2;4;23;B01
201700052624;1;7;0;0;2;1;2;C01
201700052625;2;7;0;0;2;4;2;A01
201700052625;2;7;0;0;2;1;2;B01
201700052626;1;7;0;6;0;7;13;A01
201700052627;2;7;0;0;2;4;0;B01
201700052627;2;7;0;0;2;1;0;A01
201700052628;1;7;0;0;2;4;2;A01
201700052628;1;7;0;0;2;1;12;B01
201700052629;2;7;0;0;2;4;2;B01
201700052629;2;7;0;0;2;1;2;C01
201700052629;2;7;0;0;2;6;2;A01
201700052630;2;33;0;3;0;8;2;A01
201700052630;2;7;0;3;2;0;0;Z01
201700052631;2;7;0;13;0;9;9;A01
201700052631;1;7;0;0;2;0;2;T01
201700052632;2;7;0;0;2;1;2;C01
201700052632;2;7;0;0;9;4;2;A01
201700052632;2;7;0;0;2;9;2;B01
201700052633;1;7;0;0;1;2;1;A01
201700052634;2;7;0;0;2;4;2;A01
201700052634;2;7;0;0;2;4;2;B01
201700052634;2;7;0;0;2;1;2;C01
201700052635;2;7;0;0;2;6;23;B01