num_acc;senc;catv;occutc;obs;obsm;choc;manv;num_veh
201700052635;2;7;0;0;2;1;2;A01
201700052636;2;7;0;0;2;6;1;B01
201700052636;2;15;0;0;2;2;12;A01
201700052637;1;7;0;3;0;8;2;A01
201700052638;2;7;0;3;2;9;2;B01
201700052638;2;15;0;3;2;4;2;A01
201700052638;2;7;0;3;2;1;2;C01
201700052639;2;7;0;0;0;9;1;A01
201700052640;2;7;0;0;2;8;11;B01
201700052640;2;32;0;0;2;7;3;A01
201700052641;2;33;0;0;2;4;1;A01
201700052641;2;7;0;0;9;0;0;T01
201700052641;2;7;0;0;2;2;14;B01
201700052642;2;7;0;0;2;1;2;B01
201700052642;2;7;0;0;2;4;2;A01
201700052643;2;7;0;0;2;4;2;D01
201700052643;2;7;0;0;2;4;1;E01
201700052643;2;7;0;0;2;4;2;C01
201700052643;2;10;0;0;2;1;2;A01
201700052643;2;7;0;0;2;4;2;B01
201700052644;2;7;0;0;2;1;2;B01
201700052644;2;7;0;0;2;4;2;A01
201700052645;2;7;0;0;2;1;2;B01
201700052645;2;7;0;0;2;4;1;A01
201700052646;1;33;0;3;0;2;14;A01
201700052647;2;7;0;0;2;0;2;B01
201700052647;2;7;0;0;2;0;2;A01
201700052648;2;7;0;0;2;8;1;A01
201700052649;1;14;0;0;2;2;1;B01
201700052649;2;15;0;0;2;6;23;Z01
201700052649;2;33;0;0;2;7;1;A01
201700052650;1;7;0;0;2;4;1;B01
201700052650;1;10;0;0;2;4;0;A01
201700052650;1;7;0;0;2;1;13;C01
201700052651;2;7;0;0;2;4;2;A01
201700052651;2;7;0;0;2;1;2;B01
201700052652;2;7;0;0;2;4;14;A01
201700052652;2;7;0;0;2;1;1;B01
201700052653;2;7;0;0;0;1;1;A01
201700052654;1;7;0;0;0;5;2;A01
201700052654;1;7;0;0;2;1;2;C01
201700052654;1;7;0;0;0;4;2;B01
201700052655;1;7;0;0;2;1;1;B01
201700052655;1;7;0;0;2;4;1;A01
201700052656;2;7;0;0;2;4;2;B01
201700052656;2;10;0;0;2;1;2;C01
201700052656;2;7;0;0;2;4;2;A01
201700052657;2;7;0;0;2;3;1;B01
201700052657;2;15;0;0;2;5;1;C01
201700052657;2;15;0;0;2;2;12;A01
201700052658;2;7;0;0;2;3;21;B01
201700052658;2;7;0;3;2;1;2;C01
201700052658;2;10;0;0;2;4;21;A01
201700052659;1;10;0;0;2;7;14;A01
201700052659;1;7;0;0;2;8;1;B01
201700052660;2;7;0;0;2;1;1;B01
201700052660;1;7;0;0;2;4;2;A01
201700052661;2;7;0;0;2;1;2;B01
201700052661;2;7;0;0;2;4;2;A01
201700052662;2;7;0;0;2;4;2;B01
201700052662;2;7;0;0;2;1;2;A01
201700052663;1;10;0;0;0;4;23;A01
201700052663;1;7;0;0;2;1;2;B01
201700052664;1;7;0;0;2;4;2;A01
201700052664;1;7;0;0;2;1;2;C01
201700052664;1;7;0;0;2;1;2;B01
201700052665;2;7;0;0;0;9;14;A01
201700052666;1;7;0;3;2;1;2;C01
201700052666;1;7;0;3;2;4;2;B01
201700052666;1;7;0;3;2;4;2;A01
201700052667;1;15;0;0;2;6;1;B01
201700052667;1;10;0;0;2;2;1;A01
201700052668;1;7;0;0;0;0;23;A01
201700052668;1;7;0;0;1;0;0;Z01
201700052669;1;7;0;0;2;1;2;C01
201700052669;1;7;0;4;0;1;1;A01
201700052669;1;7;0;0;2;4;12;B01
201700052670;2;7;0;6;0;2;15;A01
201700052671;2;7;0;0;2;8;1;B01
201700052671;2;7;0;0;2;2;14;A01
201700052672;1;7;0;0;0;4;2;A01
201700052672;1;7;0;0;2;1;2;B01
201700052673;2;7;0;0;0;2;21;B01
201700052673;2;7;0;3;0;1;19;A01
201700052674;1;7;0;0;2;1;2;B01
201700052674;1;10;0;0;2;4;2;A01
201700052675;2;33;0;0;2;9;3;E01
201700052675;2;7;0;0;2;8;1;F02
201700052675;2;7;0;0;2;1;2;D01
201700052675;2;7;0;0;2;4;2;A01
201700052675;2;7;0;0;2;1;2;C01
201700052675;2;7;0;0;2;9;2;B01
201700052676;2;7;0;0;2;8;1;A01
201700052676;2;7;0;0;2;1;1;C01
201700052676;2;7;0;0;2;4;1;B01
201700052677;2;7;0;0;2;9;2;B01
201700052677;2;7;0;0;2;9;2;C01
201700052677;2;7;0;0;2;1;1;E01
201700052677;2;7;0;0;2;4;2;A01
201700052677;2;7;0;0;2;9;1;D01
201700052678;2;33;0;0;2;1;2;B01
201700052678;2;10;0;0;2;4;2;A01
201700052679;2;7;0;3;0;1;21;A01
201700052680;2;7;0;0;2;6;2;A01
201700052680;2;7;0;0;2;1;2;B01
201700052681;2;17;0;0;2;1;2;A01
201700052681;2;10;0;0;0;4;2;B01
201700052681;2;7;0;0;0;4;1;C01
201700052682;1;14;0;14;2;2;0;A01
201700052682;1;7;0;14;2;3;1;C01
201700052682;1;7;0;14;2;3;9;B01
201700052683;2;7;0;0;2;5;2;A01
201700052683;2;7;0;0;2;2;12;E01
201700052683;2;7;0;0;2;4;2;B01
201700052683;2;7;0;0;2;6;2;D01
201700052683;2;7;0;0;2;4;2;C01
201700052684;1;7;0;4;2;2;17;A01
201700052684;1;10;0;0;2;8;1;B01
201700052685;1;7;0;0;2;1;2;C01
201700052685;1;7;0;0;2;1;2;B01
201700052685;1;7;0;0;2;4;2;A01
201700052686;1;7;0;0;2;4;2;A01
201700052686;1;7;0;0;2;1;2;B01
201700052687;2;7;0;0;2;4;2;A01
201700052687;2;7;0;0;2;1;2;C01
201700052687;2;7;0;0;2;4;2;B01
201700052688;1;33;0;0;2;1;2;C01
201700052688;1;7;0;0;2;2;2;B01
201700052688;1;7;0;0;2;6;2;A01
201700052689;2;7;0;0;2;4;2;A01
201700052689;2;7;0;4;2;1;2;D01
201700052689;2;7;0;4;2;4;2;C01
201700052689;2;7;0;4;2;6;2;B01
201700052690;2;7;0;0;2;1;2;C01
201700052690;2;7;0;0;2;4;23;B01
201700052690;2;7;0;0;2;4;23;A01
201700052691;2;7;0;0;2;4;2;B01
201700052691;2;10;0;0;2;1;2;C01
201700052691;2;7;0;0;0;4;2;A01
201700052692;2;7;0;0;2;4;2;C01
201700052692;2;7;0;0;2;1;2;D01
201700052692;2;7;0;0;2;4;2;A01
201700052692;2;7;0;0;2;4;2;B01
201700052693;2;7;0;0;0;4;2;A01
201700052693;2;7;0;0;2;0;2;D01
201700052693;2;7;0;0;2;0;2;E01
201700052693;2;7;0;0;2;0;2;B01
201700052693;2;7;0;0;2;0;2;C01
201700052694;2;7;0;0;0;1;1;A01
201700052695;1;7;0;0;2;1;2;C01
201700052695;1;7;0;0;2;1;2;B01
201700052695;1;7;0;0;2;1;2;D01
201700052695;1;7;0;0;2;1;2;E01
201700052695;1;10;0;0;2;4;2;A01
201700052696;2;7;0;0;2;8;9;A01
201700052696;2;33;0;0;2;2;1;B01
201700052697;1;33;0;0;2;1;21;A01
201700052697;1;7;0;0;2;4;2;B01
201700052698;1;7;0;0;2;4;2;A01
201700052698;1;7;0;0;2;4;2;B01
201700052698;1;7;0;0;2;1;2;C01
201700052699;2;7;0;0;2;4;2;Z01
201700052699;2;7;0;0;2;1;2;A01
201700052699;2;7;0;0;2;1;1;B01
201700052700;2;7;0;16;0;1;14;A01
201700052701;2;7;0;0;2;4;2;A01
201700052701;2;10;0;0;2;4;2;B01
201700052701;2;7;0;0;2;1;1;C01
201700052702;1;7;0;0;2;3;1;A01
201700052702;1;7;0;0;2;6;1;B01
201700052702;1;17;0;0;2;2;12;C01
201700052703;2;7;0;3;0;1;9;A01
201700052704;1;7;0;3;0;1;0;A01
201700052705;1;1;0;0;0;0;1;A01
201700052706;1;30;0;12;0;1;14;A01
201700052707;1;7;0;0;2;2;1;A01
201700052707;1;7;0;15;2;6;1;B01
201700052708;2;34;0;0;1;0;1;A01
201700052709;2;1;0;0;0;1;21;A01
201700052710;1;7;0;0;1;1;15;Z01
201700052711;1;7;0;0;1;4;4;A01
201700052712;2;37;0;0;1;1;7;A01
201700052713;0;30;0;0;2;1;1;A01
201700052713;0;7;0;0;2;8;10;B01
201700052714;1;34;0;0;2;7;1;A01
201700052714;0;7;0;0;2;0;15;Z01
201700052715;1;10;0;0;1;1;15;A01
201700052716;0;34;0;0;2;1;1;A01
201700052716;0;7;0;0;2;8;1;B01
201700052717;1;7;0;0;2;6;16;A01
201700052717;1;7;0;0;2;3;7;B01
201700052718;2;30;0;0;1;0;8;Z01
201700052719;1;7;0;0;2;2;16;B01
201700052719;1;7;0;8;2;1;7;A01
201700052720;1;32;0;0;1;1;1;A01
201700052721;1;2;0;0;1;1;16;Z01
201700052722;1;7;0;0;2;5;23;B01
201700052722;1;1;0;0;1;1;18;A01
201700052723;2;38;0;0;2;8;15;A01
201700052723;2;7;0;0;2;2;15;B01
201700052724;1;1;0;0;0;0;7;A01
201700052725;2;1;0;0;2;1;21;B01
201700052725;2;7;0;0;2;0;22;A01
201700052726;2;10;0;0;2;2;16;B01
201700052726;2;31;0;0;2;8;18;A01
201700052727;1;7;0;0;2;8;22;A01
201700052727;1;1;0;0;2;0;17;B01
201700052728;1;31;0;0;1;1;1;A01
201700052729;2;7;0;0;1;3;15;A01
201700052730;1;7;0;14;2;4;2;C01
201700052730;1;7;0;0;2;1;2;A01
201700052730;0;7;0;0;2;4;2;B01
201700052731;1;30;0;0;2;3;1;A01
201700052731;1;2;0;0;2;2;16;B01
201700052732;1;32;0;14;2;0;1;C01
201700052732;1;32;0;0;2;5;15;A01
201700052732;1;34;0;0;2;0;17;B01
201700052733;2;32;0;0;2;0;18;B01
201700052733;2;7;0;0;2;5;22;A01
201700052734;2;7;0;0;2;7;23;B01
201700052734;2;33;0;0;1;2;3;A01
201700052735;2;1;0;0;1;1;5;A01
201700052736;0;7;0;0;1;1;15;A01
201700052737;2;7;0;0;2;0;22;A01
201700052737;2;1;0;1;2;1;1;B01
201700052738;2;7;0;0;2;1;1;A01
201700052738;1;34;0;0;2;7;1;B01
201700052739;1;7;0;0;1;1;1;A01
201700052740;1;10;0;0;1;1;15;A01
201700052741;1;33;0;1;2;3;18;A01
201700052741;1;7;0;0;2;5;22;B01
201700052742;0;31;0;0;2;1;16;A01
201700052742;0;33;0;0;2;0;1;B01
201700052743;0;1;0;0;1;1;0;A01
201700052744;1;33;0;0;2;6;15;A01
201700052744;0;7;0;0;2;0;2;Z01
201700052745;1;7;0;0;2;5;22;A01
201700052745;0;1;0;0;2;0;18;B01
201700052746;1;7;0;0;2;2;1;A01
201700052746;1;1;0;0;2;1;1;B01
201700052747;2;2;0;0;2;1;1;A01
201700052747;1;34;0;0;2;0;1;B01
201700052748;2;33;0;0;2;1;5;A01
201700052748;2;7;0;0;2;6;10;B01
201700052749;2;2;0;0;2;1;3;A01
201700052749;2;33;0;0;2;4;13;B01
201700052750;2;1;0;0;1;1;1;A01
201700052751;2;7;0;0;1;0;15;A01
201700052752;1;10;0;0;2;7;16;A01
201700052752;1;1;0;0;2;1;1;B01
201700052753;0;10;0;0;1;4;4;A01
201700052754;1;33;0;0;2;0;21;A01
201700052755;1;7;0;0;2;5;23;B01
201700052755;1;31;0;0;2;1;2;A01
201700052756;1;30;0;0;1;0;1;Z01
201700052757;0;30;0;0;1;0;1;Z01
201700052758;1;7;0;0;2;3;2;A01
201700052758;1;1;0;0;2;4;15;B01
201700052759;2;10;0;0;1;4;4;Z01
201700052760;1;10;0;0;2;0;13;A01
201700052760;1;33;0;8;2;0;17;B01
201700052761;0;7;0;0;2;0;15;Z01
201700052761;0;32;0;0;2;8;15;A01
201700052762;0;31;0;0;0;1;1;A01
201700052763;1;7;0;0;2;2;19;A01
201700052763;0;1;0;0;2;1;17;B01
201700052764;2;33;0;0;2;1;1;A01
201700052764;2;7;0;0;2;3;9;B01
201700052765;0;31;0;0;2;4;7;A01
201700052765;0;34;0;0;2;3;7;B01
201700052766;1;7;0;0;1;3;1;A01
201700052767;0;30;0;0;1;1;1;Z01
201700052768;1;30;0;0;2;8;1;B01
201700052768;1;7;0;0;2;2;1;A01
201700052769;1;7;0;0;2;2;1;B01
201700052769;1;1;0;0;2;8;15;A01
201700052770;2;10;0;0;2;5;23;B01
201700052770;2;33;0;0;2;0;13;A01
201700052771;1;10;0;0;1;2;16;A01
201700052772;1;33;0;0;2;1;17;B01
201700052772;1;38;0;0;2;3;15;A01
201700052773;1;33;0;0;2;0;18;A01
201700052773;1;7;0;0;2;0;16;B01
201700052774;2;7;0;0;1;1;15;A01
201700052775;1;32;0;0;2;0;1;A01
201700052775;1;7;0;0;2;5;23;B01
201700052776;1;1;0;0;2;1;1;B01
201700052776;2;1;0;0;2;1;5;A01
201700052777;0;38;0;0;2;7;16;A01
201700052777;0;1;0;0;2;8;7;B01
201700052778;2;1;0;0;2;4;7;A01
201700052778;2;34;0;0;2;1;7;B01
201700052779;1;1;0;0;2;7;7;B01
201700052779;1;7;0;0;2;3;16;A01
201700052780;2;7;0;0;2;7;22;A01
201700052780;2;1;0;0;2;1;1;B01
201700052781;0;1;0;0;0;0;1;A01
201700052782;0;10;0;0;2;0;23;B01
201700052782;0;7;0;0;2;0;1;C01
201700052782;0;2;0;0;2;0;18;A01
201700052783;2;10;0;0;2;0;1;B01
201700052783;0;32;0;0;2;2;1;A01
201700052784;2;33;0;0;1;1;1;A01
201700052785;1;7;0;0;2;3;16;B01
201700052785;1;1;0;0;2;1;1;A01
201700052786;0;1;0;0;2;1;18;B01
201700052786;0;7;0;0;0;2;16;A01
201700052787;1;7;0;0;2;3;1;B01
201700052787;1;1;0;0;2;3;14;A01
201700052788;1;34;0;0;2;4;23;B01
201700052788;1;31;0;0;2;1;2;A01
201700052789;1;34;0;0;2;2;17;B01
201700052789;1;7;0;0;2;3;10;A01
201700052790;0;33;0;0;2;4;23;B01
201700052790;0;15;0;0;2;1;2;A01
201700052791;1;31;0;0;0;;1;A01
201700052792;2;7;0;0;2;3;11;A01
201700052792;2;33;0;0;2;2;1;B01
201700052793;2;31;0;0;2;5;5;A01
201700052793;2;7;0;0;2;3;15;B01
201700052794;1;7;0;0;2;0;1;B01
201700052794;2;1;0;0;2;0;5;A01
201700052795;1;7;0;0;1;2;1;A01
201700052796;2;7;0;0;2;1;15;Z01
201700052796;2;7;0;0;2;3;1;A01
201700052797;2;7;0;0;2;3;15;A01
201700052797;2;2;0;0;2;5;17;B01
201700052798;0;1;0;0;1;3;1;A01
201700052799;1;7;0;0;0;2;1;B01
201700052799;1;33;0;0;0;2;1;A01
201700052800;1;7;0;0;1;0;1;Z01
201700052801;1;1;0;0;2;1;1;B01
201700052801;0;10;0;0;2;3;22;A01
201700052802;1;30;0;0;0;0;1;A01
201700052803;2;7;0;0;2;0;22;A01
201700052803;2;1;0;0;2;0;1;B01
201700052804;2;10;0;0;1;1;15;A01
201700052805;1;37;0;0;1;1;7;A01
201700052806;0;33;0;0;2;0;15;A01
201700052806;0;7;0;0;2;0;15;Z01
201700052807;1;33;0;0;2;0;23;C01
201700052807;1;2;0;0;2;2;2;A01
201700052807;1;10;0;0;2;0;23;B01
201700052808;1;33;0;0;1;0;15;A01
201700052809;2;2;0;0;2;1;2;A01
201700052809;2;7;0;0;2;6;15;B01
201700052810;1;30;0;0;2;0;1;B01
201700052810;1;10;0;0;2;6;15;A01
201700052811;2;7;0;0;2;0;13;A01
201700052811;2;31;0;0;2;0;1;B01
201700052812;1;7;0;0;2;2;2;A01
201700052812;1;33;0;0;2;0;23;B01
201700052813;0;2;0;0;2;1;17;A01
201700052813;2;10;0;0;2;6;15;B01
201700052814;2;33;0;0;2;6;2;A01
201700052814;2;7;0;0;2;6;23;B01
201700052815;1;7;0;0;1;4;4;A01
201700052816;2;7;0;0;2;1;1;A01
201700052816;2;32;0;0;2;4;23;B01
201700052817;0;2;0;0;2;3;15;A01
201700052817;2;7;0;0;2;1;15;B01
201700052818;0;10;0;0;2;2;16;A01
201700052818;0;1;0;0;2;1;7;B01
201700052819;2;7;0;0;2;0;14;A01
201700052819;2;1;0;0;2;0;1;B01
201700052820;1;33;0;0;2;1;2;A01
201700052820;1;7;0;0;2;4;2;B01
201700052821;1;1;0;0;2;1;18;B01
201700052821;1;7;0;0;2;5;22;A01
201700052822;1;7;0;0;2;0;2;A01
201700052822;1;7;0;0;2;0;2;Z01
201700052823;1;33;0;0;0;0;0;Z01
201700052824;1;7;0;0;2;5;2;B01
201700052824;1;32;0;0;2;3;2;A01
201700052825;1;7;0;0;2;3;1;B01
201700052825;2;34;0;0;2;1;7;A01
201700052826;1;7;0;0;2;2;2;B01
201700052826;1;7;0;0;2;6;16;A01
201700052827;1;34;0;0;2;2;1;A01
201700052827;0;10;0;0;2;2;16;Z01
201700052828;2;7;0;0;2;4;23;B01
201700052828;2;7;0;0;2;1;2;A01
201700052829;0;7;0;0;2;0;15;A01
201700052829;0;1;0;0;2;0;19;B01
201700052830;0;32;0;0;2;0;1;B01
201700052830;0;7;0;0;2;0;16;A01
201700052831;2;7;0;0;2;0;13;B01
201700052831;2;33;0;0;2;0;1;A01
201700052832;1;10;0;0;1;3;1;A01
201700052833;2;7;0;0;2;3;15;A01
201700052833;2;30;0;0;2;3;5;B01
201700052834;0;7;0;0;2;2;22;B01
201700052834;2;1;0;0;2;0;18;A01
201700052835;1;10;0;0;1;1;1;A01
201700052836;2;7;0;0;1;4;1;A01
201700052837;1;7;0;0;1;1;1;A01
201700052838;2;10;0;0;1;0;1;Z01
201700052839;0;7;0;0;2;2;10;A01
201700052839;0;32;0;0;2;1;1;B01
201700052840;1;7;0;0;1;1;1;A01
201700052841;1;30;0;0;1;1;1;A01
201700052842;1;10;0;0;1;4;4;A01
201700052843;2;30;0;0;2;6;15;A01
201700052843;2;7;0;0;2;1;15;B01
201700052844;1;37;0;0;1;7;7;A01
201700052845;2;7;0;8;2;1;2;A01
201700052845;2;7;0;8;2;4;23;B01
201700052846;1;31;0;0;2;2;1;A01
201700052846;1;7;0;0;2;2;13;Z01
201700052847;2;7;0;8;2;2;4;A01
201700052847;2;7;0;0;2;7;2;B01
201700052848;2;34;0;0;2;1;11;A01
201700052848;2;32;0;0;2;7;1;B01
201700052849;1;7;0;0;2;2;1;B01
201700052849;1;7;0;0;2;3;11;A01
201700052850;0;7;0;0;1;1;1;A01
201700052851;1;10;0;8;1;9;2;A01
201700052851;1;7;0;0;2;6;23;B01
201700052852;2;1;0;0;1;1;0;A01
201700052853;1;2;0;16;1;3;1;A01
201700052854;1;33;0;0;1;2;1;A01
201700052855;1;7;0;0;1;3;15;A01
201700052856;1;7;0;0;2;3;15;A01
201700052856;1;32;0;0;2;5;17;B01
201700052857;2;7;0;0;2;4;23;D01
201700052857;2;7;0;0;2;4;23;B01
201700052857;2;7;0;0;2;4;23;C01
201700052857;2;10;0;0;2;1;1;A01
201700052858;1;7;0;0;2;2;16;A01
201700052858;1;1;0;0;2;1;7;B01
201700052859;1;34;0;0;2;0;18;B01
201700052859;1;7;0;0;2;0;22;A01
201700052860;1;30;0;0;0;1;1;A01
201700052861;2;30;0;0;0;0;21;A01
201700052862;1;7;0;0;2;3;15;A01
201700052862;2;30;0;0;2;2;5;B01
201700052863;1;30;0;0;1;2;1;A01
201700052864;1;7;0;0;2;4;23;B01
201700052864;1;7;0;0;2;4;23;C01
201700052864;1;13;0;0;2;1;2;A01
201700052865;1;7;0;0;1;1;7;A01
201700052866;1;7;0;0;2;3;1;B01
201700052866;1;30;0;0;2;7;1;A01
201700052867;1;33;0;0;1;0;19;Z01
201700052868;2;33;0;0;2;3;18;A01
201700052868;2;7;0;0;2;5;22;B01
201700052869;1;10;0;0;2;3;15;A01
201700052869;1;31;0;0;2;1;1;B01
201700052870;2;7;0;0;2;6;13;A01
201700052870;2;31;0;0;2;1;17;B01
201700052871;1;31;0;0;2;1;13;A01
201700052871;1;7;0;0;2;0;1;B01
201700052872;1;2;0;14;0;1;14;A01
201700052873;2;2;0;0;2;0;1;B01
201700052873;1;7;0;0;2;3;10;A01
201700052874;2;1;0;0;2;3;1;A01
201700052874;2;7;0;0;2;3;1;B01
201700052875;1;31;0;0;2;0;17;B01
201700052875;1;7;0;0;2;0;11;A01
201700052876;1;2;0;9;0;1;7;A01
201700052877;1;31;0;0;1;3;2;A01
201700052878;0;31;0;0;2;0;1;B01
201700052878;0;7;0;0;2;3;10;A01
201700052879;1;32;0;0;1;1;17;A01
201700052880;2;7;0;0;1;4;4;A01
201700052881;1;7;0;0;2;2;1;A01
201700052881;2;2;0;0;2;3;1;B01
201700052882;1;32;0;0;0;6;21;A01
201700052883;1;7;0;0;1;0;1;Z01
201700052884;1;7;0;0;2;4;1;A01
201700052884;1;7;0;0;2;4;23;B01
201700052885;1;32;0;0;2;7;1;A01
201700052885;2;34;0;0;2;2;1;C01
201700052885;2;34;0;0;2;1;1;B01
201700052886;1;1;0;0;2;7;1;A01
201700052886;1;7;0;0;2;1;1;Z01
201700052887;1;7;0;0;2;3;0;B01
201700052887;1;7;0;0;2;1;1;A01
201700052888;1;10;0;7;2;3;10;B01
201700052888;1;2;0;7;2;1;17;A01
201700052889;2;33;0;0;2;0;17;A01
201700052889;2;34;0;0;2;0;15;B01
201700052890;2;7;0;0;2;1;5;Z01
201700052890;2;37;0;0;2;0;1;A01
201700052891;2;7;0;0;1;0;15;A01
201700052891;2;7;0;0;2;0;23;B01
201700052892;1;31;0;0;2;1;2;A01
201700052892;1;7;0;0;2;4;2;B01
201700052893;2;31;0;0;1;1;1;A01
201700052894;1;10;0;0;1;5;4;A01
201700052895;1;7;0;0;2;5;1;B01
201700052895;1;33;0;0;2;2;1;A01
201700052896;1;31;0;0;0;0;21;A01
201700052897;1;2;0;0;2;1;15;A01
201700052897;2;34;0;0;2;8;1;B01
201700052898;2;31;0;0;2;1;7;A01
201700052898;2;32;0;0;2;7;16;B01
201700052899;1;1;0;0;2;1;1;B01
201700052899;1;7;0;0;2;8;15;A01
201700052900;1;32;0;0;2;7;1;A01
201700052900;1;7;0;0;2;1;1;B01
201700052901;0;7;0;0;1;7;1;A01
201700052902;2;1;0;0;1;2;1;A01
201700052903;1;7;0;0;2;3;15;A01
201700052903;1;34;0;0;2;2;17;B01
201700052904;1;7;0;0;1;3;1;A01
201700052905;2;32;0;0;2;1;18;B01
201700052905;1;10;0;0;2;5;16;A01
201700052906;1;2;0;0;2;3;1;A01
201700052906;2;7;0;0;2;3;1;B01
201700052907;1;2;0;0;2;0;1;Z01
201700052907;1;1;0;0;2;0;1;A01
201700052908;1;10;0;0;2;1;2;A01
201700052908;1;7;0;0;2;4;23;B01
201700052908;1;7;0;0;2;4;23;C01
201700052909;2;7;0;0;2;3;1;B01
201700052909;1;30;0;0;2;1;13;A01
201700052910;1;7;0;0;2;7;1;B01
201700052910;1;33;0;0;2;1;1;A01
201700052911;1;10;0;0;2;5;16;A01
201700052911;1;1;0;0;2;3;7;B01
201700052912;1;7;0;0;2;2;1;A01
201700052912;1;33;0;0;2;3;1;B01
201700052913;1;7;0;0;2;3;10;A01
201700052913;1;33;0;0;2;2;1;B01
201700052914;2;30;0;0;2;5;1;A01
201700052914;2;38;0;0;2;6;15;B01
201700052915;1;10;0;0;1;5;4;A01
201700052916;2;37;0;0;2;2;1;B01
201700052916;2;31;0;0;2;1;1;A01
201700052917;1;7;0;0;2;4;23;A01
201700052917;1;7;0;0;2;1;2;Z01
201700052918;2;33;0;0;2;0;1;A01
201700052918;1;7;0;0;2;0;10;B01
201700052919;2;37;0;0;2;7;1;B01
201700052919;2;33;0;0;1;1;1;A01
201700052920;1;7;0;1;2;3;11;A01
201700052920;1;32;0;0;2;5;17;B01
201700052921;1;31;0;0;2;8;1;A01
201700052921;1;7;0;0;2;3;16;B01
201700052922;2;7;0;0;2;3;10;A01
201700052922;2;32;0;0;2;2;1;B01
201700052923;2;33;0;0;1;4;1;A01
201700052924;2;7;0;0;2;7;13;B01
201700052924;2;31;0;0;2;8;3;A01
201700052925;1;33;0;11;0;1;13;A01
201700052926;0;7;0;0;2;5;23;B01
201700052926;0;32;0;0;2;1;1;A01
201700052927;0;7;0;0;2;7;15;A01
201700052927;0;33;0;0;2;1;1;B01
201700052928;2;7;0;14;1;3;1;A01
201700052929;0;32;0;0;1;1;1;A01
201700052930;0;7;0;0;2;7;1;A01
201700052930;0;7;0;0;2;0;1;B01
201700052931;1;7;0;0;2;2;10;A01
201700052931;2;1;0;0;2;1;7;B01
201700052932;2;30;0;0;1;2;1;A01
201700052933;1;7;0;0;1;2;1;A01
201700052934;1;34;0;0;2;1;1;B01
201700052934;1;2;0;0;2;1;10;A01
201700052935;2;33;0;0;1;2;1;A01
201700052936;2;1;0;0;1;1;5;A01
201700052937;0;1;0;0;2;2;19;B01
201700052937;2;2;0;0;2;1;17;A01
201700052938;1;7;0;1;2;1;15;A01
201700052938;2;34;0;0;2;3;1;B01
201700052939;1;7;0;0;1;1;15;A01
201700052940;2;34;0;0;1;1;5;A01
201700052941;2;33;0;0;2;2;17;B01
201700052941;2;10;0;0;2;3;13;A01
201700052942;1;10;0;0;1;7;1;A01
201700052943;2;33;0;0;1;7;1;A01
201700052944;1;7;0;0;1;2;1;A01
201700052945;2;7;0;0;2;3;9;A01
201700052945;1;33;0;0;2;8;1;B01
201700052946;2;7;0;0;1;1;1;A01
201700052947;1;7;0;0;2;2;15;A01
201700052947;1;32;0;0;2;2;17;B01
201700052948;1;34;0;0;1;1;16;A01
201700052949;1;7;0;0;1;3;1;A01
201700052950;2;31;0;0;2;7;5;A01
201700052950;2;10;0;0;2;3;15;B01
201700052951;1;7;0;0;2;2;1;B01
201700052951;1;7;0;11;2;9;14;A01
201700052952;1;7;0;0;1;3;1;A01
201700052953;1;7;0;0;1;4;4;A01
201700052954;2;10;0;0;2;2;16;A01
201700052954;2;1;0;0;2;3;7;B01
201700052955;1;7;0;0;2;3;11;A01
201700052955;1;33;0;0;2;2;1;B01
201700052956;2;34;0;0;0;1;11;A01
201700052957;1;10;0;0;2;8;22;A01
201700052957;1;1;0;0;2;8;1;B01
201700052958;1;7;0;0;2;8;13;A01
201700052958;1;30;0;0;2;2;1;B01
201700052959;2;33;0;0;1;1;17;A01
201700052960;2;33;0;1;0;8;13;A01
201700052961;2;7;0;0;1;3;1;A01
201700052962;1;31;0;0;1;0;1;A01
201700052963;1;31;0;0;1;1;1;Z01
201700052964;2;32;0;0;2;3;11;A01
201700052964;2;7;0;0;2;2;1;B01
201700052965;2;33;0;0;0;0;1;A01
201700052966;0;2;0;0;2;2;1;B01
201700052966;1;7;0;0;2;6;9;A01
201700052967;1;7;0;0;2;1;2;A01
201700052967;1;7;0;0;2;4;23;B01
201700052968;1;31;0;0;1;1;1;A01
201700052969;2;1;0;0;2;8;1;A01
201700052969;1;30;0;0;2;3;15;Z01
201700052970;2;30;0;12;0;6;13;A01
201700052971;2;1;0;1;0;0;15;A01
201700052972;2;10;0;0;2;0;22;Z01
201700052972;2;31;0;0;2;1;1;A01
201700052973;2;1;0;0;2;2;1;B01
201700052973;2;7;0;0;2;3;9;A01
201700052974;2;1;0;0;2;3;13;A01
201700052974;2;7;0;0;2;2;1;B01
201700052975;1;1;0;0;2;1;1;B01
201700052975;1;7;0;0;2;2;12;A01
201700052976;1;1;0;0;2;0;7;A01
201700052976;0;7;0;0;2;0;16;B01
201700052977;2;30;0;0;1;1;18;A01
201700052978;1;34;0;0;2;1;1;A01
201700052978;2;7;0;0;2;0;9;B01
201700052979;2;10;0;0;2;0;1;Z01
201700052979;2;1;0;0;2;3;15;A01
201700052980;1;2;0;0;0;0;21;A01
201700052981;1;1;0;0;1;1;1;A01