num_acc;senc;catv;occutc;obs;obsm;choc;manv;num_veh
201700053361;2;1;0;0;2;0;1;A01
201700053361;2;1;0;0;2;3;19;B01
201700053362;2;10;0;0;1;4;4;A01
201700053363;1;7;0;0;2;3;1;A01
201700053363;1;34;0;0;2;3;1;B01
201700053364;1;7;0;0;1;1;1;A01
201700053365;2;32;0;0;1;0;1;Z01
201700053366;1;32;0;0;2;7;1;B01
201700053366;1;30;0;0;2;1;1;A01
201700053367;1;7;0;0;2;0;1;B01
201700053367;2;2;0;0;2;2;15;A01
201700053368;1;1;0;0;1;2;1;A01
201700053369;1;34;0;0;2;1;1;B01
201700053369;0;7;0;0;2;2;1;A01
201700053370;1;7;0;1;0;2;14;A01
201700053371;1;7;0;0;1;1;16;A01
201700053372;1;7;0;0;2;7;17;A01
201700053372;1;30;0;0;2;8;1;B01
201700053373;2;1;0;0;1;1;16;A01
201700053374;1;7;0;0;1;6;4;A01
201700053375;2;7;0;0;2;0;9;Z01
201700053375;2;33;0;0;2;2;1;A01
201700053376;1;32;0;0;2;1;1;A01
201700053376;1;10;0;0;2;7;1;B01
201700053377;2;1;0;0;2;7;1;A01
201700053377;1;7;0;0;2;3;15;B01
201700053378;2;1;0;0;1;1;5;A01
201700053379;2;7;0;0;2;3;1;A01
201700053379;2;7;0;0;2;1;1;B01
201700053380;2;34;0;0;2;1;1;B01
201700053380;1;7;0;0;2;5;15;A01
201700053381;2;7;0;8;1;4;4;A01
201700053382;1;34;0;0;1;1;1;A01
201700053383;0;10;0;0;2;8;22;A01
201700053383;2;33;0;0;2;7;1;B01
201700053384;2;7;0;0;2;4;23;B01
201700053384;2;7;0;0;2;1;2;A01
201700053385;1;7;0;0;1;7;15;A01
201700053386;2;30;0;0;2;1;2;B01
201700053386;2;33;0;0;2;7;21;A01
201700053387;2;7;0;8;2;8;1;B01
201700053387;1;7;0;0;2;2;15;A01
201700053388;2;7;0;0;2;8;7;B01
201700053388;2;10;0;0;2;2;16;A01
201700053389;1;34;0;0;2;0;7;B01
201700053389;1;10;0;0;2;6;16;A01
201700053390;2;7;0;0;2;3;16;A01
201700053390;2;7;0;0;2;3;7;B01
201700053391;2;7;0;0;1;3;1;A01
201700053392;1;7;0;0;1;2;16;A01
201700053393;2;32;0;0;2;1;18;A01
201700053393;2;7;0;0;2;6;15;B01
201700053394;2;1;0;0;1;1;1;A01
201700053395;2;7;0;0;2;1;1;A01
201700053395;2;33;0;0;2;4;23;B01
201700053396;1;7;0;0;2;1;1;B01
201700053396;1;7;0;0;2;7;15;A01
201700053397;1;7;0;0;1;2;1;A01
201700053398;2;7;0;0;2;2;1;A01
201700053398;2;2;0;0;2;7;1;B01
201700053399;2;30;0;0;2;0;18;B01
201700053399;2;7;0;0;2;5;22;A01
201700053400;2;7;0;0;2;7;17;A01
201700053400;2;30;0;0;2;8;1;B01
201700053401;2;7;0;0;2;8;22;A01
201700053401;2;1;0;0;2;1;17;B01
201700053402;1;7;0;0;2;1;1;B01
201700053402;1;2;0;0;2;7;1;A01
201700053403;1;7;0;0;2;7;1;A01
201700053403;1;7;0;0;2;0;1;B01
201700053404;1;7;0;0;1;3;5;Z01
201700053405;2;7;0;0;1;1;1;A01
201700053406;1;1;0;1;0;1;1;B01
201700053406;1;7;0;0;2;3;22;A01
201700053407;1;1;0;0;1;1;7;A01
201700053408;2;7;0;0;2;6;15;A01
201700053408;2;31;0;0;2;1;1;B01
201700053409;1;31;0;0;2;1;1;A01
201700053409;1;7;0;0;2;2;1;B01
201700053410;2;10;0;0;1;0;7;A01
201700053411;2;30;0;0;1;1;1;A01
201700053412;2;32;0;0;2;0;1;A01
201700053412;1;7;0;0;2;0;15;B01
201700053413;2;7;0;0;2;0;13;Z01
201700053413;2;2;0;0;2;5;1;A01
201700053413;2;7;0;0;2;6;1;B01
201700053414;2;31;0;0;2;1;2;A01
201700053414;2;7;0;0;2;5;2;B01
201700053415;2;7;0;0;1;4;4;A01
201700053416;1;33;0;0;2;3;5;A01
201700053416;2;7;0;0;2;1;15;B01
201700053417;2;1;0;0;2;6;7;B01
201700053417;2;7;0;0;2;2;12;A01
201700053418;2;31;0;8;0;2;13;A01
201700053419;2;37;0;0;1;5;7;A01
201700053420;1;7;0;0;2;1;15;A01
201700053420;2;2;0;0;2;1;1;B01
201700053421;2;7;0;0;1;1;7;A01
201700053422;2;30;0;0;9;1;1;A01
201700053423;1;7;0;0;2;3;15;A01
201700053423;1;34;0;0;2;1;5;B01
201700053424;1;7;0;0;2;7;15;A01
201700053424;2;2;0;0;2;0;1;B01
201700053425;1;7;0;0;2;7;1;A01
201700053425;1;1;0;0;2;3;1;B01
201700053426;2;7;0;14;1;3;23;A01
201700053426;2;7;0;0;1;2;1;B01
201700053427;2;7;0;0;1;2;15;A01
201700053428;1;33;0;0;2;1;1;A01
201700053428;1;7;0;0;2;4;23;B01
201700053429;2;10;0;0;2;8;15;A01
201700053429;2;34;0;0;2;1;17;B01
201700053430;1;33;0;0;2;8;1;B01
201700053430;2;7;0;0;2;1;15;A01
201700053431;2;7;0;8;2;6;15;A01
201700053431;2;7;0;0;2;1;1;B01
201700053432;2;7;0;0;1;1;16;A01
201700053433;1;7;0;0;1;2;15;A01
201700053434;1;30;0;0;1;1;1;Z01
201700053435;1;30;0;0;2;4;15;B01
201700053435;1;32;0;0;2;1;1;A01
201700053436;2;7;0;0;2;7;1;C01
201700053436;2;10;0;0;2;3;22;B01
201700053436;2;33;0;0;2;1;3;A01
201700053436;2;7;0;0;2;5;1;D01
201700053437;1;10;0;0;2;4;1;B01
201700053437;1;10;0;0;2;1;1;A01
201700053438;1;7;0;8;0;2;14;Z01
201700053439;0;1;0;0;;2;21;A01
201700053440;0;7;0;0;2;8;15;B01
201700053440;0;32;0;0;2;1;17;A01
201700053441;0;1;0;0;2;1;1;A01
201700053441;0;7;0;0;2;0;1;Z01
201700053442;1;7;0;0;2;3;24;C01
201700053442;1;7;0;0;2;6;1;B01
201700053442;1;7;0;0;2;2;17;A01
201700053443;1;10;0;0;2;3;15;A01
201700053443;1;30;0;0;2;1;17;B01
201700053444;1;34;0;0;2;2;1;A01
201700053444;1;7;0;0;2;3;16;B01
201700053445;2;7;0;0;2;7;1;B01
201700053445;2;34;0;0;2;1;1;A01
201700053446;0;1;0;0;1;1;1;A01
201700053447;1;7;0;0;2;3;15;A01
201700053447;1;33;0;0;2;7;17;B01
201700053448;2;30;0;0;2;1;5;A01
201700053448;2;7;0;0;2;3;15;B01
201700053449;1;31;0;0;2;2;17;A01
201700053449;0;7;0;0;2;0;22;Z01
201700053450;2;10;0;0;2;2;9;A01
201700053450;2;33;0;1;2;4;1;B01
201700053451;2;7;0;0;2;6;2;B01
201700053451;2;7;0;0;2;2;23;A01
201700053452;0;33;0;0;2;1;7;A01
201700053452;0;7;0;0;2;5;7;B01
201700053453;1;31;0;0;2;1;18;A01
201700053453;1;10;0;0;2;2;16;B01
201700053454;1;7;0;0;1;2;17;A01
201700053455;2;7;0;0;2;3;15;A01
201700053455;2;30;0;0;2;1;1;B01
201700053456;1;7;0;0;2;7;22;A01
201700053456;1;31;0;0;2;8;18;B01
201700053457;1;2;0;14;0;8;14;A01
201700053458;2;7;0;0;2;2;16;A01
201700053458;2;30;0;0;2;8;1;B01
201700053459;2;10;0;0;2;3;23;B01
201700053459;2;34;0;0;2;2;1;A01
201700053460;2;7;0;0;2;2;16;A01
201700053460;2;34;0;0;2;3;18;B01
201700053461;0;7;0;0;2;1;1;A01
201700053461;0;7;0;1;2;7;1;B01
201700053462;1;30;0;0;0;2;1;A01
201700053463;0;7;0;6;0;1;9;A01
201700053464;0;7;0;0;2;3;1;A01
201700053464;0;31;0;0;2;7;1;B01
201700053465;1;7;0;0;2;2;16;A01
201700053465;1;1;0;0;2;0;19;B01
201700053466;2;31;0;0;2;1;1;A01
201700053466;2;1;0;0;2;4;15;B01
201700053467;2;7;0;0;2;2;17;A01
201700053467;2;1;0;0;2;4;13;B01
201700053468;2;37;0;0;2;3;1;B01
201700053468;1;7;0;0;2;2;15;A01
201700053469;0;7;0;0;2;1;1;B01
201700053469;0;7;0;0;2;3;1;A01
201700053470;2;33;0;0;2;8;1;B01
201700053470;1;7;0;0;2;8;10;A01
201700053471;1;7;0;0;2;0;1;Z01
201700053471;0;1;0;0;2;0;19;A01
201700053472;0;31;0;0;;2;21;A01
201700053473;1;30;0;0;2;4;16;B01
201700053473;1;7;0;0;2;1;16;A01
201700053474;2;7;0;9;0;1;14;A01
201700053475;1;33;0;0;2;7;1;B01
201700053475;2;7;0;0;2;3;15;A01
201700053476;0;30;0;0;2;3;1;B01
201700053476;0;7;0;0;2;2;1;A01
201700053477;2;7;0;0;2;2;22;A01
201700053477;2;1;0;0;2;2;1;B01
201700053478;2;7;0;0;1;2;4;A01
201700053479;1;1;0;0;2;7;1;A01
201700053479;1;7;0;0;2;0;16;Z01
201700053480;0;7;0;0;2;3;11;A01
201700053480;0;32;0;0;2;2;17;B01
201700053481;1;7;0;0;2;3;1;B01
201700053481;1;7;0;0;2;3;9;A01
201700053482;1;7;0;0;2;8;1;A01
201700053482;1;7;0;15;2;1;1;B01
201700053483;2;7;0;0;2;0;1;B01
201700053483;1;7;0;0;2;5;15;A01
201700053484;2;7;0;0;2;2;16;B01
201700053484;2;2;0;0;2;3;18;A01
201700053485;0;32;0;0;1;1;1;A01
201700053486;2;10;0;0;2;7;1;C01
201700053486;2;7;0;0;2;1;22;A01
201700053486;2;33;0;0;2;1;3;B01
201700053487;2;2;0;0;0;0;1;A01
201700053488;1;1;0;0;2;1;7;Z01
201700053488;1;1;0;0;2;4;7;A01
201700053489;2;30;0;0;2;1;1;B01
201700053489;2;7;0;0;2;5;1;A01
201700053490;0;7;0;0;2;0;15;Z01
201700053490;2;2;0;0;2;2;17;A01
201700053491;1;7;0;0;2;2;12;A01
201700053491;1;33;0;0;2;3;1;B01
201700053492;0;10;0;1;0;4;4;A01
201700053493;2;7;0;0;2;6;23;B01
201700053493;2;31;0;0;2;1;2;A01
201700053494;2;7;0;0;2;3;1;B01
201700053494;2;34;0;0;2;2;1;A01
201700053495;1;31;0;14;0;0;18;A01
201700053496;2;31;0;1;0;1;18;A01
201700053497;1;2;0;0;1;1;1;A01
201700053498;2;7;0;0;2;1;1;B01
201700053498;1;1;0;1;2;8;1;A01
201700053499;2;7;0;0;2;2;2;A01
201700053499;2;7;0;0;2;4;23;B01
201700053500;1;2;0;0;1;3;1;A01
201700053501;1;32;0;0;2;1;1;A01
201700053501;2;7;0;0;2;0;15;B01
201700053502;0;7;0;0;1;1;1;A01
201700053503;1;7;0;0;1;3;1;A01
201700053504;1;34;0;0;2;1;1;A01
201700053504;1;7;0;0;2;3;15;B01
201700053505;1;7;0;0;2;1;2;A01
201700053505;1;7;0;0;2;4;23;B01
201700053506;1;1;0;0;0;0;1;A01
201700053507;1;7;0;0;1;7;15;A01
201700053508;1;30;0;0;2;1;1;B01
201700053508;1;7;0;1;2;3;10;A01
201700053509;2;7;0;0;2;4;23;A01
201700053509;2;34;0;0;2;1;2;B01
201700053510;0;33;0;0;2;1;1;B01
201700053510;2;10;0;0;2;2;1;A01
201700053511;0;7;0;10;2;1;1;B01
201700053511;1;7;0;0;2;3;1;A01
201700053512;1;31;0;0;2;0;17;A01
201700053512;1;7;0;0;2;0;15;B01
201700053513;2;7;0;0;1;4;4;A01
201700053514;2;7;0;0;2;4;1;C01
201700053514;1;7;0;0;2;1;1;B01
201700053514;2;7;0;0;2;1;1;A01
201700053515;0;7;0;0;2;7;1;A01
201700053515;0;1;0;0;2;0;13;B01
201700053516;2;32;0;0;2;5;1;A01
201700053516;2;7;0;0;2;0;1;B01
201700053517;2;1;0;0;0;2;1;A01
201700053518;2;32;0;0;0;8;1;A01
201700053519;1;7;0;0;1;2;15;A01
201700053520;1;7;0;0;1;1;15;A01
201700053521;0;7;0;0;1;1;17;A01
201700053522;2;1;0;0;2;3;13;Z01
201700053522;2;1;0;0;2;7;17;A01
201700053523;1;10;0;0;2;4;23;B01
201700053523;1;7;0;0;2;4;23;C01
201700053523;1;7;0;0;2;1;2;A01
201700053524;1;7;0;12;1;0;1;A01
201700053525;1;7;0;0;2;1;1;C01
201700053525;1;7;0;0;2;1;1;A01
201700053525;1;7;0;0;2;4;1;D01
201700053525;1;10;0;0;2;1;1;B01
201700053526;1;33;0;0;2;7;16;A01
201700053526;1;7;0;0;2;3;7;B01
201700053527;1;7;0;0;2;0;1;Z01
201700053527;1;7;0;0;2;2;1;A01
201700053527;1;1;0;0;2;8;15;B01
201700053528;2;32;0;0;2;3;17;B01
201700053528;2;7;0;0;2;2;15;A01
201700053529;1;7;0;0;2;7;11;A01
201700053529;1;34;0;0;2;7;1;B01
201700053530;1;30;0;0;2;1;5;A01
201700053530;2;7;0;0;2;3;15;B01
201700053531;2;7;0;0;1;2;20;A01
201700053532;0;30;0;0;1;1;1;A01
201700053533;1;33;0;0;2;2;15;B01
201700053533;1;7;0;0;2;3;17;A01
201700053534;2;7;0;0;2;2;1;A01
201700053534;2;1;0;0;2;4;23;B01
201700053535;1;7;0;0;2;5;22;B01
201700053535;0;33;0;1;2;3;18;A01
201700053536;0;32;0;0;2;0;5;A01
201700053536;0;34;0;0;2;0;11;Z01
201700053537;1;1;0;0;2;8;1;B01
201700053537;1;15;0;0;2;7;16;A01
201700053538;1;34;0;0;1;2;1;A01
201700053539;2;10;0;1;1;4;4;A01
201700053540;1;1;0;0;0;0;1;A01
201700053541;0;33;0;0;1;3;17;A01
201700053542;1;10;0;0;1;2;1;A01
201700053543;1;32;0;0;2;3;1;A01
201700053543;2;7;0;0;2;3;15;Z01
201700053544;0;10;0;0;1;4;4;A01
201700053545;0;1;0;0;1;1;7;A01
201700053546;1;7;0;1;0;7;13;A01
201700053547;2;7;0;0;1;0;8;Z01
201700053548;1;38;0;0;2;1;2;A01
201700053548;1;33;0;0;2;4;23;B01
201700053549;2;7;0;0;1;3;1;A01
201700053550;1;7;0;0;2;1;7;A01
201700053550;1;7;0;0;2;5;1;B01
201700053551;2;7;0;0;2;7;15;A01
201700053551;2;1;0;0;2;5;15;B01
201700053552;2;37;0;0;2;6;23;B01
201700053552;2;31;0;0;2;1;2;A01
201700053553;2;34;0;12;0;0;14;A01
201700053554;2;33;0;0;0;8;21;A01
201700053555;1;7;0;0;2;5;1;A01
201700053555;1;7;0;0;2;0;23;C01
201700053555;1;34;0;0;2;4;23;B01
201700053556;1;30;0;0;0;0;1;A01
201700053557;2;7;0;0;1;2;15;A01
201700053558;1;7;0;0;2;0;15;B01
201700053558;1;7;0;0;2;0;15;C01
201700053558;0;1;0;0;2;0;19;A01
201700053559;1;7;0;8;0;1;15;A01
201700053560;1;7;0;0;2;2;15;A01
201700053560;2;7;0;0;2;3;1;B01
201700053561;1;37;0;0;2;1;1;B01
201700053561;1;7;0;0;2;5;16;A01
201700053562;1;30;0;0;1;1;1;A01
201700053563;2;7;0;1;0;1;1;A01
201700053564;1;7;0;0;2;3;9;A01
201700053564;2;33;0;0;2;2;1;B01
201700053565;0;10;0;0;2;8;22;B01
201700053565;2;31;0;0;2;7;1;A01
201700053566;1;7;0;0;2;4;1;A01
201700053566;1;33;0;0;2;8;18;C01
201700053566;1;7;0;0;2;2;12;B01
201700053567;0;33;0;0;2;7;1;B01
201700053567;0;7;0;0;2;8;13;A01
201700053568;1;30;0;0;0;0;1;A01
201700053569;0;30;0;0;2;0;5;A01
201700053569;0;7;0;0;2;3;13;B01
201700053570;1;30;0;0;2;0;15;A01
201700053570;1;7;0;0;2;7;1;B01
201700053571;2;38;0;0;1;2;16;A01
201700053572;1;7;0;0;2;4;23;B01
201700053572;1;7;0;0;2;1;1;A01
201700053573;2;7;0;0;2;2;1;A01
201700053573;2;37;0;0;2;6;23;B01
201700053574;2;7;0;3;0;1;13;A01
201700053575;1;7;0;1;2;7;1;B01
201700053575;1;7;0;0;2;8;1;C01
201700053575;1;7;0;0;2;1;1;A01
201700053576;1;7;0;0;2;2;15;A01
201700053576;1;30;0;0;2;6;1;B01
201700053577;0;1;0;1;2;1;1;C01
201700053577;1;7;0;0;2;5;23;B01
201700053577;1;7;0;0;2;0;22;A01
201700053578;0;7;0;11;2;7;5;A01
201700053578;0;7;0;0;2;1;15;B01
201700053579;1;7;0;0;2;2;16;A01
201700053579;1;2;0;0;2;1;18;B01
201700053580;0;7;0;0;1;2;15;A01
201700053581;1;10;0;0;2;4;2;B01
201700053581;1;10;0;0;2;1;2;A01
201700053582;1;31;0;0;1;8;1;A01
201700053583;2;2;0;0;1;7;1;A01
201700053584;1;10;0;0;2;3;9;A01
201700053584;1;31;0;0;2;1;1;B01
201700053585;1;7;0;0;2;1;2;A01
201700053585;1;7;0;0;2;4;23;B01
201700053586;1;7;0;14;0;1;1;A01
201700053587;1;7;0;0;2;8;15;B01
201700053587;1;32;0;0;2;2;17;A01
201700053588;1;2;0;0;2;7;17;A01
201700053588;1;14;0;0;2;3;15;B01
201700053589;2;31;0;0;2;1;1;B01
201700053589;2;7;0;0;2;8;10;A01
201700053590;1;7;0;0;2;2;1;B01
201700053590;1;33;0;0;2;1;1;A01
201700053591;1;7;0;0;2;3;22;A01
201700053591;1;1;0;0;2;1;1;B01
201700053592;0;2;0;0;2;1;1;A01
201700053592;0;7;0;0;2;2;15;B01
201700053593;1;31;0;1;0;7;14;A01
201700053594;1;7;0;0;2;1;23;C01
201700053594;1;7;0;0;2;7;1;A01
201700053594;1;7;0;0;2;1;1;B01
201700053595;1;7;0;0;2;7;15;A01
201700053595;2;31;0;0;2;7;1;B01
201700053596;0;7;0;0;2;8;15;A01
201700053596;0;34;0;0;2;7;1;B01
201700053597;1;7;0;6;0;1;1;A01
201700053598;1;7;0;0;1;1;2;A01
201700053598;1;10;0;0;2;4;23;B01
201700053599;1;7;0;0;2;3;15;B01
201700053599;1;32;0;0;2;7;17;A01
201700053600;0;32;0;0;2;7;17;A01
201700053600;0;7;0;0;2;8;15;B01
201700053601;2;7;0;0;1;1;1;A01
201700053602;2;1;0;0;2;8;1;A01
201700053602;1;7;0;0;2;1;1;B01
201700053603;1;31;0;0;0;0;1;A01
201700053604;1;7;0;0;2;2;1;A01
201700053604;1;33;0;0;2;6;1;B01
201700053605;1;30;0;0;0;3;15;A01
201700053606;0;7;0;1;0;3;0;A01
201700053607;2;7;0;0;1;0;1;Z01
201700053608;1;34;0;0;1;3;1;A01
201700053609;1;7;0;0;2;1;1;B01
201700053609;2;1;0;0;2;4;5;A01
201700053610;1;7;0;0;2;2;15;B01
201700053610;1;7;0;7;2;3;1;A01
201700053611;1;7;0;0;2;1;23;B01
201700053611;1;7;0;0;2;4;2;A01
201700053612;1;31;0;0;0;8;21;A01
201700053613;1;7;0;0;2;6;23;A01
201700053613;1;32;0;0;2;1;1;B01
201700053614;1;7;0;0;1;2;1;A01
201700053615;1;7;0;0;1;1;1;A01
201700053616;2;1;0;0;2;2;1;B01
201700053616;2;10;0;0;2;8;22;A01
201700053617;2;33;0;0;1;1;5;A01
201700053618;1;7;0;0;1;4;4;A01
201700053619;1;7;0;0;2;0;1;B01
201700053619;1;30;0;0;2;4;21;A01
201700053620;1;7;0;0;1;2;1;A01
201700053621;1;32;0;0;2;2;17;B01
201700053621;1;7;0;0;2;3;13;A01
201700053622;1;7;0;0;1;1;1;Z01
201700053623;1;7;0;12;2;8;17;Z01
201700053623;1;30;0;12;2;8;1;A01
201700053624;1;7;0;0;2;3;15;A01
201700053624;1;33;0;0;2;2;17;B01
201700053625;2;33;0;0;2;6;17;A01
201700053625;2;7;0;0;2;8;13;B01
201700053626;0;7;0;0;2;2;1;A01
201700053626;0;7;0;0;2;3;1;B01
201700053627;2;7;0;7;0;1;15;A01
201700053628;0;32;0;0;1;2;16;A01
201700053629;1;31;0;0;2;7;17;A01
201700053629;1;10;0;0;2;3;15;B01
201700053630;2;31;0;0;2;0;1;A01
201700053631;2;7;0;0;2;1;2;A01
201700053631;2;7;0;0;2;4;23;B01
201700053632;0;7;0;0;2;2;1;B01
201700053632;0;7;0;0;2;3;9;A01
201700053633;0;7;0;0;2;4;23;B01
201700053633;0;7;0;0;2;1;2;A01
201700053634;1;30;0;0;0;0;1;A01
201700053635;1;7;0;0;2;1;15;A01
201700053635;2;30;0;0;2;1;1;B01
201700053636;1;7;0;0;2;1;1;B01
201700053636;0;1;0;0;2;8;19;A01
201700053637;2;1;0;0;1;1;1;A01
201700053638;0;7;0;0;2;3;10;A01
201700053638;0;34;0;0;2;2;1;B01
201700053639;2;7;0;7;2;1;1;Z01
201700053639;2;7;0;0;2;5;15;A01
201700053640;1;1;0;0;2;1;19;A01
201700053640;2;7;0;0;2;3;15;B01
201700053641;1;33;0;0;2;2;15;A01
201700053641;2;7;0;0;2;0;1;B01
201700053642;0;33;0;0;2;3;1;B01
201700053642;0;7;0;0;2;3;1;A01
201700053643;1;33;0;0;2;1;1;A01
201700053643;0;33;0;0;2;0;23;B01
201700053643;1;33;0;0;2;4;23;C01
201700053644;1;10;0;0;1;2;15;A01
201700053645;1;10;0;0;1;3;15;A01
201700053646;0;7;0;0;2;3;11;A01
201700053646;0;33;0;0;2;2;17;B01
201700053647;1;7;0;0;2;3;1;A01
201700053647;1;30;0;0;2;2;14;B01
201700053648;0;31;0;0;2;3;18;A01
201700053648;0;7;0;0;2;2;1;B01
201700053649;2;7;0;0;2;3;1;B01
201700053649;1;31;0;0;2;3;5;A01
201700053650;1;32;0;0;2;8;1;B01
201700053650;1;7;0;0;2;8;22;A01
201700053651;2;1;0;0;2;8;2;B01
201700053651;2;7;0;0;2;2;2;A01
201700053652;2;33;0;0;1;1;1;A01
201700053653;2;7;0;0;1;7;1;A01
201700053654;2;7;0;0;1;1;15;Z01
201700053655;1;31;0;0;2;2;17;A01
201700053655;1;7;0;0;2;8;22;B01
201700053656;1;31;0;0;2;3;18;A01
201700053656;1;7;0;0;2;7;16;B01
201700053657;2;7;0;0;1;0;16;Z01
201700053658;1;7;0;0;2;2;1;B01
201700053658;1;31;0;0;2;4;13;A01
201700053659;0;7;0;0;2;3;1;B01
201700053659;0;33;0;11;2;0;17;A01
201700053660;1;33;0;0;2;7;17;B01
201700053660;1;7;0;0;2;8;13;A01
201700053661;2;33;0;0;0;0;1;A01
201700053662;2;32;0;0;1;0;17;A01
201700053663;2;7;0;0;2;4;16;A01
201700053663;2;33;0;0;2;1;18;B01
201700053664;0;31;0;1;0;1;14;A01
201700053665;0;2;0;0;2;7;12;A01
201700053665;0;7;0;0;2;8;1;B01
201700053666;2;10;0;0;2;0;1;A01
201700053666;1;2;0;0;2;0;1;B01
201700053667;1;7;0;0;1;1;1;A01
201700053668;1;7;0;0;2;1;15;A01
201700053668;2;7;0;0;2;8;1;B01
201700053669;2;33;0;0;1;2;1;A01
201700053670;2;10;0;0;2;4;23;B01
201700053670;2;7;0;0;2;1;2;A01
201700053671;2;7;0;0;2;6;15;B01
201700053671;2;34;0;0;2;2;17;A01
201700053672;2;7;0;0;2;4;2;C01
201700053672;2;7;0;0;2;5;2;B01
201700053672;2;7;0;0;2;4;2;D01
201700053672;2;7;0;0;2;1;2;A01
201700053673;1;7;0;0;2;0;0;Z01
201700053673;2;32;0;0;2;3;1;A01
201700053674;1;10;0;0;1;2;1;A01
201700053675;1;7;0;0;1;2;1;Z01
201700053676;2;7;0;0;2;6;4;A01
201700053676;2;31;0;0;2;1;23;B01
201700053677;2;34;0;0;1;1;16;A01
201700053678;2;10;0;1;1;2;1;A01
201700053679;1;7;0;0;2;3;9;A01
201700053679;1;32;0;0;2;7;1;B01
201700053680;2;32;0;0;2;6;17;A01
201700053680;2;7;0;0;2;6;15;B01
201700053681;2;37;0;0;2;1;1;A01
201700053681;2;7;0;0;2;4;23;B01
201700053682;2;32;0;0;2;1;7;B01
201700053682;1;7;0;0;2;1;15;A01
201700053683;2;7;0;0;2;2;1;A01
201700053683;2;1;0;0;2;0;1;B01
201700053684;2;10;0;0;2;2;15;B01
201700053684;2;32;0;0;2;7;1;A01
201700053685;1;31;0;0;0;0;1;A01
201700053686;1;7;0;0;2;3;15;A01
201700053686;1;33;0;1;2;7;17;B01
201700053687;0;7;0;0;2;0;1;Z01
201700053687;0;33;0;0;2;7;1;A01
201700053688;2;7;0;0;2;1;1;A01
201700053688;0;7;0;0;2;4;15;B01
201700053689;1;1;0;1;2;1;5;A01
201700053689;0;10;0;0;2;6;22;B01
201700053690;1;7;0;0;1;2;1;A01
201700053691;1;7;0;0;2;8;1;A01
201700053691;1;7;0;0;2;1;1;B01
201700053692;1;10;0;0;1;0;1;Z01
201700053693;1;7;0;0;2;1;1;A01
201700053693;2;7;0;0;2;3;1;B01
201700053694;1;33;0;0;2;7;1;B01
201700053694;1;10;0;0;2;1;1;A01
201700053695;2;32;0;0;1;1;1;A01
201700053696;1;31;0;0;2;4;2;A01
201700053696;0;7;0;0;2;0;2;Z01
201700053697;0;7;0;0;2;8;1;A01
201700053697;0;7;0;0;2;0;1;Z01
201700053698;1;7;0;0;2;5;1;B01
201700053698;0;1;0;0;2;1;1;A01
201700053699;1;7;0;0;2;0;1;B01
201700053699;1;7;0;0;2;2;1;A01
201700053700;0;7;0;0;2;4;23;B01
201700053700;0;7;0;0;2;1;2;A01
201700053701;0;33;0;0;2;1;2;B01
201700053701;0;7;0;0;2;5;16;A01
201700053702;1;34;0;0;2;1;2;A01
201700053702;1;33;0;0;2;4;23;B01
201700053703;1;7;0;0;2;1;15;A01
201700053703;2;33;0;0;2;8;1;B01
201700053704;0;1;0;0;2;2;11;A01
201700053704;0;10;0;0;2;2;1;B01
201700053705;1;7;0;0;1;1;15;A01
201700053706;0;7;0;8;0;2;1;A01
201700053707;2;33;0;0;2;2;1;B01
201700053707;1;7;0;0;2;6;15;A01
201700053708;0;7;0;0;2;1;1;A01
201700053708;1;7;0;0;2;4;23;B01
201700053709;2;7;0;0;2;3;15;A01
201700053709;2;33;0;0;2;5;1;B01
201700053710;1;30;0;0;2;4;23;B01
201700053710;1;7;0;0;2;2;1;A01
201700053711;0;7;0;0;2;7;16;A01
201700053711;1;30;0;0;2;8;1;B01
201700053712;2;31;0;0;2;0;1;B01
201700053712;2;7;0;0;2;2;9;A01
201700053713;0;34;0;0;2;1;13;A01
201700053713;0;7;0;0;2;0;1;B01
201700053714;1;7;0;0;2;0;9;Z01
201700053714;1;33;0;0;2;2;1;A01
201700053715;0;13;0;0;2;0;1;Z01
201700053715;1;33;0;1;2;8;22;A01
201700053716;1;32;0;0;2;1;1;A01
201700053716;1;7;0;0;2;3;10;B01
201700053717;1;7;0;0;1;5;4;A01
201700053718;1;7;0;0;2;2;16;A01
201700053718;2;33;0;0;2;8;1;B01
201700053719;1;33;0;0;2;1;2;A01
201700053719;1;7;0;0;2;6;15;B01
201700053720;1;32;0;0;0;0;1;A01
201700053721;1;7;0;0;2;6;1;B01
201700053721;1;33;0;0;2;2;1;A01
201700053722;1;7;0;0;2;1;2;A01
201700053722;1;7;0;0;2;4;2;Z01
201700053723;2;32;0;0;2;1;1;B01
201700053723;1;7;0;0;2;2;1;A01
201700053724;2;7;0;0;2;2;1;A01
201700053724;2;7;0;0;2;1;1;Z01
201700053725;1;7;0;7;0;1;1;A01
201700053726;1;1;0;0;2;1;1;A01
201700053726;1;7;0;0;2;3;1;B01
201700053727;1;30;0;0;2;4;2;B01
201700053727;2;31;0;0;2;1;2;A01
201700053728;0;34;0;0;2;3;1;B01
201700053728;0;7;0;0;2;2;16;A01
201700053729;2;31;0;0;2;8;18;A01