num_acc;senc;catv;occutc;obs;obsm;choc;manv;num_veh
201700053729;2;7;0;0;2;7;16;B01
201700053730;2;7;0;0;2;3;15;A01
201700053730;2;31;0;0;2;1;17;B01
201700053730;1;7;0;0;2;3;23;C01
201700053731;1;31;0;0;0;1;1;A01
201700053732;1;1;0;0;1;2;5;A01
201700053733;2;7;0;0;1;2;9;A01
201700053734;2;38;0;0;2;8;13;A01
201700053734;0;33;0;0;2;2;17;B01
201700053735;2;1;0;0;2;1;17;A01
201700053735;2;7;0;0;2;8;22;Z01
201700053736;2;7;0;0;1;2;1;A01
201700053737;1;1;0;0;2;8;1;B01
201700053737;2;2;0;0;2;7;1;A01
201700053738;2;7;0;0;2;4;1;C01
201700053738;2;7;0;0;2;1;1;A01
201700053738;2;7;0;0;2;1;1;B01
201700053739;1;7;0;0;2;2;10;A01
201700053739;1;30;0;0;2;1;1;B01
201700053740;1;31;0;0;2;8;16;B01
201700053740;1;7;0;0;2;5;16;A01
201700053741;2;7;0;0;2;2;15;A01
201700053741;1;33;0;0;2;1;1;B01
201700053742;2;34;0;0;2;3;18;A01
201700053742;2;7;0;0;2;7;23;B01
201700053742;2;7;0;0;2;0;15;C01
201700053743;1;32;0;0;2;7;1;A01
201700053743;0;10;0;0;2;3;1;B01
201700053744;0;10;0;14;0;0;16;A01
201700053745;1;7;0;0;1;2;1;A01
201700053746;1;33;0;0;2;2;5;B01
201700053746;1;7;0;0;2;8;22;A01
201700053747;0;7;0;0;1;1;1;A01
201700053748;1;7;0;0;2;3;22;A01
201700053748;1;1;0;0;2;1;17;B01
201700053749;1;13;0;0;2;1;2;A01
201700053749;1;1;0;0;2;4;2;B01
201700053750;2;7;0;0;2;7;22;A01
201700053750;2;1;0;0;2;3;18;B01
201700053751;1;2;0;0;0;1;1;A01
201700053752;0;7;0;0;2;1;2;A01
201700053752;0;7;0;0;2;4;2;B01
201700053753;1;33;0;0;1;1;17;A01
201700053754;2;7;0;0;2;3;9;A01
201700053754;2;1;0;0;2;7;1;B01
201700053755;2;33;0;0;2;3;9;A01
201700053755;2;34;0;0;2;2;1;B01
201700053756;1;10;0;0;2;1;2;A01
201700053756;1;7;0;0;2;0;23;C01
201700053756;0;7;0;0;2;4;23;B01
201700053757;1;30;0;0;2;1;2;A01
201700053757;1;7;0;0;2;4;23;B01
201700053758;1;7;0;0;2;0;22;A01
201700053758;1;31;0;0;2;1;7;B01
201700053759;1;34;0;11;0;1;1;A01
201700053760;1;10;0;0;1;2;15;A01
201700053761;2;33;0;0;2;1;1;B01
201700053761;2;7;0;0;2;8;10;A01
201700053762;2;7;0;0;2;0;22;A01
201700053762;2;31;0;0;2;0;1;B01
201700053763;0;32;0;0;2;1;15;A01
201700053763;0;7;0;0;2;2;1;B01
201700053764;1;7;0;0;1;1;1;A01
201700053765;0;30;0;12;0;2;14;A01
201700053766;2;7;0;0;2;1;1;B01
201700053766;1;7;0;0;2;1;15;A01
201700053767;1;30;0;0;2;1;1;A01
201700053767;1;7;0;0;2;6;1;B01
201700053768;1;3;0;0;1;1;0;A01
201700053769;1;34;0;0;2;2;17;A01
201700053769;1;7;0;0;2;3;13;B01
201700053770;0;7;0;0;2;3;10;A01
201700053770;1;33;0;0;2;7;1;B01
201700053771;2;14;0;0;2;2;14;A01
201700053771;2;7;0;0;2;8;7;B01
201700053772;2;7;0;0;1;1;1;A01
201700053773;1;1;0;0;2;4;23;B01
201700053773;1;7;0;0;2;2;2;A01
201700053774;2;2;0;0;2;1;2;A01
201700053774;2;7;0;0;2;4;2;B01
201700053775;2;31;0;0;2;3;15;A01
201700053775;2;7;0;0;2;2;1;B01
201700053776;1;7;0;0;2;1;1;A01
201700053776;0;7;0;0;2;4;1;B01
201700053777;1;1;0;0;1;1;5;A01
201700053778;2;7;0;0;1;1;1;A01
201700053779;1;2;0;0;1;1;1;A01
201700053780;1;7;0;9;2;2;23;B01
201700053780;1;31;0;0;2;1;1;A01
201700053781;1;7;0;0;1;1;1;A01
201700053782;0;2;0;0;2;1;1;A01
201700053782;1;1;0;0;2;0;13;B01
201700053783;2;7;0;0;2;2;12;B01
201700053783;2;2;0;0;2;3;18;A01
201700053784;1;7;0;0;2;4;10;A01
201700053784;2;2;0;0;2;1;1;B01
201700053785;2;10;0;0;2;3;10;A01
201700053785;2;33;0;0;2;7;1;B01
201700053786;0;37;0;0;2;1;2;A01
201700053786;0;2;0;0;2;4;2;B01
201700053787;2;34;0;0;2;8;1;B01
201700053787;1;7;0;0;2;2;14;A01
201700053788;2;7;0;0;2;8;15;A01
201700053788;1;1;0;0;2;1;1;B01
201700053789;0;33;0;0;2;1;1;B01
201700053789;0;1;0;0;2;2;1;A01
201700053790;2;7;0;0;2;1;1;A01
201700053790;2;30;0;0;2;4;18;B01
201700053791;2;7;0;0;2;6;10;A01
201700053791;2;34;0;0;2;1;17;B01
201700053792;1;10;0;0;2;4;23;B01
201700053792;1;32;0;0;2;1;1;A01
201700053793;2;34;0;0;1;1;17;Z01
201700053794;2;10;0;0;1;4;4;A01
201700053795;2;7;0;0;1;5;4;A01
201700053796;1;33;0;0;2;1;1;A01
201700053796;2;7;0;0;2;3;15;B01
201700053797;2;2;0;14;0;0;13;A01
201700053798;2;33;0;0;2;1;1;A01
201700053798;2;30;0;0;2;4;1;B01
201700053799;0;33;0;0;1;1;1;A01
201700053800;1;32;0;0;2;1;1;A01
201700053800;1;7;0;0;2;4;1;B01
201700053801;2;32;0;0;0;0;1;A01
201700053802;2;7;0;0;1;1;1;A01
201700053803;1;7;0;0;2;0;1;B01
201700053803;0;7;0;0;2;1;1;A01
201700053804;0;7;0;0;1;1;15;A01
201700053805;1;7;0;0;2;8;22;A01
201700053805;1;1;0;1;2;6;1;B01
201700053806;0;7;0;0;2;1;2;A01
201700053806;0;7;0;0;2;4;23;B01
201700053807;2;2;0;0;1;6;1;A01
201700053808;1;7;0;0;2;0;2;A01
201700053808;1;7;0;0;2;6;23;B01
201700053809;2;31;0;0;2;3;18;A01
201700053809;2;7;0;0;2;2;16;B01
201700053810;1;33;0;0;5;1;15;A01
201700053811;1;34;0;0;1;1;1;A01
201700053812;2;7;0;0;2;8;15;A01
201700053812;2;31;0;0;2;2;17;B01
201700053813;1;7;0;0;2;3;1;A01
201700053813;1;7;0;6;2;1;1;B01
201700053814;2;32;0;0;0;7;1;A01
201700053815;2;7;0;0;1;0;16;Z01
201700053816;1;30;0;0;2;1;17;A01
201700053816;1;7;0;0;2;3;23;B01
201700053817;1;10;0;0;2;0;1;A01
201700053817;0;32;0;0;2;0;1;B01
201700053818;1;7;0;0;2;6;14;B01
201700053818;1;7;0;0;2;1;1;A01
201700053819;1;7;0;0;2;7;1;B01
201700053819;2;7;0;0;2;1;1;A01
201700053820;2;33;0;0;2;4;23;B01
201700053820;2;7;0;0;2;2;23;C01
201700053820;2;10;0;0;2;2;17;A01
201700053821;2;33;0;0;1;7;18;A01
201700053822;2;7;0;0;2;0;1;B01
201700053822;2;7;0;0;2;5;22;A01
201700053823;1;7;0;0;2;6;23;B01
201700053823;1;3;0;0;2;1;2;A01
201700053824;1;7;0;0;2;1;15;A01
201700053824;2;1;0;0;2;1;1;B01
201700053825;1;10;0;0;2;1;2;A01
201700053825;1;7;0;0;2;4;23;B01
201700053826;2;7;0;0;2;1;1;A01
201700053826;1;7;0;0;2;8;1;B01
201700053827;1;7;0;0;1;2;15;A01
201700053828;2;7;0;0;2;6;2;B01
201700053828;2;34;0;0;2;1;2;A01
201700053829;1;7;0;0;1;4;4;A01
201700053830;0;7;0;0;1;0;1;Z01
201700053831;1;31;0;0;2;8;1;B01
201700053831;1;7;0;0;2;1;16;A01
201700053832;2;7;0;7;0;1;13;A01
201700053833;1;33;0;0;2;5;1;B01
201700053833;1;7;0;0;2;8;1;A01
201700053834;2;34;0;0;1;3;1;A01
201700053835;1;7;0;0;2;2;16;B01
201700053835;1;33;0;0;2;8;7;A01
201700053836;2;7;0;11;0;1;1;A01
201700053837;1;7;0;2;0;1;13;A01
201700053838;0;7;0;0;2;2;1;A01
201700053838;0;10;0;0;2;3;1;B01
201700053839;1;7;0;0;2;7;15;B01
201700053839;2;33;0;0;2;8;1;A01
201700053840;0;1;0;0;1;0;1;A01
201700053841;1;7;0;0;1;2;15;A01
201700053842;2;10;0;0;2;3;2;A01
201700053842;2;33;0;0;2;4;23;B01
201700053843;1;7;0;0;1;1;1;A01
201700053844;1;7;0;4;0;1;13;A01
201700053845;0;7;0;0;2;6;15;A01
201700053845;0;34;0;0;2;7;1;B01
201700053846;2;33;0;0;2;1;2;A01
201700053846;2;31;0;0;2;4;15;B01
201700053847;0;7;0;0;2;5;23;B01
201700053847;0;7;0;0;2;3;1;A01
201700053848;2;34;0;0;0;7;1;A01
201700053849;2;7;0;0;2;3;15;B01
201700053849;2;34;0;0;2;2;1;A01
201700053850;0;34;0;0;2;8;1;B01
201700053850;1;7;0;0;2;7;14;A01
201700053851;1;34;0;0;2;7;15;A01
201700053851;1;34;0;0;2;0;15;Z01
201700053852;1;7;0;0;2;3;1;B01
201700053852;2;7;0;0;2;2;1;A01
201700053853;2;31;0;0;0;0;21;A01
201700053854;1;2;0;0;2;3;1;B01
201700053854;1;7;0;0;2;2;16;A01
201700053855;1;7;0;0;2;3;2;A01
201700053855;0;34;0;0;2;5;23;B01
201700053856;1;7;0;0;2;3;10;B01
201700053856;1;30;0;0;2;2;17;A01
201700053857;2;2;0;0;1;0;1;Z01
201700053858;1;1;0;1;2;1;18;A01
201700053858;1;38;0;0;2;2;1;B01
201700053859;1;31;0;0;2;7;1;A01
201700053859;1;7;0;0;2;0;1;Z01
201700053860;2;1;0;0;2;1;2;A01
201700053860;0;7;0;0;2;5;2;B01
201700053861;1;7;0;0;2;2;1;A01
201700053861;1;7;0;0;2;3;1;B01
201700053862;1;7;0;0;2;3;1;B01
201700053862;2;7;0;0;2;3;15;A01
201700053863;2;31;0;0;0;0;1;A01
201700053864;0;7;0;0;2;2;16;B01
201700053864;0;33;0;0;2;5;18;A01
201700053865;0;33;0;0;2;0;23;B01
201700053865;0;7;0;0;2;0;2;A01
201700053866;1;7;0;0;2;1;1;A01
201700053866;1;7;0;0;2;4;23;B01
201700053867;2;2;0;0;2;1;1;B01
201700053867;1;7;0;0;2;3;15;A01
201700053868;1;7;0;0;2;1;16;B01
201700053868;1;31;0;0;2;6;18;A01
201700053869;1;7;0;0;2;7;1;A01
201700053869;1;31;0;0;2;7;1;B01
201700053870;1;7;0;0;2;1;2;A01
201700053870;1;7;0;0;2;4;23;B01
201700053871;2;10;0;0;2;1;1;A01
201700053871;1;30;0;0;2;0;1;Z01
201700053872;1;10;0;0;2;2;16;B01
201700053872;1;31;0;0;2;8;18;A01
201700053873;1;31;0;0;1;5;17;A01
201700053874;2;33;0;0;2;8;1;A01
201700053874;1;7;0;0;2;1;1;B01
201700053875;1;7;0;0;1;2;16;A01
201700053876;2;7;0;0;1;3;15;A01
201700053877;2;34;0;0;1;2;1;A01
201700053878;0;7;0;0;2;7;1;A01
201700053878;0;7;0;0;2;0;1;B01
201700053879;0;33;0;0;1;1;1;A01
201700053880;2;7;0;0;2;7;20;B01
201700053880;2;2;0;1;2;8;18;A01
201700053881;1;7;0;0;1;8;15;A01
201700053882;2;7;0;0;1;2;1;A01
201700053883;2;33;0;0;2;2;1;B01
201700053883;1;7;0;0;2;3;1;A01
201700053884;1;7;0;0;2;2;1;A01
201700053884;1;7;0;0;2;8;1;B01
201700053885;1;10;0;0;2;2;12;A01
201700053885;1;1;0;0;2;1;1;B01
201700053886;1;7;0;0;2;1;2;C01
201700053886;1;7;0;0;2;2;15;A01
201700053886;2;1;0;0;2;1;1;B01
201700053887;1;7;0;0;2;5;22;A01
201700053887;1;2;0;0;2;1;18;B01
201700053888;2;10;0;0;1;3;15;A01
201700053889;1;7;0;0;2;8;10;A01
201700053889;1;33;0;0;2;1;1;B01
201700053890;2;32;0;0;2;7;1;B01
201700053890;1;37;0;0;2;8;13;A01
201700053891;2;7;0;0;2;7;22;A01
201700053891;2;1;0;1;2;8;18;B01
201700053892;0;7;0;0;2;7;17;Z01
201700053892;1;1;0;0;2;8;1;A01
201700053893;0;33;0;0;2;1;1;A01
201700053893;0;7;0;0;2;0;14;Z01
201700053894;2;7;0;0;2;1;15;A01
201700053894;1;1;0;0;2;1;1;B01
201700053895;2;7;0;0;0;2;14;A01
201700053896;2;1;0;0;1;1;5;A01
201700053897;1;33;0;0;2;3;18;B01
201700053897;1;10;0;0;2;2;16;A01
201700053898;2;2;0;0;2;0;1;Z01
201700053898;2;33;0;0;2;8;1;A01
201700053899;1;37;0;0;1;1;1;A01
201700053900;0;7;0;0;1;0;1;A01
201700053901;1;31;0;0;2;1;1;A01
201700053901;2;31;0;0;2;1;1;B01
201700053902;1;33;0;14;0;1;15;A01
201700053903;1;7;0;0;2;7;1;A01
201700053903;2;7;0;0;2;3;7;B01
201700053904;1;2;0;0;2;1;2;A01
201700053904;1;7;0;0;2;0;23;B01
201700053905;2;7;0;0;1;3;1;A01
201700053906;0;31;0;0;2;2;2;B01
201700053906;0;7;0;0;2;3;2;A01
201700053907;1;7;0;0;2;7;10;A01
201700053907;2;2;0;0;2;1;1;B01
201700053908;1;10;0;0;1;1;1;A01
201700053909;2;30;0;0;0;0;1;A01
201700053910;1;32;0;0;0;0;1;A01
201700053911;2;30;0;0;2;8;1;B01
201700053911;2;7;0;0;2;7;16;A01
201700053912;2;33;0;0;1;1;1;A01
201700053913;2;7;0;8;0;1;13;A01
201700053914;0;7;0;0;2;0;23;C01
201700053914;1;7;0;0;2;1;2;A01
201700053914;1;7;0;0;2;5;23;B01
201700053915;2;7;0;0;2;2;14;Z01
201700053915;0;1;0;0;2;1;1;A01
201700053916;2;34;0;0;1;2;16;A01
201700053917;1;32;0;0;0;3;1;A01
201700053918;2;7;0;0;2;4;10;B01
201700053918;1;33;0;0;2;1;1;A01
201700053919;2;7;0;0;2;5;1;C01
201700053919;2;30;0;1;2;2;18;A01
201700053919;2;7;0;0;2;8;24;B01
201700053920;1;7;0;0;2;2;15;A01
201700053920;2;33;0;0;2;1;1;B01
201700053921;2;30;0;0;0;0;15;A01
201700053922;2;32;0;0;2;2;1;A01
201700053922;1;7;0;0;2;1;15;B01
201700053923;1;33;0;0;2;1;2;A01
201700053923;1;10;0;0;2;5;23;B01
201700053924;1;31;0;14;0;2;16;A01
201700053925;2;10;0;0;1;1;15;A01
201700053926;1;33;0;0;0;8;16;A01
201700053927;2;7;0;0;2;8;24;A01
201700053927;1;7;0;1;2;2;16;B01
201700053928;2;34;0;0;2;3;18;A01
201700053928;2;7;0;0;2;7;16;B01
201700053929;0;2;0;7;0;1;14;A01
201700053930;1;30;0;0;2;3;1;B01
201700053930;2;7;0;0;2;1;15;A01
201700053931;1;7;0;0;1;2;1;A01
201700053932;1;7;0;0;2;3;1;A01
201700053932;1;32;0;0;2;4;14;B01
201700053933;1;33;0;0;2;3;1;B01
201700053933;1;7;0;0;2;2;1;A01
201700053934;1;7;0;0;1;6;15;A01
201700053935;2;33;0;0;1;1;1;A01
201700053936;2;7;0;0;2;1;2;A01
201700053936;2;7;0;0;2;4;2;B01
201700053937;1;7;0;0;1;1;16;A01
201700053938;2;7;0;0;1;2;15;A01
201700053939;2;7;0;0;2;1;15;A01
201700053939;2;32;0;0;2;3;1;B01
201700053939;1;1;0;0;2;0;23;C01
201700053940;2;7;0;0;2;2;16;A01
201700053940;2;7;0;0;2;1;1;B01
201700053940;2;7;0;0;2;8;24;C01
201700053941;1;32;0;0;1;1;21;A01
201700053942;1;31;0;0;1;1;1;A01
201700053943;2;7;0;0;2;7;1;A01
201700053943;1;7;0;0;2;1;1;B01
201700053944;0;7;0;0;2;1;1;Z01
201700053944;1;30;0;0;2;1;1;A01
201700053945;1;2;0;0;2;6;17;B01
201700053945;1;7;0;0;2;3;13;A01
201700053946;0;7;0;0;2;3;1;A01
201700053946;0;33;0;0;2;7;1;B01
201700053947;2;7;0;0;1;2;14;A01
201700053948;2;34;0;0;0;0;1;A01
201700053949;1;7;0;0;1;3;7;A01
201700053950;1;7;0;0;2;1;2;A01
201700053950;1;7;0;0;2;4;23;B01
201700053951;1;2;0;0;1;1;1;A01
201700053952;1;7;0;0;2;3;9;A01
201700053952;1;34;0;0;2;2;1;B01
201700053953;2;30;0;0;0;7;1;A01
201700053954;2;7;0;0;1;1;1;A01
201700053955;1;37;0;0;2;5;7;A01
201700053955;1;13;0;0;2;1;16;B01
201700053956;2;7;0;0;1;1;1;A01
201700053957;2;33;0;0;1;1;17;A01
201700053958;2;32;0;0;1;0;21;A01
201700053959;2;7;0;0;1;1;1;A01
201700053960;2;7;0;1;2;3;9;A01
201700053960;2;33;0;0;2;1;1;B01
201700053960;2;31;0;0;2;1;1;C01
201700053961;0;7;0;0;2;2;1;B01
201700053961;0;1;0;0;2;2;3;A01
201700053962;1;7;0;0;1;2;1;A01
201700053963;2;7;0;1;0;1;13;A01
201700053964;2;34;0;0;2;8;1;A01
201700053964;2;7;0;0;2;5;14;Z01
201700053965;2;32;0;0;2;8;7;A01
201700053965;2;7;0;0;2;5;16;B01
201700053966;2;32;0;0;2;1;17;A01
201700053966;2;7;0;0;2;8;15;B01
201700053967;1;2;0;0;2;2;18;A01
201700053968;2;7;0;0;2;3;22;A01
201700053968;2;33;0;0;2;2;1;B01
201700053969;2;7;0;0;2;1;16;B01
201700053969;2;7;0;0;2;1;1;A01
201700053970;1;7;0;0;2;1;1;Z01
201700053970;1;7;0;0;2;8;1;A01
201700053971;1;7;0;0;2;0;15;A01
201700053971;2;30;0;0;2;0;1;B01
201700053972;2;1;0;0;2;1;1;A01
201700053972;1;7;0;0;2;3;1;B01
201700053973;2;31;0;0;1;0;18;A01
201700053974;2;7;0;1;1;2;1;Z01
201700053975;1;30;0;14;0;1;1;A01
201700053976;1;7;0;14;0;2;1;A01
201700053977;2;7;0;0;2;1;2;C01
201700053977;2;7;0;0;2;4;2;B01
201700053977;2;7;0;0;2;0;2;A01
201700053978;2;10;0;0;1;0;1;A01
201700053979;2;32;0;0;1;3;1;A01
201700053980;1;7;0;0;2;0;7;A01
201700053980;1;1;0;0;2;0;7;B01
201700053981;0;2;0;0;2;8;15;B01
201700053981;2;7;0;0;2;2;15;A01
201700053982;1;7;0;0;2;2;9;A01
201700053982;1;30;0;0;2;3;1;B01
201700053983;1;7;0;0;1;3;15;A01
201700053984;1;31;0;0;2;1;15;A01
201700053984;2;1;0;0;2;0;1;B01
201700053985;2;7;0;0;2;0;16;B01
201700053985;1;2;0;0;2;0;7;A01
201700053986;0;7;0;0;2;7;16;A01
201700053986;0;7;0;0;2;3;7;B01
201700053987;1;10;0;0;1;3;15;A01
201700053988;1;1;0;0;1;0;7;Z01
201700053989;2;31;0;0;2;3;18;A01
201700053989;2;7;0;0;2;2;22;B01
201700053990;1;30;0;1;0;1;14;A01
201700053991;2;30;0;0;2;8;18;B01
201700053991;2;7;0;0;2;2;16;A01
201700053992;1;1;0;0;2;3;7;A01
201700053992;1;10;0;0;2;2;16;B01
201700053993;1;7;0;0;2;0;2;B01
201700053993;1;7;0;0;2;1;2;A01
201700053994;1;7;0;0;2;3;10;B01
201700053994;1;30;0;0;2;8;1;A01
201700053995;1;1;0;0;2;0;7;B01
201700053995;1;13;0;0;2;5;17;A01
201700053996;1;33;0;0;0;0;15;A01
201700053997;1;1;0;0;0;1;13;A01
201700053998;1;33;0;0;1;1;1;A01
201700053999;2;7;0;0;2;7;22;A01
201700053999;2;34;0;0;2;8;18;B01
201700053999;2;7;0;0;2;8;24;C01
201700054000;1;7;0;0;1;8;1;Z01
201700054001;2;30;0;0;1;3;7;A01
201700054002;2;10;0;0;1;2;16;A01
201700054003;1;7;0;0;2;1;2;A01
201700054003;1;7;0;0;2;4;2;B01
201700054004;2;1;0;0;1;7;5;A01
201700054005;1;7;0;0;2;3;1;B01
201700054005;1;33;0;0;2;1;1;A01
201700054006;0;10;0;16;2;5;15;A01
201700054006;0;32;0;0;2;1;1;B01
201700054007;1;10;0;9;2;2;1;A01
201700054007;0;7;0;0;2;1;24;B01
201700054008;2;2;0;0;2;1;18;A01
201700054008;2;1;0;0;2;5;12;B01
201700054009;1;1;0;0;2;7;1;B01
201700054009;1;7;0;0;2;8;22;A01
201700054010;1;32;0;0;2;0;1;A01
201700054010;0;32;0;0;2;0;1;B01
201700054011;2;30;0;0;2;7;19;A01
201700054011;2;7;0;0;2;1;7;Z01
201700054012;1;10;0;0;1;3;15;A01
201700054013;2;34;0;0;1;7;1;A01
201700054014;0;7;0;0;2;0;14;Z01
201700054014;1;2;0;0;2;8;18;A01
201700054015;1;7;0;0;1;3;15;A01
201700054015;1;7;0;0;2;1;23;B01
201700054016;2;1;0;0;0;1;1;A01
201700054017;1;7;0;0;1;0;15;Z01
201700054018;1;7;0;0;1;0;1;Z01
201700054019;1;31;0;1;1;2;17;A01
201700054019;1;7;0;0;2;8;15;B01
201700054020;1;7;0;0;2;8;13;A01
201700054020;1;33;0;0;2;7;1;B01
201700054021;1;7;0;0;2;8;1;B01
201700054021;1;32;0;0;2;1;9;A01
201700054022;1;1;0;0;1;1;1;A01
201700054023;1;1;0;0;0;1;7;A01
201700054024;2;7;0;0;1;1;15;A01
201700054025;0;1;0;0;1;1;5;A01
201700054026;2;7;0;0;2;7;1;A01
201700054026;1;32;0;0;2;1;1;B01
201700054027;2;7;0;0;2;3;1;A01
201700054027;1;30;0;0;2;1;1;B01
201700054028;2;1;0;0;2;1;5;A01
201700054028;2;34;0;0;2;3;9;B01
201700054029;1;34;0;0;1;2;1;A01
201700054030;1;31;0;14;0;1;1;A01
201700054031;1;34;0;8;2;1;1;A01
201700054031;0;1;0;0;2;0;1;B01
201700054032;2;10;0;0;2;0;1;C01
201700054032;2;7;0;0;2;0;14;A01
201700054032;2;1;0;0;2;0;14;B01
201700054033;1;30;0;0;2;0;1;A01
201700054033;0;7;0;0;2;0;11;Z01
201700054034;2;1;0;0;1;0;1;A01
201700054035;1;7;0;0;2;0;16;Z01
201700054035;1;30;0;0;2;8;7;A01
201700054036;0;2;0;0;1;1;1;A01
201700054037;1;32;0;0;1;3;1;A01
201700054038;2;7;0;0;2;4;4;Z01
201700054038;2;33;0;0;2;1;1;A01
201700054039;1;7;0;0;1;7;1;A01
201700054040;1;33;0;0;2;0;2;A01
201700054040;1;7;0;0;2;4;23;B01
201700054040;0;7;0;0;2;0;23;C01
201700054041;1;7;0;0;1;2;16;A01
201700054042;1;33;0;0;1;1;5;A01
201700054043;1;7;0;0;2;4;4;Z01
201700054043;1;33;0;0;2;1;24;A01
201700054044;0;7;0;0;1;1;15;A01
201700054045;1;7;0;0;1;8;15;A01
201700054046;1;30;0;0;2;1;16;A01
201700054046;1;7;0;0;2;7;1;B01
201700054047;1;7;0;0;2;5;22;A01
201700054047;1;1;0;0;2;3;18;B01
201700054048;1;10;0;0;1;1;16;A01
201700054049;0;7;0;0;1;0;1;A01
201700054050;1;1;0;0;2;0;14;A01
201700054050;1;34;0;0;2;0;1;B01
201700054051;1;7;0;0;2;4;23;A01
201700054051;1;7;0;0;2;1;2;B01
201700054052;1;7;0;0;2;5;16;A01
201700054052;1;33;0;0;2;1;7;B01
201700054053;1;2;0;0;1;8;1;Z01
201700054054;2;32;0;0;1;3;16;A01
201700054055;2;7;0;0;2;2;10;A01
201700054055;2;34;0;0;2;1;1;B01
201700054056;2;7;0;0;1;4;4;A01
201700054057;1;7;0;0;2;3;15;A01
201700054057;1;34;0;0;2;7;17;B01
201700054058;2;7;0;0;1;2;1;A01
201700054059;2;7;0;0;1;2;16;A01
201700054060;1;10;0;0;1;4;20;A01
201700054061;1;2;0;0;9;1;1;A01
201700054062;1;7;0;0;1;3;15;A01
201700054063;1;7;0;0;2;2;1;B01
201700054063;1;32;0;0;2;1;1;A01
201700054064;1;7;0;0;2;4;23;B01
201700054064;1;10;0;0;2;1;2;A01
201700054064;1;7;0;0;2;4;23;C01
201700054065;2;7;0;0;2;8;9;A01
201700054065;2;2;0;0;2;5;1;B01
201700054066;1;32;0;0;0;1;3;A01
201700054067;2;33;0;14;0;1;14;A01
201700054068;1;10;0;0;2;5;23;B01
201700054068;1;31;0;0;2;0;2;A01
201700054069;1;33;0;0;1;2;1;A01
201700054070;2;7;0;0;1;3;1;A01
201700054071;1;1;0;0;1;0;0;Z01
201700054072;1;14;0;0;2;6;11;A01
201700054072;1;2;0;0;2;1;1;B01
201700054073;2;7;0;0;1;2;1;A01
201700054074;1;7;0;0;2;2;16;A01
201700054074;1;1;0;0;2;1;1;B01
201700054075;2;30;0;0;2;6;2;A01
201700054075;2;7;0;0;2;6;2;B01
201700054076;2;7;0;0;1;6;4;A01
201700054076;2;7;0;1;2;1;24;B01
201700054077;2;7;0;0;2;3;1;Z01
201700054077;1;7;0;0;2;6;1;A01
201700054078;0;10;0;0;1;4;4;A01
201700054079;1;7;0;0;2;7;15;A01
201700054079;2;33;0;0;2;1;1;B01
201700054080;1;7;0;0;2;5;1;C01
201700054080;1;7;0;0;2;2;1;B01
201700054080;1;7;0;0;2;1;16;A01
201700054081;2;7;0;0;2;0;10;Z01
201700054081;2;31;0;0;2;3;1;A01
201700054082;1;34;0;0;2;1;17;A01
201700054082;0;7;0;0;2;3;15;Z01
201700054083;1;7;0;0;2;8;1;B01
201700054083;1;7;0;0;2;1;1;A01
201700054084;2;33;0;0;2;1;1;A01
201700054084;1;7;0;0;2;5;15;B01
201700054085;1;33;0;0;2;2;17;A01
201700054085;1;10;0;0;2;3;15;B01
201700054086;1;7;0;0;2;1;1;A01
201700054086;2;7;0;6;2;8;1;B01
201700054087;2;32;0;0;2;2;17;B01
201700054087;2;10;0;0;2;3;15;A01
201700054088;1;10;0;0;1;3;15;A01
201700054089;2;30;0;0;2;1;2;A01
201700054089;2;7;0;0;2;6;23;B01
201700054090;1;31;0;0;2;2;1;A01
201700054090;1;7;0;0;2;0;13;Z01
201700054091;1;1;0;0;2;1;9;B01
201700054091;1;7;0;0;2;6;4;A01
201700054092;2;30;0;0;1;8;1;A01
201700054093;1;7;0;0;2;4;2;B01
201700054093;1;31;0;0;2;1;2;A01
201700054094;1;34;0;0;2;1;1;A01
201700054094;1;7;0;0;2;2;1;B01
201700054095;2;33;0;12;0;7;13;A01
201700054096;2;33;0;8;2;8;1;A01
201700054096;2;7;0;0;2;0;9;B01
201700054097;1;1;0;0;2;3;7;B01
201700054097;1;7;0;0;2;2;7;A01
201700054098;1;30;0;0;2;1;1;B01
201700054098;1;7;0;0;2;8;7;A01
201700054099;1;7;0;0;2;3;2;A01
201700054099;1;33;0;0;2;5;23;B01
201700054099;1;7;0;0;2;0;23;C01
201700054100;1;7;0;0;2;8;1;D01
201700054100;1;7;0;0;2;1;1;C01
201700054100;2;37;0;0;2;8;23;B01
201700054100;2;7;0;0;2;1;2;A01
201700054101;0;33;0;0;2;1;5;B01
201700054101;0;10;0;0;2;3;10;A01
201700054102;1;33;0;0;0;0;21;A01
201700054103;1;7;0;0;1;1;7;A01
201700054104;2;7;0;0;1;3;15;A01
201700054105;1;31;0;0;1;0;1;Z01
201700054106;2;2;0;0;1;7;5;A01
201700054107;1;7;0;14;2;6;14;A01
201700054107;1;7;0;0;2;6;7;B01
201700054108;2;30;0;0;1;7;1;Z01
201700054109;0;2;0;0;1;0;1;A01
201700054110;1;7;0;0;1;3;1;A01
201700054111;1;13;0;0;2;2;16;A01
201700054111;1;33;0;0;2;8;18;B01