num_acc;senc;catv;occutc;obs;obsm;choc;manv;num_veh
201700054112;2;7;0;11;0;1;7;A01
201700054113;2;2;0;0;2;3;1;A01
201700054113;2;7;0;0;2;2;13;B01
201700054114;1;30;0;11;0;1;14;A01
201700054115;1;34;0;0;1;1;1;A01
201700054116;1;38;0;0;2;8;13;A01
201700054116;2;33;0;0;2;7;1;B01
201700054117;1;7;0;0;2;8;1;A01
201700054117;1;7;0;0;2;2;1;C01
201700054117;1;34;0;0;2;5;3;B01
201700054118;1;7;0;0;2;6;23;A01
201700054118;1;1;0;0;2;1;1;B01
201700054119;1;7;0;14;0;2;1;A01
201700054120;1;7;0;0;1;3;1;A01
201700054121;1;7;0;0;1;1;7;A01
201700054122;2;34;0;0;1;2;1;A01
201700054123;1;7;0;0;1;1;1;A01
201700054124;1;1;0;0;2;8;1;B01
201700054124;2;7;0;0;2;3;15;A01
201700054125;1;31;0;0;2;0;1;A01
201700054125;2;10;0;0;2;0;15;B01
201700054126;1;7;0;0;2;2;14;A01
201700054126;1;33;0;0;2;3;1;B01
201700054127;1;10;0;0;1;4;4;A01
201700054128;1;31;0;1;0;2;1;A01
201700054129;1;31;0;0;0;0;17;A01
201700054130;2;33;0;0;1;2;18;A01
201700054131;1;34;0;0;1;1;1;A01
201700054132;1;7;0;0;2;1;2;A01
201700054132;1;7;0;0;2;6;23;B01
201700054133;1;10;0;0;2;6;4;A01
201700054133;1;7;0;0;2;3;23;C01
201700054133;1;34;0;0;2;1;23;B01
201700054134;1;7;0;0;1;1;1;Z01
201700054135;1;7;0;0;2;7;1;A01
201700054135;1;7;0;0;2;1;1;B01
201700054136;2;33;0;0;2;3;1;B01
201700054136;2;7;0;0;2;7;12;A01
201700054137;1;7;0;0;2;2;1;B01
201700054137;1;7;0;0;2;8;9;A01
201700054138;2;1;0;1;0;1;14;A01
201700054139;1;7;0;0;2;8;22;A01
201700054139;1;1;0;0;2;0;1;B01
201700054140;2;7;0;0;1;1;15;A01
201700054141;1;1;0;0;2;4;1;A01
201700054141;1;13;0;0;2;5;17;Z01
201700054142;0;1;0;0;2;1;1;A01
201700054142;0;7;0;0;2;0;1;Z01
201700054143;1;10;0;0;1;0;20;A01
201700054144;2;31;0;0;2;0;7;B01
201700054144;1;7;0;0;2;2;15;A01
201700054145;2;10;0;0;2;3;15;A01
201700054145;1;2;0;0;2;2;1;B01
201700054146;2;7;0;0;2;5;15;A01
201700054146;1;31;0;0;2;1;7;B01
201700054147;1;10;0;0;1;6;1;A01
201700054148;2;7;0;0;0;0;1;A01
201700054149;2;7;0;0;2;5;1;B01
201700054149;2;32;0;0;2;0;18;A01
201700054150;2;30;0;0;2;1;18;A01
201700054150;2;7;0;0;2;2;16;B01
201700054151;1;7;0;0;2;8;9;A01
201700054151;1;1;0;0;2;0;1;B01
201700054152;2;37;0;0;1;7;7;A01
201700054153;1;7;0;0;2;8;1;B01
201700054153;1;2;0;0;2;7;17;A01
201700054154;1;34;0;0;2;1;1;B01
201700054154;2;7;0;0;2;2;15;A01
201700054155;2;10;0;0;2;3;16;A01
201700054155;2;1;0;0;2;1;1;B01
201700054156;2;7;0;0;2;5;14;A01
201700054156;2;34;0;1;2;2;1;B01
201700054157;2;33;0;0;1;0;1;A01
201700054158;2;7;0;0;2;3;9;A01
201700054158;2;1;0;0;2;7;1;B01
201700054159;1;31;0;0;1;1;1;A01
201700054160;2;32;0;0;0;3;16;A01
201700054161;1;7;0;0;2;2;16;A01
201700054161;1;31;0;0;2;8;18;B01
201700054162;1;7;0;0;2;1;1;Z01
201700054162;2;7;0;0;2;5;1;A01
201700054163;1;7;0;0;2;6;2;A01
201700054163;1;2;0;0;2;1;23;B01
201700054164;2;32;0;0;0;0;1;A01
201700054165;1;1;0;0;1;1;1;Z01
201700054166;2;32;0;0;1;1;17;A01
201700054167;2;7;0;0;2;7;22;A01
201700054167;2;2;0;1;2;8;1;B01
201700054168;2;37;0;0;1;2;7;A01
201700054169;1;34;0;0;2;3;18;A01
201700054169;1;7;0;0;2;5;16;B01
201700054170;2;7;0;0;2;4;23;C01
201700054170;2;32;0;0;2;4;23;B01
201700054170;2;7;0;0;2;1;1;A01
201700054171;2;30;0;0;2;1;1;A01
201700054171;2;32;0;0;2;4;1;B01
201700054172;1;1;0;0;2;7;5;A01
201700054172;1;10;0;0;2;1;1;B01
201700054173;1;10;0;0;1;3;1;A01
201700054174;2;1;0;0;2;1;2;A01
201700054174;2;10;0;0;2;6;23;B01
201700054175;2;7;0;0;2;2;16;A01
201700054175;2;32;0;0;2;0;1;Z01
201700054176;1;7;0;0;1;1;1;A01
201700054177;2;31;0;0;1;1;17;A01
201700054178;1;7;0;0;2;7;1;A01
201700054178;1;30;0;0;2;8;3;B01
201700054179;2;32;0;0;2;1;1;A01
201700054179;1;33;0;0;2;4;23;B01
201700054180;1;7;0;0;2;2;16;A01
201700054180;1;1;0;0;2;3;1;B01
201700054181;1;7;0;0;2;8;13;A01
201700054181;0;7;0;0;2;8;1;B01
201700054182;0;7;0;0;1;0;1;Z01
201700054183;2;33;0;0;1;7;1;A01
201700054184;2;1;0;0;1;1;2;A01
201700054185;2;7;0;0;2;2;24;A01
201700054185;2;1;0;0;2;2;21;B01
201700054186;1;7;0;0;1;1;1;A01
201700054187;2;1;0;0;2;3;1;B01
201700054187;2;7;0;0;2;2;16;A01
201700054188;1;7;0;0;2;0;1;A01
201700054188;1;7;0;0;2;0;1;Z01
201700054189;1;7;0;0;2;3;15;A01
201700054189;2;33;0;0;2;1;1;B01
201700054190;2;7;0;0;1;2;1;A01
201700054191;0;30;0;0;2;2;1;B01
201700054191;1;7;0;0;2;3;1;A01
201700054192;1;7;0;0;1;5;1;A01
201700054193;1;7;0;0;1;0;15;A01
201700054194;2;7;0;0;2;4;1;B01
201700054194;2;33;0;0;2;1;1;A01
201700054195;2;7;0;0;1;1;15;A01
201700054196;1;7;0;0;2;0;9;A01
201700054196;1;2;0;0;2;3;1;B01
201700054197;1;1;0;0;2;1;1;A01
201700054197;1;10;0;0;2;5;16;Z01
201700054198;2;7;0;0;2;5;16;A01
201700054198;2;1;0;0;2;3;1;B01
201700054199;2;1;0;0;2;1;1;A01
201700054199;1;7;0;0;2;3;5;Z01
201700054200;1;32;0;14;0;0;13;A01
201700054201;2;7;0;0;2;2;1;A01
201700054201;1;30;0;0;2;2;7;B01
201700054202;2;7;0;11;0;0;1;A01
201700054203;1;7;0;14;0;2;1;A01
201700054204;2;31;0;0;2;8;18;B01
201700054204;2;7;0;0;2;2;14;A01
201700054205;1;7;0;0;2;5;2;A01
201700054205;1;7;0;0;2;3;2;Z01
201700054206;2;7;0;0;2;2;16;A01
201700054206;0;1;0;0;2;0;1;B01
201700054207;2;10;0;0;2;2;16;A01
201700054207;2;1;0;0;2;1;1;B01
201700054208;2;1;0;0;1;3;19;A01
201700054209;2;33;0;0;2;1;1;A01
201700054209;2;34;0;1;2;1;21;B01
201700054209;2;7;0;0;2;5;24;C01
201700054209;2;7;0;0;2;1;10;Z01
201700054210;1;7;0;0;2;0;1;Z01
201700054210;1;7;0;0;2;3;1;B01
201700054210;1;30;0;0;2;2;1;A01
201700054211;2;7;0;0;2;0;16;Z01
201700054211;2;30;0;0;2;3;7;A01
201700054212;1;1;0;0;1;7;1;A01
201700054213;1;7;0;0;2;2;1;B01
201700054213;2;1;0;0;2;2;1;A01
201700054214;0;7;0;0;2;0;15;B01
201700054214;2;2;0;0;2;0;1;A01
201700054215;0;1;0;1;0;3;1;A01
201700054216;0;7;0;0;2;7;1;A01
201700054216;0;7;0;0;2;1;1;B01
201700054217;2;7;0;0;2;1;15;A01
201700054217;1;31;0;0;2;8;7;B01
201700054218;1;2;0;0;2;1;18;A01
201700054218;1;1;0;0;2;4;1;B01
201700054219;1;33;0;0;1;1;1;A01
201700054220;1;7;0;0;1;0;1;A01
201700054221;1;7;0;0;1;6;4;A01
201700054222;2;7;0;0;2;3;22;B01
201700054222;2;7;0;0;2;2;1;C01
201700054222;2;2;0;0;2;2;3;A01
201700054223;1;7;0;0;2;0;1;B01
201700054223;2;32;0;0;2;7;1;A01
201700054224;2;33;0;0;1;1;1;A01
201700054225;2;7;0;0;2;2;10;A01
201700054225;1;30;0;0;2;1;1;B01
201700054226;2;7;0;0;2;2;1;A01
201700054226;2;34;0;0;2;3;1;B01
201700054227;2;1;0;0;1;1;1;A01
201700054228;2;10;0;0;2;2;16;A01
201700054228;2;1;0;0;2;1;1;B01
201700054229;2;7;0;0;1;6;4;A01
201700054230;0;7;0;0;2;1;1;B01
201700054230;0;7;0;14;2;8;15;A01
201700054231;2;1;0;0;2;1;1;B01
201700054231;2;7;0;0;2;7;22;A01
201700054232;2;7;0;0;2;1;14;A01
201700054232;2;30;0;0;2;0;1;B01
201700054233;2;30;0;0;2;0;18;A01
201700054233;0;7;0;0;2;0;20;B01
201700054234;1;7;0;0;1;3;1;A01
201700054235;1;10;0;0;2;5;16;A01
201700054235;1;1;0;0;2;1;1;B01
201700054236;1;7;0;0;2;7;9;A01
201700054236;2;31;0;0;2;8;1;B01
201700054237;1;1;0;0;2;8;15;B01
201700054237;1;7;0;0;2;1;17;A01
201700054238;1;2;0;0;2;0;1;B01
201700054238;2;7;0;0;2;2;15;A01
201700054239;1;37;0;0;1;7;7;A01
201700054240;2;7;0;0;1;0;16;A01
201700054241;1;7;0;0;2;1;2;A01
201700054241;1;7;0;0;2;4;2;B01
201700054242;2;7;0;0;1;1;7;A01
201700054243;2;1;0;0;2;2;1;A01
201700054243;2;7;0;0;2;3;1;B01
201700054244;2;1;0;0;2;0;1;B01
201700054244;2;7;0;0;2;0;16;A01
201700054245;1;7;0;0;2;1;10;A01
201700054245;2;34;0;0;2;1;1;B01
201700054246;1;2;0;0;2;2;17;A01
201700054246;1;10;0;0;2;3;13;B01
201700054247;1;34;0;0;2;3;10;A01
201700054247;1;2;0;0;2;0;17;Z01
201700054248;2;7;0;6;0;3;13;A01
201700054249;2;1;0;0;2;0;1;A01
201700054249;0;10;0;0;2;0;16;B01
201700054250;1;7;0;0;2;0;15;B01
201700054250;1;31;0;0;2;3;17;A01
201700054251;2;1;0;0;2;3;1;B01
201700054251;2;10;0;0;2;2;16;A01
201700054252;1;7;0;0;2;3;1;A01
201700054252;1;7;0;0;2;5;23;B01
201700054253;2;7;0;14;0;1;21;A01
201700054254;1;10;0;0;2;8;11;A01
201700054254;1;32;0;0;2;7;1;B01
201700054255;2;7;0;0;2;7;1;B01
201700054255;2;7;0;0;2;1;1;A01
201700054256;2;7;0;0;1;3;1;A01
201700054257;1;10;0;0;2;2;1;A01
201700054257;2;2;0;0;2;3;1;B01
201700054258;1;7;0;0;2;4;2;B01
201700054258;1;38;0;0;2;2;2;A01
201700054259;2;7;0;0;2;0;13;Z01
201700054259;2;30;0;0;2;0;3;A01
201700054259;1;7;0;0;2;0;1;B01
201700054260;1;7;0;0;2;2;16;A01
201700054260;1;2;0;0;2;8;18;B01
201700054261;2;31;0;0;2;8;1;A01
201700054261;1;7;0;0;2;3;1;B01
201700054262;1;31;0;14;0;0;14;A01
201700054263;1;7;0;0;2;2;5;A01
201700054263;1;32;0;0;2;3;9;B01
201700054264;1;7;0;0;0;2;1;B01
201700054264;1;30;0;0;0;2;18;A01
201700054265;2;37;0;0;2;7;1;B01
201700054265;2;7;0;0;2;8;22;A01
201700054266;2;1;0;0;1;1;5;A01
201700054267;2;1;0;0;1;8;1;A01
201700054268;1;34;0;0;2;5;1;B01
201700054268;1;7;0;0;2;5;23;A01
201700054269;1;7;0;2;0;3;14;A01
201700054270;2;7;0;0;2;8;1;B01
201700054270;2;31;0;0;2;7;1;A01
201700054271;2;7;0;0;1;0;16;A01
201700054272;1;1;0;0;2;1;1;A01
201700054272;1;10;0;0;2;8;1;B01
201700054273;1;2;0;12;0;5;21;A01
201700054274;2;7;0;0;2;7;15;A01
201700054274;2;2;0;0;2;8;21;C01
201700054274;2;7;0;0;2;7;1;B01
201700054275;2;30;0;0;1;1;17;A01
201700054276;2;32;0;0;1;7;1;Z01
201700054277;2;2;0;0;1;1;1;A01
201700054278;2;1;0;0;1;0;5;Z01
201700054279;2;13;0;0;1;5;20;A01
201700054280;2;7;0;0;2;3;1;A01
201700054280;1;30;0;0;2;0;1;B01
201700054281;1;2;0;0;2;8;1;A01
201700054281;1;7;0;0;2;0;13;Z01
201700054282;2;7;0;0;1;1;1;A01
201700054283;1;2;0;11;0;1;13;A01
201700054284;2;32;0;0;2;3;1;A01
201700054284;2;1;0;0;2;3;15;B01
201700054285;2;30;0;14;0;1;1;A01
201700054286;2;10;0;15;1;3;14;A01
201700054287;1;30;0;0;2;3;1;A01
201700054287;2;37;0;0;2;3;1;B01
201700054288;2;30;0;0;1;0;1;Z01
201700054289;2;1;0;0;2;4;13;B01
201700054289;2;7;0;0;2;2;1;A01
201700054290;1;30;0;0;2;1;1;B01
201700054290;1;7;0;0;2;8;9;A01
201700054291;2;7;0;0;1;1;15;A01
201700054292;1;7;0;0;2;2;23;B01
201700054292;2;31;0;0;2;7;19;A01
201700054293;2;33;0;0;2;1;1;B01
201700054293;1;7;0;0;2;3;10;A01
201700054294;2;1;0;0;2;3;1;B01
201700054294;2;7;0;0;2;2;14;A01
201700054295;1;7;0;0;2;1;13;A01
201700054295;2;10;0;0;2;2;1;B01
201700054296;2;34;0;0;2;1;15;A01
201700054296;2;7;0;0;2;1;1;Z01
201700054297;1;7;0;0;2;1;1;B01
201700054297;1;32;0;0;2;1;5;A01
201700054298;2;30;0;0;1;1;1;Z01
201700054299;2;7;0;0;2;2;15;A01
201700054299;1;7;0;0;2;1;1;B01
201700054300;2;7;0;9;0;2;0;A01
201700054301;1;7;0;0;2;1;1;A01
201700054301;2;10;0;0;2;8;1;B01
201700054302;1;7;0;0;2;4;4;A01
201700054302;1;7;0;0;2;1;23;C01
201700054302;1;31;0;0;2;1;1;B01
201700054303;1;31;0;0;1;3;1;A01
201700054304;2;1;0;0;2;1;2;A01
201700054304;2;7;0;0;2;5;23;B01
201700054305;2;7;0;0;2;0;1;A01
201700054305;2;33;0;0;2;0;16;B01
201700054306;1;32;0;0;2;8;18;A01
201700054306;1;7;0;0;2;5;14;B01
201700054307;2;1;0;0;2;8;1;A01
201700054307;1;7;0;0;2;1;1;Z01
201700054308;2;7;0;0;2;1;1;A01
201700054308;2;1;0;0;2;4;1;B01
201700054309;1;33;0;14;0;1;17;A01
201700054310;1;33;0;0;2;1;2;A01
201700054310;1;7;0;0;2;5;23;B01
201700054311;2;1;0;0;1;1;1;A01
201700054312;1;7;0;8;2;2;5;A01
201700054312;1;7;0;0;2;1;11;B01
201700054313;2;14;0;0;2;6;15;A01
201700054313;2;1;0;0;2;1;1;B01
201700054314;2;31;0;0;1;1;17;A01
201700054315;2;33;0;0;1;2;1;A01
201700054316;2;7;0;0;1;3;1;A01
201700054317;1;7;0;0;2;8;13;Z01
201700054317;2;30;0;0;2;8;1;A01
201700054318;1;10;0;0;2;3;10;A01
201700054318;1;2;0;0;2;7;1;B01
201700054319;1;7;0;1;0;1;20;A01
201700054320;1;7;0;0;2;2;14;A01
201700054320;1;30;0;1;2;0;1;B01
201700054321;1;7;0;0;2;7;16;B01
201700054321;1;34;0;0;2;1;7;A01
201700054322;2;33;0;8;2;7;1;B01
201700054322;2;14;0;0;2;2;15;A01
201700054323;0;7;0;0;1;1;1;A01
201700054324;2;7;0;0;2;1;2;A01
201700054324;2;7;0;0;2;4;2;B01
201700054325;2;2;0;0;2;1;17;A01
201700054325;1;10;0;0;2;3;13;B01
201700054326;1;7;0;0;1;0;15;A01
201700054327;1;1;0;0;2;0;15;A01
201700054327;2;31;0;0;2;2;1;B01
201700054328;1;10;0;0;2;1;2;A01
201700054328;1;7;0;0;2;4;23;B01
201700054329;1;7;0;0;2;6;2;B01
201700054329;1;31;0;0;2;2;2;A01
201700054330;1;3;0;1;0;2;14;A01
201700054331;1;7;0;0;2;5;2;B01
201700054331;1;33;0;0;2;3;2;A01
201700054332;2;30;0;0;2;3;18;A01
201700054332;2;10;0;0;2;2;16;B01
201700054333;1;1;0;0;2;0;18;A01
201700054333;1;7;0;0;2;0;14;Z01
201700054334;1;10;0;0;1;3;15;A01
201700054335;2;33;0;0;2;0;2;A01
201700054335;0;7;0;0;2;0;23;Z01
201700054336;2;7;0;0;1;2;15;A01
201700054337;2;1;0;2;2;1;17;B01
201700054337;2;1;0;0;2;4;15;A01
201700054338;0;2;0;0;1;2;16;A01
201700054339;1;7;0;0;1;2;10;A01
201700054340;2;7;0;1;2;3;22;A01
201700054340;2;1;0;1;2;1;1;B01
201700054341;2;7;0;0;2;3;1;B01
201700054341;2;30;0;0;2;1;1;A01
201700054342;2;10;0;0;2;3;1;B01
201700054342;2;7;0;0;2;2;15;A01
201700054343;1;7;0;0;1;3;15;A01
201700054344;1;32;0;0;0;7;1;A01
201700054345;2;30;0;0;2;7;1;B01
201700054345;1;2;0;0;2;1;5;A01
201700054346;2;7;0;0;0;3;10;A01
201700054346;2;32;0;0;2;1;1;B01
201700054347;2;7;0;0;2;3;15;A01
201700054347;2;1;0;0;2;1;1;B01
201700054348;2;30;0;0;2;0;1;B01
201700054348;1;13;0;0;2;0;1;A01
201700054349;1;7;0;0;2;3;23;A01
201700054349;1;31;0;0;2;0;17;B01
201700054350;2;1;0;0;2;2;5;B01
201700054350;1;7;0;0;2;2;9;A01
201700054351;2;7;0;0;1;0;15;Z01
201700054352;1;7;0;0;2;1;2;A01
201700054352;1;33;0;0;2;4;23;B01
201700054353;2;34;0;0;2;8;10;A01
201700054353;1;2;0;0;2;1;1;B01
201700054354;2;7;0;0;1;4;4;A01
201700054355;1;7;0;0;2;2;16;A01
201700054355;1;1;0;0;2;4;2;B01
201700054356;1;7;0;0;2;7;22;A01
201700054356;1;2;0;0;2;2;18;B01
201700054357;0;7;0;0;2;0;1;B01
201700054357;0;7;0;0;2;1;1;A01
201700054358;1;7;0;0;2;2;9;A01
201700054358;2;1;0;0;2;2;1;B01
201700054359;2;7;0;0;2;3;1;A01
201700054359;2;1;0;0;2;1;1;B01
201700054360;1;33;0;0;2;8;1;B01
201700054360;1;7;0;0;2;7;1;A01
201700054361;2;7;0;0;2;0;1;B01
201700054361;1;7;0;0;2;7;1;A01
201700054362;1;33;0;0;1;3;1;A01
201700054363;1;33;0;0;2;1;1;B01
201700054363;2;7;0;0;2;1;15;A01
201700054364;2;10;0;0;1;5;4;A01
201700054365;1;33;0;0;2;1;17;B01
201700054365;1;7;0;0;2;3;15;A01
201700054366;2;7;0;0;2;2;9;A01
201700054366;2;2;0;0;2;3;1;B01
201700054367;1;32;0;0;2;0;19;A01
201700054367;1;33;0;0;2;1;1;B01
201700054368;2;7;0;0;1;3;1;A01
201700054369;1;7;0;0;2;6;1;B01
201700054369;1;7;0;0;2;2;1;A01
201700054370;1;7;0;0;1;1;1;A01
201700054371;2;7;0;0;2;2;1;B01
201700054371;2;2;0;0;2;3;18;A01
201700054372;1;7;0;0;2;0;1;Z01
201700054372;1;30;0;0;2;1;1;A01
201700054373;2;7;0;0;1;0;1;Z01
201700054374;1;7;0;0;2;2;15;A01
201700054374;2;32;0;0;2;3;1;B01
201700054375;2;30;0;0;2;2;17;A01
201700054375;2;7;0;0;2;3;15;B01
201700054376;2;7;0;0;2;1;1;A01
201700054376;2;7;0;0;2;4;23;C01
201700054376;2;7;0;0;2;4;23;B01
201700054377;1;7;0;0;2;3;10;A01
201700054377;1;2;0;0;2;1;17;B01
201700054378;1;7;0;0;2;3;22;A01
201700054378;1;1;0;0;2;1;1;B01
201700054379;1;32;0;0;0;0;21;A01
201700054380;2;31;0;0;2;0;17;A01
201700054380;2;7;0;0;2;3;13;B01
201700054381;2;32;0;0;2;3;18;A01
201700054381;0;7;0;0;2;2;16;B01
201700054382;2;1;0;0;2;0;13;B01
201700054382;1;7;0;0;2;2;1;A01
201700054383;1;7;0;0;2;8;22;A01
201700054383;1;1;0;0;2;1;1;B01
201700054384;1;7;0;1;1;1;9;A01
201700054385;0;30;0;0;1;0;10;Z01
201700054386;0;32;0;0;1;1;1;A01
201700054387;2;32;0;0;2;7;17;A01
201700054387;2;1;0;0;2;8;13;B01
201700054388;2;2;0;0;1;1;17;A01
201700054389;2;7;0;0;2;2;1;A01
201700054389;2;7;0;0;2;6;9;B01
201700054390;1;10;0;0;2;7;22;A01
201700054390;1;2;0;0;2;1;18;B01
201700054391;0;7;0;0;2;3;9;B01
201700054391;0;30;0;0;2;1;1;A01
201700054392;1;31;0;12;2;3;13;A01
201700054393;1;33;0;0;2;8;1;B01
201700054393;1;10;0;0;2;3;10;A01
201700054394;1;31;0;0;2;1;1;B01
201700054394;1;10;0;0;2;3;10;A01
201700054395;1;7;0;0;2;7;1;A01
201700054395;0;7;0;0;2;3;1;B01
201700054396;1;10;0;0;2;8;1;B01
201700054396;1;31;0;0;2;7;1;A01
201700054397;2;7;0;0;2;8;22;A01
201700054397;2;1;0;0;2;1;1;B01
201700054398;2;1;0;0;2;6;2;A01
201700054398;2;7;0;0;2;3;2;Z01
201700054399;1;1;0;0;1;1;1;A01
201700054400;2;1;0;0;2;3;17;B01
201700054400;2;7;0;0;2;0;22;A01
201700054401;1;1;0;0;2;4;1;B01
201700054401;2;10;0;0;2;0;16;A01
201700054402;2;10;0;0;2;1;1;A01
201700054402;2;31;0;0;2;8;1;B01
201700054403;1;2;0;0;1;1;1;A01
201700054404;2;7;0;0;2;2;16;A01
201700054404;2;2;0;0;2;6;18;B01
201700054405;2;2;0;11;0;8;13;A01
201700054406;2;1;0;0;2;1;1;A01
201700054406;2;7;0;0;2;3;15;B01
201700054407;1;7;0;0;1;3;15;A01
201700054408;2;33;0;0;2;6;17;A01
201700054408;1;30;0;0;2;6;15;B01
201700054409;1;32;0;0;2;0;18;B01
201700054409;1;7;0;0;2;8;14;A01
201700054410;1;2;0;0;2;7;1;A01
201700054410;2;7;0;0;2;1;1;B01
201700054411;1;1;0;1;2;7;1;B01
201700054411;1;7;0;0;2;8;22;A01
201700054412;1;14;0;0;2;7;22;A01
201700054412;1;1;0;0;2;0;18;B01
201700054413;1;32;0;0;2;1;1;B01
201700054413;2;7;0;0;2;7;1;A01
201700054414;1;31;0;0;2;8;18;B01
201700054414;1;7;0;0;2;5;14;A01
201700054415;2;2;0;0;2;1;1;B01
201700054415;2;7;0;0;2;3;1;A01
201700054416;0;31;0;0;1;1;1;A01
201700054417;1;33;0;0;1;1;17;A01
201700054418;1;10;0;0;1;4;4;A01
201700054419;2;7;0;0;1;6;4;A01
201700054420;2;31;0;0;2;5;17;A01
201700054420;2;7;0;0;2;3;9;B01
201700054421;1;1;0;0;0;0;1;A01
201700054422;1;7;0;0;2;6;1;B01
201700054422;1;34;0;1;2;3;17;A01
201700054422;2;7;0;0;2;5;24;C01
201700054423;1;31;0;0;2;7;17;A01
201700054423;1;14;0;0;2;8;15;B01
201700054424;1;2;0;0;0;0;1;A01
201700054425;1;7;0;0;1;0;1;Z01
201700054426;0;31;0;0;1;1;1;A01
201700054427;2;7;0;0;1;1;1;A01
201700054428;1;1;0;0;2;4;1;B01
201700054428;2;10;0;0;2;5;4;A01
201700054429;1;7;0;0;2;0;23;A01
201700054429;1;33;0;0;2;6;9;B01
201700054430;1;32;0;0;1;3;1;A01
201700054431;1;31;0;11;0;1;1;A01
201700054432;1;7;0;0;1;3;1;A01
201700054433;1;2;0;0;2;2;17;A01
201700054433;1;7;0;0;2;8;9;B01
201700054434;1;1;0;0;2;0;15;B01
201700054434;1;31;0;0;2;1;1;A01
201700054435;1;1;0;0;2;3;15;A01
201700054435;1;32;0;0;2;5;1;B01
201700054436;2;32;0;0;1;1;15;A01
201700054437;2;10;0;0;2;0;4;A01
201700054437;1;31;0;0;2;1;1;B01
201700054438;1;7;0;0;1;3;15;A01
201700054439;2;1;0;0;2;0;5;B01
201700054439;2;2;0;0;2;0;1;A01
201700054440;2;1;0;0;2;0;1;B01
201700054440;2;7;0;0;2;0;1;A01
201700054441;1;7;0;0;2;2;15;A01
201700054441;2;33;0;0;2;1;1;B01
201700054442;2;31;0;0;2;1;1;B01
201700054442;1;7;0;0;2;3;15;A01
201700054443;2;31;0;0;2;1;16;Z01
201700054443;2;2;0;0;2;3;1;A01
201700054444;2;1;0;0;2;5;1;B01
201700054444;2;13;0;0;2;5;22;A01
201700054445;2;7;0;0;1;3;1;A01
201700054446;2;32;0;0;2;5;1;B01
201700054446;2;7;0;0;2;5;1;A01
201700054447;2;30;0;0;2;1;14;Z01
201700054447;0;7;0;0;2;4;24;A01
201700054448;1;7;0;0;9;5;1;A01
201700054448;2;1;0;0;2;8;15;B01
201700054449;0;30;0;0;1;0;1;Z01
201700054450;2;7;0;0;1;4;20;A01
201700054451;0;7;0;0;1;3;1;A01
201700054452;1;1;0;0;2;0;17;A01
201700054452;1;2;0;0;0;0;7;B01
201700054453;2;1;0;0;2;4;1;B01
201700054453;2;7;0;0;2;1;17;A01
201700054454;2;31;0;0;1;1;1;A01
201700054455;1;1;0;0;1;7;1;A01
201700054456;1;33;0;0;2;2;1;B01
201700054456;1;7;0;0;2;1;1;A01
201700054457;1;31;0;0;1;1;1;Z01
201700054458;0;7;0;0;1;6;4;A01
201700054459;2;32;0;0;0;0;1;A01
201700054460;1;7;0;0;2;1;1;A01
201700054460;1;7;0;0;2;4;23;B01
201700054461;2;7;0;0;2;1;1;B01
201700054461;1;30;0;0;2;0;1;A01
201700054462;2;7;0;0;2;4;23;A01
201700054462;2;1;0;0;2;1;14;B01
201700054463;1;7;0;0;1;3;1;A01
201700054464;0;7;0;0;1;1;1;A01
201700054465;2;32;0;0;2;8;1;B01
201700054465;2;7;0;0;2;7;17;A01
201700054466;2;2;0;0;2;7;17;B01
201700054466;2;10;0;0;2;3;13;A01
201700054467;2;7;0;0;2;5;23;B01
201700054467;2;34;0;0;2;1;2;A01
201700054468;1;34;0;0;2;1;17;B01
201700054468;1;7;0;0;2;6;15;A01
201700054469;1;7;0;0;2;3;1;B01
201700054469;2;1;0;0;2;2;1;A01
201700054470;2;7;0;0;2;2;16;A01
201700054470;0;31;0;0;2;3;1;B01
201700054471;1;1;0;1;0;7;14;A01
201700054472;2;7;0;1;0;3;13;A01
201700054473;2;7;0;0;2;7;20;A01
201700054473;2;1;0;0;2;8;18;B01
201700054474;2;7;0;0;1;2;1;A01
201700054475;2;38;0;0;1;5;1;A01
201700054476;1;1;0;0;1;1;1;A01
201700054477;1;14;0;0;2;1;1;A01
201700054477;1;1;0;0;2;4;13;B01
201700054478;2;7;0;0;2;0;2;A01
201700054478;2;7;0;0;2;6;2;C01
201700054478;2;7;0;0;2;0;2;B01
201700054479;2;34;0;0;2;2;2;B01
201700054479;2;10;0;0;2;6;4;A01
201700054480;1;2;0;0;2;1;15;A01
201700054480;2;32;0;0;2;1;5;B01
201700054481;1;31;0;0;2;3;1;A01
201700054481;2;7;0;0;2;0;1;Z01
201700054482;1;1;0;0;1;1;16;A01
201700054483;1;1;0;0;2;8;19;A01
201700054483;1;32;0;0;2;0;1;Z01
201700054484;1;31;0;0;2;1;2;A01
201700054484;1;7;0;0;2;4;23;B01
201700054485;1;7;0;0;2;2;15;A01
201700054485;2;30;0;0;2;1;1;B01
201700054486;2;2;0;0;2;7;2;A01
201700054486;2;7;0;0;2;6;23;B01
201700054487;2;7;0;0;2;6;10;A01
201700054487;2;33;0;0;2;2;1;B01
201700054488;2;7;0;0;9;5;1;C01
201700054488;2;7;0;0;2;8;22;B01
201700054488;0;2;0;1;2;7;1;A01
201700054489;2;7;0;0;2;3;16;B01