num_acc;senc;catv;occutc;obs;obsm;choc;manv;num_veh
201700054489;1;2;0;1;2;1;1;A01
201700054490;1;1;0;0;2;0;1;A01
201700054490;2;30;0;0;2;0;5;Z01
201700054491;1;31;0;0;0;0;21;A01
201700054492;1;31;0;0;2;1;1;B01
201700054492;2;7;0;0;2;0;16;A01
201700054493;2;2;0;1;0;6;14;A01
201700054494;2;2;0;0;0;0;15;A01
201700054495;2;7;0;0;2;3;10;A01
201700054495;2;31;0;1;2;7;17;B01
201700054496;2;7;0;0;2;6;23;B01
201700054496;2;2;0;0;2;3;2;A01
201700054497;0;7;0;0;2;2;16;A01
201700054497;0;1;0;0;2;0;1;B01
201700054498;1;7;0;0;1;3;17;A01
201700054499;2;7;0;0;2;5;15;A01
201700054499;1;31;0;0;2;2;1;B01
201700054500;2;1;0;0;2;4;1;B01
201700054500;2;7;0;0;2;0;1;A01
201700054501;2;7;0;0;2;3;15;A01
201700054501;2;31;0;0;2;2;17;B01
201700054502;2;10;0;0;2;7;22;A01
201700054502;2;1;0;0;2;1;18;B01
201700054503;1;7;0;0;2;7;1;B01
201700054503;2;30;0;0;2;1;5;A01
201700054504;1;7;0;0;2;5;4;A01
201700054504;1;1;0;0;2;3;18;B01
201700054505;1;7;0;0;2;2;16;A01
201700054505;1;2;0;0;2;8;18;B01
201700054506;2;10;0;0;2;1;2;A01
201700054506;2;7;0;0;2;4;23;B01
201700054507;1;1;0;0;1;1;1;A01
201700054508;2;7;0;0;2;3;15;A01
201700054508;1;31;0;0;2;8;1;B01
201700054509;1;7;0;0;1;5;4;A01
201700054510;1;34;0;0;1;0;1;Z01
201700054511;2;7;0;0;1;2;1;A01
201700054512;2;2;0;14;2;7;17;A01
201700054512;2;7;0;0;2;3;1;B01
201700054513;1;34;0;0;2;2;17;B01
201700054513;1;7;0;0;2;3;13;A01
201700054514;1;1;0;0;1;1;1;A01
201700054515;1;30;0;0;1;8;1;A01
201700054516;2;1;0;0;1;1;17;A01
201700054517;2;10;0;0;2;7;15;A01
201700054517;1;34;0;0;2;1;1;B01
201700054518;1;14;0;0;2;7;1;B01
201700054518;1;33;0;0;2;8;11;A01
201700054519;2;1;0;1;2;2;1;B01
201700054519;1;7;0;0;2;3;22;A01
201700054520;2;7;0;0;1;3;15;A01
201700054521;1;7;0;0;2;1;1;B01
201700054521;2;7;0;0;2;5;10;A01
201700054522;1;32;0;0;1;1;17;A01
201700054523;2;7;0;0;2;6;23;B01
201700054523;2;30;0;0;2;1;21;A01
201700054523;2;7;0;0;2;0;1;C01
201700054524;1;31;0;0;2;3;5;A01
201700054524;1;30;0;0;2;3;1;B01
201700054525;2;7;0;0;2;0;22;A01
201700054525;2;1;0;1;2;1;1;B01
201700054526;1;7;0;0;1;7;15;A01
201700054527;0;7;0;0;2;3;1;B01
201700054527;0;2;0;0;2;0;16;A01
201700054528;1;1;0;0;2;3;18;B01
201700054528;1;10;0;0;2;2;16;A01
201700054529;1;2;0;1;1;2;1;A01
201700054530;1;7;0;0;1;6;4;A01
201700054531;1;32;0;0;2;7;1;A01
201700054531;1;7;0;0;2;3;11;Z01
201700054532;0;7;0;0;1;3;15;A01
201700054533;1;30;0;0;2;1;1;A01
201700054533;1;1;0;0;2;4;15;B01
201700054534;1;2;0;0;2;8;15;A01
201700054534;2;7;0;0;2;1;1;Z01
201700054535;1;7;0;0;1;6;4;A01
201700054536;2;7;0;0;2;2;1;B01
201700054536;2;7;0;0;2;2;1;A01
201700054537;1;1;0;0;2;3;1;B01
201700054537;2;7;0;0;2;2;16;A01
201700054538;2;7;0;0;1;3;1;A01
201700054539;1;10;0;0;1;2;16;A01
201700054540;2;13;0;0;2;3;22;A01
201700054540;2;33;0;0;2;2;1;B01
201700054541;1;2;0;0;2;1;1;A01
201700054541;2;7;0;0;2;7;1;Z01
201700054542;1;33;0;8;1;0;15;A01
201700054543;2;32;0;0;1;1;1;A01
201700054544;2;1;0;10;2;1;17;B01
201700054544;2;7;0;0;2;1;1;A01
201700054545;2;31;0;0;2;3;18;A01
201700054545;2;7;0;0;2;2;16;B01
201700054546;2;10;0;7;0;1;15;A01
201700054547;2;1;0;0;2;1;2;A01
201700054547;2;7;0;0;2;4;23;B01
201700054548;1;7;0;0;1;7;16;A01
201700054549;1;34;0;0;1;2;1;A01
201700054550;0;7;0;0;2;0;1;B01
201700054550;0;7;0;0;2;1;1;A01
201700054551;1;32;0;14;0;8;1;A01
201700054552;2;7;0;0;2;1;1;B01
201700054552;2;7;0;0;2;1;1;A01
201700054553;1;7;0;0;1;4;23;A01
201700054554;2;30;0;0;2;2;1;A01
201700054554;1;7;0;0;2;3;10;Z01
201700054555;2;7;0;0;2;4;23;B01
201700054555;2;7;0;0;2;1;1;A01
201700054555;2;7;0;0;2;4;23;C01
201700054555;2;7;0;0;2;4;23;D01
201700054556;1;30;0;0;1;1;1;Z01
201700054557;1;2;0;0;2;7;1;B01
201700054557;1;10;0;0;2;3;9;A01
201700054558;1;30;0;0;2;1;17;A01
201700054558;1;7;0;0;2;1;16;B01
201700054559;1;7;0;0;2;3;15;A01
201700054559;1;30;0;0;2;1;17;B01
201700054560;1;1;0;0;2;1;1;A01
201700054560;1;7;0;0;2;3;15;B01
201700054561;2;7;0;0;2;7;1;A01
201700054561;2;1;0;0;2;8;13;B01
201700054562;2;7;0;0;1;7;1;A01
201700054563;1;33;0;0;1;7;1;A01
201700054564;1;31;0;0;1;7;17;A01
201700054565;2;30;0;11;2;1;17;A01
201700054565;2;13;0;0;2;6;1;B01
201700054566;1;7;0;0;2;8;15;A01
201700054566;1;31;0;0;2;2;17;B01
201700054567;2;1;0;1;0;3;13;A01
201700054568;2;7;0;0;2;1;1;A01
201700054568;2;7;0;0;2;4;23;B01
201700054569;1;7;0;0;1;2;1;A01
201700054570;2;32;0;0;2;8;9;A01
201700054570;2;33;0;0;2;1;1;B01
201700054571;2;32;0;0;2;7;1;B01
201700054571;2;7;0;0;2;5;14;A01
201700054572;2;7;0;1;0;9;5;A01
201700054573;1;14;0;0;1;0;15;Z01
201700054574;2;31;0;0;1;1;17;A01
201700054575;2;1;0;0;1;1;1;A01
201700054576;2;33;0;0;2;1;1;B01
201700054576;2;7;0;0;2;8;15;A01
201700054577;2;30;0;0;2;5;7;A01
201700054577;1;7;0;0;2;7;16;B01
201700054578;1;10;0;0;1;4;4;A01
201700054579;2;34;0;0;0;2;1;A01
201700054580;2;1;0;1;0;1;1;A01
201700054581;1;32;0;0;0;0;21;A01
201700054582;1;33;0;0;2;2;17;B01
201700054582;1;7;0;0;2;3;10;A01
201700054583;2;10;0;0;1;4;4;A01
201700054584;1;30;0;0;1;1;1;A01
201700054585;1;7;0;0;2;4;23;A01
201700054585;1;10;0;0;2;1;1;B01
201700054586;2;30;0;0;2;3;1;B01
201700054586;2;7;0;0;2;2;15;A01
201700054587;2;7;0;0;2;1;15;A01
201700054587;1;2;0;0;2;3;1;B01
201700054588;2;7;0;0;2;6;9;A01
201700054588;2;2;0;0;2;1;1;B01
201700054589;1;1;0;0;2;1;1;A01
201700054589;1;30;0;0;0;6;6;Z01
201700054590;2;7;0;0;2;3;1;A01
201700054590;2;31;0;0;2;4;23;B01
201700054591;1;30;0;0;2;1;17;A01
201700054591;1;2;0;0;2;4;1;B01
201700054592;1;7;0;0;2;3;10;A01
201700054592;2;34;0;0;2;1;1;B01
201700054593;1;7;0;0;1;0;1;Z01
201700054594;2;33;0;0;2;1;1;B01
201700054594;2;10;0;0;2;6;10;A01
201700054595;2;7;0;0;2;1;1;B01
201700054595;2;1;0;0;2;1;1;A01
201700054596;2;10;0;0;1;7;16;A01
201700054597;1;31;0;0;2;8;21;A01
201700054598;0;7;0;0;2;2;15;A01
201700054598;0;7;0;0;2;3;1;B01
201700054599;2;7;0;11;0;3;15;A01
201700054600;1;31;0;0;1;0;1;A01
201700054601;1;7;0;0;1;1;1;A01
201700054602;2;33;0;0;2;8;1;A01
201700054602;2;7;0;0;2;0;15;B01
201700054603;1;7;0;0;2;3;9;B01
201700054603;2;1;0;0;5;0;5;A01
201700054604;2;7;0;0;1;0;1;Z01
201700054605;1;10;0;0;2;1;13;A01
201700054605;2;7;0;0;2;1;1;B01
201700054606;0;7;0;0;2;2;14;A01
201700054606;0;34;0;0;2;8;1;B01
201700054607;0;30;0;0;2;1;17;A01
201700054607;0;7;0;0;2;3;1;B01
201700054608;2;33;0;0;2;1;17;A01
201700054608;1;7;0;0;2;1;9;B01
201700054608;1;7;0;0;2;1;1;C01
201700054609;2;7;0;0;2;2;16;A01
201700054609;1;2;0;0;2;1;18;B01
201700054610;2;7;0;0;1;2;16;A01
201700054611;1;33;0;4;2;0;1;B01
201700054611;1;7;0;0;2;0;13;A01
201700054612;1;33;0;0;2;6;23;B01
201700054612;1;10;0;0;2;2;2;A01
201700054613;2;7;0;0;2;3;15;A01
201700054613;1;34;0;0;2;3;1;B01
201700054614;2;7;0;0;2;1;9;Z01
201700054614;2;1;0;0;2;7;1;A01
201700054615;2;7;0;0;2;7;14;Z01
201700054615;2;31;0;0;2;8;1;A01
201700054616;0;7;0;0;1;1;1;A01
201700054617;2;34;0;0;2;0;1;B01
201700054617;2;7;0;0;2;3;13;A01
201700054618;2;7;0;9;1;2;1;A01
201700054619;1;32;0;0;2;8;17;A01
201700054619;1;7;0;1;2;6;15;B01
201700054620;2;7;0;1;0;2;14;A01
201700054621;2;17;0;0;2;1;12;A01
201700054621;2;7;0;0;2;8;1;B01
201700054622;0;2;0;0;2;0;1;Z01
201700054622;1;33;0;0;2;1;1;A01
201700054622;2;7;0;0;2;1;1;B01
201700054623;1;7;0;0;2;3;15;A01
201700054623;2;30;0;0;2;1;1;B01
201700054624;2;7;0;0;1;2;1;A01
201700054625;2;30;0;0;2;1;17;B01
201700054625;1;10;0;0;2;3;10;A01
201700054626;1;7;0;0;1;1;9;A01
201700054627;2;7;0;0;2;1;2;A01
201700054627;2;33;0;0;2;4;2;B01
201700054628;2;7;0;0;2;8;1;B01
201700054628;1;33;0;0;2;1;15;A01
201700054629;1;7;0;0;2;0;10;A01
201700054629;1;33;0;0;2;0;1;B01
201700054630;2;7;0;0;2;2;2;A01
201700054630;2;7;0;0;2;6;2;B01
201700054631;2;7;0;0;2;3;17;B01
201700054631;2;31;0;0;2;7;1;A01
201700054632;2;31;0;0;1;1;17;A01
201700054633;1;1;0;0;2;1;1;B01
201700054633;1;7;0;0;2;2;16;A01
201700054634;1;7;0;0;2;8;22;A01
201700054634;1;1;0;0;2;1;1;B01
201700054635;1;7;0;0;0;4;13;A01
201700054636;1;7;0;0;2;1;1;A01
201700054636;1;7;0;0;2;7;1;B01
201700054637;1;7;0;0;2;3;15;A01
201700054637;2;31;0;1;2;1;1;B01
201700054638;2;33;0;0;2;8;17;A01
201700054638;2;7;0;0;2;8;9;B01
201700054639;1;1;0;0;1;1;1;A01
201700054640;1;7;0;0;2;5;1;B01
201700054640;1;31;0;0;2;3;3;A01
201700054641;1;7;0;0;1;2;1;A01
201700054642;1;32;0;0;2;1;1;B01
201700054642;1;7;0;0;2;7;9;A01
201700054643;1;30;0;0;2;5;23;A01
201700054643;1;7;0;0;2;0;2;Z01
201700054644;1;7;0;0;2;1;2;A01
201700054644;1;7;0;0;2;4;2;B01
201700054645;0;1;0;0;1;0;1;Z01
201700054646;1;33;0;0;2;1;2;A01
201700054646;1;7;0;0;2;6;2;B01
201700054647;2;34;0;14;0;7;14;A01
201700054648;1;10;0;0;2;3;1;A01
201700054648;1;1;0;0;2;3;1;B01
201700054649;1;7;0;0;2;7;1;A01
201700054649;2;10;0;0;2;1;1;Z01
201700054650;2;33;0;0;2;1;17;B01
201700054650;2;7;0;0;2;8;10;A01
201700054651;0;7;0;0;2;2;1;B01
201700054651;1;7;0;0;2;6;9;A01
201700054652;1;33;0;0;2;3;11;A01
201700054652;1;10;0;0;2;5;23;B01
201700054653;1;7;0;0;1;8;4;A01
201700054654;2;7;0;0;1;4;4;A01
201700054655;1;7;0;0;2;5;16;A01
201700054655;1;7;0;0;2;3;1;B01
201700054656;2;7;0;1;0;2;14;A01
201700054657;1;13;0;0;2;8;13;A01
201700054657;1;2;0;0;2;0;17;C01
201700054657;1;30;0;0;2;0;17;B01
201700054658;2;7;0;0;2;8;1;B01
201700054658;1;7;0;0;2;1;1;A01
201700054659;2;7;0;0;2;2;15;A01
201700054659;2;1;0;0;2;8;5;B01
201700054660;2;33;0;0;2;7;17;B01
201700054660;2;7;0;1;2;3;11;A01
201700054661;1;7;0;1;0;1;14;A01
201700054662;0;2;0;0;1;4;1;Z01
201700054663;2;33;0;0;0;3;1;A01
201700054664;1;30;0;0;2;2;1;A01
201700054664;1;7;0;0;2;3;1;B01
201700054665;1;7;0;0;2;4;1;C01
201700054665;1;7;0;0;2;4;1;B01
201700054665;1;10;0;0;2;1;1;A01
201700054666;1;1;0;0;2;1;13;A01
201700054666;2;1;0;0;2;1;1;B01
201700054667;0;7;0;0;2;2;1;A01
201700054667;1;1;0;0;2;8;13;B01
201700054668;2;7;0;0;2;4;23;B01
201700054668;1;10;0;0;2;1;2;A01
201700054669;1;7;0;0;2;2;15;A01
201700054669;2;7;0;0;2;3;1;B01
201700054670;2;30;0;8;0;1;13;A01
201700054671;1;7;0;0;2;0;1;Z01
201700054671;1;33;0;6;2;1;13;A01
201700054672;0;7;0;0;2;0;15;A01
201700054672;0;33;0;0;2;0;1;B01
201700054673;1;7;0;0;1;3;1;A01
201700054674;1;7;0;0;2;6;10;A01
201700054674;1;30;0;0;2;0;1;B01
201700054675;2;1;0;0;2;1;1;B01
201700054675;2;31;0;0;2;3;9;A01
201700054676;1;7;0;14;0;1;13;A01
201700054677;1;33;0;0;2;1;2;A01
201700054677;1;7;0;0;2;6;2;B01
201700054678;2;7;0;0;2;3;10;A01
201700054678;2;1;0;0;2;2;17;B01
201700054679;1;7;0;0;2;4;11;B01
201700054679;1;33;0;0;2;1;1;A01
201700054680;2;7;0;0;2;4;1;B01
201700054680;2;7;0;0;2;1;1;A01
201700054681;1;7;0;0;2;6;15;A01
201700054681;1;32;0;0;2;1;17;B01
201700054682;2;33;0;0;0;8;21;A01
201700054683;1;7;0;0;1;1;1;A01
201700054684;2;1;0;0;2;1;1;B01
201700054684;0;7;0;0;2;7;15;A01
201700054685;1;7;0;0;2;1;2;A01
201700054685;1;33;0;0;2;1;23;B01
201700054686;1;7;0;0;2;7;1;A01
201700054686;1;7;0;0;2;1;1;B01
201700054687;2;7;0;0;2;3;15;B01
201700054687;2;30;0;0;2;1;17;A01
201700054688;2;14;0;0;2;7;16;A01
201700054688;2;1;0;0;2;8;16;B01
201700054689;1;31;0;0;0;0;1;A01
201700054690;1;7;0;0;2;2;15;A01
201700054690;2;2;0;0;2;1;1;B01
201700054691;2;30;0;0;2;1;1;B01
201700054691;1;10;0;0;2;5;1;A01
201700054692;1;2;0;0;2;7;13;A01
201700054692;2;7;0;0;2;3;1;B01
201700054693;1;7;0;0;2;2;9;A01
201700054693;1;30;0;0;2;3;17;B01
201700054694;2;7;0;0;2;4;2;B01
201700054694;2;10;0;0;2;4;2;A01
201700054695;1;7;0;1;0;0;14;A01
201700054696;2;2;0;0;2;1;2;A01
201700054696;2;2;0;0;2;4;23;B01
201700054697;1;7;0;0;2;3;9;A01
201700054697;2;1;0;0;2;1;1;B01
201700054698;1;1;0;0;9;0;1;A01
201700054699;1;1;0;0;2;4;2;A01
201700054699;1;7;0;0;2;0;2;Z01
201700054700;1;31;0;0;2;6;23;B01
201700054700;1;7;0;0;2;2;2;A01
201700054701;1;7;0;0;2;8;15;A01
201700054701;1;2;0;0;2;7;17;B01
201700054702;2;7;0;0;1;4;4;A01
201700054703;1;1;0;0;2;1;1;A01
201700054703;1;30;0;0;2;0;15;Z01
201700054704;1;7;0;0;2;2;1;A01
201700054704;2;1;0;0;2;1;1;B01
201700054705;2;7;0;0;2;7;14;A01
201700054705;2;1;0;0;2;8;1;B01
201700054706;2;7;0;0;1;0;15;Z01
201700054707;1;1;0;0;2;1;1;A01
201700054707;2;7;0;0;2;2;15;Z01
201700054708;1;7;0;0;1;1;1;A01
201700054709;1;7;0;0;2;3;13;A01
201700054709;2;2;0;0;2;3;1;B01
201700054710;1;7;0;0;2;1;1;A01
201700054710;1;7;0;0;2;1;1;C01
201700054710;1;7;0;0;2;4;23;B01
201700054711;0;10;0;0;1;1;15;A01
201700054712;1;10;0;0;1;4;4;A01
201700054713;1;33;0;0;2;2;1;B01
201700054713;1;1;0;0;2;4;13;A01
201700054714;1;31;0;0;0;0;15;A01
201700054715;1;7;0;2;0;1;1;A01
201700054716;0;7;0;0;2;3;1;B01
201700054716;0;1;0;0;2;4;13;A01
201700054717;0;7;0;0;2;2;1;A01
201700054717;0;1;0;0;2;3;1;B01
201700054718;0;7;0;0;1;4;4;A01
201700054719;2;7;0;1;1;2;1;A01
201700054720;2;7;0;0;1;4;4;Z01
201700054721;0;30;0;0;2;0;1;Z01
201700054721;2;33;0;0;2;8;1;A01
201700054722;1;32;0;12;0;2;18;A01
201700054723;1;7;0;0;1;3;1;A01
201700054724;0;10;0;0;2;2;16;A01
201700054724;1;33;0;0;2;6;1;B01
201700054724;1;7;0;0;2;5;1;C01
201700054725;2;32;0;0;1;3;1;A01
201700054726;2;7;0;11;0;3;11;A01
201700054727;1;7;0;11;0;1;13;A01
201700054728;2;10;0;0;2;1;2;A01
201700054728;2;7;0;0;2;4;23;B01
201700054729;1;7;0;0;2;3;1;B01
201700054729;1;31;0;0;2;7;16;A01
201700054730;0;10;0;0;2;4;23;B01
201700054730;1;7;0;0;2;1;2;A01
201700054731;1;7;0;0;2;3;15;A01
201700054731;2;7;0;0;2;0;24;C01
201700054731;2;31;0;0;2;3;1;B01
201700054732;1;30;0;0;0;3;1;A01
201700054733;1;1;0;0;2;1;1;A01
201700054733;1;7;0;0;2;3;1;B01
201700054734;2;10;0;0;1;1;1;A01
201700054735;1;31;0;0;2;6;1;A01
201700054735;1;7;0;0;2;2;16;Z01
201700054736;0;7;0;0;2;7;1;B01
201700054736;0;14;0;0;2;3;14;A01
201700054737;1;31;0;14;0;7;13;A01
201700054738;1;30;0;0;1;1;1;A01
201700054739;1;7;0;0;2;2;1;A01
201700054739;1;10;0;0;2;0;1;B01
201700054740;2;7;0;0;1;1;1;A01
201700054741;2;1;0;0;1;7;1;A01
201700054742;1;31;0;0;1;1;1;A01
201700054743;1;10;0;0;2;5;14;A01
201700054743;1;2;0;0;2;3;16;B01
201700054744;2;31;0;0;2;0;1;B01
201700054744;2;7;0;0;2;6;10;A01
201700054745;1;7;0;0;2;7;16;Z01
201700054745;1;1;0;0;2;8;1;A01
201700054746;1;30;0;0;9;0;1;A01
201700054747;1;7;0;0;2;2;1;A01
201700054747;1;1;0;0;2;1;18;B01
201700054748;2;33;0;0;2;4;23;B01
201700054748;2;7;0;0;2;1;2;A01
201700054749;1;31;0;0;2;0;17;A01
201700054749;1;7;0;0;2;0;10;B01
201700054750;1;1;0;0;2;1;1;B01
201700054750;1;1;0;0;2;8;10;A01
201700054751;1;7;0;0;2;1;15;A01
201700054751;2;7;0;0;2;1;1;B01
201700054752;1;1;0;0;2;1;18;A01
201700054752;1;37;0;14;2;5;16;B01
201700054753;2;2;0;0;2;7;17;A01
201700054753;2;7;0;0;2;8;13;Z01
201700054754;2;10;0;0;2;8;17;A01
201700054754;2;33;0;0;2;1;10;B01
201700054755;2;10;0;1;2;2;14;A01
201700054755;2;7;0;0;2;6;24;B01
201700054756;0;2;0;14;0;1;1;A01
201700054757;2;7;0;0;1;1;1;A01
201700054758;1;7;0;0;2;1;1;A01
201700054758;1;1;0;0;2;8;19;B01
201700054759;1;7;0;0;2;8;1;B01
201700054759;2;2;0;0;2;3;13;A01
201700054760;1;7;0;0;2;2;7;B01
201700054760;1;1;0;0;2;3;18;A01
201700054761;0;1;0;0;2;0;1;B01
201700054761;1;7;0;0;2;3;22;A01
201700054762;2;7;0;0;2;2;14;A01
201700054762;2;1;0;0;2;4;1;B01
201700054763;1;7;0;0;2;8;15;A01
201700054763;2;33;0;0;2;8;1;B01
201700054764;1;7;0;0;1;0;1;A01
201700054765;0;7;0;0;2;1;1;B01
201700054765;2;7;0;0;2;6;1;A01
201700054766;1;2;0;0;2;2;17;B01
201700054766;1;7;0;0;2;3;15;A01
201700054767;2;7;0;0;2;1;1;A01
201700054767;2;7;0;0;2;4;23;B01
201700054768;1;7;0;0;2;4;23;B01
201700054768;1;1;0;1;2;1;1;A01
201700054769;1;7;0;0;2;7;1;Z01
201700054769;1;30;0;0;2;3;1;A01
201700054770;2;1;0;0;2;1;17;A01
201700054770;2;1;0;0;2;0;13;B01
201700054771;0;1;0;0;2;0;23;C01
201700054771;1;7;0;0;2;3;2;A01
201700054771;1;7;0;0;2;5;23;B01
201700054772;1;7;0;0;1;4;4;A01
201700054773;1;33;0;8;2;1;1;A01
201700054774;1;14;0;0;2;2;16;A01
201700054774;1;34;0;0;2;3;18;B01
201700054775;1;34;0;0;2;2;1;B01
201700054775;1;7;0;0;2;3;13;A01
201700054775;1;7;0;0;2;5;1;C01
201700054776;2;1;0;1;0;8;21;A01
201700054777;0;7;0;0;2;1;1;A01
201700054777;0;33;0;0;2;4;15;B01
201700054778;2;2;0;0;2;1;3;A01
201700054778;2;7;0;0;2;5;23;B01
201700054779;0;31;0;0;2;3;3;A01
201700054779;0;10;0;0;2;4;12;B01
201700054780;0;7;0;7;0;1;1;A01
201700054781;2;14;0;15;1;5;9;A01
201700054782;2;1;0;0;2;0;1;B01
201700054782;1;7;0;0;2;1;15;A01
201700054783;1;30;0;0;0;3;3;A01
201700054784;1;7;0;0;2;5;11;B01
201700054784;1;32;0;0;2;1;12;A01
201700054785;1;7;0;0;2;0;22;A01
201700054785;1;1;0;1;2;0;1;B01
201700054786;0;7;0;0;2;1;1;B01
201700054786;0;7;0;0;2;2;1;A01
201700054787;0;7;0;0;1;1;15;A01
201700054788;1;1;0;0;0;0;1;A01
201700054789;1;32;0;0;2;1;17;A01
201700054789;1;33;0;0;2;8;15;B01
201700054790;0;1;0;0;2;1;1;A01
201700054790;1;1;0;0;2;3;1;B01
201700054791;2;2;0;0;0;0;7;A01
201700054792;1;30;0;0;2;3;18;A01
201700054792;1;7;0;0;2;2;16;B01
201700054793;2;7;0;0;2;1;15;A01
201700054793;1;33;0;0;2;8;16;B01
201700054794;2;32;0;0;2;1;1;B01
201700054794;2;7;0;0;2;2;15;A01
201700054795;2;7;0;0;2;0;15;Z01
201700054795;2;7;0;0;2;1;1;B01
201700054796;1;10;0;0;2;3;13;A01
201700054796;1;32;0;0;2;0;23;B01
201700054797;2;7;0;0;2;4;9;B01
201700054797;2;33;0;0;2;1;1;A01
201700054798;2;30;0;11;0;1;14;A01
201700054799;1;33;0;0;2;1;12;A01
201700054799;1;14;0;0;2;6;23;B01
201700054800;2;31;0;0;2;1;17;B01
201700054800;2;7;0;0;2;8;15;A01
201700054801;1;7;0;0;2;6;24;B01
201700054801;2;14;0;1;2;3;1;C01
201700054801;1;7;0;1;2;9;13;A01
201700054802;2;7;0;0;1;0;1;Z01
201700054803;1;7;0;0;2;1;1;A01
201700054803;1;1;0;0;2;0;19;B01
201700054804;2;2;0;0;2;2;1;A01
201700054804;1;7;0;0;2;2;15;B01
201700054805;2;7;0;0;0;7;16;B01
201700054805;2;31;0;0;2;8;7;A01
201700054806;1;1;0;0;2;7;1;B01
201700054806;1;7;0;0;2;8;22;A01
201700054807;2;32;0;0;2;5;1;A01
201700054807;2;7;0;0;2;8;10;Z01
201700054808;1;7;0;0;2;2;1;A01
201700054808;2;7;0;0;2;1;1;B01
201700054809;1;7;0;0;2;5;1;B01
201700054809;1;31;0;0;2;3;18;A01
201700054810;1;7;0;0;2;3;13;A01
201700054810;2;10;0;1;2;3;1;B01
201700054810;1;7;0;0;2;0;1;C01
201700054811;1;10;0;0;2;5;2;B01
201700054811;1;7;0;0;2;1;2;A01
201700054812;2;2;0;0;2;1;5;A01
201700054812;2;7;0;0;2;8;15;B01
201700054813;2;7;0;0;1;3;17;A01
201700054814;2;7;0;0;2;1;2;A01
201700054814;2;34;0;0;2;4;16;B01
201700054815;1;7;0;0;2;2;1;C01
201700054815;1;33;0;0;2;7;3;A01
201700054815;1;7;0;0;2;3;13;B01
201700054815;1;7;0;0;2;5;1;D01
201700054816;1;10;0;0;1;2;1;A01
201700054817;2;1;0;0;2;1;5;A01
201700054817;1;1;0;0;2;1;1;B01
201700054818;1;7;0;0;1;3;15;A01
201700054819;2;7;0;0;2;2;15;A01
201700054819;1;7;0;0;2;3;1;B01
201700054820;0;7;0;0;2;3;1;B01
201700054820;0;7;0;4;2;3;13;A01
201700054821;1;1;0;0;0;0;17;A01
201700054822;1;33;0;0;2;0;17;A01
201700054822;1;7;0;0;2;0;15;B01
201700054823;2;7;0;0;2;2;1;B01
201700054823;1;1;0;0;2;8;1;A01
201700054824;1;30;0;0;2;3;1;B01
201700054824;1;7;0;0;2;2;9;A01
201700054825;2;33;0;0;2;1;1;B01
201700054825;1;7;0;0;2;2;10;A01
201700054825;1;7;0;0;2;1;10;C01
201700054825;2;33;0;0;2;8;1;D01
201700054826;1;2;0;0;2;2;2;A01
201700054826;1;7;0;0;2;6;23;B01
201700054827;1;7;0;0;2;4;23;Z01
201700054827;1;33;0;0;2;1;2;A01
201700054828;1;7;0;0;2;6;20;B01
201700054828;1;31;0;0;2;1;2;A01
201700054829;0;7;0;0;2;5;1;B01
201700054829;0;7;0;0;2;3;13;A01
201700054830;2;7;0;0;2;3;15;B01
201700054830;2;32;0;0;2;2;17;A01
201700054831;1;31;0;0;1;0;1;A01
201700054832;1;7;0;0;2;5;23;C01
201700054832;1;7;0;0;2;0;23;B01
201700054832;1;7;0;0;2;3;2;A01
201700054833;0;30;0;0;1;1;1;A01
201700054834;0;33;0;0;2;4;23;B01
201700054834;1;7;0;0;2;1;2;A01
201700054835;1;7;0;0;1;5;4;A01
201700054836;1;2;0;0;1;1;18;Z01
201700054837;1;7;0;0;2;1;15;A01
201700054837;2;7;0;0;2;3;1;B01
201700054838;2;33;0;0;2;5;2;A01
201700054838;2;10;0;0;2;5;2;B01
201700054839;2;7;0;0;2;3;1;A01
201700054839;2;1;0;0;2;4;15;B01
201700054840;1;7;0;0;2;6;15;A01
201700054840;1;32;0;0;2;2;17;B01
201700054841;1;30;0;0;1;1;1;A01
201700054842;1;7;0;0;1;6;1;A01
201700054842;2;2;0;0;2;0;3;Z01
201700054843;2;7;0;0;2;0;15;B01
201700054843;2;31;0;0;2;2;17;A01
201700054844;1;10;0;0;2;3;18;A01
201700054844;1;7;0;0;2;1;20;B01
201700054845;1;1;0;0;2;2;1;B01
201700054845;1;7;0;0;2;0;22;A01
201700054846;0;7;0;0;2;8;22;A01
201700054846;0;1;0;0;2;1;1;B01
201700054847;0;31;0;0;0;0;16;A01
201700054848;2;1;0;0;2;1;18;A01
201700054848;2;10;0;0;2;8;22;B01
201700054848;2;7;0;0;2;2;23;C01
201700054849;1;10;0;0;1;2;1;A01
201700054850;0;7;0;4;0;1;13;A01
201700054851;1;1;0;0;2;7;1;B01
201700054851;2;10;0;0;2;2;22;A01
201700054852;0;1;0;0;1;8;1;A01
201700054853;2;7;0;0;2;6;15;B01
201700054853;2;31;0;0;2;1;2;A01
201700054854;1;31;0;16;0;8;1;A01
201700054855;2;7;0;0;2;2;1;A01
201700054855;2;7;0;0;2;3;1;B01
201700054856;0;7;0;0;1;5;9;A01
201700054857;1;7;0;0;2;3;2;A01