num_acc;senc;catv;occutc;obs;obsm;choc;manv;num_veh
201700054857;1;31;0;0;2;4;23;B01
201700054858;1;7;0;0;2;1;15;A01
201700054858;2;1;0;0;2;3;1;B01
201700054859;1;1;0;0;2;1;1;B01
201700054859;1;30;0;0;2;5;15;A01
201700054860;1;30;0;0;0;0;16;A01
201700054861;1;7;0;1;0;9;1;A01
201700054862;1;34;0;0;2;1;23;B01
201700054862;2;10;0;14;2;4;4;A01
201700054863;2;7;0;0;2;0;23;C01
201700054863;2;7;0;0;2;4;23;B01
201700054863;2;7;0;0;2;1;2;A01
201700054864;1;7;0;0;1;3;1;A01
201700054865;1;1;0;0;2;8;13;A01
201700054865;1;30;0;0;2;8;17;Z01
201700054866;2;1;0;0;2;0;1;B01
201700054866;1;7;0;0;2;0;15;A01
201700054867;2;1;0;0;2;2;1;B01
201700054867;2;7;0;0;2;3;16;A01
201700054868;2;7;0;0;1;4;4;A01
201700054869;1;7;0;0;1;2;1;A01
201700054870;2;31;0;0;2;1;17;A01
201700054870;2;7;0;0;2;8;15;B01
201700054871;2;32;0;0;2;3;1;B01
201700054871;1;7;0;0;2;2;13;A01
201700054872;1;7;0;0;2;3;13;Z01
201700054872;1;31;0;0;2;2;17;A01
201700054873;2;10;0;0;2;1;2;A01
201700054873;2;7;0;0;2;4;23;B01
201700054874;2;7;0;0;2;1;2;A01
201700054874;2;7;0;0;2;4;23;B01
201700054875;2;7;0;0;2;9;23;B01
201700054875;2;7;0;0;2;4;23;C01
201700054875;2;10;0;0;2;1;2;A01
201700054876;1;10;0;0;2;6;10;A01
201700054876;1;31;0;0;2;1;1;B01
201700054877;1;7;0;0;2;3;13;A01
201700054877;1;32;0;0;2;7;17;B01
201700054878;1;7;0;0;2;4;1;B01
201700054878;1;7;0;0;2;1;1;A01
201700054878;1;7;0;0;2;0;23;D01
201700054878;1;7;0;0;2;4;1;C01
201700054879;2;1;0;0;1;1;1;A01
201700054880;1;2;0;0;2;3;1;B01
201700054880;1;10;0;0;2;2;1;A01
201700054881;0;7;0;0;1;7;15;A01
201700054882;1;2;0;0;2;1;2;A01
201700054882;1;10;0;0;2;4;2;B01
201700054883;1;7;0;0;2;4;23;B01
201700054883;1;7;0;0;2;4;23;C01
201700054883;1;10;0;0;2;0;2;A01
201700054884;2;1;0;0;2;0;19;B01
201700054884;2;7;0;0;2;2;1;A01
201700054885;1;31;0;0;2;4;23;B01
201700054885;1;7;0;0;2;2;2;A01
201700054886;1;10;0;0;1;4;4;A01
201700054887;1;7;0;0;1;1;15;A01
201700054888;1;7;0;0;2;7;15;Z01
201700054888;2;34;0;0;2;1;1;A01
201700054889;2;30;0;12;0;8;13;A01
201700054890;2;33;0;0;2;1;1;B01
201700054890;2;1;0;0;2;8;15;A01
201700054891;2;7;0;0;2;2;10;A01
201700054891;1;32;0;0;2;1;1;B01
201700054892;2;34;0;0;2;0;16;B01
201700054892;2;7;0;0;2;1;16;A01
201700054893;1;7;0;0;1;3;15;A01
201700054894;1;7;0;0;2;2;1;B01
201700054894;1;30;0;0;2;1;1;A01
201700054895;1;31;0;0;0;8;15;A01
201700054896;1;7;0;0;1;1;16;A01
201700054897;1;7;0;0;2;5;11;B01
201700054897;1;33;0;0;2;1;17;A01
201700054898;1;10;0;0;2;6;16;B01
201700054898;1;30;0;0;2;6;1;A01
201700054899;2;7;0;0;2;8;15;A01
201700054899;2;33;0;1;2;1;17;B01
201700054900;1;1;0;0;2;3;13;B01
201700054900;1;32;0;0;2;1;17;A01
201700054901;2;31;0;0;2;1;1;B01
201700054901;1;2;0;0;2;3;10;A01
201700054902;1;7;0;0;1;1;1;A01
201700054903;2;30;0;0;1;1;5;A01
201700054904;1;7;0;1;0;2;14;A01
201700054905;1;1;0;0;2;6;13;B01
201700054905;1;34;0;0;2;2;1;A01
201700054906;1;7;0;0;2;1;15;A01
201700054906;1;34;0;0;2;1;1;B01
201700054907;1;7;0;0;2;1;1;A01
201700054907;1;7;0;0;2;4;23;B01
201700054908;1;7;0;0;2;9;23;A01
201700054908;2;1;0;0;2;1;1;C01
201700054908;1;7;0;0;2;3;1;B01
201700054909;2;1;0;0;1;1;1;Z01
201700054910;2;7;0;0;1;0;1;Z01
201700054911;1;34;0;15;0;7;1;A01
201700054912;2;7;0;0;1;2;1;A01
201700054913;2;7;0;0;2;3;15;B01
201700054913;2;10;0;8;2;1;5;A01
201700054914;1;7;0;7;0;3;13;A01
201700054915;2;7;0;0;2;0;12;Z01
201700054915;1;33;0;0;2;3;1;A01
201700054916;2;7;0;0;2;2;12;A01
201700054916;2;31;0;0;2;3;3;B01
201700054917;0;7;0;0;2;0;10;Z01
201700054917;2;33;0;0;2;0;1;A01
201700054918;2;34;0;0;1;1;17;A01
201700054919;1;7;0;0;2;2;16;B01
201700054919;1;1;0;0;2;2;1;A01
201700054920;1;33;0;0;2;3;1;B01
201700054920;1;7;0;0;2;3;14;A01
201700054921;1;7;0;0;1;1;15;A01
201700054922;2;33;0;0;2;7;1;B01
201700054922;1;7;0;0;2;3;9;A01
201700054923;2;33;0;0;2;3;13;A01
201700054923;2;33;0;0;2;2;1;B01
201700054924;1;7;0;6;2;1;1;B01
201700054924;1;7;0;0;2;6;13;A01
201700054925;1;33;0;0;1;1;1;A01
201700054926;2;7;0;14;0;2;13;A01
201700054927;1;10;0;0;1;3;15;A01
201700054928;1;34;0;0;2;6;9;B01
201700054928;1;7;0;1;2;2;1;A01
201700054929;2;7;0;0;1;3;15;A01
201700054930;1;7;0;0;2;3;15;A01
201700054930;2;32;0;0;2;3;1;B01
201700054931;2;2;0;0;2;7;1;B01
201700054931;2;10;0;0;2;3;10;A01
201700054932;2;30;0;0;0;0;21;A01
201700054933;1;32;0;0;2;1;1;A01
201700054933;1;34;0;0;2;1;1;B01
201700054933;1;7;0;0;2;1;1;C01
201700054934;1;7;0;0;2;1;1;B01
201700054934;0;1;0;0;2;8;11;A01
201700054935;2;7;0;0;1;3;1;A01
201700054936;2;33;0;0;2;1;17;A01
201700054936;2;10;0;0;2;6;15;B01
201700054937;2;10;0;0;2;5;14;Z01
201700054937;2;30;0;0;2;1;1;A01
201700054938;2;7;0;0;2;5;24;B01
201700054938;1;30;0;1;2;0;1;A01
201700054939;1;7;0;0;2;2;15;A01
201700054939;2;33;0;0;2;3;1;B01
201700054940;1;33;0;0;2;1;2;A01
201700054940;1;7;0;0;2;4;23;B01
201700054941;1;10;0;0;2;1;1;B01
201700054941;2;2;0;0;2;7;13;A01
201700054942;1;7;0;0;2;6;15;A01
201700054942;1;32;0;0;2;2;1;B01
201700054943;1;33;0;0;2;1;3;A01
201700054943;1;7;0;0;2;7;12;B01
201700054944;1;1;0;0;1;1;1;A01
201700054945;2;33;0;0;1;7;1;A01
201700054946;2;34;0;0;1;1;17;A01
201700054947;1;30;0;0;1;3;1;A01
201700054948;1;7;0;0;2;2;12;A01
201700054948;1;30;0;0;2;3;1;B01
201700054949;2;7;0;0;2;3;1;A01
201700054949;2;1;0;0;2;4;1;B01
201700054950;1;30;0;0;2;1;1;Z01
201700054950;1;1;0;0;2;4;23;A01
201700054951;2;32;0;0;2;7;1;B01
201700054951;2;7;0;0;2;0;13;A01
201700054952;2;7;0;8;0;1;1;A01
201700054953;2;10;0;0;1;3;15;A01
201700054954;2;7;0;0;1;4;4;A01
201700054955;1;30;0;0;1;1;1;A01
201700054956;1;2;0;1;0;2;14;A01
201700054957;0;7;0;0;2;7;16;A01
201700054957;0;33;0;0;2;8;1;B01
201700054958;1;30;0;0;2;1;2;A01
201700054958;1;10;0;0;2;6;23;B01
201700054959;1;7;0;1;0;2;14;A01
201700054960;1;34;0;0;2;7;16;A01
201700054960;1;7;0;0;2;6;13;B01
201700054961;1;10;0;0;2;8;9;A01
201700054961;1;30;0;0;2;1;1;B01
201700054962;2;7;0;0;2;8;13;Z01
201700054962;1;10;0;0;2;1;1;B01
201700054962;2;31;0;0;2;7;17;A01
201700054963;2;7;0;0;1;3;15;A01
201700054964;2;32;0;0;2;1;2;A01
201700054964;2;10;0;0;2;5;23;B01
201700054965;2;31;0;0;1;1;1;A01
201700054966;1;10;0;1;0;4;20;A01
201700054967;1;7;0;0;1;1;15;A01
201700054968;1;33;0;0;2;1;1;B01
201700054968;0;7;0;0;2;3;15;A01
201700054969;1;7;0;0;2;8;9;A01
201700054969;1;33;0;0;2;1;1;B01
201700054970;1;10;0;0;2;0;9;A01
201700054970;1;30;0;0;2;0;1;B01
201700054971;1;7;0;0;1;8;1;A01
201700054972;1;10;0;0;2;6;15;A01
201700054972;1;30;0;0;2;2;1;B01
201700054973;1;1;0;0;2;2;2;A01
201700054973;0;10;0;0;2;6;23;B01
201700054974;2;37;0;0;2;7;1;B01
201700054974;1;7;0;0;2;3;13;A01
201700054975;1;7;0;0;1;3;1;A01
201700054976;2;32;0;12;0;1;14;A01
201700054977;2;10;0;0;1;0;16;A01
201700054978;1;30;0;0;2;8;17;B01
201700054978;1;7;0;0;2;3;15;A01
201700054979;1;37;0;0;2;3;1;B01
201700054979;1;7;0;0;2;2;9;A01
201700054980;1;33;0;0;1;8;1;A01
201700054981;1;33;0;0;2;8;3;A01
201700054981;1;7;0;0;2;7;12;B01
201700054982;1;1;0;0;2;7;19;B01
201700054982;1;7;0;0;2;1;1;A01
201700054983;1;33;0;0;2;8;9;A01
201700054983;1;33;0;0;2;1;1;B01
201700054984;2;33;0;0;2;1;17;B01
201700054984;2;10;0;0;2;3;9;A01
201700054985;1;10;0;0;2;3;13;Z01
201700054985;1;7;0;0;2;6;24;A01
201700054986;2;30;0;0;2;1;1;B01
201700054986;1;7;0;0;2;1;13;A01
201700054987;1;32;0;0;0;8;1;A01
201700054988;1;10;0;0;2;4;23;B01
201700054988;1;7;0;0;2;4;23;C01
201700054988;1;7;0;0;2;1;2;A01
201700054989;1;7;0;0;1;3;15;A01
201700054990;1;7;0;0;2;6;22;A01
201700054990;1;1;0;0;2;1;17;B01
201700054991;1;7;0;0;2;6;10;B01
201700054991;1;34;0;0;2;1;17;A01
201700054992;2;7;0;0;2;2;15;A01
201700054992;1;34;0;0;2;1;1;B01
201700054993;1;7;0;0;2;6;10;A01
201700054993;1;34;0;0;2;1;1;B01
201700054994;1;7;0;0;2;1;2;Z01
201700054994;1;33;0;0;2;4;2;A01
201700054995;1;31;0;0;2;3;17;B01
201700054995;1;10;0;0;2;8;10;A01
201700054996;1;33;0;0;2;1;1;B01
201700054996;2;7;0;0;2;2;15;A01
201700054997;1;30;0;1;0;1;14;A01
201700054998;1;7;0;0;2;3;22;A01
201700054998;1;1;0;0;2;3;1;B01
201700054999;2;7;0;14;0;1;14;A01
201700055000;2;10;0;0;1;6;4;A01
201700055001;1;7;0;0;2;3;2;A01
201700055001;1;7;0;0;2;4;2;B01
201700055002;1;7;0;6;0;1;1;A01
201700055003;1;33;0;1;2;1;1;B01
201700055003;1;7;0;0;2;3;10;A01
201700055004;1;7;0;11;0;0;1;A01
201700055005;1;33;0;0;2;2;1;B01
201700055005;1;7;0;0;2;3;13;A01
201700055006;2;10;0;0;1;3;1;A01
201700055007;2;33;0;0;0;5;21;A01
201700055008;1;7;0;1;2;2;1;A01
201700055008;1;7;0;0;2;7;13;Z01
201700055009;1;7;0;0;2;2;15;A01
201700055009;2;30;0;0;2;1;1;B01
201700055010;1;7;0;0;2;8;9;A01
201700055010;1;31;0;0;2;1;1;B01
201700055011;2;7;0;0;2;3;1;B01
201700055011;1;7;0;0;2;2;15;A01
201700055012;1;7;0;0;1;1;1;A01
201700055013;1;37;0;0;1;0;7;Z01
201700055014;0;7;0;0;1;1;1;A01
201700055015;2;7;0;0;1;2;1;A01
201700055016;1;10;0;0;2;2;9;A01
201700055016;1;32;0;0;2;1;17;B01
201700055017;1;7;0;0;1;1;15;A01
201700055018;1;32;0;0;2;3;18;A01
201700055018;1;7;0;0;2;2;16;B01
201700055019;1;7;0;0;1;3;1;A01
201700055020;0;14;0;0;2;1;1;A01
201700055020;0;7;0;0;2;4;23;B01
201700055021;2;7;0;0;1;0;1;A01
201700055022;2;31;0;0;2;5;1;B01
201700055022;1;7;0;0;2;0;10;A01
201700055023;0;7;0;0;2;1;15;A01
201700055023;0;10;0;0;2;8;1;B01
201700055024;1;7;0;0;1;2;1;A01
201700055025;1;7;0;0;2;3;17;A01
201700055025;2;1;0;0;2;1;7;B01
201700055026;2;7;0;0;2;8;2;A01
201700055026;2;1;0;1;2;7;1;B01
201700055027;2;33;0;0;2;8;18;A01
201700055027;2;7;0;0;2;7;23;B01
201700055028;2;7;0;0;1;1;15;A01
201700055029;1;7;0;0;1;1;1;A01
201700055030;2;7;0;0;1;1;15;A01
201700055031;1;32;0;0;0;0;21;A01
201700055032;2;30;0;0;1;0;1;Z01
201700055033;1;7;0;0;2;7;9;A01
201700055033;1;31;0;0;2;2;1;B01
201700055034;2;1;0;0;2;0;19;A01
201700055034;2;14;0;0;2;8;1;B01
201700055035;1;7;0;0;2;3;7;B01
201700055035;0;1;0;0;2;8;19;A01
201700055036;1;33;0;14;0;7;14;A01
201700055037;2;33;0;0;2;1;1;A01
201700055037;2;7;0;0;2;3;10;B01
201700055038;2;7;0;0;1;1;1;A01
201700055039;1;7;0;0;1;4;4;A01
201700055040;2;10;0;0;1;4;4;A01
201700055041;1;7;0;0;1;8;1;A01
201700055042;1;7;0;0;2;2;15;A01
201700055042;2;31;0;0;2;1;1;B01
201700055043;2;33;0;0;2;1;1;B01
201700055043;0;7;0;0;2;3;10;A01
201700055044;1;37;0;0;2;0;1;A01
201700055044;1;7;0;0;2;0;14;Z01
201700055045;2;7;0;0;2;4;23;B01
201700055045;2;7;0;0;2;1;2;A01
201700055046;2;7;0;0;2;0;15;A01
201700055046;2;30;0;12;2;0;17;B01
201700055047;2;33;0;0;2;1;14;A01
201700055047;2;7;0;0;2;5;24;B01
201700055048;2;1;0;0;2;1;17;B01
201700055048;2;10;0;0;2;3;22;A01
201700055049;1;7;0;0;2;5;15;A01
201700055049;2;34;0;0;2;1;1;B01
201700055050;2;31;0;0;2;7;1;B01
201700055050;2;7;0;0;2;8;1;A01
201700055051;1;7;0;0;2;0;13;A01
201700055051;1;31;0;0;2;0;1;B01
201700055052;1;30;0;0;2;1;10;A01
201700055052;1;33;0;0;2;2;1;B01
201700055053;2;32;0;0;2;6;1;B01
201700055053;1;7;0;0;2;2;15;A01
201700055054;0;7;0;0;2;0;15;Z01
201700055054;0;1;0;0;2;3;1;A01
201700055055;1;37;0;0;1;0;7;A01
201700055056;1;7;0;0;2;1;15;A01
201700055056;2;2;0;0;2;3;1;B01
201700055057;1;30;0;0;2;1;1;B01
201700055057;1;7;0;0;2;5;15;A01
201700055058;1;30;0;0;0;0;1;A01
201700055059;0;7;0;0;2;1;15;A01
201700055059;0;1;0;0;2;7;5;B01
201700055060;2;10;0;0;1;1;1;A01
201700055061;1;33;0;0;1;1;17;A01
201700055062;1;32;0;0;1;0;1;A01
201700055063;1;7;0;0;1;3;15;A01
201700055064;1;7;0;0;1;0;4;Z01
201700055065;1;1;0;1;0;1;13;A01
201700055066;1;7;0;0;1;8;15;A01
201700055067;2;7;0;0;2;2;17;B01
201700055067;2;32;0;0;2;8;21;A01
201700055068;2;30;0;0;1;1;16;A01
201700055069;2;7;0;0;2;7;22;A01
201700055069;2;1;0;0;2;0;1;B01
201700055070;1;10;0;0;1;3;15;A01
201700055071;1;30;0;0;2;0;1;B01
201700055071;1;10;0;0;2;3;9;A01
201700055072;2;14;0;0;2;0;1;C01
201700055072;1;30;0;0;2;1;17;A01
201700055072;1;7;0;0;2;0;1;B01
201700055073;2;31;0;0;2;2;5;B01
201700055073;1;10;0;0;2;3;10;A01
201700055074;1;10;0;6;0;1;1;A01
201700055075;1;7;0;8;0;1;13;A01
201700055076;2;7;0;7;0;3;13;A01
201700055077;2;2;0;0;2;2;1;B01
201700055077;2;7;0;0;2;8;9;A01
201700055078;1;31;0;14;0;1;1;A01
201700055079;1;7;0;0;2;0;16;A01
201700055079;1;37;0;0;2;3;7;B01
201700055080;1;32;0;0;1;1;1;A01
201700055081;1;1;0;0;1;0;1;A01
201700055082;2;7;0;1;2;0;22;A01
201700055082;1;1;0;0;2;1;1;B01
201700055083;2;7;0;0;2;1;15;B01
201700055083;2;7;0;0;2;1;1;A01
201700055084;1;1;0;0;2;4;20;A01
201700055084;1;7;0;0;2;1;1;B01
201700055085;2;7;0;0;2;2;15;B01
201700055085;2;33;0;1;2;2;1;A01
201700055086;2;7;0;0;1;1;1;A01
201700055087;2;7;0;0;2;1;16;A01
201700055087;1;1;0;0;2;5;7;B01
201700055088;1;32;0;0;2;6;1;A01
201700055088;1;30;0;0;2;8;1;B01
201700055089;1;7;0;0;1;4;4;A01
201700055090;2;1;0;0;2;3;7;B01
201700055090;2;37;0;0;2;5;17;A01
201700055091;2;7;0;0;2;7;16;A01
201700055091;1;2;0;0;2;1;1;B01
201700055092;2;10;0;0;1;1;2;A01
201700055093;1;7;0;1;0;1;13;A01
201700055094;1;7;0;0;1;3;1;A01
201700055095;1;7;0;0;1;2;7;A01
201700055096;2;7;0;0;2;3;9;A01
201700055096;2;1;0;0;2;1;7;B01
201700055097;1;31;0;0;1;1;1;A01
201700055098;2;33;0;0;2;6;2;B01
201700055098;2;7;0;0;2;2;2;A01
201700055099;2;7;0;0;1;3;15;A01
201700055100;1;7;0;0;2;2;23;E01
201700055100;1;7;0;0;2;4;23;D01
201700055100;1;7;0;0;2;4;2;B01
201700055100;1;7;0;0;2;1;23;A01
201700055100;1;7;0;0;2;4;23;C01
201700055101;2;7;0;0;2;2;1;A01
201700055101;2;7;0;0;1;3;16;B01
201700055102;0;10;0;0;2;2;24;B01
201700055102;1;7;0;1;2;2;14;A01
201700055103;2;7;0;0;2;4;4;Z01
201700055103;2;33;0;0;2;1;23;A01
201700055104;2;7;0;0;2;0;1;B01
201700055104;2;7;0;0;2;3;1;A01
201700055105;0;7;0;0;2;5;12;B01
201700055105;0;31;0;0;2;1;2;A01
201700055106;0;10;0;0;1;2;16;Z01
201700055107;2;34;0;0;2;7;17;B01
201700055107;1;7;0;0;2;1;9;A01
201700055108;1;1;0;1;0;1;14;A01
201700055109;0;7;0;0;2;1;2;A01
201700055109;0;7;0;0;2;0;2;B01
201700055110;1;7;0;0;2;3;9;A01
201700055110;1;33;0;0;2;2;1;B01
201700055111;1;7;0;0;2;5;15;A01
201700055111;1;32;0;0;2;1;1;B01
201700055112;1;32;0;0;2;4;23;B01
201700055112;1;7;0;0;2;3;1;A01
201700055113;2;2;0;0;0;0;1;A01
201700055114;1;1;0;0;1;1;1;A01
201700055115;0;2;0;0;0;0;14;A01
201700055116;1;10;0;0;2;2;15;A01
201700055116;2;33;0;0;2;1;1;B01
201700055117;1;30;0;0;2;0;1;B01
201700055117;2;7;0;0;2;2;15;A01
201700055118;2;10;0;0;2;0;13;A01
201700055118;2;2;0;4;2;0;1;B01
201700055119;2;30;0;0;2;1;1;B01
201700055119;2;7;0;0;2;2;15;A01
201700055120;1;7;0;0;2;3;1;C01
201700055120;2;10;0;0;2;3;15;A01
201700055120;2;2;0;0;2;9;17;B01
201700055121;0;1;0;0;2;1;1;B01
201700055121;0;7;0;0;2;3;22;A01
201700055122;2;7;0;0;2;1;1;B01
201700055122;1;30;0;0;2;7;15;A01
201700055123;0;30;0;0;2;3;9;A01
201700055123;1;7;0;0;2;0;1;Z01
201700055124;2;2;0;0;1;1;1;Z01
201700055125;1;7;0;0;1;0;15;A01
201700055126;2;31;0;0;1;1;1;A01
201700055127;1;31;0;0;2;7;17;A01
201700055127;1;1;0;0;2;8;15;B01
201700055128;1;10;0;0;1;4;4;A01
201700055129;1;7;0;7;0;3;9;A01
201700055130;1;7;0;0;1;1;1;A01
201700055131;2;31;0;0;2;1;13;A01
201700055131;1;7;0;0;2;3;1;B01
201700055132;2;1;0;0;1;0;19;A01
201700055133;1;7;0;0;2;1;15;A01
201700055133;2;33;0;0;2;8;1;B01
201700055134;1;33;0;0;2;2;3;B01
201700055134;1;33;0;0;2;8;11;A01
201700055135;1;2;0;0;1;1;1;A01
201700055136;0;7;0;0;2;4;23;C01
201700055136;0;14;0;0;2;1;2;A01
201700055136;1;7;0;0;2;4;23;B01
201700055137;1;31;0;0;2;6;15;A01
201700055137;1;7;0;0;2;2;1;B01
201700055138;1;10;0;0;1;2;7;A01
201700055139;1;33;0;0;1;2;1;A01
201700055140;1;37;0;0;1;2;16;A01
201700055141;1;32;0;0;2;7;1;B01
201700055141;2;7;0;0;2;8;11;A01
201700055142;2;33;0;0;2;4;23;B01
201700055142;2;7;0;0;2;1;2;A01
201700055143;1;7;0;0;1;2;1;Z01
201700055144;1;7;0;0;1;3;1;A01
201700055145;1;7;0;7;0;3;13;A01
201700055146;1;7;0;0;2;0;1;Z01
201700055146;2;1;0;0;2;7;15;B01
201700055147;1;37;0;0;2;3;2;A01
201700055147;1;7;0;0;2;0;23;B01
201700055148;2;32;0;0;2;8;1;B01
201700055148;1;7;0;0;2;1;15;A01
201700055149;2;1;0;0;2;1;1;B01
201700055149;1;1;0;0;2;1;5;A01
201700055150;2;30;0;0;2;1;17;Z01
201700055150;2;30;0;0;2;6;1;A01
201700055151;1;7;0;0;1;2;1;A01
201700055152;1;1;0;0;1;7;1;A01
201700055153;1;30;0;0;2;1;1;B01
201700055153;2;7;0;0;2;7;15;A01
201700055154;0;1;0;0;2;7;19;B01
201700055154;1;7;0;0;2;1;16;A01
201700055155;1;2;0;0;2;2;17;B01
201700055155;1;10;0;0;2;6;15;A01
201700055156;1;7;0;0;2;2;2;A01
201700055156;2;7;0;0;2;6;23;B01
201700055157;2;7;0;0;1;3;9;A01
201700055158;2;30;0;0;2;8;1;B01
201700055158;1;7;0;0;2;1;15;A01
201700055159;1;7;0;0;1;5;4;A01
201700055160;0;2;0;0;0;0;18;A01
201700055161;1;31;0;0;1;3;1;A01
201700055162;2;1;0;0;2;2;1;B01
201700055162;1;7;0;0;2;2;15;A01
201700055163;2;7;0;0;2;3;15;B01
201700055163;1;31;0;0;2;3;1;A01
201700055164;1;1;0;0;1;7;1;A01
201700055165;2;7;0;0;2;7;16;A01
201700055165;2;1;0;0;2;1;7;B01
201700055166;1;33;0;0;1;1;1;A01
201700055167;2;1;0;0;1;1;1;A01
201700055168;2;14;0;0;1;5;15;A01
201700055169;1;10;0;0;1;2;1;A01
201700055170;1;37;0;0;2;1;7;B01
201700055170;1;33;0;0;2;4;7;A01
201700055171;1;7;0;1;0;8;11;A01
201700055172;2;33;0;0;2;7;1;A01
201700055173;1;7;0;0;1;7;12;A01
201700055174;1;33;0;0;2;1;1;A01
201700055174;1;30;0;0;2;2;5;Z01
201700055175;1;34;0;0;1;2;3;A01
201700055176;0;1;0;0;2;4;2;B01
201700055176;0;31;0;0;2;7;2;A01
201700055177;2;1;0;0;1;0;1;A01
201700055178;0;7;0;1;2;1;14;A01
201700055178;0;7;0;1;2;6;24;B01
201700055179;0;7;0;0;2;5;16;A01
201700055179;0;7;0;0;2;1;2;Z01
201700055180;1;7;0;0;2;4;2;B01
201700055180;1;7;0;0;2;1;2;A01
201700055181;2;7;0;0;1;0;1;Z01
201700055182;1;32;0;0;2;5;1;B01
201700055182;1;7;0;0;2;5;5;A01
201700055183;1;38;0;2;0;2;13;A01
201700055184;2;7;0;0;2;2;16;A01
201700055184;2;1;0;0;2;1;1;B01
201700055185;1;34;0;0;2;2;1;B01
201700055185;1;7;0;0;2;3;1;A01
201700055186;1;30;0;0;1;1;1;A01
201700055187;1;7;0;0;2;2;15;A01
201700055187;0;1;0;0;2;1;1;B01
201700055188;1;32;0;0;2;7;1;B01
201700055188;2;7;0;0;2;3;15;A01
201700055189;2;7;0;0;1;2;15;A01
201700055190;2;7;0;0;2;2;16;A01
201700055190;2;32;0;0;2;8;1;B01
201700055191;2;7;0;0;2;0;16;A01
201700055191;2;30;0;0;2;0;1;B01
201700055192;2;1;0;0;2;1;1;B01
201700055192;2;7;0;0;2;5;22;A01
201700055193;1;7;0;0;2;7;9;A01
201700055193;1;33;0;0;2;1;1;B01
201700055194;1;30;0;0;0;0;0;A01
201700055195;2;1;0;0;1;1;17;A01
201700055196;1;1;0;0;1;1;1;A01
201700055197;1;1;0;0;2;8;2;B01
201700055197;1;1;0;0;2;8;2;A01
201700055198;1;7;0;0;2;3;10;A01
201700055198;1;32;0;0;2;1;17;B01
201700055199;0;7;0;0;2;6;24;B01
201700055199;2;30;0;1;2;1;1;A01
201700055200;2;7;0;0;1;1;1;A01
201700055201;1;7;0;0;2;4;23;C01
201700055201;1;7;0;0;2;1;2;A01
201700055201;1;7;0;0;2;6;23;B01
201700055202;1;30;0;12;0;2;14;A01
201700055203;2;31;0;0;2;7;1;A01
201700055203;2;13;0;0;2;8;13;Z01
201700055204;2;32;0;0;2;1;1;B01
201700055204;2;7;0;0;2;5;4;A01
201700055205;1;7;0;0;2;3;1;C01
201700055205;2;7;0;0;2;3;14;A01
201700055205;2;33;0;0;2;2;17;B01
201700055206;1;7;0;0;2;3;1;B01
201700055206;1;7;0;0;2;5;1;A01
201700055207;2;33;0;15;2;7;1;B01
201700055207;2;7;0;0;2;0;9;A01
201700055208;2;7;0;0;1;2;1;A01
201700055209;2;34;0;0;2;2;10;B01
201700055209;2;34;0;0;2;2;1;A01
201700055210;2;7;0;0;1;2;1;A01
201700055211;0;30;0;0;2;3;18;A01
201700055211;0;7;0;0;2;5;16;B01
201700055212;1;33;0;0;1;1;17;A01
201700055213;1;2;0;1;0;1;13;A01
201700055214;1;7;0;0;2;8;1;A01
201700055214;1;7;0;0;2;8;1;B01
201700055215;2;2;0;0;2;1;16;Z01
201700055215;2;1;0;0;2;1;19;A01
201700055216;2;7;0;0;1;0;4;A01
201700055217;2;7;0;0;2;3;23;A01
201700055217;2;7;0;0;2;5;2;B01
201700055218;1;7;0;0;2;0;1;B01
201700055218;1;14;0;0;2;6;14;A01
201700055219;2;37;0;0;0;0;21;A01
201700055220;1;7;0;0;2;2;10;A01
201700055220;1;31;0;0;2;6;1;B01
201700055221;2;31;0;0;0;8;1;A01
201700055222;2;34;0;0;2;7;17;B01
201700055222;2;7;0;0;2;3;15;A01
201700055223;2;30;0;0;1;0;1;Z01
201700055224;1;7;0;0;2;2;10;A01
201700055224;2;31;0;0;2;3;1;B01
201700055225;1;33;0;12;0;1;14;A01
201700055226;2;2;0;0;2;0;1;A01
201700055226;1;7;0;0;2;7;15;B01
201700055227;2;2;0;14;2;3;2;A01
201700055227;2;7;0;0;2;5;23;B01
201700055228;1;1;0;0;2;2;17;B01
201700055228;1;7;0;0;2;8;13;A01
201700055229;2;7;0;8;2;3;1;A01
201700055229;2;7;0;0;2;1;1;B01
201700055230;1;7;0;0;2;5;2;B01
201700055230;1;32;0;0;2;1;2;A01
201700055231;1;34;0;0;0;8;1;A01
201700055232;1;10;0;0;2;2;15;A01
201700055232;2;30;0;0;2;1;1;B01
201700055233;2;7;0;0;1;3;1;A01
201700055234;1;7;0;0;2;6;10;A01
201700055234;1;2;0;0;2;0;1;B01
201700055235;2;30;0;0;2;7;1;B01
201700055235;2;7;0;0;2;7;9;A01
201700055236;1;7;0;0;2;6;23;C01
201700055236;1;30;0;0;2;9;3;A01
201700055236;2;7;0;0;2;5;23;B01
201700055237;1;7;0;0;1;2;1;A01
201700055238;2;7;0;0;1;3;1;A01
201700055239;2;7;0;0;2;3;22;A01
201700055239;2;1;0;0;2;1;1;B01
201700055240;2;32;0;0;0;8;21;A01