num_acc;senc;catv;occutc;obs;obsm;choc;manv;num_veh
201700055241;2;1;0;0;1;3;1;A01
201700055242;1;31;0;0;2;7;1;B01
201700055242;2;37;0;0;2;3;15;A01
201700055243;2;10;0;0;2;0;1;A01
201700055243;1;32;0;0;2;8;1;B01
201700055244;2;7;0;0;1;2;1;A01
201700055245;2;30;0;0;2;5;15;B01
201700055245;2;7;0;0;2;2;23;A01
201700055246;0;32;0;0;1;1;1;A01
201700055247;1;7;0;0;2;4;1;C01
201700055247;1;7;0;0;2;1;1;A01
201700055247;1;7;0;0;2;1;1;B01
201700055248;1;33;0;0;2;8;17;B01
201700055248;1;32;0;0;2;8;15;A01
201700055249;0;7;0;14;2;3;1;B01
201700055249;2;2;0;0;2;1;1;A01
201700055250;2;7;0;0;2;3;22;A01
201700055250;2;37;0;0;2;5;1;B01
201700055251;2;30;0;0;0;0;1;A01
201700055252;1;2;0;0;2;1;15;B01
201700055252;1;7;0;0;2;2;5;A01
201700055253;1;2;0;0;0;7;1;A01
201700055254;1;7;0;0;2;4;23;B01
201700055254;2;34;0;0;2;1;2;A01
201700055255;2;32;0;0;2;1;1;A01
201700055255;2;7;0;0;2;8;10;B01
201700055256;2;7;0;0;2;2;15;A01
201700055256;1;31;0;0;2;1;7;B01
201700055257;2;10;0;0;2;1;2;A01
201700055257;2;7;0;0;2;4;2;B01
201700055258;1;7;0;12;0;2;14;A01
201700055259;1;2;0;0;2;2;2;A01
201700055259;1;10;0;0;0;4;23;B01
201700055260;1;7;0;0;2;1;2;A01
201700055260;1;33;0;0;2;4;23;B01
201700055261;2;7;0;0;2;1;1;A01
201700055261;2;7;0;0;2;4;1;B01
201700055262;1;30;0;0;2;2;17;B01
201700055262;1;7;0;0;2;6;13;A01
201700055263;2;1;0;0;1;1;7;A01
201700055264;1;32;0;0;2;6;1;A01
201700055265;2;33;0;0;2;8;18;A01
201700055265;2;15;0;0;2;0;16;B01
201700055266;0;7;0;0;0;4;4;Z01
201700055267;1;33;0;0;2;1;1;B01
201700055267;1;7;0;0;2;3;15;A01
201700055268;1;7;0;0;2;5;14;Z01
201700055268;1;31;0;0;2;1;1;A01
201700055269;1;7;0;0;2;1;1;A01
201700055269;0;33;0;0;2;8;1;B01
201700055270;2;7;0;0;1;3;1;Z01
201700055271;2;34;0;0;2;1;1;A01
201700055271;2;30;0;0;2;1;10;Z01
201700055272;1;31;0;0;2;0;23;B01
201700055272;1;7;0;0;2;1;16;A01
201700055273;1;7;0;0;2;1;17;Z01
201700055273;2;7;0;0;2;6;15;A01
201700055274;2;7;0;0;2;7;1;B01
201700055274;2;7;0;0;2;1;1;A01
201700055275;1;1;0;0;1;1;1;A01
201700055276;1;1;0;0;2;8;1;A01
201700055276;0;7;0;0;2;1;9;B01
201700055277;0;30;0;0;1;0;1;Z01
201700055278;2;7;0;0;2;3;9;A01
201700055278;2;33;0;0;2;2;1;B01
201700055279;1;30;0;0;1;2;17;A01
201700055280;0;2;0;0;2;1;1;A01
201700055280;0;1;0;0;2;4;19;B01
201700055281;1;34;0;0;2;1;17;A01
201700055281;1;30;0;0;2;6;15;B01
201700055282;2;10;0;0;2;0;15;Z01
201700055282;1;7;0;0;2;5;1;A01
201700055283;2;7;0;0;2;3;1;B01
201700055283;2;1;0;0;2;2;19;A01
201700055284;2;7;0;0;2;3;1;B01
201700055284;2;7;0;0;2;2;9;A01
201700055285;1;32;0;0;2;1;1;A01
201700055285;2;7;0;0;2;2;15;B01
201700055286;1;7;0;0;2;2;15;A01
201700055286;2;33;0;0;2;8;1;B01
201700055287;2;7;0;7;0;3;15;A01
201700055288;2;33;0;0;2;1;1;B01
201700055288;1;7;0;0;2;2;15;A01
201700055289;1;7;0;1;2;6;1;A01
201700055289;1;7;0;0;2;1;1;B01
201700055290;1;32;0;0;2;7;17;A01
201700055290;1;7;0;0;2;8;15;B01
201700055291;0;7;0;14;0;1;15;A01
201700055292;1;7;0;0;1;2;7;A01
201700055293;1;1;0;0;2;4;1;A01
201700055293;1;2;0;0;2;1;1;Z01
201700055294;0;30;0;0;1;0;1;Z01
201700055295;1;7;0;1;2;1;1;A01
201700055295;1;32;0;0;2;4;23;B01
201700055296;2;7;0;1;2;6;24;B01
201700055296;2;7;0;1;2;2;1;A01
201700055297;1;2;0;0;1;1;1;A01
201700055298;1;10;0;0;2;2;1;A01
201700055298;1;34;0;0;2;8;16;B01
201700055299;2;7;0;0;2;3;22;A01
201700055299;2;1;0;0;2;1;1;B01
201700055300;1;7;0;0;2;8;15;B01
201700055300;1;33;0;0;2;2;17;A01
201700055301;1;1;0;0;2;8;15;A01
201700055301;1;7;0;0;2;0;15;Z01
201700055302;1;7;0;0;1;3;15;A01
201700055303;1;31;0;0;2;8;1;B01
201700055303;2;10;0;0;2;1;15;A01
201700055304;2;10;0;0;2;1;2;A01
201700055304;2;7;0;0;2;4;23;C01
201700055304;2;7;0;0;2;1;23;B01
201700055305;1;30;0;0;2;6;18;A01
201700055305;1;7;0;0;2;2;16;Z01
201700055306;2;33;0;0;2;8;1;B01
201700055306;1;7;0;0;2;3;15;A01
201700055307;1;7;0;0;1;3;1;A01
201700055308;1;2;0;0;0;8;1;A01
201700055309;1;30;0;1;2;2;18;A01
201700055309;1;10;0;0;2;3;22;B01
201700055309;1;7;0;0;2;2;23;C01
201700055310;2;7;0;0;2;1;1;B01
201700055310;1;7;0;0;2;5;15;A01
201700055311;1;7;0;0;2;0;14;Z01
201700055311;1;1;0;0;2;7;1;A01
201700055312;0;40;0;0;2;3;1;B01
201700055312;0;38;0;0;2;2;16;A01
201700055313;2;34;0;0;2;5;1;B01
201700055313;2;7;0;0;2;6;13;A01
201700055314;2;14;0;0;2;7;1;A01
201700055314;2;1;0;0;2;8;1;B01
201700055315;1;30;0;0;2;1;1;A01
201700055315;1;7;0;0;2;5;1;B01
201700055316;1;7;0;0;2;7;1;B01
201700055316;1;32;0;0;2;8;16;A01
201700055317;1;7;0;0;2;3;15;A01
201700055317;2;33;0;0;2;8;1;B01
201700055318;1;10;0;11;0;3;13;A01
201700055319;2;7;0;0;1;2;15;A01
201700055320;2;2;0;0;2;2;1;B01
201700055320;2;7;0;0;2;1;9;A01
201700055321;2;1;0;0;1;1;1;A01
201700055322;2;37;0;0;2;0;21;A01
201700055323;2;7;0;0;1;2;1;A01
201700055324;1;2;0;0;2;1;1;B01
201700055324;2;7;0;0;2;0;15;A01
201700055325;1;7;0;0;1;4;4;A01
201700055326;2;1;0;0;2;1;1;B01
201700055326;2;7;0;0;2;3;1;A01
201700055327;1;7;0;0;2;4;23;C01
201700055327;2;7;0;0;2;1;1;A01
201700055327;1;7;0;0;2;4;23;B01
201700055328;1;1;0;0;2;8;13;B01
201700055328;1;2;0;0;2;7;1;A01
201700055329;1;10;0;0;2;2;16;B01
201700055329;1;33;0;8;2;1;18;A01
201700055330;2;31;0;0;0;0;1;A01
201700055331;2;7;0;0;1;3;1;A01
201700055332;2;7;0;0;1;3;1;Z01
201700055333;2;7;0;0;2;4;23;B01
201700055333;1;30;0;0;2;1;17;A01
201700055334;1;7;0;0;2;1;15;A01
201700055334;2;7;0;0;2;3;1;B01
201700055335;1;7;0;0;2;1;1;B01
201700055335;1;7;0;0;2;2;1;A01
201700055336;1;30;0;0;2;7;17;B01
201700055336;1;7;0;0;2;8;15;A01
201700055337;1;7;0;0;1;2;1;A01
201700055338;1;33;0;0;2;2;17;B01
201700055338;1;10;0;0;2;6;15;A01
201700055339;2;32;0;0;2;7;1;A01
201700055339;2;32;0;0;2;1;1;Z01
201700055340;1;33;0;0;2;2;1;A01
201700055340;2;7;0;0;2;2;10;B01
201700055341;1;7;0;0;2;2;9;A01
201700055341;1;33;0;0;2;1;1;B01
201700055342;2;34;0;0;2;3;7;A01
201700055342;1;7;0;0;2;2;15;B01
201700055343;1;10;0;0;2;3;15;A01
201700055343;1;32;0;0;2;1;17;B01
201700055344;2;30;0;0;0;0;1;A01
201700055345;1;32;0;0;1;1;1;A01
201700055346;2;2;0;0;2;1;1;B01
201700055346;1;7;0;0;2;2;15;A01
201700055347;1;30;0;14;0;1;1;A01
201700055348;2;7;0;0;1;1;16;A01
201700055349;2;7;0;0;2;0;14;Z01
201700055349;1;31;0;0;2;0;1;A01
201700055350;2;32;0;0;2;7;21;A01
201700055350;2;13;0;0;2;5;10;B01
201700055351;2;7;0;0;1;3;1;A01
201700055352;2;10;0;0;2;3;22;A01
201700055352;2;30;0;0;2;1;1;B01
201700055353;1;7;0;11;0;1;1;A01
201700055354;2;2;0;0;1;1;1;A01
201700055355;2;33;0;0;2;0;1;B01
201700055355;1;7;0;0;2;0;15;A01
201700055356;1;7;0;0;2;0;15;Z01
201700055356;2;31;0;0;2;3;1;A01
201700055357;1;7;0;0;1;0;23;A01
201700055358;2;34;0;0;2;2;1;A01
201700055358;2;7;0;0;2;5;23;B01
201700055359;2;7;0;0;2;1;1;B01
201700055359;2;33;0;0;2;7;1;A01
201700055360;2;7;0;0;2;1;1;A01
201700055360;2;7;0;0;2;4;1;B01
201700055361;2;30;0;0;2;1;1;B01
201700055361;1;7;0;0;2;5;15;A01
201700055362;1;7;0;14;1;3;1;A01
201700055363;0;7;0;0;2;1;1;B01
201700055363;0;7;0;0;2;1;5;A01
201700055364;2;7;0;0;2;1;16;A01
201700055364;1;7;0;0;2;3;7;B01
201700055365;2;7;0;0;2;1;1;A01
201700055365;1;7;0;0;2;7;15;B01
201700055366;1;7;0;0;1;8;15;A01
201700055367;1;7;0;0;2;1;2;A01
201700055367;1;7;0;0;2;4;23;B01
201700055368;2;2;0;0;2;1;1;B01
201700055368;1;7;0;0;2;2;15;A01
201700055369;2;33;0;0;2;8;23;B01
201700055369;2;7;0;0;2;8;1;A01
201700055370;2;7;0;1;0;2;14;A01
201700055371;0;7;0;0;2;8;15;A01
201700055371;0;31;0;0;2;0;1;B01
201700055372;1;7;0;0;2;2;16;A01
201700055372;1;30;0;0;2;8;18;B01
201700055373;0;1;0;0;1;1;1;Z01
201700055374;1;33;0;0;2;4;23;B01
201700055374;1;7;0;0;2;1;2;A01
201700055375;1;7;0;0;1;1;1;A01
201700055376;1;30;0;0;1;1;1;A01
201700055377;1;32;0;0;0;0;10;A01
201700055378;2;7;0;0;2;4;11;A01
201700055378;2;7;0;0;2;1;1;B01
201700055379;2;10;0;0;1;4;4;A01
201700055380;1;32;0;0;0;0;1;A01
201700055381;1;31;0;0;2;4;1;B01
201700055381;1;7;0;0;2;1;1;A01
201700055382;2;10;0;0;2;1;15;A01
201700055382;2;7;0;0;2;8;1;B01
201700055383;1;7;0;0;2;1;2;A01
201700055383;1;7;0;0;2;4;2;B01
201700055384;1;34;0;0;0;0;17;A01
201700055385;1;7;0;0;2;2;16;A01
201700055385;1;33;0;0;2;3;1;B01
201700055386;1;7;0;0;1;2;1;A01
201700055387;1;31;0;0;1;1;1;A01
201700055388;1;7;0;0;2;6;15;A01
201700055388;1;31;0;0;2;1;2;B01
201700055389;1;7;0;0;2;2;16;B01
201700055389;2;1;0;0;2;1;5;A01
201700055390;1;7;0;0;2;0;12;A01
201700055390;1;2;0;0;2;3;1;B01
201700055391;1;7;0;7;0;1;13;A01
201700055392;1;7;0;0;2;3;15;B01
201700055392;1;30;0;0;2;1;17;A01
201700055393;1;7;0;0;2;3;15;A01
201700055393;2;30;0;0;2;1;1;B01
201700055394;2;7;0;0;2;1;1;A01
201700055394;1;7;0;0;2;0;1;B01
201700055395;2;7;0;0;2;4;23;B01
201700055395;2;7;0;0;1;1;2;A01
201700055396;2;2;0;0;2;1;17;A01
201700055396;1;10;0;0;2;3;1;B01
201700055397;2;7;0;1;1;2;15;A01
201700055398;1;30;0;0;1;1;1;A01
201700055399;1;7;0;0;2;0;15;A01
201700055399;2;1;0;0;2;1;1;B01
201700055400;2;33;0;0;1;1;1;A01
201700055401;1;33;0;0;2;2;1;A01
201700055401;1;7;0;0;2;3;16;Z01
201700055402;1;7;0;0;2;7;1;A01
201700055402;1;32;0;1;2;0;1;B01
201700055403;1;10;0;0;2;0;16;Z01
201700055403;1;1;0;0;2;7;1;A01
201700055404;1;7;0;0;1;2;15;A01
201700055405;2;7;0;0;2;4;2;Z01
201700055405;2;7;0;0;2;4;2;A01
201700055406;1;31;0;0;2;1;17;B01
201700055406;1;7;0;0;2;3;10;A01
201700055407;1;2;0;0;1;8;1;A01
201700055408;2;7;0;7;0;3;15;A01
201700055409;0;7;0;0;2;7;12;A01
201700055409;0;33;0;0;2;8;3;B01
201700055410;2;10;0;4;0;1;16;A01
201700055411;1;33;0;0;2;1;1;B01
201700055411;1;7;0;0;2;3;15;A01
201700055412;1;7;0;0;2;2;2;A01
201700055412;1;33;0;0;2;6;15;B01
201700055413;2;32;0;0;2;2;1;B01
201700055413;1;1;0;0;2;0;15;A01
201700055414;1;7;0;0;2;3;15;A01
201700055414;1;31;0;0;2;7;17;B01
201700055415;2;7;0;0;1;2;16;A01
201700055416;1;32;0;0;2;2;17;A01
201700055416;1;7;0;0;2;8;13;B01
201700055417;0;7;0;0;2;5;1;B01
201700055417;0;7;0;0;2;3;7;C01
201700055417;1;7;0;0;2;3;1;A01
201700055418;1;7;0;0;2;2;16;A01
201700055418;1;7;0;8;2;3;7;B01
201700055419;2;10;0;0;1;1;1;A01
201700055420;0;1;0;0;1;0;1;Z01
201700055421;0;37;0;0;1;2;7;A01
201700055422;2;7;0;0;2;2;1;B01
201700055422;2;7;0;0;2;6;1;C01
201700055422;2;2;0;0;2;6;3;A01
201700055423;1;7;0;0;2;2;1;A01
201700055423;1;1;0;0;2;6;1;B01
201700055424;2;33;0;0;1;2;1;A01
201700055425;0;33;0;0;2;8;1;A01
201700055425;0;7;0;0;2;1;15;Z01
201700055426;2;7;0;0;1;2;15;A01
201700055427;0;1;0;0;2;1;1;B01
201700055427;0;7;0;0;2;0;22;A01
201700055428;1;7;0;14;2;2;2;A01
201700055428;1;7;0;0;2;4;23;B01
201700055429;2;7;0;0;2;0;22;A01
201700055429;2;1;0;0;2;0;1;B01
201700055430;1;2;0;0;1;8;16;A01
201700055431;1;30;0;0;2;2;2;A01
201700055431;1;7;0;0;2;6;2;B01
201700055432;1;7;0;0;2;1;15;A01
201700055432;2;7;0;0;2;8;1;B01
201700055433;2;7;0;0;1;1;1;A01
201700055434;1;7;0;0;1;1;1;A01
201700055435;1;1;0;0;2;7;1;B01
201700055435;1;7;0;0;2;3;1;A01
201700055436;2;7;0;0;1;2;16;A01
201700055437;1;10;0;0;2;0;16;A01
201700055437;2;1;0;0;2;0;1;B01
201700055438;1;7;0;0;2;8;15;A01
201700055438;1;30;0;0;2;7;1;B01
201700055439;0;33;0;0;2;1;1;A01
201700055439;0;33;0;0;2;8;1;B01
201700055440;1;30;0;0;2;0;16;B01
201700055440;1;7;0;0;2;0;1;A01
201700055441;2;31;0;0;2;1;2;A01
201700055441;2;10;0;0;2;4;23;B01
201700055442;1;32;0;14;0;0;13;A01
201700055443;2;7;0;0;1;3;1;A01
201700055444;0;2;0;0;2;1;2;A01
201700055444;1;7;0;0;2;4;2;B01
201700055445;1;7;0;0;1;0;1;A01
201700055446;1;7;0;0;2;0;10;A01
201700055446;2;33;0;0;2;1;1;B01
201700055447;0;10;0;0;2;5;4;A01
201700055447;0;31;0;0;2;1;1;B01
201700055448;2;7;0;0;2;3;1;B01
201700055448;1;7;0;0;2;2;15;A01
201700055449;1;32;0;0;2;1;17;A01
201700055449;1;10;0;0;2;8;15;B01
201700055450;1;7;0;0;2;1;1;A01
201700055450;1;7;0;0;2;9;1;B01
201700055450;1;7;0;0;2;4;1;C01
201700055451;1;7;0;0;1;3;15;A01
201700055452;1;7;0;0;2;2;16;A01
201700055452;1;37;0;0;2;3;7;B01
201700055453;2;7;0;0;2;3;23;A01
201700055453;2;7;0;0;2;0;1;B01
201700055454;2;7;0;0;2;2;1;A01
201700055454;2;7;0;0;2;4;23;B01
201700055455;1;10;0;0;1;0;1;A01
201700055456;2;7;0;0;2;3;15;A01
201700055456;1;2;0;0;2;6;1;B01
201700055457;2;7;0;0;2;3;15;A01
201700055457;2;30;0;0;2;2;1;B01
201700055458;1;7;0;0;2;2;16;B01
201700055458;1;34;0;0;2;6;18;A01
201700055459;1;7;0;0;2;6;15;B01
201700055459;1;1;0;0;2;1;15;A01
201700055460;1;2;0;0;0;3;1;A01
201700055461;0;7;0;0;2;4;2;B01
201700055461;0;10;0;0;2;1;2;A01
201700055462;0;7;0;0;1;1;1;A01
201700055463;1;10;0;1;2;2;13;A01
201700055463;2;7;0;0;2;4;24;B01
201700055464;2;32;0;0;2;3;1;C01
201700055464;1;7;0;0;2;9;23;B01
201700055464;2;7;0;0;2;1;2;A01
201700055465;1;34;0;0;1;1;1;A01
201700055466;2;7;0;0;1;1;1;A01
201700055467;2;7;0;0;2;2;15;A01
201700055467;1;7;0;0;2;3;1;B01
201700055468;1;7;0;0;2;1;1;A01
201700055468;2;30;0;0;2;5;1;B01
201700055469;0;7;0;0;2;1;1;A01
201700055469;0;7;0;0;2;0;1;B01
201700055470;1;7;0;0;2;3;15;A01
201700055470;2;1;0;0;2;8;1;B01
201700055471;0;30;0;0;0;0;5;A01
201700055472;0;32;0;0;1;0;18;A01
201700055473;2;7;0;0;2;3;2;C01
201700055473;1;7;0;0;2;1;2;B01
201700055473;1;1;0;0;2;4;23;A01
201700055474;0;32;0;0;1;8;1;A01
201700055475;0;7;0;0;1;1;1;A01
201700055476;1;7;0;0;1;7;7;A01
201700055477;2;32;0;0;1;0;5;Z01
201700055478;0;7;0;0;2;1;2;A01
201700055478;0;7;0;0;2;4;23;C01
201700055478;0;7;0;0;2;4;23;B01
201700055479;1;30;0;0;2;0;1;Z01
201700055479;1;32;0;0;2;3;1;A01
201700055480;1;7;0;0;2;5;17;A01
201700055480;1;1;0;0;2;3;1;B01
201700055481;2;33;0;0;2;7;17;A01
201700055481;2;7;0;0;2;8;15;B01
201700055482;2;7;0;0;2;6;1;B01
201700055482;2;7;0;15;2;1;11;A01
201700055483;1;1;0;0;2;0;1;B01
201700055483;1;10;0;0;2;2;16;A01
201700055484;0;7;0;0;2;4;9;B01
201700055484;0;7;0;0;2;2;1;A01
201700055485;2;7;0;0;2;7;1;B01
201700055485;2;7;0;0;2;1;13;A01
201700055485;0;7;0;0;2;0;1;D01
201700055485;2;7;0;0;2;9;1;C01
201700055486;2;7;0;0;2;8;9;A01
201700055486;1;1;0;0;2;0;1;B01
201700055487;1;7;0;0;2;1;15;A01
201700055487;2;33;0;0;2;8;1;B01
201700055488;1;30;0;0;2;3;2;B01
201700055488;1;2;0;0;2;1;2;A01
201700055489;1;30;0;0;1;1;1;A01
201700055490;2;33;0;0;1;0;1;A01
201700055491;2;10;0;0;1;5;1;A01
201700055492;1;2;0;0;2;2;17;A01
201700055492;1;7;0;0;2;3;15;B01
201700055493;2;7;0;0;1;1;1;A01
201700055494;1;7;0;0;2;1;1;A01
201700055494;1;7;0;0;2;4;23;D01
201700055494;1;7;0;0;2;4;23;B01
201700055494;1;7;0;0;2;4;23;C01
201700055495;1;7;0;0;1;1;1;A01
201700055496;1;7;0;0;2;8;15;A01
201700055496;1;32;0;0;2;7;17;B01
201700055497;0;7;0;0;2;2;14;A01
201700055497;0;30;0;0;2;8;1;B01
201700055498;1;10;0;0;2;3;16;A01
201700055498;2;33;0;0;2;8;23;B01
201700055499;2;7;0;0;1;1;1;A01
201700055500;1;7;0;0;1;1;1;A01
201700055501;1;33;0;0;2;1;1;A01
201700055501;1;7;0;0;2;2;15;B01
201700055502;1;7;0;0;2;0;15;B01
201700055502;1;2;0;0;2;0;17;A01
201700055503;1;34;0;0;2;1;17;B01
201700055503;1;7;0;0;2;3;10;A01
201700055504;2;7;0;0;2;3;9;A01
201700055504;0;32;0;0;2;1;1;B01
201700055505;2;30;0;0;2;3;1;B01
201700055505;1;30;0;0;2;2;15;A01
201700055506;0;7;0;0;2;3;15;A01
201700055506;0;33;0;0;2;2;17;B01
201700055507;0;7;0;0;2;3;10;A01
201700055507;0;1;0;0;2;1;1;B01
201700055508;1;33;0;0;1;1;1;A01
201700055509;2;7;0;0;2;1;1;A01
201700055509;2;7;0;0;2;4;1;C01
201700055509;2;10;0;0;2;4;23;D01
201700055509;2;7;0;0;2;4;1;B01
201700055510;1;33;0;0;2;5;23;B01
201700055510;1;34;0;0;2;3;1;A01
201700055511;1;7;0;0;1;1;7;A01
201700055512;0;10;0;0;1;1;15;A01
201700055513;1;7;0;0;1;3;1;A01
201700055514;1;33;0;0;2;2;17;B01
201700055514;1;7;0;0;2;3;10;A01
201700055515;2;31;0;0;2;5;2;A01
201700055515;0;7;0;0;2;3;2;Z01
201700055516;2;7;0;0;2;1;5;A01
201700055516;1;1;0;0;2;1;1;B01
201700055517;1;1;0;0;1;8;1;A01
201700055518;1;7;0;4;0;1;1;A01
201700055519;1;30;0;0;;3;1;A01
201700055520;0;7;0;0;2;6;11;A01
201700055520;0;33;0;4;2;2;1;B01
201700055521;1;33;0;0;2;3;3;A01
201700055521;1;7;0;0;2;7;1;B01
201700055522;1;7;0;0;2;0;2;Z01
201700055522;1;7;0;0;2;6;23;A01
201700055523;1;7;0;1;0;7;14;A01
201700055524;1;33;0;0;2;1;1;B01
201700055524;1;7;0;0;2;2;16;A01
201700055525;0;1;0;0;2;8;1;A01
201700055525;0;14;0;0;2;2;16;B01
201700055526;0;10;0;0;2;3;2;A01
201700055526;2;31;0;0;2;6;2;B01
201700055527;2;7;0;0;2;5;22;A01
201700055527;2;33;0;0;2;3;18;B01
201700055528;1;10;0;0;2;3;15;A01
201700055528;2;30;0;0;2;3;1;B01
201700055529;1;7;0;4;0;1;13;A01
201700055530;1;7;0;0;2;1;2;A01
201700055530;1;7;0;0;2;6;23;B01
201700055531;2;33;0;0;2;1;15;B01
201700055531;1;10;0;0;2;3;18;A01
201700055532;1;37;0;0;1;2;7;A01
201700055533;1;7;0;0;2;3;15;A01
201700055533;1;2;0;0;2;1;17;B01
201700055534;2;33;0;0;2;8;1;A01
201700055534;2;33;0;0;2;7;1;B01
201700055535;2;30;0;0;2;2;1;A01
201700055535;1;10;0;0;2;3;1;B01
201700055536;2;2;0;1;0;2;14;A01
201700055537;2;10;0;0;1;2;15;A01
201700055538;0;15;0;0;2;0;16;Z01
201700055538;2;10;0;0;2;2;23;A01
201700055539;1;2;0;12;0;0;13;A01
201700055540;1;2;0;11;0;1;1;A01
201700055541;2;7;0;0;2;3;15;A01
201700055541;1;34;0;0;2;1;1;B01
201700055542;1;32;0;0;1;1;1;A01
201700055543;0;7;0;8;0;1;21;A01
201700055544;2;30;0;0;1;1;1;A01
201700055545;1;7;0;7;0;9;14;A01
201700055546;2;7;0;0;2;6;13;A01
201700055546;1;32;0;0;2;2;1;B01
201700055547;2;7;0;0;2;1;2;A01
201700055547;2;7;0;0;2;4;2;D01
201700055547;2;7;0;0;2;4;2;C01
201700055547;2;7;0;0;2;4;2;B01
201700055548;2;33;0;0;0;3;21;A01
201700055549;2;7;0;0;1;1;1;A01
201700055550;2;7;0;0;2;0;17;A01
201700055550;2;1;0;0;2;0;13;B01
201700055551;2;7;0;7;0;3;13;A01
201700055552;1;1;0;0;1;1;1;A01
201700055553;1;7;0;0;2;5;15;A01
201700055553;2;33;0;0;2;2;1;B01
201700055554;2;32;0;0;1;8;17;A01
201700055555;2;31;0;0;2;2;1;B01
201700055555;2;7;0;0;2;3;9;A01
201700055556;1;31;0;14;0;1;13;A01
201700055557;2;33;0;0;2;8;1;B01
201700055557;2;10;0;0;2;2;1;A01
201700055558;1;33;0;0;2;2;3;A01
201700055558;1;10;0;0;2;6;11;Z01
201700055559;2;7;0;0;2;5;15;A01
201700055559;1;33;0;0;2;1;1;B01
201700055560;1;7;0;0;2;3;15;B01
201700055560;1;2;0;0;2;1;15;A01
201700055560;1;7;0;0;2;1;15;D01
201700055560;1;7;0;0;2;1;1;C01
201700055561;1;40;0;0;2;8;1;B01
201700055561;2;10;0;0;2;3;13;A01
201700055562;2;7;0;0;2;8;22;A01
201700055562;2;33;0;1;2;1;1;B01
201700055563;1;7;0;0;1;3;1;A01
201700055564;2;32;0;0;2;3;1;B01
201700055564;2;7;0;0;2;2;9;A01
201700055565;2;1;0;1;2;1;7;B01
201700055565;0;10;0;1;2;3;22;A01
201700055565;2;7;0;0;2;7;23;C01
201700055566;0;7;0;0;1;2;16;A01
201700055567;1;2;0;0;0;0;1;A01
201700055568;2;10;0;0;2;0;15;A01
201700055568;1;32;0;0;2;7;1;B01
201700055569;0;10;0;0;1;0;16;A01
201700055570;1;33;0;0;1;1;1;A01
201700055571;2;7;0;0;2;0;13;A01
201700055571;1;1;0;0;2;1;1;B01
201700055572;2;30;0;0;2;3;11;A01
201700055572;2;10;0;0;2;5;17;B01
201700055573;0;7;0;0;2;4;2;B01
201700055573;0;7;0;0;2;1;2;A01
201700055574;1;7;0;0;2;6;22;A01
201700055574;1;2;0;0;2;1;17;B01
201700055575;0;2;0;0;0;0;1;A01
201700055576;1;10;0;0;1;0;1;A01
201700055577;1;33;0;0;2;8;7;B01
201700055577;1;7;0;0;2;2;16;A01
201700055578;1;2;0;15;0;1;21;A01
201700055579;1;32;0;0;9;7;1;A01
201700055580;1;7;0;0;2;0;15;B01
201700055580;2;34;0;0;2;1;17;A01
201700055581;2;30;0;0;2;7;17;A01
201700055581;2;7;0;0;2;3;15;B01
201700055582;2;32;0;0;2;0;1;B01
201700055582;1;1;0;0;2;0;5;A01
201700055583;2;7;0;0;0;3;21;A01
201700055584;1;37;0;0;1;2;7;A01
201700055585;1;10;0;0;2;4;15;B01
201700055585;1;31;0;0;2;1;2;A01
201700055586;1;7;0;0;2;6;15;A01
201700055586;1;37;0;0;2;2;1;B01
201700055587;0;7;0;0;2;2;1;Z01
201700055587;2;1;0;0;2;3;19;A01
201700055588;2;10;0;1;0;2;14;A01
201700055589;0;7;0;0;2;0;15;B01
201700055589;0;33;0;12;2;0;17;A01
201700055590;2;10;0;0;1;1;1;A01
201700055591;1;7;0;0;2;0;18;Z01
201700055591;0;34;0;0;2;0;1;A01
201700055592;2;32;0;0;0;0;1;A01
201700055593;1;2;0;0;2;1;18;A01
201700055593;2;7;0;0;2;5;15;B01
201700055594;1;7;0;0;2;3;10;A01
201700055594;1;33;0;0;2;5;2;B01
201700055594;2;7;0;0;2;2;23;C01
201700055595;1;2;0;1;2;3;18;A01
201700055595;1;7;0;0;2;2;7;B01
201700055596;2;30;0;0;2;3;1;B01
201700055596;1;7;0;0;2;2;15;A01
201700055597;1;7;0;0;2;4;2;B01
201700055597;1;7;0;0;2;4;2;A01
201700055597;0;7;0;0;0;2;2;Z01
201700055597;1;7;0;0;2;4;2;C01
201700055598;2;7;0;0;2;5;23;C01
201700055598;2;31;0;0;2;2;18;A01
201700055598;2;37;0;0;2;8;7;B01
201700055599;1;33;0;0;2;8;18;B01
201700055599;1;7;0;0;2;2;12;A01
201700055600;1;33;0;0;2;3;1;B01
201700055600;1;1;0;0;2;6;15;A01
201700055601;2;7;0;0;2;8;1;B01
201700055601;1;7;0;0;2;1;15;A01
201700055602;2;33;0;0;2;7;1;A01
201700055602;1;7;0;0;2;2;10;Z01
201700055603;2;7;0;0;2;2;16;A01
201700055603;1;1;0;0;2;3;1;B01
201700055604;1;30;0;0;2;2;1;A01
201700055604;1;7;0;0;2;3;10;Z01
201700055605;2;32;0;12;0;1;1;A01
201700055606;1;2;0;0;1;2;1;A01
201700055607;1;33;0;0;1;1;1;A01