num_acc;senc;catv;occutc;obs;obsm;choc;manv;num_veh
201700055991;0;7;0;0;2;1;1;B01
201700055991;0;1;0;0;2;5;13;A01
201700055992;0;7;0;0;2;3;15;B01
201700055992;1;31;0;0;2;1;1;A01
201700055993;2;33;0;0;2;3;1;B01
201700055993;2;7;0;0;2;1;1;A01
201700055994;1;10;0;0;2;1;15;A01
201700055994;1;33;0;0;2;7;1;B01
201700055995;2;33;0;0;2;8;13;A01
201700055995;2;7;0;0;2;7;1;B01
201700055996;2;33;0;0;2;1;1;A01
201700055996;2;1;0;0;2;8;19;B01
201700055997;2;7;0;0;2;3;1;B01
201700055997;2;10;0;0;2;1;1;A01
201700055998;1;7;0;0;2;7;16;A01
201700055998;1;31;0;0;2;8;1;B01
201700055999;1;7;0;0;2;3;2;A01
201700055999;1;7;0;0;2;5;2;B01
201700056000;2;7;0;0;1;7;1;A01
201700056001;1;7;0;0;2;7;16;Z01
201700056001;1;34;0;0;2;0;1;A01
201700056002;2;7;0;0;2;1;2;A01
201700056002;2;7;0;0;2;4;23;B01
201700056003;1;33;0;0;1;1;1;A01
201700056004;1;30;0;0;2;8;1;A01
201700056004;0;7;0;0;2;3;14;Z01
201700056005;2;33;0;0;2;1;1;B01
201700056005;2;7;0;0;2;3;10;A01
201700056006;1;33;0;0;2;1;1;B01
201700056006;1;7;0;0;2;5;16;A01
201700056007;2;33;0;0;1;7;1;A01
201700056008;2;7;0;0;1;3;1;A01
201700056009;2;7;0;14;0;1;13;A01
201700056010;1;2;0;14;0;1;15;A01
201700056011;1;7;0;0;2;3;9;A01
201700056011;1;33;0;0;2;2;1;B01
201700056012;2;7;0;0;2;2;2;A01
201700056012;2;2;0;0;2;4;16;B01
201700056013;1;34;0;0;2;1;1;A01
201700056013;1;10;0;0;2;6;10;Z01
201700056014;1;7;0;0;2;0;16;A01
201700056014;1;1;0;1;2;8;1;B01
201700056015;2;1;0;0;2;8;1;A01
201700056015;2;7;0;0;2;7;16;Z01
201700056016;1;7;0;0;1;7;1;A01
201700056017;0;7;0;0;2;0;1;Z01
201700056017;0;2;0;0;2;8;1;A01
201700056018;1;10;0;0;1;2;1;A01
201700056019;0;3;0;0;1;2;16;A01
201700056020;1;7;0;0;2;1;2;A01
201700056020;1;7;0;0;2;4;2;B01
201700056021;1;7;0;0;2;0;15;C01
201700056021;1;33;0;0;2;0;17;A01
201700056021;1;7;0;0;2;3;15;B01
201700056022;1;7;0;0;1;3;1;A01
201700056023;2;7;0;8;0;3;1;A01
201700056024;1;10;0;0;2;1;1;A01
201700056024;1;7;0;0;2;4;23;C01
201700056024;1;7;0;0;2;4;23;D01
201700056024;1;7;0;0;2;4;23;B01
201700056025;1;30;0;0;2;1;17;A01
201700056025;1;7;0;0;2;5;23;B01
201700056026;2;31;0;0;2;1;1;A01
201700056026;1;2;0;0;2;8;19;B01
201700056027;1;7;0;0;2;8;9;A01
201700056027;1;2;0;0;2;7;1;B01
201700056028;1;1;0;16;1;6;1;A01
201700056029;1;7;0;0;2;2;1;A01
201700056029;1;7;0;0;2;1;23;Z01
201700056029;1;7;0;0;2;0;23;B01
201700056030;1;7;0;0;2;0;1;B01
201700056030;1;7;0;0;2;6;1;A01
201700056031;0;7;0;0;2;3;15;A01
201700056031;0;34;0;0;2;5;17;B01
201700056032;0;14;0;0;1;3;16;A01
201700056033;1;10;0;0;2;6;10;A01
201700056033;0;32;0;0;2;1;1;B01
201700056034;2;7;0;0;1;2;1;A01
201700056035;0;7;0;0;2;3;15;A01
201700056035;0;33;0;0;2;0;15;B01
201700056036;2;7;0;0;2;5;15;B01
201700056036;1;1;0;0;2;1;1;A01
201700056037;2;10;0;1;2;3;5;A01
201700056037;2;7;0;0;2;8;1;B01
201700056038;1;7;0;0;1;1;15;A01
201700056039;2;7;0;0;2;3;16;A01
201700056039;2;1;0;0;2;2;16;B01
201700056040;0;33;0;0;2;7;1;B01
201700056040;2;7;0;0;2;1;9;A01
201700056041;1;32;0;0;2;3;1;B01
201700056041;1;7;0;0;2;2;16;A01
201700056042;1;7;0;0;2;7;16;A01
201700056042;1;34;0;0;2;1;1;B01
201700056043;2;7;0;0;2;4;2;B01
201700056043;2;7;0;0;2;1;2;A01
201700056043;2;7;0;0;2;4;23;C01
201700056043;2;7;0;0;2;4;23;E01
201700056043;2;7;0;0;2;4;23;D01
201700056044;2;7;0;0;1;1;1;Z01
201700056045;2;2;0;0;2;1;2;A01
201700056045;2;7;0;0;2;5;23;B01
201700056046;1;1;0;0;1;7;1;A01
201700056047;2;7;0;0;2;4;2;B01
201700056047;1;2;0;0;2;1;2;A01
201700056048;1;7;0;0;2;1;1;A01
201700056048;1;7;0;0;2;8;1;B01
201700056049;1;33;0;0;2;1;2;A01
201700056049;1;7;0;0;2;5;2;B01
201700056050;2;31;0;0;2;1;1;B01
201700056050;1;10;0;0;2;2;15;A01
201700056051;1;30;0;0;0;8;1;A01
201700056052;2;7;0;1;2;7;1;A01
201700056052;2;7;0;1;2;1;16;B01
201700056053;1;31;0;0;2;7;23;B01
201700056053;1;7;0;0;2;0;2;A01
201700056054;1;7;0;0;1;1;16;A01
201700056055;1;7;0;2;0;8;14;A01
201700056056;0;7;0;0;1;1;1;A01
201700056057;2;7;0;0;2;6;13;A01
201700056057;2;30;0;0;2;1;1;B01
201700056058;1;2;0;0;2;1;10;A01
201700056058;2;10;0;0;2;1;1;B01
201700056059;2;7;0;0;2;5;1;B01
201700056059;2;32;0;0;2;1;15;A01
201700056060;2;33;0;0;1;1;1;A01
201700056061;1;7;0;0;2;2;15;B01
201700056061;1;30;0;0;2;3;1;A01
201700056062;1;7;0;0;2;1;1;B01
201700056062;1;30;0;0;2;4;23;A01
201700056063;1;7;0;0;1;1;1;A01
201700056064;2;32;0;0;0;;21;A01
201700056065;2;7;0;0;2;1;2;A01
201700056065;2;7;0;0;2;4;23;C01
201700056065;2;7;0;0;2;4;23;B01
201700056066;1;2;0;0;2;1;18;B01
201700056066;1;7;0;0;2;2;1;A01
201700056067;2;37;0;0;2;3;1;A01
201700056067;2;30;0;0;2;8;1;B01
201700056068;2;7;0;0;1;2;1;A01
201700056069;1;7;0;0;2;3;13;A01
201700056069;1;7;0;0;2;4;1;B01
201700056070;2;34;0;0;2;1;1;B01
201700056070;2;7;0;0;2;5;16;A01
201700056071;2;7;0;0;2;1;1;C01
201700056071;2;7;0;0;2;1;1;A01
201700056071;2;7;0;0;2;4;1;D01
201700056071;2;10;0;0;2;4;1;B01
201700056072;2;1;0;0;2;1;15;A01
201700056072;2;7;0;0;2;7;17;B01
201700056073;2;34;0;0;2;1;1;A01
201700056073;2;7;0;0;2;4;23;B01
201700056074;1;7;0;0;1;1;16;A01
201700056075;1;7;0;0;2;2;17;A01
201700056075;1;7;0;0;2;3;10;B01
201700056076;2;34;0;0;1;2;17;A01
201700056077;1;10;0;0;1;2;15;A01
201700056078;1;7;0;0;2;3;13;A01
201700056078;1;31;0;0;2;0;1;B01
201700056079;1;7;0;0;2;3;10;A01
201700056079;1;33;0;0;2;1;1;B01
201700056080;2;7;0;1;0;3;5;A01
201700056081;2;7;0;0;2;3;10;A01
201700056081;1;2;0;0;2;2;1;B01
201700056082;0;7;0;0;2;3;15;B01
201700056082;1;30;0;0;2;7;17;A01
201700056083;2;2;0;0;2;7;1;A01
201700056083;1;7;0;0;2;3;1;B01
201700056084;1;7;0;0;2;4;23;B01
201700056084;1;7;0;0;2;1;2;A01
201700056084;1;7;0;0;2;4;23;C01
201700056085;1;7;0;0;2;0;1;B01
201700056085;1;33;0;0;2;1;1;A01
201700056086;0;33;0;0;1;1;17;A01
201700056087;2;2;0;0;2;7;15;A01
201700056087;1;34;0;0;2;1;1;B01
201700056088;2;31;0;0;2;5;17;B01
201700056088;2;7;0;0;2;3;15;A01
201700056089;0;32;0;0;2;3;7;A01
201700056089;0;7;0;0;2;2;16;B01
201700056090;2;7;0;0;2;1;15;A01
201700056090;2;31;0;0;2;3;1;B01
201700056091;1;2;0;0;2;4;23;B01
201700056091;1;7;0;0;2;2;2;A01
201700056092;0;32;0;0;0;7;1;A01
201700056093;2;30;0;0;1;7;16;A01
201700056094;1;7;0;0;2;7;15;A01
201700056094;1;30;0;0;2;3;1;B01
201700056095;1;7;0;0;2;2;1;A01
201700056095;2;2;0;0;2;5;9;B01
201700056096;2;33;0;0;2;1;1;B01
201700056096;2;7;0;0;2;2;15;A01
201700056097;2;1;0;0;2;0;1;A01
201700056097;2;7;0;0;2;6;9;B01
201700056098;1;37;0;0;2;6;9;B01
201700056098;1;7;0;0;2;2;1;A01
201700056099;2;7;0;0;2;4;15;A01
201700056099;2;32;0;0;2;1;1;B01
201700056100;2;30;0;0;2;3;1;A01
201700056100;2;7;0;0;2;8;9;B01
201700056101;2;7;0;0;2;7;1;B01
201700056101;2;33;0;0;2;1;1;A01
201700056102;1;2;0;1;0;1;14;A01
201700056103;1;7;0;0;2;6;11;A01
201700056103;1;33;0;0;2;1;3;B01
201700056104;0;7;0;0;1;2;1;A01
201700056105;2;34;0;0;2;1;15;A01
201700056105;1;7;0;0;2;8;1;B01
201700056106;1;7;0;0;2;7;15;B01
201700056106;1;32;0;0;2;7;1;A01
201700056107;2;7;0;0;2;4;1;B01
201700056107;2;7;0;0;2;1;1;A01
201700056108;0;7;0;0;2;4;4;B01
201700056108;0;30;0;0;2;1;15;A01
201700056109;0;7;0;0;2;1;1;B01
201700056109;0;7;0;0;2;5;1;A01
201700056110;0;33;0;0;2;8;1;B01
201700056110;0;7;0;0;2;1;15;A01
201700056111;0;7;0;1;0;2;14;A01
201700056112;1;32;0;0;2;4;1;B01
201700056112;1;7;0;0;2;2;16;A01
201700056113;0;7;0;0;2;6;1;A01
201700056113;0;31;0;0;2;1;1;B01
201700056114;2;33;0;0;2;4;2;A01
201700056114;2;10;0;0;2;1;2;Z01
201700056115;1;31;0;0;2;2;16;B01
201700056115;1;31;0;0;2;1;18;A01
201700056116;1;7;0;0;2;4;23;B01
201700056116;0;1;0;0;2;1;2;A01
201700056117;2;7;0;0;2;3;1;A01
201700056117;2;1;0;0;2;7;17;B01
201700056118;0;7;0;0;2;8;22;A01
201700056118;1;1;0;0;2;1;1;B01
201700056119;0;34;0;0;2;4;1;A01
201700056119;0;33;0;0;2;1;1;B01
201700056120;2;34;0;0;0;1;1;A01
201700056121;1;7;0;0;1;5;4;A01
201700056122;1;7;0;0;2;3;15;A01
201700056122;2;31;0;0;2;3;1;B01
201700056123;1;1;0;0;2;7;1;B01
201700056123;1;10;0;0;2;3;1;A01
201700056124;2;31;0;0;2;1;17;A01
201700056124;2;1;0;0;2;8;19;B01
201700056125;0;7;0;0;2;3;2;A01
201700056125;0;7;0;0;2;5;2;B01
201700056126;2;31;0;0;1;1;1;Z01
201700056127;1;7;0;0;1;1;1;A01
201700056128;2;7;0;0;2;6;7;B01
201700056128;2;10;0;0;2;2;16;A01
201700056129;2;31;0;0;0;7;1;A01
201700056130;1;7;0;0;2;8;22;A01
201700056130;1;1;0;1;2;7;1;B01
201700056131;1;7;0;0;2;1;5;A01
201700056131;2;7;0;0;2;1;1;B01
201700056132;2;7;0;0;1;8;1;Z01
201700056133;0;31;0;0;2;0;1;B01
201700056133;0;7;0;0;2;7;16;A01
201700056134;1;7;0;0;1;2;1;A01
201700056135;1;7;0;0;2;2;16;A01
201700056135;1;2;0;0;2;8;9;B01
201700056136;1;7;0;0;2;2;15;A01
201700056136;2;33;0;0;2;1;1;B01
201700056137;0;1;0;0;2;2;9;A01
201700056137;0;7;0;0;2;3;1;B01
201700056138;2;32;0;0;2;1;1;A01
201700056138;2;7;0;0;2;4;1;B01
201700056139;1;33;0;0;2;1;1;B01
201700056139;0;7;0;0;2;0;10;A01
201700056140;2;30;0;0;2;8;1;A01
201700056140;0;30;0;0;2;4;1;Z01
201700056141;2;7;0;0;2;8;9;B01
201700056141;2;30;0;0;2;2;1;A01
201700056142;2;7;0;0;2;3;15;A01
201700056142;2;1;0;0;2;7;1;B01
201700056143;2;13;0;0;2;3;1;A01
201700056143;2;15;0;0;2;7;23;B01
201700056144;2;10;0;0;2;3;22;A01
201700056144;2;1;0;0;2;1;1;B01
201700056145;2;10;0;0;1;1;16;A01
201700056146;2;1;0;0;2;8;1;A01
201700056146;1;7;0;0;2;0;10;Z01
201700056147;1;7;0;0;2;3;9;A01
201700056147;1;31;0;0;2;2;1;B01
201700056148;2;34;0;8;2;1;14;A01
201700056149;0;7;0;0;1;2;15;A01
201700056150;2;33;0;0;2;1;1;A01
201700056150;2;7;0;0;2;4;1;B01
201700056151;1;7;0;0;2;8;23;D01
201700056151;0;10;0;0;2;2;14;A01
201700056151;1;7;0;0;2;5;23;C01
201700056151;1;32;0;0;2;2;18;B01
201700056152;1;33;0;0;2;2;2;A01
201700056152;1;7;0;0;2;0;23;B01
201700056153;1;33;0;0;2;5;1;A01
201700056153;1;1;0;0;2;1;1;B01
201700056154;0;7;0;0;1;2;9;A01
201700056155;2;7;0;0;1;3;1;A01
201700056156;2;7;0;0;2;2;1;A01
201700056156;2;7;0;1;2;8;1;B01
201700056157;1;7;0;0;2;1;15;A01
201700056157;2;34;0;0;2;1;1;B01
201700056158;1;33;0;0;2;4;23;B01
201700056158;1;10;0;0;2;1;2;A01
201700056159;2;32;0;6;0;1;14;A01
201700056160;0;7;0;0;1;1;1;A01
201700056161;1;7;0;0;2;3;17;A01
201700056161;2;31;0;0;2;8;9;B01
201700056162;1;7;0;0;1;1;1;A01
201700056163;2;7;0;0;1;8;1;A01
201700056164;0;30;0;0;2;5;1;B01
201700056164;0;7;0;0;2;3;1;A01
201700056165;1;7;0;0;2;9;1;Z01
201700056165;1;7;0;0;2;4;23;B01
201700056165;1;34;0;0;2;4;23;A01
201700056166;2;7;0;0;2;3;10;A01
201700056166;2;33;0;0;2;9;17;B01
201700056167;1;7;0;0;2;1;1;A01
201700056167;1;7;0;0;2;6;15;B01
201700056168;0;7;0;0;1;2;15;A01
201700056169;0;31;0;0;2;8;18;A01
201700056169;1;10;0;0;2;5;16;B01
201700056170;2;32;0;0;2;3;18;A01
201700056170;2;10;0;0;2;5;20;B01
201700056171;0;34;0;0;2;3;1;B01
201700056171;0;30;0;0;2;2;1;A01
201700056172;1;7;0;0;2;2;23;B01
201700056172;1;31;0;0;2;1;5;A01
201700056173;0;7;0;0;2;2;1;A01
201700056173;0;1;0;0;2;1;1;B01
201700056174;0;1;0;0;2;8;19;B01
201700056174;0;7;0;0;2;1;1;A01
201700056175;0;33;0;0;2;2;2;A01
201700056175;0;7;0;0;2;6;2;B01
201700056176;0;1;0;0;2;7;19;B01
201700056176;0;7;0;0;2;1;16;A01
201700056177;0;10;0;0;2;3;1;A01
201700056177;0;7;0;0;2;1;1;B01
201700056178;1;34;0;0;2;8;18;B01
201700056178;1;7;0;0;2;7;16;A01
201700056179;2;7;0;0;2;3;15;A01
201700056179;2;32;0;0;2;2;17;B01
201700056180;0;33;0;0;2;1;1;A01
201700056180;1;7;0;0;2;4;1;B01
201700056181;2;7;0;0;2;3;13;B01
201700056181;2;32;0;0;2;7;17;A01
201700056182;2;7;0;0;2;2;9;A01
201700056182;2;32;0;0;2;8;1;B01
201700056183;2;7;0;0;2;5;1;B01
201700056183;2;33;0;0;2;1;1;A01
201700056184;2;7;0;9;0;2;14;A01
201700056185;0;30;0;0;2;0;1;Z01
201700056185;1;34;0;0;2;5;1;A01
201700056186;0;33;0;0;1;1;1;A01
201700056187;2;7;0;0;1;2;1;A01
201700056188;1;32;0;0;2;6;1;A01
201700056188;0;7;0;0;2;6;23;B01
201700056189;0;7;0;14;2;3;1;A01
201700056189;0;32;0;0;2;4;23;B01
201700056190;0;7;0;0;2;6;10;A01
201700056190;0;33;0;0;2;1;1;B01
201700056191;1;10;0;0;2;2;1;B01
201700056191;2;7;0;0;2;7;15;A01
201700056192;1;33;0;1;0;1;14;A01
201700056193;0;7;0;0;2;6;2;B01
201700056193;0;7;0;0;2;2;2;A01
201700056194;1;34;0;0;2;7;1;A01
201700056194;1;7;0;0;2;3;16;B01
201700056195;1;7;0;0;2;2;10;A01
201700056195;2;33;0;0;2;1;1;B01
201700056196;1;33;0;0;2;7;13;A01
201700056196;1;31;0;0;2;7;17;B01
201700056197;1;33;0;0;2;0;1;A01
201700056198;0;7;0;0;2;3;10;A01
201700056198;2;33;0;0;2;1;17;B01
201700056199;1;1;0;1;0;1;7;A01
201700056200;0;7;0;0;2;0;2;Z01
201700056200;0;7;0;0;2;4;23;A01
201700056201;1;7;0;1;0;2;13;A01
201700056202;0;7;0;0;2;2;1;A01
201700056202;0;30;0;0;2;1;1;B01
201700056203;0;31;0;0;1;1;17;A01
201700056204;2;7;0;0;2;4;23;C01
201700056204;2;7;0;0;2;1;2;A01
201700056204;2;7;0;0;2;4;23;B01
201700056205;1;37;0;0;2;3;7;A01
201700056205;1;7;0;0;2;5;16;B01
201700056206;1;7;0;0;2;2;10;A01
201700056206;2;2;0;0;2;1;1;B01
201700056207;1;7;0;0;2;5;2;B01
201700056207;1;7;0;0;2;5;2;A01
201700056208;0;32;0;0;2;7;1;B01
201700056208;0;7;0;0;2;8;1;A01
201700056209;2;31;0;0;2;0;1;A01
201700056209;1;10;0;0;2;0;1;Z01
201700056210;0;33;0;0;2;1;1;B01
201700056210;0;7;0;0;2;2;15;A01
201700056211;1;30;0;0;1;1;1;A01
201700056212;0;7;0;0;2;6;23;C01
201700056212;0;7;0;0;2;0;23;B01
201700056212;0;7;0;0;2;1;2;A01
201700056213;1;7;0;0;1;1;5;A01
201700056214;2;10;0;0;2;8;10;A01
201700056214;2;32;0;0;2;1;1;B01
201700056215;1;1;0;0;2;4;15;B01
201700056215;2;31;0;0;2;0;16;A01
201700056216;1;7;0;2;0;2;1;A01
201700056217;2;32;0;1;2;1;1;B01
201700056217;1;7;0;0;2;3;10;A01
201700056218;1;1;0;1;0;1;14;A01
201700056219;0;31;0;11;0;1;13;A01
201700056220;1;10;0;0;2;8;13;A01
201700056220;2;31;0;0;2;7;1;B01
201700056221;0;7;0;0;2;2;1;A01
201700056221;0;7;0;0;2;8;1;B01
201700056222;1;13;0;0;2;8;22;B01
201700056222;1;10;0;0;2;0;1;A01
201700056223;1;33;0;0;2;6;1;B01
201700056223;1;7;0;0;2;2;1;A01
201700056224;2;7;0;0;2;3;10;Z01
201700056224;2;31;0;0;2;2;1;A01
201700056225;2;33;0;0;2;6;2;B01
201700056225;2;31;0;0;2;1;2;A01
201700056226;2;33;0;0;2;8;1;B01
201700056226;2;7;0;0;2;2;1;A01
201700056227;2;7;0;12;0;7;14;A01
201700056228;2;10;0;0;2;5;1;B01
201700056228;1;1;0;0;2;1;15;A01
201700056229;2;37;0;0;2;3;7;B01
201700056229;2;7;0;0;1;2;21;A01
201700056230;2;1;0;0;2;1;1;B01
201700056230;1;7;0;0;2;3;15;A01
201700056231;2;2;0;0;2;1;1;A01
201700056231;2;7;0;0;2;3;13;Z01
201700056232;2;7;0;7;2;6;7;B01
201700056232;2;10;0;0;2;7;14;A01
201700056233;2;7;0;0;2;1;1;A01
201700056233;2;7;0;0;2;7;1;B01
201700056234;2;1;0;1;2;2;1;B01
201700056234;2;7;0;0;2;3;22;A01
201700056235;2;7;0;0;1;1;1;A01
201700056236;1;7;0;0;2;3;15;A01
201700056236;2;7;0;7;2;6;1;B01
201700056237;1;10;0;0;2;4;2;B01
201700056237;1;10;0;0;2;1;2;A01
201700056238;2;1;0;0;2;8;18;B01
201700056238;2;7;0;0;2;2;16;A01
201700056239;2;33;0;0;2;5;2;B01
201700056239;2;10;0;0;2;3;2;A01
201700056240;1;7;0;0;2;2;9;A01
201700056240;1;30;0;0;2;8;1;B01
201700056241;1;1;0;0;2;1;1;B01
201700056241;1;7;0;0;2;7;16;A01
201700056242;2;7;0;0;2;5;16;A01
201700056242;1;31;0;0;2;3;7;B01
201700056243;2;7;0;0;2;4;1;A01
201700056243;2;31;0;0;2;0;1;B01
201700056244;2;7;0;0;2;7;12;A01
201700056244;2;33;0;0;2;3;7;B01
201700056245;2;7;0;0;2;2;1;B01
201700056245;2;30;0;0;2;1;15;A01
201700056246;2;7;0;0;2;3;15;A01
201700056246;2;32;0;0;2;1;1;B01
201700056247;0;7;0;0;2;6;1;B01
201700056247;0;32;0;0;2;1;1;A01
201700056248;1;7;0;0;2;5;1;A01
201700056248;1;33;0;0;2;1;1;C01
201700056248;1;34;0;0;2;1;3;B01
201700056249;2;7;0;0;2;4;2;B01
201700056249;2;7;0;0;2;4;2;C01
201700056249;2;7;0;0;2;1;2;A01
201700056250;2;7;0;1;0;8;13;A01
201700056251;2;7;0;1;0;1;14;A01
201700056252;1;31;0;0;2;3;1;B01
201700056252;1;7;0;0;2;2;1;A01
201700056253;2;7;0;0;2;6;23;B01
201700056253;2;34;0;0;1;3;1;A01
201700056254;1;10;0;0;2;2;1;A01
201700056254;1;7;0;0;2;3;16;B01
201700056255;2;7;0;0;2;4;23;B01
201700056255;2;7;0;0;2;1;2;A01
201700056256;0;33;0;0;2;1;21;A01
201700056257;2;7;0;0;2;4;23;B01
201700056257;2;7;0;0;2;1;2;A01
201700056258;0;30;0;0;2;1;1;A01
201700056258;0;7;0;0;2;8;16;B01
201700056259;1;7;0;0;2;3;15;B01
201700056259;1;34;0;0;2;1;5;A01
201700056260;0;7;0;0;2;0;1;A01
201700056260;0;31;0;0;2;1;1;B01
201700056261;2;10;0;0;1;4;20;A01
201700056262;0;7;0;0;2;1;1;B01
201700056262;1;7;0;0;2;2;1;A01
201700056263;1;7;0;0;2;8;10;A01
201700056263;0;31;0;0;2;1;1;B01
201700056264;1;33;0;0;2;8;9;B01
201700056264;2;10;0;0;2;3;5;A01
201700056265;0;7;0;0;2;1;2;Z01
201700056265;2;2;0;0;2;4;23;A01
201700056266;2;7;0;0;1;1;1;A01
201700056267;1;7;0;0;2;3;16;A01
201700056267;1;37;0;0;2;3;7;B01
201700056268;1;7;0;0;2;4;23;B01
201700056268;1;7;0;0;2;4;23;C01
201700056268;1;7;0;0;0;1;2;A01
201700056269;0;31;0;0;2;7;1;B01
201700056269;0;7;0;0;2;3;11;A01
201700056270;1;33;0;0;2;3;13;A01
201700056270;1;7;0;0;2;0;1;Z01
201700056271;1;7;0;0;2;2;1;A01
201700056271;1;34;0;0;2;4;1;B01
201700056272;0;7;0;0;2;2;1;A01
201700056272;0;7;0;0;2;3;15;B01
201700056273;1;7;0;0;2;7;21;A01
201700056273;1;31;0;0;2;3;18;Z01
201700056274;0;32;0;0;0;0;1;A01
201700056275;1;31;0;0;2;4;2;B01
201700056275;0;33;0;0;2;0;2;A01
201700056276;2;31;0;0;2;8;1;B01
201700056276;2;10;0;0;2;7;9;A01
201700056277;2;1;0;0;2;1;2;A01
201700056277;2;7;0;0;2;4;23;B01
201700056278;2;7;0;0;1;7;16;A01
201700056279;1;7;0;0;2;4;2;B01
201700056279;1;33;0;0;2;1;2;A01
201700056280;1;31;0;0;2;3;17;A01
201700056280;1;7;0;0;2;6;13;B01
201700056281;2;7;0;0;2;4;2;B01
201700056281;2;7;0;0;2;4;2;C01
201700056281;2;10;0;0;2;1;2;A01
201700056282;1;31;0;0;1;1;1;A01
201700056283;2;1;0;0;2;1;1;B01
201700056283;2;7;0;0;2;2;15;A01
201700056284;0;7;0;0;2;0;14;Z01
201700056284;0;31;0;0;2;7;1;A01
201700056285;2;7;0;0;1;2;1;A01
201700056286;2;30;0;0;1;1;1;A01
201700056287;1;7;0;0;1;2;1;A01
201700056288;1;34;0;12;0;3;17;A01
201700056289;0;10;0;0;2;4;23;B01
201700056289;1;33;0;0;2;2;2;A01
201700056290;1;7;0;0;2;2;16;A01
201700056290;1;1;0;0;2;1;1;B01
201700056291;1;7;0;0;1;1;1;A01
201700056292;1;7;0;0;2;4;2;B01
201700056292;1;7;0;0;2;4;2;C01
201700056292;1;7;0;0;2;1;2;A01
201700056293;2;1;0;0;2;8;19;B01
201700056293;0;7;0;0;2;1;15;A01
201700056294;0;7;0;0;2;7;1;B01
201700056294;0;7;0;0;2;1;1;A01
201700056295;1;7;0;0;2;3;13;B01
201700056295;1;34;0;0;2;5;17;A01
201700056296;1;7;0;12;0;1;14;A01
201700056297;1;7;0;0;2;7;10;A01
201700056297;2;33;0;0;2;1;1;B01
201700056298;1;2;0;0;2;8;1;A01
201700056298;0;7;0;0;2;2;17;Z01
201700056299;1;7;0;0;2;3;1;B01
201700056299;0;15;0;0;2;7;10;A01
201700056300;1;7;0;0;1;0;15;A01
201700056301;1;7;0;0;2;4;23;B01
201700056301;1;7;0;0;2;1;2;A01
201700056302;2;1;0;0;2;8;16;B01
201700056302;2;7;0;0;2;7;16;A01
201700056303;0;30;0;14;0;1;1;A01
201700056304;1;7;0;0;1;1;1;A01
201700056305;2;7;0;14;0;1;1;A01
201700056306;1;7;0;0;2;4;1;F01
201700056306;1;7;0;0;2;3;1;D01
201700056306;1;7;0;0;2;6;1;E01
201700056306;1;7;0;0;2;5;1;B01
201700056306;1;7;0;0;2;3;1;A01
201700056306;1;7;0;0;2;5;1;C01
201700056307;2;33;0;0;2;7;21;A01
201700056307;2;14;0;0;2;8;1;B01
201700056308;2;10;0;0;2;1;1;A01
201700056308;2;7;0;0;2;4;23;B01
201700056309;2;37;0;0;2;2;1;A01
201700056309;2;1;0;0;2;8;18;B01
201700056310;2;37;0;0;1;8;7;A01
201700056311;0;7;0;1;1;2;1;A01
201700056312;1;7;0;0;1;4;4;A01
201700056313;1;7;0;0;1;1;1;Z01
201700056314;2;10;0;0;2;1;9;A01
201700056314;2;1;0;0;2;3;1;B01
201700056315;2;31;0;0;2;1;1;B01
201700056315;2;7;0;0;2;2;15;A01
201700056316;2;32;0;16;2;6;1;A01
201700056316;2;7;0;0;2;1;1;Z01
201700056317;1;7;0;0;2;7;16;A01
201700056317;1;31;0;0;2;8;1;B01
201700056318;1;7;0;0;2;1;1;A01
201700056318;1;37;0;0;2;7;1;B01
201700056319;1;7;0;0;1;1;1;Z01
201700056320;0;7;0;0;1;0;1;A01
201700056321;2;31;0;0;2;1;1;B01
201700056321;1;7;0;0;2;3;15;A01
201700056322;1;7;0;0;2;3;10;A01
201700056322;1;2;0;0;2;1;1;B01
201700056323;0;7;0;0;2;1;16;A01
201700056323;0;1;0;0;2;1;1;B01
201700056324;1;7;0;0;1;2;16;A01
201700056325;1;33;0;0;1;2;16;A01
201700056326;1;31;0;0;2;1;1;B01
201700056326;1;1;0;0;2;1;13;A01
201700056327;2;7;0;0;1;2;1;A01
201700056328;1;34;0;0;2;1;15;A01
201700056328;2;7;0;0;2;1;1;B01
201700056329;1;7;0;0;2;1;13;A01
201700056329;2;7;0;1;2;1;1;B01
201700056329;2;7;0;0;2;1;1;C01
201700056330;1;10;0;0;1;4;20;A01
201700056331;1;31;0;0;2;1;2;A01
201700056331;1;7;0;0;2;6;2;B01
201700056332;2;30;0;0;2;1;1;A01
201700056332;2;7;0;0;2;2;15;B01
201700056333;2;7;0;8;2;3;1;B01
201700056333;1;7;0;0;2;2;1;A01
201700056334;1;7;0;0;2;2;9;A01
201700056334;1;32;0;0;2;1;17;B01
201700056335;2;31;0;0;1;1;17;A01
201700056336;1;10;0;0;2;3;16;A01
201700056336;2;7;0;0;2;1;1;C01
201700056336;1;33;0;0;2;5;1;B01
201700056337;2;7;0;0;1;3;15;A01
201700056338;2;7;0;0;2;8;10;A01
201700056338;2;31;0;0;2;1;17;B01
201700056339;2;10;0;0;2;5;17;A01
201700056339;2;7;0;0;2;3;1;B01
201700056340;2;33;0;0;2;8;1;B01