num_acc;senc;catv;occutc;obs;obsm;choc;manv;num_veh
201700056711;1;7;0;0;2;3;15;A01
201700056712;2;34;0;0;1;1;1;A01
201700056713;2;33;0;1;2;5;18;B01
201700056713;2;7;0;0;2;7;22;A01
201700056714;1;7;0;0;2;1;1;A01
201700056714;1;33;0;0;2;7;17;B01
201700056714;1;7;0;0;2;7;23;C01
201700056715;2;1;0;0;0;0;1;A01
201700056716;1;30;0;0;2;1;1;A01
201700056716;0;7;0;0;2;1;23;B01
201700056717;2;7;0;0;2;1;15;A01
201700056717;1;33;0;0;2;1;1;B01
201700056718;1;31;0;0;2;5;18;A01
201700056718;1;7;0;0;2;5;22;B01
201700056719;2;1;0;0;2;3;1;A01
201700056719;1;7;0;0;2;0;15;Z01
201700056720;2;2;0;0;2;1;7;A01
201700056720;2;10;0;0;2;2;16;B01
201700056721;1;33;0;0;1;3;17;A01
201700056722;0;10;0;0;2;1;2;A01
201700056722;0;7;0;0;2;4;2;B01
201700056723;1;32;0;0;2;1;18;B01
201700056723;1;7;0;0;2;0;22;A01
201700056724;2;7;0;0;1;3;23;B01
201700056724;1;37;0;0;1;3;1;A01
201700056725;1;7;0;0;2;3;1;B01
201700056725;1;30;0;0;2;1;15;A01
201700056726;1;7;0;0;1;2;1;A01
201700056727;1;30;0;0;1;1;1;A01
201700056728;0;34;0;0;2;2;1;A01
201700056728;0;7;0;0;2;0;11;Z01
201700056729;2;7;0;0;2;2;1;A01
201700056729;1;30;0;0;2;1;1;B01
201700056730;0;34;0;0;2;3;1;B01
201700056730;0;10;0;0;2;2;16;A01
201700056731;0;7;0;0;2;6;9;B01
201700056731;0;7;0;0;2;2;1;A01
201700056732;2;32;0;0;2;4;9;A01
201700056732;2;30;0;0;2;7;1;B01
201700056733;2;7;0;0;2;0;16;B01
201700056733;2;30;0;0;2;7;16;A01
201700056734;1;37;0;0;2;2;1;A01
201700056734;1;1;0;0;2;0;11;B01
201700056735;0;7;0;0;2;0;1;A01
201700056735;1;32;0;0;2;0;10;B01
201700056736;1;34;0;0;2;8;15;B01
201700056736;1;7;0;0;2;2;14;A01
201700056737;1;33;0;0;2;1;5;A01
201700056737;2;7;0;0;2;3;1;B01
201700056737;1;7;0;0;2;6;1;C01
201700056738;1;7;0;0;1;8;16;Z01
201700056739;1;7;0;14;0;1;1;A01
201700056740;2;30;0;0;2;1;18;A01
201700056740;2;7;0;0;2;0;16;B01
201700056741;2;7;0;0;2;3;15;B01
201700056741;2;31;0;0;2;8;17;A01
201700056742;1;34;0;0;1;1;1;A01
201700056743;1;7;0;0;2;1;2;A01
201700056743;1;7;0;0;2;4;2;B01
201700056744;2;7;0;0;1;3;1;A01
201700056745;2;34;0;0;2;6;20;B01
201700056745;2;2;0;0;2;8;1;A01
201700056746;1;10;0;0;2;7;16;B01
201700056746;1;34;0;0;2;8;18;A01
201700056747;2;7;0;0;1;1;1;A01
201700056748;1;1;0;0;1;1;1;A01
201700056749;1;1;0;1;2;0;1;B01
201700056749;1;7;0;0;2;0;22;A01
201700056750;1;34;0;0;1;0;1;A01
201700056751;0;10;0;0;1;2;16;B01
201700056751;0;13;0;0;2;2;1;A01
201700056752;1;7;0;0;2;1;1;A01
201700056752;1;10;0;0;2;4;1;B01
201700056753;2;7;0;0;1;1;10;Z01
201700056754;2;1;0;4;0;7;14;A01
201700056755;1;7;0;0;2;1;15;A01
201700056755;1;33;0;0;2;3;1;B01
201700056756;1;2;0;0;1;1;1;A01
201700056757;1;1;0;0;2;9;7;B01
201700056757;1;14;0;0;2;5;16;A01
201700056758;1;7;0;1;0;2;14;A01
201700056759;0;7;0;0;1;0;16;Z01
201700056760;1;7;0;0;2;1;2;A01
201700056760;1;7;0;0;2;4;23;B01
201700056760;1;7;0;0;2;4;23;C01
201700056760;0;7;0;0;2;8;15;D01
201700056761;1;7;0;0;0;7;22;A01
201700056761;1;33;0;0;2;1;18;B01
201700056762;1;30;0;1;0;7;14;A01
201700056763;2;7;0;0;1;1;1;A01
201700056764;1;33;0;0;2;2;1;B01
201700056764;1;30;0;0;2;3;15;A01
201700056765;1;7;0;0;1;3;1;A01
201700056766;2;30;0;0;2;2;18;B01
201700056766;2;7;0;0;2;3;14;A01
201700056767;2;32;0;8;0;1;1;A01
201700056768;2;10;0;0;2;7;1;B01
201700056768;2;7;0;0;2;1;1;A01
201700056769;1;33;0;0;2;1;15;A01
201700056769;2;1;0;0;2;6;1;B01
201700056770;2;7;0;0;2;7;1;B01
201700056770;1;31;0;0;2;1;1;A01
201700056771;1;14;0;0;1;5;10;A01
201700056772;2;31;0;12;0;2;1;A01
201700056773;2;7;0;0;2;3;15;B01
201700056773;1;2;0;0;2;7;17;A01
201700056774;1;7;0;0;1;2;17;A01
201700056775;1;30;0;0;2;2;13;Z01
201700056775;1;10;0;0;2;2;24;A01
201700056776;2;10;0;0;1;4;20;A01
201700056777;2;7;0;0;2;1;1;A01
201700056777;2;32;0;0;2;4;15;B01
201700056778;1;32;0;0;2;2;1;A01
201700056778;1;7;0;0;2;3;16;B01
201700056779;2;7;0;0;2;3;15;B01
201700056779;1;1;0;0;2;3;1;A01
201700056780;2;7;0;0;2;3;10;A01
201700056780;2;33;0;0;2;1;1;B01
201700056781;2;15;0;0;2;7;14;A01
201700056781;2;33;0;0;2;8;1;B01
201700056782;1;33;0;15;2;3;17;A01
201700056782;1;7;0;0;2;0;13;B01
201700056783;1;30;0;0;2;5;1;A01
201700056783;1;7;0;0;2;1;1;B01
201700056784;1;7;0;0;1;3;7;A01
201700056785;2;10;0;0;2;7;15;B01
201700056785;1;2;0;0;2;1;1;A01
201700056786;1;7;0;0;2;4;2;B01
201700056786;1;7;0;0;2;1;2;A01
201700056787;2;7;0;0;2;1;1;B01
201700056787;1;30;0;0;2;7;19;A01
201700056788;1;30;0;0;0;2;18;A01
201700056789;2;33;0;0;2;1;1;A01
201700056789;2;10;0;0;2;6;23;B01
201700056790;1;7;0;0;2;6;23;B01
201700056790;1;7;0;0;2;2;1;A01
201700056791;1;10;0;0;1;6;4;A01
201700056792;1;7;0;0;2;2;14;A01
201700056792;1;33;0;0;2;6;1;B01
201700056793;1;1;0;0;1;8;1;A01
201700056794;1;10;0;0;2;5;23;B01
201700056794;1;32;0;0;2;5;1;A01
201700056795;1;32;0;0;1;1;1;A01
201700056796;1;10;0;0;2;1;2;A01
201700056796;1;7;0;0;2;4;23;B01
201700056797;1;31;0;0;2;1;2;A01
201700056797;1;7;0;0;2;5;2;B01
201700056798;2;33;0;0;2;3;18;A01
201700056798;2;7;0;0;2;2;16;B01
201700056799;2;7;0;0;1;3;15;A01
201700056800;1;10;0;0;2;6;15;B01
201700056800;1;32;0;0;2;1;1;A01
201700056801;2;31;0;0;2;1;1;A01
201700056801;1;7;0;0;2;3;15;B01
201700056802;2;2;0;0;2;3;3;A01
201700056802;2;7;0;0;2;2;16;B01
201700056803;1;7;0;12;0;1;15;A01
201700056804;2;34;0;0;1;1;1;Z01
201700056805;2;7;0;0;2;8;22;A01
201700056805;0;33;0;0;2;7;1;B01
201700056806;2;1;0;0;1;1;1;A01
201700056807;1;1;0;0;2;8;7;B01
201700056807;2;7;0;0;2;2;17;A01
201700056808;2;32;0;0;1;7;1;A01
201700056809;2;30;0;0;2;2;1;A01
201700056809;1;7;0;0;2;3;1;B01
201700056810;2;7;0;0;2;6;1;A01
201700056810;2;3;0;0;2;1;1;B01
201700056811;2;7;0;0;2;3;15;A01
201700056811;1;30;0;0;2;8;1;B01
201700056812;1;31;0;0;1;1;17;A01
201700056813;1;7;0;0;1;1;1;A01
201700056814;2;32;0;0;2;3;18;A01
201700056814;2;7;0;0;2;2;16;B01
201700056815;1;34;0;0;1;1;1;A01
201700056816;1;31;0;0;2;1;2;A01
201700056816;1;7;0;0;2;6;15;B01
201700056817;2;7;0;0;2;4;2;B01
201700056817;2;10;0;0;2;1;2;A01
201700056818;1;32;0;0;1;3;1;A01
201700056819;1;32;0;0;2;3;15;A01
201700056819;1;7;0;0;2;2;1;B01
201700056820;1;10;0;0;2;7;1;B01
201700056820;1;2;0;0;2;8;18;A01
201700056821;1;7;0;0;1;2;16;A01
201700056822;1;7;0;0;2;4;23;B01
201700056822;1;2;0;0;2;4;23;C01
201700056822;1;7;0;0;2;4;2;A01
201700056823;1;7;0;8;0;3;1;A01
201700056824;2;7;0;0;1;2;15;A01
201700056825;1;7;0;7;0;1;15;A01
201700056826;1;31;0;0;2;1;15;A01
201700056826;2;1;0;0;2;3;1;B01
201700056827;2;30;0;0;9;8;7;A01
201700056827;2;1;0;0;9;7;7;B01
201700056828;1;33;0;0;1;2;1;A01
201700056829;1;7;0;0;2;2;15;A01
201700056829;2;1;0;0;2;8;19;B01
201700056830;2;30;0;0;2;1;2;B01
201700056830;2;7;0;0;2;6;23;A01
201700056831;1;7;0;11;0;2;1;A01
201700056832;0;10;0;0;1;0;1;Z01
201700056833;2;7;0;0;1;3;1;A01
201700056834;2;7;0;0;2;7;16;A01
201700056834;1;30;0;0;2;0;1;B01
201700056835;1;2;0;14;1;3;1;A01
201700056836;2;7;0;0;2;2;15;B01
201700056836;1;31;0;0;2;0;18;A01
201700056837;2;7;0;0;1;0;4;A01
201700056838;1;1;0;0;2;1;1;B01
201700056838;1;7;0;0;2;1;1;A01
201700056839;2;7;0;0;2;4;2;A01
201700056839;2;10;0;0;2;4;23;B01
201700056840;1;40;0;0;1;7;1;A01
201700056841;1;7;0;0;1;7;1;A01
201700056842;2;7;0;11;0;1;13;A01
201700056843;1;1;0;0;2;1;2;A01
201700056843;1;10;0;0;2;0;2;Z01
201700056844;1;2;0;0;2;1;17;A01
201700056844;0;7;0;0;2;3;15;B01
201700056845;1;7;0;0;1;2;1;A01
201700056846;2;31;0;0;1;0;1;A01
201700056847;1;7;0;0;1;1;15;A01
201700056848;2;7;0;0;1;0;1;A01
201700056849;2;7;0;0;2;1;1;A01
201700056849;2;33;0;0;2;4;23;B01
201700056850;1;7;0;0;1;3;1;A01
201700056851;2;10;0;0;1;3;1;A01
201700056852;1;37;0;0;1;7;1;A01
201700056853;1;30;0;0;1;0;1;A01
201700056854;1;33;0;0;2;1;1;B01
201700056854;1;7;0;0;2;6;12;A01
201700056855;1;32;0;0;2;1;1;A01
201700056855;1;10;0;0;2;5;23;B01
201700056856;1;7;0;0;1;0;4;Z01
201700056857;1;7;0;0;2;4;23;A01
201700056857;1;7;0;0;2;1;2;B01
201700056858;2;31;0;0;0;0;21;A01
201700056859;1;7;0;0;1;1;1;Z01
201700056860;2;7;0;0;2;1;23;B01
201700056860;2;7;0;0;2;1;2;A01
201700056861;2;10;0;0;1;0;1;A01
201700056862;1;33;0;0;2;4;23;B01
201700056862;1;7;0;0;2;1;2;A01
201700056863;2;7;0;0;1;1;17;A01
201700056864;2;7;0;0;1;1;15;A01
201700056865;1;33;0;0;1;1;1;A01
201700056865;1;7;0;0;2;3;23;B01
201700056866;1;32;0;0;2;3;17;A01
201700056866;2;37;0;0;2;0;1;B01
201700056867;2;7;0;0;1;1;1;A01
201700056868;2;37;0;0;1;2;1;A01
201700056869;1;34;0;0;1;2;1;A01
201700056870;1;7;0;0;2;2;1;B01
201700056870;1;30;0;0;2;1;1;A01
201700056871;1;34;0;0;1;1;17;A01
201700056872;1;7;0;0;1;1;1;Z01
201700056873;2;31;0;0;0;1;1;A01
201700056874;1;7;0;0;1;2;1;A01
201700056875;1;10;0;0;1;1;16;A01
201700056876;1;10;0;0;1;1;15;A01
201700056877;1;7;0;0;1;1;1;A01
201700056878;1;1;0;0;1;1;1;A01
201700056879;1;30;0;0;2;1;18;A01
201700056879;1;10;0;0;2;2;16;B01
201700056880;2;32;0;0;2;8;18;B01
201700056880;1;7;0;0;2;3;15;A01
201700056881;2;37;0;0;2;8;1;B01
201700056881;1;34;0;0;1;1;17;A01
201700056882;1;7;0;0;2;2;1;A01
201700056882;1;30;0;0;2;1;1;B01
201700056883;2;1;0;0;1;1;1;A01
201700056884;1;7;0;0;2;8;1;A01
201700056884;0;7;0;0;2;1;15;B01
201700056885;1;7;0;0;2;1;1;A01
201700056885;1;7;0;0;2;3;15;B01
201700056886;2;10;0;1;2;0;13;C01
201700056886;2;7;0;0;2;1;17;A01
201700056886;1;33;0;0;2;1;1;B01
201700056887;1;37;0;0;2;3;1;A01
201700056887;2;2;0;0;2;7;1;B01
201700056888;1;34;0;0;2;2;17;B01
201700056888;1;7;0;0;2;3;10;A01
201700056889;2;32;0;0;1;2;1;A01
201700056890;2;32;0;0;1;1;1;A01
201700056891;1;7;0;0;1;3;1;Z01
201700056892;1;7;0;0;1;3;1;A01
201700056893;2;32;0;0;1;1;1;A01
201700056894;2;7;0;0;2;2;10;A01
201700056894;1;32;0;0;2;0;17;B01
201700056895;1;7;0;0;2;1;1;B01
201700056895;1;7;0;0;2;0;9;A01
201700056896;2;7;0;0;2;3;15;A01
201700056896;2;2;0;0;2;1;17;B01
201700056897;2;1;0;0;2;0;15;A01
201700056897;2;7;0;0;2;7;17;B01
201700056898;1;7;0;0;1;1;1;A01
201700056899;1;7;0;0;1;1;0;Z01
201700056900;1;34;0;0;2;3;17;A01
201700056900;1;7;0;0;2;0;9;Z01
201700056901;0;7;0;0;1;0;1;Z01
201700056902;1;33;0;0;2;7;17;B01
201700056902;1;7;0;0;2;6;10;A01
201700056903;1;1;0;0;1;4;21;A01
201700056904;1;7;0;0;2;8;22;A01
201700056904;1;1;0;0;2;1;1;B01
201700056905;1;7;0;0;2;1;2;B01
201700056905;1;7;0;0;2;0;23;A01
201700056906;2;7;0;0;2;3;10;A01
201700056906;2;33;0;0;2;1;17;B01
201700056907;2;31;0;0;1;1;1;A01
201700056908;1;7;0;8;0;2;14;A01
201700056909;2;33;0;0;2;7;1;B01
201700056909;2;32;0;0;2;4;1;C01
201700056909;2;2;0;0;2;1;3;A01
201700056910;1;7;0;0;2;2;1;A01
201700056910;1;32;0;0;2;0;1;B01
201700056911;0;14;0;0;1;7;16;A01
201700056912;1;34;0;0;1;2;1;A01
201700056913;2;1;0;0;2;1;1;A01
201700056913;1;10;0;0;2;8;1;Z01
201700056914;1;31;0;14;0;0;13;A01
201700056915;2;7;0;0;1;0;1;Z01
201700056916;1;7;0;0;1;3;1;A01
201700056917;1;7;0;0;1;3;1;A01
201700056918;1;33;0;0;2;7;1;B01
201700056918;1;7;0;0;2;1;10;A01
201700056919;1;33;0;11;0;3;14;A01
201700056920;1;7;0;0;1;1;1;A01
201700056921;0;7;0;0;2;2;15;A01
201700056921;0;32;0;0;2;1;1;B01
201700056922;2;7;0;8;0;1;19;A01
201700056923;1;33;0;0;1;2;1;A01
201700056924;1;7;0;0;2;3;1;B01
201700056924;1;32;0;0;2;5;1;A01
201700056925;1;1;0;0;1;0;1;A01
201700056926;1;7;0;0;1;2;1;A01
201700056927;1;1;0;0;2;4;16;A01
201700056927;1;34;0;0;2;1;1;Z01
201700056928;2;7;0;0;1;3;1;A01
201700056929;1;7;0;0;2;7;15;A01
201700056929;1;32;0;8;2;1;1;B01
201700056930;2;7;0;0;1;1;16;A01
201700056931;1;7;0;14;2;0;13;Z01
201700056931;2;7;0;1;2;3;1;A01
201700056932;0;2;0;0;2;7;16;A01
201700056932;2;7;0;0;2;0;1;Z01
201700056933;2;32;0;0;2;4;23;A01
201700056933;2;7;0;0;2;1;1;B01
201700056934;1;7;0;0;1;2;1;A01
201700056935;0;37;0;0;0;0;21;A01
201700056936;1;2;0;0;0;8;1;A01
201700056937;1;2;0;0;2;6;1;A01
201700056937;1;7;0;0;2;2;17;Z01
201700056938;1;34;0;0;2;0;23;A01
201700056938;1;7;0;0;2;2;13;B01
201700056939;1;1;0;1;0;1;14;A01
201700056940;1;33;0;0;1;7;1;A01
201700056941;0;33;0;0;1;7;1;A01
201700056942;1;1;0;0;2;1;1;B01
201700056942;1;7;0;0;2;2;1;A01
201700056943;2;14;0;6;0;0;1;A01
201700056944;1;34;0;0;1;2;1;A01
201700056945;1;1;0;0;2;1;2;A01
201700056945;1;7;0;0;2;5;23;B01
201700056946;1;34;0;0;2;1;18;A01
201700056946;1;7;0;0;2;5;23;B01
201700056947;1;2;0;0;2;1;1;B01
201700056947;1;10;0;0;2;3;9;A01
201700056948;1;7;0;0;2;3;15;A01
201700056948;1;32;0;0;2;7;7;B01
201700056949;1;7;0;0;1;2;15;A01
201700056950;2;7;0;5;0;1;1;A01
201700056951;2;7;0;0;1;1;1;A01
201700056952;1;7;0;11;0;2;1;A01
201700056953;1;7;0;0;1;3;1;A01
201700056954;1;7;0;0;2;1;2;A01
201700056954;2;7;0;0;2;4;23;B01
201700056955;1;7;0;0;2;1;23;B01
201700056955;1;7;0;0;2;1;23;C01
201700056955;1;10;0;0;2;1;2;A01
201700056955;1;7;0;0;2;4;23;D01
201700056956;0;7;0;0;2;0;2;Z01
201700056956;0;7;0;0;2;4;2;A01
201700056957;2;7;0;0;1;7;1;A01
201700056958;1;1;0;0;2;1;2;A01
201700056958;1;13;0;0;2;1;2;B01
201700056959;1;10;0;0;1;2;1;A01
201700056960;1;32;0;0;2;1;2;A01
201700056960;1;7;0;0;2;4;2;B01
201700056961;2;7;0;0;2;3;5;B01
201700056961;1;31;0;0;2;1;1;A01
201700056962;2;1;0;0;2;8;1;B01
201700056962;1;7;0;0;2;1;15;A01
201700056963;1;34;0;0;2;1;1;B01
201700056963;1;7;0;0;2;2;1;A01
201700056964;2;7;0;0;1;5;1;A01
201700056965;1;1;0;0;2;1;17;A01
201700056965;1;7;0;0;2;8;22;Z01
201700056966;1;7;0;0;2;4;23;B01
201700056966;1;31;0;0;2;1;2;A01
201700056967;2;7;0;0;2;0;15;Z01
201700056967;1;32;0;0;2;1;1;B01
201700056968;1;30;0;0;2;1;11;A01
201700056968;1;34;0;0;2;2;1;B01
201700056969;2;7;0;0;2;1;1;C01
201700056969;2;7;0;0;2;4;1;A01
201700056969;2;7;0;0;2;1;1;B01
201700056970;2;32;0;1;0;8;13;A01
201700056971;1;2;0;0;2;0;9;B01
201700056971;2;7;0;0;2;8;1;Z01
201700056972;2;7;0;0;2;1;1;A01
201700056972;1;31;0;0;2;8;1;B01
201700056973;2;7;0;0;2;3;1;B01
201700056973;2;1;0;0;2;7;1;A01
201700056974;2;2;0;0;1;2;1;A01
201700056975;2;30;0;0;2;1;17;A01
201700056975;1;1;0;0;2;1;1;B01
201700056976;1;30;0;0;2;0;15;A01
201700056976;0;7;0;0;2;8;15;Z01
201700056977;1;7;0;0;1;0;1;A01
201700056978;1;7;0;0;2;3;7;A01
201700056978;1;10;0;0;2;0;16;B01
201700056979;1;3;0;0;2;1;2;A01
201700056979;1;7;0;0;2;1;2;Z01
201700056980;1;34;0;0;2;5;1;B01
201700056980;2;7;0;0;2;2;1;A01
201700056981;1;30;0;0;2;2;9;A01
201700056981;1;7;0;0;2;3;1;B01
201700056982;2;10;0;0;2;2;1;B01
201700056982;1;1;0;0;2;1;1;A01
201700056983;1;7;0;0;2;3;15;A01
201700056983;1;34;0;0;2;1;1;B01
201700056984;1;31;0;0;2;7;17;A01
201700056984;1;7;0;0;2;8;10;B01
201700056985;1;2;0;0;1;0;2;Z01
201700056986;1;30;0;0;2;8;1;B01
201700056986;1;7;0;0;2;7;9;A01
201700056987;1;31;0;0;2;0;1;B01
201700056987;1;10;0;0;2;0;9;A01
201700056988;2;7;0;0;2;3;15;A01
201700056988;1;2;0;0;2;8;1;B01
201700056989;2;30;0;0;1;0;1;Z01
201700056990;1;30;0;14;2;3;13;A01
201700056990;1;7;0;14;2;2;1;B01
201700056991;2;7;0;0;2;1;1;A01
201700056991;2;32;0;0;2;4;23;B01
201700056992;1;7;0;0;1;0;1;A01
201700056993;1;1;0;0;1;1;7;A01
201700056994;0;33;0;0;1;1;1;A01
201700056995;1;7;0;0;2;3;15;A01
201700056995;1;30;0;0;2;2;17;B01
201700056996;0;7;0;0;1;0;4;A01
201700056997;1;30;0;0;0;0;1;A01
201700056998;1;32;0;0;1;0;1;Z01
201700056999;1;2;0;0;2;1;17;A01
201700056999;2;7;0;0;2;3;1;B01
201700057000;1;7;0;0;1;2;1;A01
201700057001;2;7;0;0;2;3;15;A01
201700057001;2;31;0;0;2;2;17;B01
201700057002;1;32;0;0;1;1;1;A01
201700057003;0;7;0;0;2;3;15;B01
201700057003;1;32;0;0;2;1;17;A01
201700057004;1;30;0;0;2;0;23;B01
201700057004;1;7;0;0;2;2;1;A01
201700057005;1;30;0;0;1;0;1;A01
201700057006;1;1;0;0;;0;21;A01
201700057007;0;7;0;0;2;1;2;A01
201700057007;1;7;0;0;2;4;23;B01
201700057008;1;7;0;0;1;0;1;A01
201700057009;2;7;0;0;1;3;1;A01
201700057010;1;14;0;0;2;2;16;A01
201700057010;1;1;0;0;2;8;7;B01
201700057011;2;34;0;0;2;2;1;B01
201700057011;2;7;0;0;2;3;9;A01
201700057012;1;7;0;0;2;4;23;B01
201700057012;1;10;0;0;2;1;2;A01
201700057013;1;1;0;0;2;8;1;A01
201700057013;1;13;0;0;2;0;17;Z01
201700057014;2;7;0;0;1;6;1;A01
201700057015;1;7;0;0;2;2;16;A01
201700057015;1;1;0;0;2;0;1;B01
201700057016;1;7;0;2;0;1;1;A01
201700057017;1;1;0;0;1;1;1;A01
201700057018;1;31;0;0;2;8;1;B01
201700057018;1;31;0;0;2;0;1;A01
201700057019;1;7;0;0;1;2;1;A01
201700057020;1;30;0;0;2;3;18;B01
201700057020;1;7;0;0;2;5;16;A01
201700057021;2;10;0;0;1;2;1;A01
201700057022;2;7;0;0;1;0;1;A01
201700057023;1;7;0;0;2;0;2;Z01
201700057023;1;7;0;0;2;4;23;B01
201700057023;1;7;0;0;2;3;23;A01
201700057024;1;10;0;0;1;2;1;A01
201700057025;2;7;0;0;1;1;15;A01
201700057026;1;31;0;0;1;2;1;A01
201700057027;2;7;0;0;1;6;4;A01
201700057028;1;7;0;0;1;7;1;A01
201700057029;0;7;0;0;2;0;2;A01
201700057029;1;7;0;0;2;4;2;B01
201700057030;1;2;0;0;1;1;1;A01
201700057031;2;7;0;11;0;2;14;Z01
201700057032;2;7;0;0;2;8;15;A01
201700057032;2;2;0;0;2;2;17;B01
201700057033;1;37;0;0;1;2;7;A01
201700057034;1;7;0;0;2;1;1;A01
201700057034;2;10;0;0;2;1;5;B01
201700057035;2;7;0;0;2;0;15;Z01
201700057035;1;33;0;0;2;7;1;A01
201700057036;2;37;0;0;1;2;7;A01
201700057037;1;33;0;0;2;8;1;A01
201700057037;1;10;0;0;2;2;1;B01
201700057038;2;7;0;0;1;1;1;A01
201700057039;1;10;0;0;0;7;16;A01
201700057039;1;1;0;0;2;1;1;B01
201700057040;2;7;0;0;2;5;1;C01
201700057040;2;7;0;0;2;5;14;A01
201700057040;2;33;0;0;2;1;1;B01
201700057041;1;7;0;0;1;2;1;A01
201700057042;2;7;0;4;0;1;14;A01
201700057043;2;7;0;0;2;1;2;B01
201700057043;2;31;0;0;2;4;23;A01
201700057044;1;7;0;0;1;2;1;Z01
201700057045;1;7;0;0;1;8;16;A01
201700057046;1;7;0;0;2;4;2;A01
201700057046;1;10;0;0;2;1;2;C01
201700057046;1;7;0;0;2;1;2;B01
201700057047;2;34;0;0;1;8;1;A01
201700057048;1;7;0;1;2;7;1;A01
201700057048;1;7;0;0;2;8;9;B01
201700057049;1;7;0;0;1;2;15;A01
201700057050;1;1;0;0;2;1;2;A01
201700057050;1;7;0;0;2;6;23;B01
201700057051;2;7;0;0;1;8;1;A01
201700057052;1;10;0;0;1;1;1;A01
201700057053;1;7;0;0;2;1;9;Z01
201700057053;1;30;0;0;2;1;1;A01
201700057054;1;7;0;0;1;4;4;A01
201700057055;1;32;0;0;2;0;13;B01
201700057055;1;7;0;0;2;5;1;A01
201700057056;2;2;0;0;1;7;1;A01
201700057057;1;7;0;0;1;1;1;A01
201700057058;2;7;0;0;1;1;1;A01
201700057059;2;32;0;0;2;5;1;A01
201700057059;2;10;0;0;2;1;1;B01
201700057060;1;7;0;0;1;7;0;A01
201700057061;1;2;0;0;2;1;1;A01
201700057061;2;7;0;0;2;3;16;B01
201700057062;1;31;0;0;2;3;13;A01
201700057062;2;37;0;0;2;3;1;B01
201700057063;2;1;0;0;2;0;15;A01
201700057063;1;7;0;0;2;0;1;Z01
201700057064;1;30;0;1;0;0;21;A01
201700057065;1;10;0;0;1;4;4;A01
201700057066;1;33;0;0;0;0;15;A01
201700057067;2;7;0;14;0;1;13;A01
201700057068;2;33;0;0;2;1;17;A01
201700057068;1;15;0;0;2;6;23;B01
201700057069;2;30;0;0;2;0;1;Z01
201700057069;2;1;0;0;2;7;19;A01
201700057070;1;7;0;0;2;5;23;B01
201700057070;1;1;0;0;2;1;1;A01
201700057071;2;1;0;0;2;1;19;A01
201700057071;2;7;0;0;2;0;1;B01
201700057072;1;33;0;0;1;7;1;A01
201700057073;2;10;0;0;2;3;22;A01
201700057073;2;1;0;0;2;0;1;B01
201700057074;1;7;0;0;2;0;1;A01
201700057074;1;1;0;0;2;8;13;B01
201700057075;1;31;0;0;2;3;14;A01
201700057075;1;7;0;0;2;2;1;B01
201700057076;1;10;0;0;2;3;15;A01
201700057076;1;30;0;0;2;2;17;B01
201700057077;1;7;0;9;0;1;14;A01
201700057078;1;7;0;0;1;6;4;A01
201700057079;1;7;0;0;1;2;1;A01
201700057080;2;7;0;0;2;2;15;A01
201700057080;1;33;0;0;2;0;1;B01
201700057081;2;32;0;0;2;4;1;A01
201700057081;0;1;0;0;2;4;19;B01
201700057082;1;31;0;0;2;9;17;A01
201700057082;1;7;0;0;2;3;9;B01
201700057083;1;33;0;0;1;1;17;A01
201700057084;2;31;0;0;0;0;1;A01
201700057085;2;7;0;0;1;2;1;A01
201700057086;1;7;0;0;1;1;15;A01
201700057087;2;7;0;0;1;6;4;A01
201700057088;1;32;0;1;2;1;18;A01
201700057088;1;7;0;1;2;5;22;B01
201700057089;1;32;0;0;2;3;18;A01
201700057089;1;10;0;0;2;7;22;B01
201700057090;1;7;0;0;2;0;17;Z01
201700057090;1;30;0;0;2;7;1;A01
201700057091;1;7;0;0;1;1;1;A01
201700057092;1;32;0;0;2;4;23;B01
201700057092;1;10;0;0;2;1;1;A01
201700057093;1;7;0;0;2;3;1;B01
201700057093;1;2;0;0;2;7;1;A01
201700057094;2;1;0;0;1;1;1;A01
201700057095;0;7;0;0;1;3;16;A01
201700057096;2;7;0;0;2;6;15;A01
201700057096;2;37;0;0;2;3;1;B01
201700057097;2;31;0;0;1;1;1;A01
201700057098;1;7;0;0;1;5;4;A01
201700057099;1;34;0;0;2;2;1;A01
201700057099;1;10;0;1;2;3;9;B01
201700057100;1;32;0;0;2;0;1;A01
201700057100;2;10;0;0;2;0;15;B01
201700057101;1;7;0;0;1;2;1;A01
201700057102;1;10;0;0;1;0;1;A01
201700057103;1;10;0;0;1;0;1;Z01
201700057104;1;10;0;0;2;2;1;A01
201700057104;2;30;0;0;2;1;1;B01
201700057105;1;1;0;0;2;0;1;B01
201700057105;1;10;0;0;2;7;16;A01
201700057106;1;7;0;0;1;2;1;A01
201700057107;1;7;0;0;2;0;16;Z01
201700057107;1;30;0;0;2;3;1;A01
201700057108;2;1;0;0;2;1;13;B01
201700057108;2;10;0;0;2;7;1;A01
201700057109;1;7;0;0;1;1;7;A01
201700057110;2;30;0;0;2;8;1;A01
201700057110;2;7;0;0;2;1;1;B01
201700057111;1;7;0;0;1;6;23;A01
201700057112;1;10;0;0;2;1;9;A01
201700057112;1;30;0;0;2;2;1;B01
201700057113;1;1;0;0;1;7;5;A01