num_acc;senc;catv;occutc;obs;obsm;choc;manv;num_veh
201700057114;1;7;0;0;2;1;15;Z01
201700057114;1;1;0;0;2;8;1;A01
201700057115;2;7;0;0;2;8;9;A01
201700057115;2;31;0;0;2;1;7;B01
201700057116;1;30;0;0;1;1;1;A01
201700057117;1;7;0;0;2;3;1;A01
201700057117;1;2;0;0;2;1;1;B01
201700057118;1;7;0;14;0;2;14;A01
201700057119;1;7;0;14;0;2;14;A01
201700057120;2;7;0;0;1;2;1;A01
201700057121;2;1;0;0;1;1;1;A01
201700057122;1;37;0;0;1;2;1;A01
201700057123;2;10;0;0;2;1;2;A01
201700057123;2;7;0;0;2;4;2;B01
201700057124;1;33;0;0;1;2;1;A01
201700057125;2;31;0;0;1;1;1;A01
201700057126;1;7;0;0;2;4;23;B01
201700057126;1;15;0;0;2;1;1;Z01
201700057126;1;7;0;0;2;4;23;A01
201700057127;1;7;0;0;2;5;1;A01
201700057127;1;33;0;0;2;1;1;B01
201700057128;2;7;0;0;2;2;15;A01
201700057128;2;7;0;0;2;3;1;B01
201700057129;1;7;0;7;0;3;13;A01
201700057130;2;30;0;0;2;8;7;B01
201700057130;1;7;0;0;2;2;15;A01
201700057131;2;30;0;0;0;1;21;A01
201700057132;1;7;0;1;2;7;1;A01
201700057132;1;7;0;0;2;1;1;B01
201700057133;2;7;0;0;2;1;16;A01
201700057133;2;1;0;0;2;8;19;B01
201700057134;2;33;0;0;1;0;1;Z01
201700057135;1;32;0;11;0;1;14;A01
201700057136;1;7;0;0;2;0;15;Z01
201700057136;2;30;0;0;2;2;17;A01
201700057137;2;7;0;0;1;8;1;A01
201700057138;1;7;0;0;2;2;15;A01
201700057138;2;30;0;0;2;1;1;B01
201700057139;1;7;0;0;2;0;15;A01
201700057139;2;30;0;0;2;0;1;B01
201700057140;1;30;0;0;2;1;1;B01
201700057140;1;7;0;0;2;2;1;A01
201700057141;2;7;0;11;0;1;14;A01
201700057142;2;32;0;0;1;1;1;Z01
201700057143;2;33;0;0;0;1;13;A01
201700057144;1;34;0;0;1;7;1;A01
201700057145;1;33;0;0;1;5;17;A01
201700057146;1;7;0;0;2;2;9;A01
201700057146;2;1;0;0;2;2;5;B01
201700057147;2;7;0;0;2;1;1;A01
201700057147;1;7;0;8;2;3;1;B01
201700057148;2;7;0;0;1;1;1;A01
201700057149;1;7;0;0;1;7;1;Z01
201700057150;1;7;0;0;2;6;1;A01
201700057150;1;7;0;0;2;2;1;B01
201700057151;1;7;0;0;1;4;4;A01
201700057152;2;31;0;0;2;2;1;B01
201700057152;2;7;0;0;2;3;9;A01
201700057153;2;37;0;0;1;7;16;A01
201700057154;2;7;0;0;1;2;1;A01
201700057155;2;10;0;0;1;1;15;A01
201700057156;1;32;0;0;2;4;18;B01
201700057156;1;37;0;0;2;2;16;A01
201700057157;1;7;0;0;2;0;12;Z01
201700057157;1;34;0;0;2;0;21;A01
201700057158;1;30;0;0;1;1;1;Z01
201700057159;1;1;0;0;1;1;1;A01
201700057160;2;7;0;0;1;1;1;A01
201700057161;1;7;0;0;2;0;1;A01
201700057161;1;1;0;0;2;0;13;B01
201700057162;2;10;0;0;1;1;15;A01
201700057163;1;32;0;0;1;1;1;A01
201700057164;1;7;0;1;0;2;9;A01
201700057164;1;31;0;0;2;1;1;B01
201700057165;2;33;0;0;2;8;1;A01
201700057165;2;7;0;0;2;2;16;Z01
201700057166;1;7;0;0;2;3;1;B01
201700057166;2;2;0;0;2;2;5;A01
201700057167;1;1;0;0;2;1;12;A01
201700057167;1;13;0;0;2;5;1;B01
201700057168;2;7;0;0;2;3;1;B01
201700057168;1;31;0;0;2;8;13;A01
201700057169;1;7;0;0;2;3;15;B01
201700057169;1;2;0;0;2;1;1;A01
201700057170;1;7;0;0;2;3;15;A01
201700057170;1;30;0;0;2;1;17;B01
201700057171;1;7;0;0;1;4;20;A01
201700057172;1;33;0;0;2;7;1;B01
201700057172;1;7;0;0;2;8;11;A01
201700057173;1;7;0;0;1;5;20;A01
201700057174;2;30;0;0;2;8;1;B01
201700057174;2;7;0;0;2;1;1;A01
201700057175;1;7;0;0;1;6;4;A01
201700057176;2;7;0;0;2;3;13;A01
201700057176;2;33;0;0;2;2;1;B01
201700057177;1;33;0;0;2;3;16;A01
201700057177;1;30;0;0;2;0;1;Z01
201700057178;0;30;0;12;0;8;1;A01
201700057179;0;10;0;0;1;0;4;A01
201700057180;2;1;0;0;2;1;1;B01
201700057180;2;10;0;0;2;4;4;A01
201700057181;2;33;0;0;2;2;1;B01
201700057181;2;7;0;0;2;8;10;A01
201700057182;1;1;0;0;1;1;1;A01
201700057183;1;7;0;14;2;1;1;A01
201700057183;1;7;0;0;2;7;23;B01
201700057184;2;2;0;0;2;3;18;A01
201700057184;2;7;0;0;2;2;16;B01
201700057185;0;7;0;0;1;2;9;A01
201700057186;1;7;0;1;0;9;13;A01
201700057187;0;7;0;0;2;0;1;B01
201700057187;0;7;0;1;2;1;13;A01
201700057188;1;7;0;0;1;1;1;A01
201700057189;2;33;0;0;1;1;1;A01
201700057190;2;7;0;0;1;2;1;A01
201700057191;2;7;0;0;2;7;2;A01
201700057191;2;1;0;0;2;8;2;B01
201700057192;1;33;0;0;2;0;1;B01
201700057192;0;7;0;0;2;1;1;A01
201700057193;2;14;0;0;1;0;16;Z01
201700057194;1;33;0;0;2;0;15;A01
201700057194;1;7;0;0;2;0;2;Z01
201700057195;1;2;0;0;1;1;1;Z01
201700057196;1;7;0;0;2;0;13;Z01
201700057196;1;2;0;0;2;0;1;A01
201700057197;1;7;0;8;0;1;13;A01
201700057198;1;7;0;0;2;1;2;A01
201700057198;1;7;0;0;2;4;2;B01
201700057199;1;7;0;0;2;5;16;A01
201700057199;1;30;0;0;2;0;18;B01
201700057200;1;7;0;0;1;2;1;A01
201700057201;1;38;0;0;1;7;1;A01
201700057202;0;2;0;0;2;3;2;A01
201700057202;0;7;0;0;2;5;2;B01
201700057203;2;7;0;0;2;2;1;A01
201700057203;2;1;0;0;2;3;13;B01
201700057204;2;7;0;0;1;2;16;A01
201700057205;2;32;0;0;0;1;1;A01
201700057206;2;7;0;0;2;3;2;A01
201700057206;1;31;0;0;2;4;23;B01
201700057207;2;10;0;0;1;3;16;A01
201700057208;1;10;0;15;1;2;14;A01
201700057209;1;7;0;0;1;1;15;A01
201700057210;1;37;0;0;1;3;1;A01
201700057211;1;31;0;0;2;3;1;A01
201700057211;1;7;0;0;2;1;1;B01
201700057212;0;33;0;0;1;1;1;A01
201700057213;1;7;0;0;2;3;10;B01
201700057213;1;2;0;0;2;3;1;A01
201700057214;2;1;0;0;0;0;15;A01
201700057215;1;31;0;0;1;1;17;A01
201700057216;2;2;0;0;1;2;1;A01
201700057217;1;30;0;0;1;2;1;A01
201700057218;1;10;0;0;2;8;10;A01
201700057218;1;31;0;0;2;2;1;B01
201700057219;1;10;0;0;2;0;15;Z01
201700057219;1;2;0;0;2;8;1;A01
201700057220;2;30;0;0;2;1;9;A01
201700057220;1;7;0;0;2;3;1;B01
201700057221;2;7;0;1;0;2;14;A01
201700057222;1;32;0;0;2;0;1;B01
201700057222;1;7;0;0;2;0;9;A01
201700057223;2;34;0;0;2;2;17;A01
201700057223;0;10;0;0;2;3;9;B01
201700057224;1;7;0;0;1;1;1;A01
201700057225;2;7;0;0;2;8;1;B01
201700057225;1;7;0;0;2;3;1;A01
201700057226;1;7;0;0;2;2;11;Z01
201700057226;1;2;0;0;2;1;1;A01
201700057227;1;7;0;0;2;1;2;A01
201700057227;1;7;0;0;2;4;23;B01
201700057228;0;7;0;0;1;1;1;A01
201700057229;0;7;0;0;2;7;16;A01
201700057229;0;7;0;0;2;3;1;B01
201700057230;1;7;0;0;1;2;10;A01
201700057231;1;7;0;0;2;3;1;A01
201700057231;2;7;0;0;2;6;9;B01
201700057232;1;10;0;0;2;2;2;A01
201700057232;1;30;0;0;2;6;23;B01
201700057233;0;32;0;0;2;3;1;A01
201700057233;1;7;0;0;2;0;12;Z01
201700057234;1;7;0;0;2;0;1;A01
201700057234;2;33;0;0;2;0;1;B01
201700057235;1;7;0;1;1;3;1;A01
201700057236;2;7;0;0;2;3;1;B01
201700057236;2;32;0;0;2;2;1;A01
201700057237;1;7;0;0;2;7;12;A01
201700057237;0;32;0;0;2;8;3;B01
201700057238;2;2;0;0;2;6;1;A01
201700057238;0;7;0;0;2;0;14;Z01
201700057239;1;10;0;0;1;1;15;A01
201700057240;1;30;0;0;1;2;5;A01
201700057241;2;7;0;0;2;2;1;B01
201700057241;1;33;0;0;2;3;15;A01
201700057242;0;33;0;0;2;3;1;B01
201700057242;0;7;0;0;2;6;13;A01
201700057243;1;10;0;0;1;4;4;A01
201700057244;1;7;0;0;2;1;2;A01
201700057244;1;7;0;0;2;4;23;B01
201700057244;1;7;0;0;2;4;23;C01
201700057245;1;7;0;0;2;3;1;A01
201700057245;1;1;0;0;2;1;15;B01
201700057246;1;7;0;0;2;8;1;E01
201700057246;1;1;0;0;2;4;1;C01
201700057246;1;1;0;0;2;4;1;B01
201700057246;1;32;0;0;2;4;1;D01
201700057246;1;33;0;0;2;1;1;A01
201700057247;1;7;0;0;1;1;1;A01
201700057248;1;7;0;0;1;6;15;A01
201700057249;1;7;0;0;2;2;15;A01
201700057249;1;31;0;0;2;3;16;B01
201700057250;2;7;0;0;2;3;15;A01
201700057250;2;32;0;0;2;0;17;B01
201700057251;1;7;0;0;2;8;1;A01
201700057251;1;15;0;0;2;2;17;Z01
201700057252;0;2;0;0;1;1;1;A01
201700057253;1;7;0;0;1;1;15;A01
201700057254;1;33;0;12;0;3;13;A01
201700057255;2;30;0;0;1;1;1;A01
201700057256;1;7;0;0;2;2;15;Z01
201700057256;2;1;0;0;2;1;1;A01
201700057257;2;7;0;0;2;1;1;A01
201700057257;1;40;0;0;2;2;1;B01
201700057258;1;7;0;0;1;2;1;A01
201700057259;2;7;0;0;2;3;15;B01
201700057259;2;34;0;0;2;7;5;A01
201700057260;2;30;0;0;2;3;1;B01
201700057260;1;7;0;0;2;7;15;A01
201700057261;0;7;0;0;2;3;9;A01
201700057261;1;34;0;0;2;1;1;B01
201700057262;0;1;0;0;2;3;19;A01
201700057262;2;34;0;0;2;0;1;Z01
201700057263;1;7;0;0;2;2;9;Z01
201700057263;2;32;0;0;2;8;1;A01
201700057264;0;7;0;0;2;3;14;A01
201700057264;0;33;0;0;2;2;1;B01
201700057265;1;7;0;0;2;8;15;A01
201700057265;1;33;0;0;2;2;17;B01
201700057266;2;7;0;1;2;1;9;A01
201700057266;2;31;0;0;2;7;1;B01
201700057267;1;2;0;1;0;9;17;A01
201700057268;2;7;0;0;1;2;1;A01
201700057269;1;30;0;0;1;2;1;A01
201700057270;0;7;0;0;2;3;14;A01
201700057270;0;33;0;0;2;4;1;B01
201700057271;1;7;0;0;1;1;16;A01
201700057272;1;7;0;0;1;8;1;A01
201700057273;2;7;0;0;2;3;15;A01
201700057273;2;32;0;0;2;7;1;B01
201700057274;1;7;0;0;1;2;1;A01
201700057275;2;7;0;0;2;8;15;B01
201700057275;2;30;0;0;2;1;17;A01
201700057276;2;2;0;0;1;1;1;A01
201700057277;1;7;0;0;1;3;1;A01
201700057278;2;34;0;0;2;1;1;B01
201700057278;1;7;0;0;2;2;10;A01
201700057279;2;10;0;0;1;1;1;A01
201700057280;1;30;0;0;2;8;1;A01
201700057280;1;7;0;0;2;3;9;B01
201700057281;2;1;0;0;2;8;1;B01
201700057281;1;7;0;0;2;1;15;A01
201700057282;1;2;0;0;2;1;1;B01
201700057282;1;3;0;0;2;4;16;A01
201700057283;1;7;0;0;1;3;1;A01
201700057284;1;2;0;0;1;7;1;A01
201700057285;2;31;0;0;2;1;1;B01
201700057285;1;7;0;0;2;8;1;C01
201700057285;2;7;0;0;2;0;5;A01
201700057286;1;7;0;0;2;8;1;B01
201700057286;2;7;0;0;2;6;4;A01
201700057287;2;31;0;1;2;0;18;A01
201700057287;0;7;0;0;2;5;22;B01
201700057288;2;7;0;0;2;3;9;B01
201700057288;2;33;0;0;2;1;17;A01
201700057289;0;7;0;0;2;3;1;A01
201700057289;0;37;0;0;2;2;1;B01
201700057290;2;7;0;0;1;3;1;A01
201700057291;1;7;0;0;1;2;16;A01
201700057292;2;7;0;0;1;0;15;A01
201700057293;2;2;0;0;2;2;2;A01
201700057293;0;2;0;0;2;0;2;Z01
201700057294;1;2;0;0;2;1;1;B01
201700057294;1;7;0;0;2;7;1;A01
201700057295;2;33;0;0;2;3;17;A01
201700057295;2;30;0;0;2;6;13;B01
201700057296;2;1;0;0;1;1;1;A01
201700057297;2;2;0;14;0;0;14;A01
201700057298;1;31;0;0;2;2;17;A01
201700057298;1;7;0;0;2;3;15;B01
201700057299;2;7;0;0;2;3;9;B01
201700057299;2;33;0;0;2;1;1;A01
201700057300;1;7;0;0;2;4;23;C01
201700057300;1;7;0;0;2;4;23;B01
201700057300;1;7;0;0;2;3;1;A01
201700057301;2;7;0;0;2;2;1;B01
201700057301;1;1;0;0;2;1;14;A01
201700057302;1;32;0;0;2;2;18;A01
201700057302;1;7;0;0;2;5;14;B01
201700057303;1;7;0;0;1;4;4;A01
201700057304;2;7;0;0;1;1;1;A01
201700057305;2;7;0;0;2;4;1;B01
201700057305;2;7;0;0;2;1;1;A01
201700057306;2;7;0;0;2;2;1;A01
201700057306;2;7;0;0;2;0;9;B01
201700057307;0;7;0;0;2;4;23;C01
201700057307;1;7;0;0;2;4;23;B01
201700057307;1;7;0;0;2;1;1;A01
201700057308;2;1;0;1;0;1;13;A01
201700057309;2;1;0;0;1;1;1;A01
201700057310;2;33;0;0;2;8;2;A01
201700057310;1;31;0;0;2;0;23;B01
201700057311;0;7;0;0;1;1;1;A01
201700057312;0;1;0;1;0;1;1;A01
201700057313;1;7;0;0;2;1;15;Z01
201700057313;2;1;0;0;2;1;1;A01
201700057314;0;7;0;0;2;8;23;A01
201700057314;0;7;0;0;2;0;2;Z01
201700057315;2;30;0;0;2;0;17;B01
201700057315;1;7;0;0;2;3;9;A01
201700057316;2;2;0;0;2;1;17;A01
201700057316;2;7;0;0;2;6;1;B01
201700057317;2;30;0;0;1;7;1;A01
201700057318;1;31;0;0;1;7;1;Z01
201700057319;1;7;0;0;2;1;1;B01
201700057319;1;1;0;0;2;4;17;A01
201700057320;2;34;0;0;2;0;1;B01
201700057320;1;10;0;0;2;5;15;A01
201700057321;2;7;0;0;2;2;1;B01
201700057321;1;34;0;0;2;2;1;A01
201700057322;1;32;0;0;2;3;1;A01
201700057322;1;10;0;0;2;0;1;B01
201700057323;1;7;0;0;2;2;14;A01
201700057323;1;31;0;0;2;3;1;B01
201700057324;2;2;0;0;2;1;5;B01
201700057324;2;7;0;0;2;3;10;A01
201700057325;1;7;0;0;1;8;15;Z01
201700057326;1;7;0;0;2;0;9;Z01
201700057326;1;2;0;0;2;0;17;A01
201700057327;1;31;0;0;1;0;1;A01
201700057328;0;7;0;0;2;2;1;A01
201700057328;0;34;0;0;2;7;1;B01
201700057329;1;30;0;0;2;1;13;A01
201700057329;2;10;0;0;2;3;1;B01
201700057330;1;1;0;0;0;7;21;A01
201700057331;1;33;0;0;0;1;1;A01
201700057332;1;7;0;0;1;2;1;A01
201700057333;0;7;0;0;1;2;16;Z01
201700057334;1;7;0;0;2;2;15;A01
201700057334;2;1;0;0;2;0;1;B01
201700057335;1;7;0;0;2;1;5;A01
201700057335;2;10;0;0;2;1;1;B01
201700057336;1;7;0;0;2;6;1;B01
201700057336;1;10;0;0;2;2;9;A01
201700057337;2;1;0;0;2;0;16;B01
201700057337;2;32;0;0;2;0;1;A01
201700057338;0;34;0;0;2;1;1;B01
201700057338;0;32;0;0;2;4;1;A01
201700057339;2;7;0;0;1;1;1;A01
201700057340;0;7;0;0;2;1;1;A01
201700057340;0;1;0;0;2;8;19;B01
201700057341;1;7;0;0;2;2;7;A01
201700057341;1;1;0;0;2;1;9;B01
201700057342;0;7;0;0;1;0;1;Z01
201700057343;2;34;0;0;2;2;17;B01
201700057343;2;7;0;0;2;3;13;A01
201700057344;1;7;0;0;1;2;1;A01
201700057345;2;33;0;0;2;7;1;A01
201700057345;2;7;0;0;2;3;15;B01
201700057346;2;7;0;0;2;1;2;C01
201700057346;1;7;0;1;2;1;2;A01
201700057346;1;7;0;0;2;4;23;B01
201700057347;1;1;0;0;2;1;1;B01
201700057347;2;7;0;0;2;3;15;A01
201700057348;1;7;0;0;1;1;1;A01
201700057349;1;1;0;0;2;2;1;B01
201700057349;2;7;0;0;2;3;15;A01
201700057350;1;33;0;0;1;3;9;A01
201700057351;1;1;0;0;2;8;1;B01
201700057351;1;7;0;0;2;1;16;A01
201700057352;1;31;0;0;2;3;1;B01
201700057352;1;10;0;0;2;2;16;A01
201700057353;1;7;0;0;2;1;17;B01
201700057353;1;3;0;1;2;2;1;A01
201700057354;0;7;0;0;1;4;4;Z01
201700057355;0;7;0;1;0;3;13;A01
201700057356;2;7;0;0;2;0;14;A01
201700057356;2;2;0;0;2;0;1;B01
201700057357;1;7;0;0;2;2;9;A01
201700057357;1;2;0;0;2;1;1;B01
201700057358;2;7;0;0;2;8;15;A01
201700057358;2;31;0;0;2;2;17;B01
201700057359;0;10;0;0;2;2;12;A01
201700057359;0;31;0;0;2;1;1;B01
201700057360;0;33;0;0;1;1;1;Z01
201700057361;1;2;0;0;0;0;0;A01
201700057361;1;7;0;0;2;2;16;B01
201700057362;1;7;0;0;1;1;15;A01
201700057363;2;7;0;0;1;2;16;A01
201700057364;0;10;0;1;1;4;4;A01
201700057365;1;30;0;0;1;1;1;A01
201700057366;2;10;0;0;2;0;13;A01
201700057366;0;7;0;7;2;2;1;B01
201700057367;0;2;0;0;1;0;1;Z01
201700057368;0;1;0;1;2;0;13;B01
201700057368;0;7;0;0;2;1;1;A01
201700057369;2;10;0;0;2;8;22;A01
201700057369;2;1;0;0;2;0;1;B01
201700057370;2;1;0;1;1;0;5;A01
201700057371;0;2;0;0;2;0;1;A01
201700057371;0;7;0;0;2;0;14;Z01
201700057372;1;30;0;0;2;1;2;A01
201700057372;1;33;0;0;2;4;23;B01
201700057373;0;1;0;0;1;1;0;A01
201700057374;0;7;0;0;1;0;1;A01
201700057375;1;1;0;14;0;1;7;A01
201700057376;2;7;0;0;1;3;1;A01
201700057377;1;7;0;9;0;1;1;A01
201700057378;1;1;0;0;1;7;1;A01
201700057379;1;10;0;0;2;0;22;A01
201700057379;1;1;0;0;2;1;1;B01
201700057380;2;7;0;0;2;7;10;A01
201700057380;1;32;0;0;2;1;1;B01
201700057381;1;7;0;0;2;2;14;A01
201700057381;1;1;0;0;2;4;1;B01
201700057382;1;1;0;0;1;1;1;A01
201700057383;2;38;0;0;0;0;21;A01
201700057384;1;34;0;0;1;3;1;A01
201700057385;1;33;0;0;1;1;1;A01
201700057386;1;7;0;0;2;1;2;A01
201700057386;1;7;0;0;2;4;23;B01
201700057387;1;7;0;0;1;2;1;A01
201700057388;2;10;0;0;2;3;13;B01
201700057388;2;2;0;0;2;1;17;A01
201700057389;1;31;0;0;2;4;23;B01
201700057389;1;7;0;0;2;1;2;A01
201700057390;1;7;0;15;0;1;16;A01
201700057391;0;31;0;0;2;0;1;B01
201700057391;1;7;0;0;2;1;9;A01
201700057392;2;7;0;15;0;3;13;A01
201700057393;2;31;0;0;1;1;1;Z01
201700057394;1;37;0;0;2;6;16;Z01
201700057394;1;7;0;0;2;2;1;A01
201700057395;1;10;0;0;2;1;1;A01
201700057395;0;30;0;0;2;7;1;B01
201700057396;0;7;0;0;2;4;23;B01
201700057396;0;10;0;0;2;4;2;A01
201700057397;2;1;0;0;2;0;1;A01
201700057397;2;7;0;0;2;0;9;Z01
201700057398;1;33;0;0;2;4;2;B01
201700057398;1;7;0;0;2;1;2;A01
201700057399;2;7;0;14;0;1;13;A01
201700057400;1;40;0;0;1;3;1;A01
201700057401;1;32;0;0;2;7;17;A01
201700057401;1;7;0;0;2;0;15;B01
201700057402;1;7;0;0;2;8;15;B01
201700057402;1;7;0;8;2;1;4;A01
201700057403;0;7;0;0;2;1;1;A01
201700057403;0;7;0;0;2;0;23;B01
201700057404;1;1;0;0;1;1;1;A01
201700057405;1;10;0;0;1;2;1;A01
201700057406;2;7;0;0;2;8;1;D01
201700057406;1;33;0;0;2;7;15;B01
201700057406;2;7;0;0;2;1;15;C01
201700057406;2;7;0;0;2;1;9;Z01
201700057407;0;7;0;12;0;0;21;A01
201700057408;0;2;0;0;2;0;1;Z01
201700057408;2;1;0;0;2;4;1;A01
201700057409;1;1;0;1;0;4;13;A01
201700057410;2;7;0;0;1;4;4;A01
201700057411;1;30;0;0;2;0;15;A01
201700057411;1;30;0;0;2;0;17;Z01
201700057412;1;7;0;0;2;3;15;A01
201700057412;1;32;0;0;2;1;17;B01
201700057413;1;30;0;0;2;0;1;B01
201700057413;1;10;0;0;2;0;12;A01
201700057414;2;30;0;0;1;0;1;Z01
201700057415;1;33;0;0;2;1;1;B01
201700057415;1;7;0;0;2;2;1;A01
201700057416;1;7;0;0;2;7;23;B01
201700057416;1;2;0;0;2;1;13;A01
201700057417;1;7;0;0;2;2;1;A01
201700057417;0;33;0;0;2;3;23;B01
201700057418;2;2;0;0;1;3;1;A01
201700057419;2;2;0;0;1;0;16;Z01
201700057420;2;7;0;0;2;3;1;B01
201700057420;1;30;0;0;2;1;15;A01
201700057421;2;2;0;0;0;0;21;A01
201700057422;1;7;0;0;1;1;15;A01
201700057423;1;7;0;0;2;5;20;A01
201700057423;1;33;0;0;2;0;18;B01
201700057424;1;7;0;0;1;4;4;Z01
201700057425;2;30;0;0;1;1;13;Z01
201700057426;1;34;0;0;2;1;1;B01
201700057426;2;7;0;0;2;1;17;A01
201700057427;1;10;0;0;1;2;1;A01
201700057428;0;33;0;0;2;4;2;B01
201700057428;0;7;0;0;2;1;2;A01
201700057429;1;1;0;0;1;8;2;A01
201700057430;1;7;0;1;2;7;1;C01
201700057430;1;2;0;0;2;3;1;B01
201700057430;1;7;0;0;2;8;22;A01
201700057431;1;7;0;0;2;1;2;A01
201700057431;1;10;0;0;2;4;2;B01
201700057432;1;10;0;0;2;1;15;A01
201700057432;2;7;0;0;2;1;1;B01
201700057433;0;7;0;0;1;5;4;A01
201700057434;0;30;0;12;2;1;18;A01
201700057434;1;7;0;0;2;2;1;B01
201700057435;1;32;0;0;2;1;18;B01
201700057435;1;7;0;0;2;7;22;A01
201700057436;2;33;0;0;1;1;1;A01
201700057437;0;7;0;0;1;4;1;Z01
201700057438;1;3;0;4;2;3;13;A01
201700057439;2;10;0;0;2;7;16;B01
201700057439;2;2;0;0;2;3;18;A01
201700057440;1;34;0;1;0;2;7;A01
201700057441;1;40;0;0;2;2;1;B01
201700057441;1;1;0;0;2;1;1;A01
201700057442;1;7;0;4;0;2;13;A01
201700057443;1;10;0;0;2;3;1;B01
201700057443;1;7;0;0;2;1;1;A01
201700057444;1;2;0;0;2;8;1;B01
201700057444;1;10;0;0;2;2;16;A01
201700057445;1;7;0;0;2;8;10;A01
201700057445;1;33;0;0;2;1;1;B01
201700057446;2;1;0;0;2;1;9;A01
201700057446;2;1;0;0;2;1;1;B01
201700057447;1;1;0;0;2;0;1;A01
201700057447;2;1;0;0;2;3;16;B01
201700057448;2;1;0;0;2;1;1;A01
201700057448;2;7;0;0;2;2;16;Z01
201700057449;1;7;0;0;2;4;23;B01
201700057449;1;7;0;0;2;1;2;A01
201700057450;1;30;0;0;1;1;1;A01
201700057451;1;7;0;0;1;1;1;A01
201700057452;1;7;0;14;2;1;1;A01
201700057452;1;7;0;14;2;4;23;B01
201700057453;1;7;0;0;2;2;15;A01
201700057453;2;2;0;0;2;1;1;B01
201700057454;1;31;0;0;0;1;21;A01
201700057455;2;30;0;0;0;0;21;A01
201700057456;2;32;0;0;2;4;23;A01
201700057456;2;7;0;0;2;1;1;Z01
201700057457;2;7;0;0;1;6;4;A01
201700057458;1;7;0;0;2;4;23;C01
201700057458;1;7;0;0;2;4;23;B01
201700057458;1;7;0;0;2;1;2;A01
201700057459;2;7;0;0;2;5;23;B01
201700057459;2;7;0;0;2;1;2;A01
201700057460;1;31;0;0;2;1;1;B01
201700057460;1;7;0;0;2;3;1;A01
201700057461;2;14;0;0;1;7;16;A01
201700057462;1;7;0;9;1;0;16;A01
201700057463;1;13;0;0;2;3;15;A01
201700057463;1;1;0;0;2;4;23;B01
201700057464;1;31;0;0;1;1;1;A01
201700057465;2;30;0;0;0;7;1;A01
201700057466;1;7;0;0;1;2;1;A01
201700057467;2;7;0;1;2;9;23;A01
201700057467;2;7;0;0;2;1;2;Z01
201700057468;2;17;0;0;2;2;1;B01
201700057468;2;7;0;0;2;3;1;A01
201700057469;2;2;0;0;2;1;1;B01
201700057469;1;7;0;0;2;1;5;A01
201700057470;2;7;0;0;2;2;9;A01
201700057470;1;32;0;0;2;2;17;B01
201700057471;2;7;0;0;2;3;9;A01
201700057471;2;32;0;0;2;5;1;B01
201700057472;1;7;0;0;2;8;22;A01
201700057472;1;1;0;0;2;1;1;B01
201700057473;2;7;0;0;2;6;11;A01
201700057473;2;7;0;0;2;1;1;C01
201700057473;2;7;0;0;2;9;1;B01
201700057474;2;1;0;0;2;1;19;B01
201700057474;2;7;0;0;2;3;15;A01
201700057475;1;33;0;0;2;8;16;B01
201700057475;1;7;0;0;2;7;16;A01
201700057476;1;7;0;0;2;4;22;A01
201700057476;1;30;0;0;2;1;17;B01
201700057477;1;7;0;0;2;1;1;B01
201700057477;1;7;0;0;2;1;1;A01
201700057478;1;32;0;0;1;1;1;Z01
201700057479;2;30;0;0;2;1;18;A01
201700057479;2;7;0;0;2;6;23;B01
201700057480;1;32;0;0;2;8;1;B01
201700057480;2;7;0;0;2;2;9;A01
201700057481;1;10;0;0;1;1;15;A01
201700057482;1;32;0;0;2;1;1;B01
201700057482;2;30;0;0;2;1;5;A01
201700057483;1;30;0;0;1;1;1;A01
201700057484;0;7;0;0;2;7;16;A01
201700057484;2;1;0;0;2;6;18;B01
201700057485;1;7;0;0;1;2;1;Z01
201700057486;1;30;0;0;2;7;1;A01
201700057486;1;7;0;0;2;0;9;B01
201700057487;1;2;0;0;2;3;18;A01
201700057487;1;10;0;0;2;5;16;B01
201700057488;1;7;0;1;0;2;14;A01
201700057489;1;7;0;0;2;1;9;A01
201700057489;2;30;0;0;2;7;17;B01
201700057490;1;7;0;0;1;2;15;A01
201700057491;1;7;0;0;2;7;16;A01
201700057491;1;1;0;0;2;0;7;B01
201700057492;1;1;0;0;1;1;1;A01
201700057493;2;7;0;0;1;1;18;A01
201700057494;2;30;0;0;2;1;1;B01
201700057494;2;7;0;0;2;3;9;A01
201700057495;0;7;0;0;2;4;1;B01
201700057495;2;7;0;0;2;1;1;A01
201700057496;1;30;0;0;2;8;9;B01
201700057496;2;7;0;0;2;2;1;A01
201700057497;1;7;0;0;2;3;9;A01
201700057497;1;32;0;0;2;7;17;B01
201700057498;1;7;0;0;2;3;9;A01
201700057498;1;7;0;0;2;2;1;B01
201700057499;1;2;0;9;0;2;14;A01
201700057500;2;7;0;0;1;8;1;A01
201700057501;1;7;0;0;2;2;1;A01
201700057501;1;7;0;0;2;8;1;B01
201700057502;1;7;0;0;2;3;15;A01
201700057502;1;33;0;0;2;1;17;B01
201700057503;1;7;0;0;2;0;9;A01
201700057503;1;33;0;0;2;0;1;B01
201700057504;1;7;0;0;2;8;15;A01
201700057504;1;30;0;0;2;7;17;B01
201700057505;0;7;0;0;2;1;2;A01
201700057505;0;7;0;0;2;4;23;B01
201700057506;1;30;0;0;2;4;2;A01
201700057506;1;7;0;12;2;1;2;Z01