num_acc;senc;catv;occutc;obs;obsm;choc;manv;num_veh
201700058226;2;7;0;0;2;2;12;A01
201700058226;2;33;0;0;2;3;3;B01
201700058227;1;7;0;0;2;5;1;B01
201700058227;1;2;0;0;2;1;1;A01
201700058228;1;7;0;0;2;2;12;A01
201700058228;1;33;0;0;2;3;3;B01
201700058229;2;7;0;0;2;4;1;C01
201700058229;2;7;0;0;2;1;1;A01
201700058229;2;33;0;0;2;9;1;B01
201700058230;2;7;0;0;2;4;1;B01
201700058230;2;7;0;0;2;1;1;A01
201700058231;1;31;0;0;2;3;3;B01
201700058231;1;7;0;0;2;2;12;A01
201700058232;2;7;0;0;2;2;1;C01
201700058232;2;7;0;0;2;9;1;A01
201700058232;2;7;0;0;2;4;23;B01
201700058233;2;7;0;0;2;4;1;E01
201700058233;2;7;0;0;2;4;1;B01
201700058233;2;7;0;0;2;1;1;A01
201700058233;2;7;0;0;2;4;1;C01
201700058233;2;7;0;0;2;4;1;D01
201700058234;1;31;0;0;2;0;3;B01
201700058234;1;7;0;0;2;6;11;A01
201700058235;1;7;0;0;2;1;1;C01
201700058235;1;7;0;0;2;1;1;A01
201700058235;1;7;0;0;2;4;1;B01
201700058236;2;33;0;0;2;8;3;B01
201700058236;2;7;0;0;2;7;12;A01
201700058237;2;7;0;0;2;4;1;B01
201700058237;2;7;0;0;2;1;1;A01
201700058238;2;31;0;0;2;0;1;A01
201700058238;2;7;0;0;2;4;1;B01
201700058239;2;14;0;0;2;2;12;A01
201700058239;2;7;0;0;2;8;1;B01
201700058240;1;7;0;0;2;4;1;B01
201700058240;1;7;0;0;2;0;23;C01
201700058240;1;7;0;0;2;1;1;A01
201700058241;1;7;0;0;2;2;12;Z01
201700058241;1;31;0;0;2;8;1;A01
201700058242;1;32;0;0;2;3;1;A01
201700058242;1;7;0;0;2;5;1;B01
201700058243;2;10;0;0;1;2;16;A01
201700058244;2;34;0;0;2;7;3;A01
201700058244;0;10;0;0;2;0;11;Z01
201700058245;2;33;0;0;;;3;A01
201700058246;2;32;0;0;2;3;1;A01
201700058246;2;7;0;0;2;5;1;B01
201700058247;1;10;0;4;0;1;14;A01
201700058248;1;33;0;0;2;7;14;A01
201700058248;1;10;0;0;2;8;1;B01
201700058249;2;7;0;0;2;1;12;A01
201700058249;2;7;0;0;2;4;23;B01
201700058250;1;34;0;0;2;1;2;A01
201700058250;1;10;0;0;2;4;2;B01
201700058251;1;31;0;0;0;8;1;A01
201700058252;2;7;0;4;2;5;1;A01
201700058252;2;7;0;0;2;0;1;Z01
201700058252;2;7;0;0;2;6;2;B01
201700058253;1;7;0;0;2;4;2;C01
201700058253;1;7;0;0;2;4;2;B01
201700058253;1;7;0;0;2;1;2;A01
201700058254;2;7;0;4;0;5;14;A01
201700058255;1;7;0;0;2;5;11;B01
201700058255;1;33;0;0;2;1;3;A01
201700058256;2;7;0;0;2;5;23;B01
201700058256;2;10;0;0;2;8;23;C01
201700058256;2;34;0;0;2;3;2;A01
201700058257;1;7;0;0;2;6;23;A01
201700058257;1;7;0;0;2;0;23;B01
201700058257;1;31;0;0;2;0;3;C01
201700058258;2;7;0;0;2;0;16;Z01
201700058258;2;7;0;4;2;8;1;A01
201700058259;1;33;0;0;2;8;3;A01
201700058259;1;7;0;0;2;7;1;B01
201700058260;2;31;0;0;2;3;2;A01
201700058260;2;7;0;0;2;5;2;B01
201700058261;2;7;0;4;0;4;13;A01
201700058262;1;7;0;0;2;5;2;Z01
201700058262;1;7;0;0;2;5;2;A01
201700058262;1;34;0;0;2;2;3;B01
201700058263;2;33;0;0;2;1;3;B01
201700058263;2;7;0;0;2;5;12;A01
201700058264;1;33;0;0;2;1;3;A01
201700058264;1;33;0;0;2;4;3;B01
201700058265;1;33;0;0;0;0;1;A01
201700058266;2;7;0;0;2;3;11;B01
201700058266;2;33;0;0;2;1;1;A01
201700058267;0;10;0;0;2;7;12;A01
201700058267;1;33;0;0;2;8;3;B01
201700058268;0;10;0;0;2;4;2;Z01
201700058268;2;32;0;0;2;1;2;A01
201700058269;2;33;0;0;2;2;3;A01
201700058269;2;7;0;0;2;8;11;Z01
201700058270;2;31;0;0;2;3;3;A01
201700058270;2;7;0;0;2;5;1;B01
201700058271;2;7;0;0;2;7;12;A01
201700058271;2;33;0;0;2;6;3;B01
201700058272;2;7;0;0;2;4;2;B01
201700058272;2;7;0;0;2;4;2;C01
201700058272;2;10;0;0;2;1;2;A01
201700058272;0;31;0;0;2;1;2;D01
201700058273;2;34;0;0;2;2;2;A01
201700058273;2;10;0;0;2;6;2;B01
201700058274;2;34;0;0;2;5;1;B01
201700058274;2;7;0;0;2;3;11;A01
201700058275;1;31;0;0;2;1;2;A01
201700058275;1;7;0;0;2;4;23;B01
201700058276;1;31;0;0;2;1;3;A01
201700058276;1;7;0;0;2;6;1;B01
201700058277;1;7;0;0;2;4;1;B01
201700058277;1;7;0;0;2;4;1;D01
201700058277;1;7;0;0;2;1;1;A01
201700058277;1;31;0;0;2;2;1;C01
201700058278;1;33;0;0;2;1;2;A01
201700058278;1;32;0;0;2;4;2;B01
201700058279;2;7;0;0;2;2;12;A01
201700058279;2;32;0;0;2;3;3;B01
201700058280;2;7;0;0;0;9;1;A01
201700058281;1;7;0;0;2;1;1;A01
201700058281;1;7;0;0;2;4;1;B01
201700058282;1;7;0;0;0;0;13;A01
201700058283;1;2;0;4;0;2;13;A01
201700058284;1;7;0;0;2;5;12;A01
201700058284;1;33;0;0;2;3;3;B01
201700058285;1;32;0;0;0;7;3;A01
201700058286;1;33;0;0;2;8;3;A01
201700058286;1;7;0;0;2;2;12;Z01
201700058287;1;7;0;0;2;6;1;C01
201700058287;1;33;0;0;2;3;3;A01
201700058287;1;10;0;0;2;6;1;B01
201700058288;1;7;0;0;2;8;11;A01
201700058288;1;34;0;0;2;7;1;B01
201700058289;2;33;0;0;2;1;3;A01
201700058289;2;7;0;0;2;4;1;B01
201700058290;1;7;0;0;2;4;1;B01
201700058290;1;7;0;0;2;1;1;A01
201700058291;1;31;0;0;2;2;14;C01
201700058291;1;7;0;0;2;4;1;B01
201700058291;1;33;0;0;2;1;1;A01
201700058291;1;7;0;0;2;3;1;D01
201700058292;1;7;0;0;2;2;12;A01
201700058292;1;31;0;0;2;8;3;B01
201700058293;2;7;0;0;2;4;2;C01
201700058293;2;7;0;0;2;1;2;A01
201700058293;2;7;0;0;2;4;2;B01
201700058294;2;7;0;4;0;1;13;A01
201700058295;1;15;0;0;2;8;1;D01
201700058295;1;33;0;0;2;7;3;B01
201700058295;1;33;0;0;2;8;18;A01
201700058295;1;10;0;0;2;2;1;C01
201700058296;1;7;0;0;2;2;12;A01
201700058296;2;31;0;0;2;1;3;B01
201700058297;2;32;0;4;0;0;14;A01
201700058298;1;31;0;0;2;2;3;B01
201700058298;1;7;0;0;2;8;11;A01
201700058299;2;34;0;0;0;;1;A01
201700058300;1;10;0;0;2;4;23;B01
201700058300;1;7;0;0;2;4;23;C01
201700058300;1;10;0;0;2;1;2;A01
201700058301;1;7;0;0;2;7;12;A01
201700058301;1;33;0;0;2;8;1;B01
201700058302;1;7;0;4;0;1;14;A01
201700058303;1;33;0;0;2;2;3;Z01
201700058303;1;33;0;0;2;8;12;A01
201700058304;1;34;0;3;0;1;14;A01
201700058305;1;31;0;0;9;2;3;A01
201700058306;1;34;0;0;2;3;12;A01
201700058306;1;7;0;0;2;5;1;B01
201700058307;2;33;0;0;2;2;3;A01
201700058307;2;7;0;0;2;3;1;B01
201700058308;2;7;0;0;2;1;2;A01
201700058308;2;7;0;0;2;4;2;B01
201700058309;2;32;0;0;2;8;11;A01
201700058309;2;7;0;0;2;4;1;C01
201700058309;2;17;0;0;2;7;1;B01
201700058310;1;32;0;0;0;8;1;A01
201700058311;1;7;0;0;2;1;1;A01
201700058311;1;7;0;0;2;4;1;B01
201700058311;1;7;0;0;2;4;1;C01
201700058312;1;15;0;0;2;1;1;A01
201700058312;1;7;0;0;2;4;23;B01
201700058313;1;7;0;0;2;1;2;A01
201700058313;1;7;0;0;2;4;2;B01
201700058314;2;7;0;0;2;1;2;A01
201700058314;2;7;0;0;2;4;2;B01
201700058315;2;7;0;0;2;6;23;B01
201700058315;2;33;0;0;2;1;12;A01
201700058316;1;7;0;0;2;2;12;A01
201700058316;1;31;0;0;2;6;3;B01
201700058317;1;7;0;0;2;5;23;B01
201700058317;1;33;0;0;2;1;2;A01
201700058318;1;31;0;0;2;3;3;C01
201700058318;1;13;0;0;2;2;1;A01
201700058318;1;7;0;0;2;6;1;B01
201700058319;2;10;0;0;2;2;1;C01
201700058319;2;34;0;0;2;7;14;A01
201700058319;2;7;0;0;2;8;1;B01
201700058320;2;7;0;0;2;1;1;A01
201700058320;2;7;0;4;2;4;1;B01
201700058321;2;33;0;0;2;8;1;B01
201700058321;2;7;0;0;2;7;12;A01
201700058322;1;7;0;0;2;1;2;A01
201700058322;1;7;0;0;2;4;2;B01
201700058323;1;32;0;0;2;8;3;A01
201700058323;1;7;0;0;2;5;23;B01
201700058324;1;7;0;0;2;1;1;A01
201700058324;1;7;0;0;2;4;23;B01
201700058325;2;7;0;0;2;4;11;B01
201700058325;2;7;0;0;2;1;1;A01
201700058326;2;33;0;0;2;3;3;B01
201700058326;2;7;0;0;2;7;12;A01
201700058327;1;7;0;0;2;3;1;B01
201700058327;1;33;0;0;2;1;12;A01
201700058328;2;32;0;0;2;2;3;A01
201700058328;1;10;0;0;2;6;1;B01
201700058329;1;7;0;0;2;0;11;Z01
201700058329;1;33;0;0;2;7;3;A01
201700058330;1;7;0;4;0;3;14;A01
201700058331;2;10;0;0;2;4;23;C01
201700058331;2;7;0;0;2;6;1;B01
201700058331;2;33;0;4;2;1;1;A01
201700058332;1;10;0;0;2;6;1;B01
201700058332;1;34;0;0;2;1;1;A01
201700058333;2;34;0;0;2;8;3;C01
201700058333;2;10;0;0;2;8;23;D01
201700058333;2;10;0;0;2;4;23;B01
201700058333;2;7;0;0;2;1;1;A01
201700058334;1;10;0;0;2;1;1;A01
201700058334;1;7;0;0;2;4;1;B01
201700058335;2;7;0;0;2;5;1;C01
201700058335;2;33;0;0;2;7;3;B01
201700058335;2;7;0;0;2;8;11;A01
201700058335;2;33;0;0;2;2;3;D01
201700058336;2;7;0;0;2;5;11;A01
201700058336;2;31;0;0;2;1;3;B01
201700058337;2;7;0;0;2;7;12;A01
201700058337;2;32;0;0;2;8;3;B01
201700058338;1;7;0;0;2;5;12;A01
201700058338;1;7;0;0;2;3;1;B01
201700058339;2;7;0;0;2;1;1;A01
201700058339;2;7;0;0;2;4;23;B01
201700058339;2;7;0;0;2;4;23;C01
201700058340;1;33;0;0;2;4;23;C01
201700058340;1;34;0;0;2;4;23;D01
201700058340;1;34;0;0;2;1;3;A01
201700058340;1;33;0;0;2;4;23;B01
201700058341;1;33;0;0;2;1;1;A01
201700058341;1;7;0;0;2;6;1;B01
201700058342;2;7;0;0;2;0;23;B01
201700058342;2;7;0;1;2;4;1;A01
201700058342;2;7;0;16;2;4;23;C01
201700058342;2;7;0;0;2;0;1;D01
201700058343;2;15;0;0;2;3;11;B01
201700058343;2;7;0;0;2;5;12;A01
201700058344;1;10;0;0;2;4;1;B01
201700058344;1;31;0;0;2;1;1;A01
201700058345;2;34;0;0;2;3;11;A01
201700058345;2;7;0;0;2;5;1;B01
201700058346;1;7;0;0;2;6;1;B01
201700058346;1;17;0;0;2;2;12;A01
201700058347;2;32;0;0;2;1;1;A01
201700058347;2;7;0;0;2;5;1;B01
201700058348;2;31;0;0;2;3;3;B01
201700058348;2;7;0;0;2;2;12;A01
201700058349;2;7;0;0;2;6;23;B01
201700058349;2;7;0;0;2;2;1;A01
201700058350;1;7;0;0;2;7;12;A01
201700058350;1;33;0;0;2;3;3;B01
201700058351;2;7;0;0;2;1;2;A01
201700058351;2;7;0;0;2;4;23;B01
201700058352;1;7;0;0;2;4;1;B01
201700058352;1;7;0;0;2;1;13;A01
201700058353;1;33;0;0;2;8;3;B01
201700058353;1;7;0;0;2;7;12;A01
201700058354;2;7;0;0;2;0;2;B01
201700058354;2;33;0;0;2;1;2;A01
201700058355;1;7;0;0;2;2;1;A01
201700058355;1;7;0;0;2;6;11;Z01
201700058356;1;32;0;0;2;7;1;B01
201700058356;1;10;0;0;2;0;23;C01
201700058356;1;7;0;0;2;8;11;A01
201700058357;1;7;0;0;2;4;23;C01
201700058357;1;7;0;0;2;1;2;A01
201700058357;1;7;0;0;2;4;23;B01
201700058358;1;33;0;0;2;3;1;A01
201700058358;1;7;0;0;2;2;14;B01
201700058359;1;33;0;0;2;1;3;A01
201700058359;1;7;0;0;2;6;13;B01
201700058360;2;7;0;0;2;2;12;A01
201700058360;2;7;0;0;2;6;1;B01
201700058361;2;7;0;0;2;1;2;C01
201700058361;2;7;0;0;2;4;2;B01
201700058361;2;7;0;0;2;1;12;A01
201700058362;2;31;0;0;2;1;12;A01
201700058362;2;7;0;0;2;6;1;B01
201700058363;1;7;0;0;2;4;2;C01
201700058363;1;13;0;0;2;1;2;A01
201700058363;1;7;0;0;2;4;2;B01
201700058364;1;33;0;0;2;8;3;B01
201700058364;1;7;0;0;2;7;12;A01
201700058365;1;14;0;0;2;2;1;B01
201700058365;1;7;0;0;2;0;1;D01
201700058365;1;7;0;4;2;7;12;A01
201700058365;1;34;0;0;2;1;3;C01
201700058366;2;7;0;0;2;4;2;C01
201700058366;2;7;0;0;2;1;2;A01
201700058366;2;7;0;0;2;4;2;B01
201700058367;1;31;0;0;2;1;1;C01
201700058367;1;7;0;0;2;0;11;A01
201700058367;1;7;0;0;2;6;1;B01
201700058368;2;7;0;0;2;8;2;B01
201700058368;2;7;0;0;2;8;2;C01
201700058368;2;7;0;4;2;8;2;D01
201700058368;2;7;0;0;2;7;14;A01
201700058369;2;33;0;0;2;0;3;Z01
201700058369;0;7;0;0;2;5;1;B01
201700058369;2;31;0;0;2;7;3;A01
201700058369;2;7;0;0;2;3;1;C01
201700058370;2;33;0;4;0;8;13;A01
201700058371;1;34;0;0;2;2;1;B01
201700058371;1;7;0;0;2;8;11;A01
201700058372;1;32;0;14;0;1;12;A01
201700058373;1;7;0;0;2;4;23;C01
201700058373;1;7;0;0;2;4;23;D01
201700058373;1;10;0;0;2;1;2;A01
201700058373;1;7;0;0;2;4;2;B01
201700058374;2;7;0;0;2;3;11;Z01
201700058374;2;7;0;0;2;2;1;A01
201700058375;1;7;0;4;0;1;14;A01
201700058376;0;13;0;0;2;5;2;B01
201700058376;2;10;0;0;2;1;2;A01
201700058377;2;31;0;0;2;8;3;A01
201700058377;2;7;0;0;2;7;1;B01
201700058378;2;33;0;0;2;1;2;A01
201700058378;2;10;0;0;2;6;2;B01
201700058379;1;33;0;0;2;8;3;B01
201700058379;1;7;0;0;2;2;12;A01
201700058379;1;10;0;0;2;6;1;C01
201700058380;1;7;0;0;2;4;2;B01
201700058380;1;7;0;0;2;1;2;A01
201700058380;1;7;0;0;2;4;2;C01
201700058381;1;33;0;12;0;1;16;A01
201700058382;1;34;0;0;2;1;3;A01
201700058382;1;7;0;0;2;5;1;B01
201700058383;1;10;0;0;2;5;1;B01
201700058383;1;33;0;0;2;8;3;A01
201700058384;1;7;0;4;0;2;13;A01
201700058385;2;15;0;0;2;6;1;B01
201700058385;1;7;0;0;2;2;14;A01
201700058386;1;7;0;0;2;4;23;C01
201700058386;1;7;0;0;2;4;23;B01
201700058386;1;7;0;0;2;1;2;A01
201700058387;2;33;0;0;2;8;3;B01
201700058387;2;7;0;0;2;4;1;C01
201700058387;2;7;0;0;2;2;12;A01
201700058388;2;33;0;0;2;7;3;B01
201700058388;2;31;0;0;2;8;3;Z01
201700058388;2;33;0;0;2;7;3;A01
201700058389;2;7;0;0;2;1;2;A01
201700058389;2;7;0;0;2;4;23;B01
201700058390;2;7;0;0;2;4;2;B01
201700058390;2;7;0;0;2;4;2;C01
201700058390;2;7;0;0;2;1;2;A01
201700058391;1;33;0;0;2;1;3;A01
201700058391;1;34;0;0;2;4;3;B01
201700058392;2;33;0;0;2;1;2;A01
201700058392;2;7;0;0;2;4;2;Z01
201700058393;1;7;0;0;2;1;2;A01
201700058393;1;7;0;0;2;4;23;C01
201700058393;1;7;0;0;2;5;23;B01
201700058394;2;34;0;0;2;2;11;A01
201700058394;2;7;0;0;2;2;1;B01
201700058395;2;31;0;0;2;2;1;A01
201700058395;2;7;0;0;2;6;13;Z01
201700058396;1;7;0;0;2;8;11;A01
201700058396;1;33;0;0;2;7;1;B01
201700058397;2;31;0;0;2;1;2;A01
201700058397;2;10;0;0;2;4;2;B01
201700058398;1;7;0;0;2;4;2;B01
201700058398;1;10;0;0;2;1;2;A01
201700058399;1;7;0;0;2;7;12;A01
201700058399;1;34;0;0;2;1;1;B01
201700058400;1;7;0;0;2;6;2;B01
201700058400;1;33;0;0;2;1;2;A01
201700058401;2;7;0;0;2;4;1;C01
201700058401;2;7;0;0;2;3;11;A01
201700058401;2;7;0;4;2;2;1;B01
201700058402;2;7;0;0;2;1;2;Z01
201700058402;2;7;0;0;2;6;2;B01
201700058402;2;7;0;4;2;4;2;A01
201700058403;1;7;0;0;2;6;1;B01
201700058403;1;7;0;0;2;2;11;A01
201700058404;1;7;0;4;0;1;13;A01
201700058405;0;10;0;0;2;1;2;A01
201700058405;1;7;0;0;2;4;23;B01
201700058406;2;13;0;0;2;1;2;A01
201700058406;2;7;0;0;2;4;2;B01
201700058407;2;10;0;0;2;0;14;A01
201700058407;2;33;0;0;2;0;1;B01
201700058408;2;10;0;0;2;4;2;B01
201700058408;2;33;0;0;2;1;2;A01
201700058409;2;7;0;0;2;4;11;B01
201700058409;2;33;0;0;2;8;3;A01
201700058410;1;7;0;4;0;2;14;A01
201700058411;1;33;0;0;2;2;1;A01
201700058411;1;7;0;0;2;3;13;Z01
201700058412;1;33;0;0;2;2;2;A01
201700058412;1;7;0;0;2;6;23;B01
201700058413;2;14;0;0;2;4;23;B01
201700058413;2;14;0;0;2;1;2;A01
201700058414;0;7;0;0;2;5;2;B01
201700058414;1;14;0;0;2;1;2;A01
201700058415;1;7;0;4;0;2;14;A01
201700058416;2;7;0;0;2;4;23;A01
201700058416;2;7;0;0;2;1;2;B01
201700058417;2;7;0;0;2;1;2;A01
201700058417;2;7;0;4;2;4;2;B01
201700058418;1;7;0;0;2;3;11;A01
201700058418;1;32;0;0;2;2;1;B01
201700058419;2;10;0;0;2;7;14;A01
201700058419;2;31;0;0;2;3;3;B01
201700058420;1;7;0;4;0;2;14;A01
201700058421;2;10;0;0;2;1;2;A01
201700058421;2;7;0;0;2;4;2;B01
201700058422;0;7;0;0;2;1;2;A01
201700058422;0;7;0;0;2;4;2;B01
201700058422;0;7;0;0;2;4;2;C01
201700058423;1;7;0;0;2;4;1;C01
201700058423;1;7;0;0;2;1;1;A01
201700058423;1;7;0;0;2;4;1;B01
201700058424;1;31;0;0;0;9;0;A01
201700058425;2;7;0;4;0;8;1;A01
201700058426;1;33;0;0;2;1;1;A01
201700058426;1;7;0;0;2;6;23;B01
201700058427;1;31;0;0;2;1;1;A01
201700058427;2;7;0;0;2;3;23;C01
201700058427;2;7;0;0;2;5;23;B01
201700058428;1;7;0;0;2;4;1;B01
201700058428;1;33;0;0;2;1;1;A01
201700058429;1;7;0;0;2;1;1;A01
201700058429;1;7;0;0;2;4;1;B01
201700058430;2;7;0;0;2;0;1;Z01
201700058430;2;33;0;0;2;3;12;B01
201700058431;1;34;0;0;2;1;1;A01
201700058431;1;7;0;0;2;4;1;Z01
201700058432;1;7;0;0;2;3;11;A01
201700058432;1;33;0;0;2;2;1;B01
201700058433;1;7;0;0;2;4;2;C01
201700058433;1;7;0;0;2;4;2;B01
201700058433;1;7;0;0;2;1;2;A01
201700058434;1;7;0;0;2;4;2;A01
201700058434;1;7;0;0;2;1;2;Z01
201700058435;1;7;0;0;2;4;2;C01
201700058435;1;34;0;0;2;1;2;A01
201700058435;1;7;0;0;2;1;12;B01
201700058436;1;33;0;0;0;8;12;A01
201700058437;2;10;0;3;0;1;13;A01
201700058438;1;7;0;0;2;1;2;A01
201700058438;1;7;0;0;2;4;23;B01
201700058439;2;34;0;4;0;7;14;A01
201700058440;1;10;0;0;2;4;2;B01
201700058440;1;7;0;0;2;1;2;A01
201700058441;2;13;0;0;2;5;2;B01
201700058441;2;31;0;0;2;3;2;A01
201700058442;2;7;0;0;2;4;2;B01
201700058442;2;7;0;0;2;4;23;D01
201700058442;2;7;0;0;2;4;23;C01
201700058442;2;7;0;0;2;1;2;A01
201700058443;1;33;0;0;0;8;1;A01
201700058444;1;10;0;0;2;6;11;A01
201700058444;1;34;0;0;2;2;1;B01
201700058445;2;33;0;8;0;1;13;A01
201700058446;1;7;0;0;2;6;11;A01
201700058446;1;33;0;0;2;7;1;B01
201700058447;2;7;0;0;2;5;1;D01
201700058447;2;7;0;0;2;7;1;C01
201700058447;2;7;0;0;2;8;22;A01
201700058447;2;33;0;0;2;2;3;B01
201700058448;2;32;0;0;2;1;3;A01
201700058448;2;10;0;0;2;5;23;B01
201700058449;2;7;0;0;2;5;23;B01
201700058449;2;33;0;0;2;0;2;A01
201700058450;2;33;0;0;2;5;3;A01
201700058450;2;10;0;0;2;7;1;B01
201700058451;2;33;0;0;2;3;3;B01
201700058451;2;7;0;0;2;5;23;C01
201700058451;2;34;0;0;2;1;3;A01
201700058452;0;7;0;0;2;5;3;B01
201700058452;2;33;0;0;2;3;3;A01
201700058453;2;7;0;0;2;4;23;A01
201700058453;2;10;0;0;2;1;2;Z01
201700058454;1;32;0;0;2;7;3;A01
201700058454;1;7;0;0;2;0;11;B01
201700058455;2;7;0;0;2;4;1;C01
201700058455;2;10;0;0;2;1;1;A01
201700058455;2;10;0;0;2;4;1;B01
201700058455;2;7;0;0;2;4;1;D01
201700058456;1;7;0;0;2;1;1;A01
201700058456;1;7;0;0;2;4;1;B01
201700058457;2;7;0;0;2;4;1;B01
201700058457;2;7;0;0;2;1;1;A01
201700058458;2;7;0;0;2;7;12;A01
201700058458;2;31;0;0;2;8;1;B01
201700058459;2;7;0;0;2;0;12;A01
201700058459;2;31;0;0;2;3;3;B01
201700058460;1;33;0;0;2;7;3;B01
201700058460;1;7;0;0;2;8;11;A01
201700058461;2;31;0;0;2;8;3;A01
201700058461;2;7;0;0;2;4;11;B01
201700058462;1;31;0;0;0;8;1;A01
201700058463;1;33;0;0;2;1;3;C01
201700058463;1;7;0;0;2;1;22;B01
201700058463;1;10;0;0;2;4;2;A01
201700058464;1;7;0;0;2;3;11;A01
201700058464;1;33;0;0;2;1;3;B01
201700058464;1;7;0;0;2;5;1;C01
201700058465;2;33;0;0;2;1;2;A01
201700058465;2;7;0;0;2;4;2;B01
201700058466;1;7;0;0;2;8;11;A01
201700058466;1;7;0;0;2;5;1;C01
201700058466;1;34;0;0;2;7;3;B01
201700058467;1;7;0;0;2;1;2;A01
201700058467;1;10;0;0;2;4;23;B01
201700058468;2;31;0;0;2;1;2;A01
201700058468;2;7;0;0;2;4;23;B01
201700058469;2;7;0;0;2;3;18;A01
201700058469;2;7;0;0;2;2;1;B01
201700058470;2;7;0;0;2;4;1;B01
201700058470;2;7;0;0;2;4;1;C01
201700058470;2;7;0;0;2;1;1;A01
201700058471;1;7;0;4;2;2;17;A01
201700058471;1;15;0;0;2;6;1;B01
201700058472;1;10;0;1;2;4;2;C01
201700058472;1;10;0;1;2;1;2;A01
201700058472;1;7;0;1;2;4;2;B01
201700058472;1;7;0;1;2;4;2;E01
201700058472;1;7;0;0;2;4;2;D01
201700058472;1;7;0;1;2;4;2;F01
201700058472;1;7;0;0;2;1;2;G01
201700058473;2;7;0;4;2;4;1;A01
201700058473;2;7;0;0;2;2;1;Z01
201700058474;1;7;0;0;2;1;1;C01
201700058474;1;7;0;0;2;4;1;B01
201700058474;1;7;0;0;2;1;1;A01
201700058475;1;15;0;0;2;1;11;A01
201700058475;1;31;0;0;2;4;1;B01
201700058476;2;7;0;0;2;1;1;C01
201700058476;2;34;0;0;2;1;3;B01
201700058476;2;7;0;0;2;5;12;A01
201700058477;1;7;0;4;0;1;21;A01
201700058478;2;34;0;0;2;7;3;B01
201700058478;2;7;0;0;2;8;13;A01
201700058479;2;33;0;14;0;1;3;A01
201700058480;1;7;0;0;2;3;1;B01
201700058480;1;7;0;0;2;7;12;A01
201700058481;2;7;0;0;2;2;12;A01
201700058481;2;32;0;0;2;8;3;B01
201700058482;1;7;0;4;0;3;13;A01
201700058483;2;7;0;0;2;0;11;B01
201700058483;2;31;0;0;2;8;3;A01
201700058484;2;7;0;0;2;1;2;A01
201700058484;2;10;0;0;2;4;2;B01
201700058485;1;31;0;0;2;7;3;A01
201700058485;1;7;0;0;2;6;1;B01
201700058486;1;7;0;0;2;5;12;A01
201700058486;1;34;0;0;2;3;3;B01
201700058487;2;34;0;0;2;1;2;A01
201700058487;2;7;0;0;2;5;2;B01
201700058488;2;33;0;0;2;7;3;B01
201700058488;2;7;0;0;2;5;23;C01
201700058488;2;34;0;0;2;8;11;A01
201700058489;2;7;0;0;2;1;2;A01
201700058489;2;7;0;0;2;4;2;B01
201700058490;2;10;0;0;2;5;12;A01
201700058490;2;33;0;0;2;1;1;B01
201700058491;1;33;0;5;0;1;14;A01
201700058492;0;33;0;0;2;1;1;A01
201700058492;0;7;0;0;2;4;1;B01
201700058493;1;31;0;1;2;8;18;B01
201700058493;1;7;0;0;2;8;22;A01
201700058494;1;34;0;12;0;3;14;A01
201700058495;2;7;0;3;0;1;14;A01
201700058496;2;7;0;0;2;4;1;A01
201700058496;2;7;0;0;2;1;1;Z01
201700058497;1;33;0;0;2;8;3;A01
201700058497;1;7;0;0;2;4;1;B01
201700058497;1;7;0;0;2;7;14;Z01
201700058498;1;33;0;0;2;0;14;A01
201700058498;1;10;0;0;2;0;1;B01
201700058499;1;7;0;0;2;5;2;A01
201700058499;1;32;0;0;2;3;2;B01
201700058500;1;7;0;0;2;6;2;B01
201700058500;1;7;0;0;2;5;2;C01
201700058500;1;10;0;0;2;2;2;A01
201700058501;2;33;0;0;2;1;1;B01
201700058501;2;7;0;0;2;4;11;A01
201700058502;1;17;0;0;2;2;12;A01
201700058502;1;7;0;0;2;3;1;B01
201700058502;1;7;0;0;2;1;1;C01
201700058503;1;7;0;0;2;4;23;B01
201700058503;1;32;0;0;2;1;1;A01
201700058504;1;34;0;0;2;0;1;Z01
201700058504;1;33;0;0;2;5;12;A01
201700058505;2;32;0;0;2;1;3;A01
201700058505;2;7;0;0;2;5;1;C01
201700058505;2;34;0;0;2;4;3;B01
201700058506;2;7;0;0;2;4;1;C01
201700058506;2;10;0;0;2;1;1;A01
201700058506;2;7;0;0;2;4;1;B01
201700058506;2;7;0;0;2;4;1;D01
201700058507;2;7;0;0;2;4;1;B01
201700058507;2;7;0;0;2;1;1;A01
201700058508;1;33;0;0;0;2;2;A01
201700058509;1;7;0;0;2;8;11;A01
201700058509;1;33;0;0;2;7;3;B01
201700058510;1;7;0;0;2;4;2;B01
201700058510;1;10;0;0;2;1;2;A01
201700058510;1;10;0;0;2;5;2;D01
201700058510;1;7;0;0;2;4;2;C01
201700058511;2;7;0;0;2;0;11;A01
201700058511;2;34;0;0;2;0;3;B01
201700058512;2;33;0;0;2;8;1;B01
201700058512;2;33;0;0;2;7;17;A01
201700058513;2;7;0;0;2;2;1;A01
201700058513;2;7;0;0;2;1;1;B01
201700058513;1;7;0;0;2;0;11;Z01
201700058514;1;7;0;3;0;3;1;A01
201700058515;1;33;0;0;2;2;3;A01
201700058515;1;7;0;0;2;6;11;Z01
201700058516;1;33;0;0;2;3;11;A01