num_acc;senc;catv;occutc;obs;obsm;choc;manv;num_veh
201700058516;1;31;0;0;2;7;1;B01
201700058516;1;15;0;0;2;8;1;C01
201700058517;0;7;0;0;2;1;2;A01
201700058517;0;14;0;0;2;4;2;B01
201700058518;1;10;0;0;2;4;0;D01
201700058518;1;7;0;0;2;4;0;B01
201700058518;1;10;0;0;2;4;0;C01
201700058518;1;7;0;0;2;1;0;A01
201700058519;2;31;0;0;2;1;2;A01
201700058519;2;7;0;0;2;4;2;B01
201700058520;2;34;0;0;2;1;1;A01
201700058520;2;7;0;0;2;6;1;B01
201700058521;2;34;0;0;2;8;3;B01
201700058521;2;7;0;0;2;2;12;A01
201700058522;1;7;0;0;2;5;0;B01
201700058522;1;33;0;0;2;1;0;A01
201700058523;2;7;0;0;2;2;12;A01
201700058523;2;32;0;0;2;8;1;B01
201700058524;2;7;0;0;2;1;2;A01
201700058524;2;7;0;0;2;5;2;B01
201700058525;1;32;0;0;2;2;1;B01
201700058525;1;7;0;0;2;3;11;A01
201700058526;2;7;0;0;2;2;12;A01
201700058526;2;32;0;0;2;8;3;B01
201700058527;1;33;0;0;0;3;1;A01
201700058528;2;7;0;0;2;1;2;Z01
201700058528;2;30;0;0;2;4;2;A01
201700058529;1;31;0;0;0;2;14;A01
201700058530;1;31;0;0;2;1;23;A01
201700058530;1;10;0;0;2;0;12;Z01
201700058530;1;7;0;0;2;4;23;B01
201700058531;1;10;0;0;2;3;1;B01
201700058531;1;33;0;0;2;7;3;A01
201700058532;1;33;0;0;2;3;2;A01
201700058532;1;7;0;0;2;5;2;B01
201700058533;1;7;0;0;2;1;13;A01
201700058533;1;7;0;0;2;5;1;B01
201700058534;1;7;0;0;2;6;11;A01
201700058534;1;33;0;0;2;7;3;B01
201700058535;1;7;0;0;2;4;23;B01
201700058535;1;7;0;0;2;1;1;A01
201700058536;1;7;0;4;2;1;14;A01
201700058536;1;7;0;0;2;2;1;B01
201700058537;1;33;0;0;0;7;1;A01
201700058538;1;7;0;4;0;1;13;A01
201700058539;2;7;0;0;2;4;23;B01
201700058539;1;7;0;0;2;1;2;A01
201700058540;1;7;0;4;2;2;14;A01
201700058540;1;7;0;0;2;3;1;B01
201700058541;2;33;0;0;0;8;3;A01
201700058542;2;33;0;0;2;7;3;B01
201700058542;2;10;0;0;2;8;11;A01
201700058543;2;34;0;0;2;1;3;B01
201700058543;2;7;0;0;2;5;12;A01
201700058544;1;33;0;0;2;1;11;A01
201700058544;1;7;0;0;2;4;1;B01
201700058545;2;33;0;4;0;6;1;A01
201700058546;1;10;0;0;2;7;12;A01
201700058546;1;33;0;0;2;8;3;B01
201700058547;1;7;0;0;2;1;2;A01
201700058547;1;7;0;0;2;4;23;D01
201700058547;1;7;0;0;2;4;23;B01
201700058547;1;7;0;0;2;4;23;C01
201700058548;1;7;0;0;2;2;12;A01
201700058548;1;31;0;0;2;8;3;B01
201700058549;2;7;0;0;2;4;1;B01
201700058549;2;10;0;0;2;4;1;C01
201700058549;2;7;0;0;2;1;1;A01
201700058550;2;10;0;0;2;2;14;Z01
201700058550;2;7;0;0;2;6;1;A01
201700058551;2;7;0;0;2;7;1;C01
201700058551;2;33;0;0;2;1;3;A01
201700058551;2;33;0;0;2;6;3;B01
201700058552;0;7;0;0;2;3;9;A01
201700058552;0;14;0;0;2;7;1;B01
201700058553;2;33;0;0;2;4;17;B01
201700058553;2;7;0;0;2;1;1;A01
201700058554;1;10;0;0;2;4;1;B01
201700058554;1;31;0;0;2;1;3;A01
201700058555;2;10;0;0;2;8;1;C01
201700058555;2;10;0;0;2;4;2;B01
201700058555;2;7;0;0;2;4;2;A01
201700058555;2;10;0;0;2;3;2;Z01
201700058556;1;33;0;0;0;8;1;A01
201700058557;1;7;0;0;2;6;11;A01
201700058557;1;33;0;0;2;7;1;B01
201700058558;2;7;0;0;2;0;13;Z01
201700058558;2;33;0;0;2;8;1;A01
201700058559;2;7;0;0;2;1;1;A01
201700058559;2;7;0;0;2;4;1;B01
201700058560;1;7;0;0;2;8;9;B01
201700058560;1;33;0;0;2;2;1;D01
201700058560;1;15;0;0;2;3;1;A01
201700058560;1;7;0;0;2;6;1;C01
201700058561;2;7;0;0;2;1;2;A01
201700058561;1;10;0;0;2;4;23;C01
201700058561;2;7;0;0;2;5;23;B01
201700058561;2;7;0;0;2;8;23;D01
201700058562;1;7;0;4;2;1;2;A01
201700058562;1;7;0;0;2;4;2;B01
201700058563;1;7;0;4;0;8;1;A01
201700058564;1;33;0;0;2;1;3;A01
201700058564;1;7;0;0;2;6;11;B01
201700058565;1;10;0;0;2;6;1;B01
201700058565;1;31;0;0;2;2;3;A01
201700058566;2;10;0;0;2;6;1;C01
201700058566;2;7;0;0;2;3;11;A01
201700058566;1;32;0;0;2;7;3;B01
201700058567;2;32;0;0;2;1;3;A01
201700058567;2;7;0;0;2;3;11;B01
201700058568;2;10;0;0;2;5;1;B01
201700058568;2;33;0;0;2;3;3;A01
201700058569;2;7;0;0;2;7;12;A01
201700058569;2;34;0;0;2;8;1;B01
201700058570;2;33;0;0;0;1;1;A01
201700058571;2;10;0;0;2;5;23;B01
201700058571;2;7;0;0;2;3;2;A01
201700058572;1;33;0;0;0;8;1;A01
201700058573;1;7;0;0;2;5;1;B01
201700058573;1;7;0;0;2;6;1;C01
201700058573;1;7;0;0;2;3;14;A01
201700058574;1;33;0;0;2;3;3;A01
201700058574;1;7;0;0;2;5;1;B01
201700058575;2;31;0;0;0;8;1;A01
201700058576;1;7;0;0;2;5;2;B01
201700058576;1;17;0;0;2;6;1;C01
201700058576;1;31;0;0;2;1;2;A01
201700058577;1;32;0;0;0;7;3;A01
201700058578;1;7;0;0;2;3;1;A01
201700058578;1;7;0;0;2;5;1;B01
201700058579;2;33;0;0;2;1;2;A01
201700058579;2;7;0;0;2;6;2;B01
201700058580;2;7;0;0;2;1;2;A01
201700058580;2;7;0;0;2;4;23;C01
201700058580;2;7;0;0;2;4;23;B01
201700058581;2;7;0;0;2;3;11;A01
201700058581;2;31;0;0;2;7;3;B01
201700058582;1;7;0;4;0;1;14;A01
201700058583;1;14;0;0;2;1;2;A01
201700058583;1;33;0;0;2;4;2;B01
201700058584;1;7;0;0;2;5;1;B01
201700058584;1;33;0;0;2;8;3;A01
201700058585;2;31;0;0;0;7;3;A01
201700058586;1;7;0;4;2;6;11;A01
201700058586;1;17;0;0;2;2;1;B01
201700058587;1;7;0;4;2;3;23;A01
201700058587;1;7;0;0;2;4;23;C01
201700058587;1;7;0;0;2;2;2;B01
201700058588;1;7;0;0;0;1;1;A01
201700058589;1;7;0;0;2;2;12;A01
201700058589;1;33;0;0;2;3;3;B01
201700058590;2;13;0;0;2;2;12;A01
201700058590;2;7;0;0;2;2;1;C01
201700058590;2;7;0;0;2;6;1;B01
201700058591;1;7;0;0;2;1;2;A01
201700058591;1;7;0;0;2;4;2;B01
201700058592;1;14;0;0;0;0;24;A01
201700058592;1;31;0;9;0;1;2;B01
201700058593;2;31;0;0;2;3;1;B01
201700058593;2;10;0;0;2;2;12;A01
201700058594;2;7;0;0;2;4;1;B01
201700058594;2;10;0;0;2;1;21;A01
201700058595;2;7;0;0;2;4;1;B01
201700058595;1;7;0;0;2;1;1;A01
201700058596;1;7;0;0;2;6;1;B01
201700058596;1;34;0;0;2;2;3;A01
201700058597;2;31;0;0;2;2;1;B01
201700058597;2;7;0;0;2;6;11;A01
201700058598;2;31;0;12;0;3;1;A01
201700058599;2;7;0;0;2;1;23;D01
201700058599;2;7;0;0;2;2;1;A01
201700058599;2;10;0;0;2;6;23;B01
201700058599;2;7;0;0;2;1;23;C01
201700058600;2;10;0;0;2;1;2;A01
201700058600;2;7;0;0;2;4;2;B01
201700058601;2;10;0;0;2;6;11;A01
201700058601;2;34;0;0;2;2;1;B01
201700058602;2;31;0;0;0;7;1;A01
201700058603;1;7;0;0;2;5;12;A01
201700058603;1;7;0;0;2;6;1;C01
201700058603;1;33;0;0;2;3;3;B01
201700058604;1;7;0;0;2;4;23;B01
201700058604;1;7;0;0;2;1;2;A01
201700058605;1;7;0;0;2;1;2;A01
201700058605;1;7;0;0;2;4;1;B01
201700058606;1;10;0;4;0;1;1;A01
201700058607;2;34;0;0;0;8;1;A01
201700058608;2;7;0;0;2;8;11;A01
201700058608;2;34;0;0;2;7;1;B01
201700058609;2;7;0;0;2;6;13;A01
201700058609;2;33;0;4;2;1;1;B01
201700058610;2;7;0;0;2;3;1;C01
201700058610;2;7;0;4;2;2;3;A01
201700058610;2;7;0;0;2;7;1;B01
201700058611;2;7;0;0;2;1;1;A01
201700058611;2;15;0;0;2;4;23;B01
201700058612;2;33;0;0;2;7;21;A01
201700058612;2;10;0;0;2;0;1;Z01
201700058613;2;32;0;0;0;7;1;A01
201700058614;2;7;0;0;2;3;1;B01
201700058614;1;7;0;0;2;2;13;A01
201700058615;1;30;0;0;2;1;1;A01
201700058615;2;7;0;0;2;2;15;B01
201700058616;2;33;0;13;0;0;1;A01
201700058617;2;33;0;0;2;1;1;A01
201700058617;1;7;0;0;0;3;1;B01
201700058618;1;7;0;0;2;1;0;A01
201700058618;2;30;0;0;2;0;13;B01
201700058619;1;7;0;6;0;2;1;A01
201700058620;1;7;0;0;2;3;1;A01
201700058620;2;31;0;0;2;1;5;B01
201700058621;1;7;0;0;2;3;1;A01
201700058621;2;7;0;0;2;8;1;B01
201700058622;1;7;0;1;0;1;1;A01
201700058622;1;7;0;0;2;4;23;B01
201700058622;1;7;0;0;2;4;23;C01
201700058623;1;7;0;0;2;3;1;A01
201700058623;2;7;0;0;2;3;1;B01
201700058624;1;30;0;0;1;1;5;A01
201700058625;1;7;0;0;2;2;15;A01
201700058625;2;33;0;0;2;1;17;B01
201700058626;1;7;0;0;1;1;1;A01
201700058627;0;36;0;13;0;2;1;A01
201700058628;2;33;0;0;2;2;2;D01
201700058628;2;33;0;0;0;8;23;C01
201700058628;2;33;0;8;2;9;2;A01
201700058628;2;33;0;0;0;8;2;B01
201700058629;2;7;0;15;0;3;13;A01
201700058630;2;7;0;0;1;2;13;A01
201700058631;1;7;0;0;2;3;13;A01
201700058631;1;7;0;0;2;8;1;B01
201700058632;1;33;0;0;0;4;2;B01
201700058632;2;7;0;0;2;2;2;A01
201700058633;1;7;0;13;0;1;0;A01
201700058634;1;33;0;0;2;1;1;B01
201700058634;2;7;0;0;2;5;15;A01
201700058635;1;2;0;0;2;1;5;A01
201700058635;2;7;0;0;9;1;0;B01
201700058636;0;7;0;0;1;0;0;A01
201700058637;0;2;0;0;2;8;1;A01
201700058637;0;7;0;0;2;8;1;B01
201700058638;1;17;0;1;1;5;14;A01
201700058639;1;10;0;0;2;1;1;A01
201700058639;2;33;0;0;2;1;5;B01
201700058640;1;7;0;0;2;1;15;A01
201700058640;2;2;0;0;2;1;1;B01
201700058641;1;7;0;4;2;1;1;A01
201700058641;2;7;0;4;2;7;17;B01
201700058642;2;7;0;13;0;2;14;A01
201700058643;1;7;0;0;2;1;1;A01
201700058643;2;2;0;0;2;1;5;B01
201700058644;2;7;0;0;2;3;1;B01
201700058644;1;2;0;0;2;1;5;A01
201700058645;2;7;0;2;0;2;11;A01
201700058646;1;10;0;0;2;1;1;B01
201700058646;2;7;0;13;2;7;13;A01
201700058647;1;7;0;0;2;2;0;A01
201700058647;2;7;0;0;2;3;1;B01
201700058648;2;7;0;0;2;3;1;B01
201700058648;1;2;0;0;2;1;17;A01
201700058649;2;33;0;16;0;8;1;A01
201700058650;1;3;0;0;2;3;15;A01
201700058650;2;2;0;0;2;1;1;B01
201700058651;0;99;0;0;1;2;1;A01
201700058652;1;7;0;0;9;2;1;A01
201700058652;2;1;0;0;2;2;13;B01
201700058653;0;7;0;0;2;3;1;B01
201700058653;0;2;0;0;2;1;13;A01
201700058654;1;30;0;0;2;1;1;A01
201700058654;2;7;0;0;2;1;5;B01
201700058655;0;7;0;13;0;1;19;A01
201700058656;1;7;0;13;0;1;1;A01
201700058657;0;34;0;0;2;2;1;A01
201700058657;0;1;0;0;2;8;19;B01
201700058658;2;33;0;0;2;1;13;B01
201700058658;1;7;0;0;2;1;1;A01
201700058659;2;2;0;0;1;1;19;A01
201700058660;1;7;0;0;2;3;13;A01
201700058660;2;7;0;0;2;3;1;B01
201700058661;2;10;0;5;0;9;1;A01
201700058662;2;34;0;0;2;2;13;A01
201700058662;1;7;0;0;2;1;1;B01
201700058663;2;7;0;0;2;7;5;A01
201700058663;1;7;0;0;2;1;1;B01
201700058664;2;7;0;0;2;3;13;A01
201700058664;1;7;0;0;2;3;1;B01
201700058665;0;7;0;0;2;1;0;B01
201700058665;0;7;0;0;2;1;5;A01
201700058666;1;33;0;0;2;1;1;A01
201700058666;1;7;0;0;2;8;16;B01
201700058667;1;7;0;0;2;3;13;A01
201700058667;2;7;0;0;2;3;1;B01
201700058668;2;7;0;0;2;3;1;A01
201700058668;1;7;0;0;2;1;13;B01
201700058669;1;7;0;0;2;1;13;A01
201700058669;2;7;0;0;2;1;1;B01
201700058670;0;2;0;12;0;3;1;A01
201700058671;0;7;0;6;0;1;1;A01
201700058672;1;7;0;6;0;3;13;A01
201700058673;2;7;0;0;2;3;15;A01
201700058673;1;1;0;0;2;3;1;B01
201700058674;0;7;0;13;0;0;1;C01
201700058674;0;7;0;0;2;3;17;A01
201700058674;0;7;0;0;2;3;1;B01
201700058675;1;33;0;0;0;7;17;A01
201700058676;0;7;0;0;1;1;1;A01
201700058677;2;7;0;0;1;3;1;A01
201700058678;1;7;0;0;1;3;1;A01
201700058679;2;32;0;12;0;0;1;A01
201700058680;2;7;0;0;2;1;1;A01
201700058680;1;7;0;0;2;6;17;B01
201700058680;1;7;0;0;2;1;17;C01
201700058681;1;7;0;0;2;1;1;A01
201700058681;1;30;0;0;2;1;17;B01
201700058682;2;7;0;15;1;3;14;A01
201700058683;2;7;0;6;2;5;11;A01
201700058683;2;15;0;0;2;3;1;B01
201700058684;2;7;0;0;1;2;1;A01
201700058685;2;7;0;6;0;2;15;A01
201700058685;0;7;0;6;2;3;1;B01
201700058686;1;7;0;0;2;3;1;C01
201700058686;1;7;0;0;2;6;23;D01
201700058686;1;7;0;0;2;3;1;B01
201700058686;2;7;0;0;2;3;17;A01
201700058687;0;1;0;0;2;8;1;B01
201700058687;1;7;0;0;9;7;1;A01
201700058688;0;2;0;0;0;0;1;A01
201700058689;1;7;0;0;2;1;13;A01
201700058689;2;7;0;0;2;1;1;C01
201700058689;2;7;0;0;2;6;1;B01
201700058690;1;7;0;0;2;1;1;B01
201700058690;0;7;0;0;0;8;9;A01
201700058691;1;7;0;2;0;9;17;A01
201700058692;1;7;0;0;2;1;1;A01
201700058692;1;7;0;0;0;4;23;B01
201700058693;1;7;0;0;2;8;2;C01
201700058693;1;7;0;0;0;2;0;B01
201700058693;2;7;0;0;2;2;0;A01
201700058694;1;7;0;4;2;2;1;A01
201700058694;2;10;0;0;2;1;9;B01
201700058695;0;2;0;0;2;1;1;A01
201700058695;0;7;0;0;2;3;1;B01
201700058696;2;2;0;0;2;0;5;A01
201700058696;1;7;0;0;2;2;15;B01
201700058697;0;7;0;0;1;7;1;A01
201700058698;0;33;0;8;0;1;1;A01
201700058699;0;7;0;0;1;2;14;A01
201700058700;0;7;0;0;1;2;1;A01
201700058701;1;7;0;0;2;2;1;A01
201700058701;1;1;0;0;2;1;13;B01
201700058702;1;7;0;0;2;1;1;A01
201700058702;1;30;0;0;2;8;19;B01
201700058703;0;2;0;0;2;9;1;B01
201700058703;0;15;0;0;2;5;1;A01
201700058704;1;7;0;0;2;6;1;B01
201700058704;2;7;0;0;2;3;1;C01
201700058704;1;7;0;0;2;1;1;A01
201700058705;2;7;0;0;1;3;1;A01
201700058706;2;7;0;0;2;1;1;A01
201700058706;1;7;0;0;2;3;1;B01
201700058707;2;33;0;0;2;1;1;A01
201700058707;2;7;0;0;2;4;1;B01
201700058708;1;7;0;0;2;3;1;A01
201700058708;2;37;30;0;2;6;9;B01
201700058709;0;13;0;0;2;1;1;B01
201700058709;0;7;0;0;2;1;13;A01
201700058710;0;2;0;0;9;3;1;A01
201700058711;2;7;0;6;0;2;1;A01
201700058712;2;7;0;0;9;3;20;A01
201700058712;2;31;0;0;2;2;1;B01
201700058713;1;7;0;0;2;3;17;A01
201700058713;2;7;0;0;2;3;1;B01
201700058714;2;33;0;0;2;2;1;A01
201700058714;1;10;0;0;2;2;15;B01
201700058715;2;7;0;0;2;1;2;A01
201700058715;2;7;0;8;2;4;15;B01
201700058716;2;7;0;0;2;3;10;A01
201700058716;2;33;0;0;2;1;2;B01
201700058717;0;33;0;0;2;7;15;A01
201700058717;0;7;0;12;2;8;17;B01
201700058718;0;7;0;13;0;1;19;A01
201700058719;0;7;0;0;2;2;15;A01
201700058719;0;33;0;0;2;1;1;B01
201700058720;0;32;0;0;2;2;2;A01
201700058720;0;7;0;0;2;3;13;B01
201700058721;2;7;0;0;2;1;17;B01
201700058721;1;7;0;0;2;1;1;A01
201700058722;1;33;0;0;0;1;1;A01
201700058722;0;7;0;0;0;2;19;B01
201700058723;1;7;0;4;0;4;1;A01
201700058723;1;7;0;0;2;1;1;B01
201700058723;1;7;0;0;2;1;1;C01
201700058724;2;7;0;0;2;3;1;B01
201700058724;1;7;0;0;2;8;1;A01
201700058725;1;32;0;0;2;1;2;A01
201700058725;1;7;0;0;2;3;19;B01
201700058726;1;7;0;0;2;1;19;A01
201700058726;1;7;0;0;2;1;1;B01
201700058727;0;7;0;0;1;1;1;A01
201700058728;0;30;0;0;2;8;1;B01
201700058728;0;7;0;0;2;8;1;A01
201700058729;0;33;0;0;0;5;1;A01
201700058730;1;7;0;0;0;4;2;B01
201700058730;1;2;0;0;2;1;2;A01
201700058731;1;7;0;0;2;3;15;A01
201700058731;1;7;0;0;2;2;17;B01
201700058732;2;7;0;0;2;6;15;A01
201700058732;2;33;0;0;2;1;17;B01
201700058733;1;7;0;2;0;4;1;B01
201700058733;1;7;0;8;2;1;1;A01
201700058734;2;7;0;0;2;1;11;A01
201700058734;2;3;0;0;2;4;1;B01
201700058735;1;7;0;13;0;1;14;A01
201700058736;1;7;0;0;2;2;1;A01
201700058736;1;1;0;0;0;4;11;B01
201700058737;1;7;0;0;2;1;13;A01
201700058737;2;7;0;0;0;1;0;B01
201700058738;0;7;0;0;0;5;15;A01
201700058738;0;2;0;0;2;1;21;B01
201700058739;0;34;0;0;2;7;1;A01
201700058739;0;7;0;0;2;4;15;B01
201700058740;0;7;0;0;1;2;1;A01
201700058741;2;7;0;2;2;1;14;A01
201700058741;1;7;0;0;2;2;1;B01
201700058742;2;7;0;0;2;7;0;A01
201700058742;2;7;0;0;2;6;1;B01
201700058743;0;7;0;2;0;1;1;A01
201700058744;0;7;0;6;0;1;1;A01
201700058745;0;7;0;0;1;3;7;A01
201700058746;1;33;0;0;0;4;2;A01
201700058746;0;33;0;0;2;1;1;B01
201700058747;0;31;0;0;2;1;0;A01
201700058747;0;31;0;0;2;1;0;B01
201700058748;1;33;0;0;2;8;3;A01
201700058748;1;7;0;0;2;8;2;B01
201700058748;1;7;0;0;2;8;1;C01
201700058749;0;7;0;0;2;1;1;B01
201700058749;0;7;0;4;2;6;11;A01
201700058750;2;7;0;0;2;3;15;A01
201700058750;2;7;0;0;2;2;0;B01
201700058750;2;7;0;0;2;1;15;C01
201700058751;0;7;0;0;2;1;2;A01
201700058751;0;7;0;0;2;6;2;B01
201700058752;2;7;0;13;0;0;14;A01
201700058753;2;7;0;0;0;4;15;B01
201700058753;2;7;0;0;2;1;2;A01
201700058754;2;7;0;9;0;3;1;A01
201700058755;2;7;0;0;2;3;17;A01
201700058755;2;7;0;0;2;8;1;B01
201700058755;2;7;0;0;2;2;1;C01
201700058756;0;7;0;0;2;1;1;A01
201700058756;0;7;0;0;2;3;1;B01
201700058757;2;7;0;0;0;6;15;A01
201700058757;2;34;0;0;2;1;17;B01
201700058758;1;7;0;0;2;3;1;A01
201700058758;2;7;0;0;2;2;15;B01
201700058759;0;7;0;0;2;3;13;A01
201700058759;0;2;0;0;2;1;14;B01
201700058760;0;2;0;0;0;9;0;A01
201700058761;2;7;0;0;2;1;1;A01
201700058761;1;7;0;0;2;1;15;B01
201700058762;1;7;0;0;1;2;2;A01
201700058763;0;7;0;3;2;3;1;A01
201700058763;0;30;0;0;2;1;13;B01
201700058764;1;7;0;16;0;1;0;A01
201700058765;2;21;0;15;0;2;0;A01
201700058766;1;7;0;0;2;1;17;B01
201700058766;1;7;0;0;0;3;15;A01
201700058767;1;7;0;0;0;3;1;A01
201700058767;2;7;0;0;2;3;17;B01
201700058768;1;7;0;0;2;1;1;A01
201700058768;2;7;0;0;2;1;5;B01
201700058769;1;31;0;0;2;1;5;A01
201700058769;2;7;0;0;2;3;1;B01
201700058770;0;7;0;0;1;2;1;A01
201700058771;1;7;0;0;2;2;10;A01
201700058771;2;33;0;0;2;1;1;B01
201700058772;2;2;0;0;2;1;17;A01
201700058772;2;7;0;0;2;3;15;B01
201700058773;2;7;0;2;0;1;1;A01
201700058774;2;7;0;2;0;8;1;A01
201700058775;1;2;0;7;0;1;1;A01
201700058776;2;7;0;2;0;8;1;A01
201700058777;0;2;0;14;0;0;1;A01
201700058778;0;2;0;0;0;0;1;A01
201700058779;2;7;0;6;0;1;1;A01
201700058780;0;7;0;0;2;1;1;A01
201700058780;0;7;0;0;0;8;15;B01
201700058781;1;7;0;2;0;1;13;A01
201700058782;2;33;0;0;2;8;13;A01
201700058782;2;7;0;0;2;3;1;B01
201700058783;1;36;0;0;2;1;13;A01
201700058783;2;7;0;0;2;3;21;B01
201700058784;0;33;0;0;0;0;1;A01
201700058785;0;34;0;0;0;7;0;A01
201700058786;1;2;0;0;2;1;1;A01
201700058786;2;7;0;0;2;3;1;B01
201700058787;2;30;0;0;0;0;0;A01
201700058788;2;7;0;0;0;9;1;A01
201700058789;1;7;0;0;9;3;2;A01
201700058789;1;1;0;0;2;4;2;B01
201700058790;2;7;0;0;1;2;1;A01
201700058791;0;7;0;8;0;1;1;A01
201700058792;2;7;0;2;2;8;1;B01
201700058792;1;37;9;0;0;1;1;C01
201700058792;2;7;0;0;2;3;1;A01
201700058793;0;7;0;0;2;6;15;A01
201700058793;0;33;0;0;2;1;17;B01
201700058794;0;7;0;8;0;3;1;A01
201700058795;2;7;0;3;0;1;1;A01
201700058796;0;33;0;8;0;1;1;A01
201700058797;2;7;0;0;2;2;15;A01
201700058797;1;38;4;0;2;3;1;B01
201700058798;1;7;0;0;2;7;15;A01
201700058798;2;33;0;0;2;1;1;B01
201700058799;0;31;0;0;2;1;13;A01
201700058799;0;7;0;0;2;1;1;B01
201700058800;2;32;0;0;2;1;13;A01
201700058800;1;10;0;0;2;3;1;B01
201700058801;2;7;0;0;0;4;15;A01
201700058801;2;30;0;0;2;1;1;B01
201700058802;1;7;0;0;1;2;1;A01
201700058803;1;2;0;0;2;1;1;B01
201700058803;2;7;0;0;2;3;13;A01
201700058804;0;3;0;0;1;2;0;A01
201700058805;2;7;0;0;2;8;1;A01
201700058805;1;30;0;0;2;3;17;B01
201700058806;1;2;0;0;2;1;1;A01
201700058806;1;7;0;0;2;4;16;B01
201700058807;0;2;0;0;1;1;1;A01
201700058808;2;7;0;0;2;1;1;A01
201700058808;2;7;0;0;2;7;19;B01
201700058809;0;7;0;0;2;1;1;A01
201700058809;0;7;0;0;2;1;1;B01
201700058810;2;7;0;0;2;3;1;A01
201700058810;1;33;0;0;2;1;1;B01
201700058811;0;7;0;0;2;1;1;A01
201700058811;0;7;0;0;0;3;15;B01
201700058812;0;7;0;0;2;2;1;A01
201700058812;0;7;0;0;2;2;0;B01
201700058813;1;7;0;0;2;8;9;A01
201700058813;2;7;0;0;2;1;1;B01
201700058814;2;2;0;0;2;1;1;A01
201700058814;1;7;0;0;2;1;15;B01
201700058815;0;7;0;0;1;1;0;A01
201700058816;2;30;0;0;2;8;1;A01
201700058816;2;7;0;0;0;0;0;B01
201700058817;0;7;0;2;0;1;1;A01
201700058818;0;7;0;2;0;2;1;A01
201700058819;0;7;0;0;0;3;15;A01
201700058819;0;33;0;0;2;1;17;B01
201700058820;1;7;0;0;2;3;1;A01
201700058820;1;7;0;0;2;1;1;B01
201700058821;0;7;0;0;1;1;1;A01
201700058822;0;7;0;0;2;3;13;A01
201700058822;2;7;0;0;2;3;1;B01
201700058823;1;2;0;0;2;1;2;A01
201700058823;1;7;0;0;0;6;23;B01
201700058824;0;7;0;2;0;8;14;A01
201700058825;0;7;0;0;1;1;1;A01
201700058826;0;7;0;0;1;1;1;A01
201700058827;0;7;0;0;0;1;1;A01
201700058828;0;7;0;0;2;3;1;B01
201700058828;0;7;0;0;2;3;13;A01
201700058829;1;38;0;0;1;5;20;A01
201700058830;1;33;0;0;2;1;1;B01
201700058830;2;7;0;0;2;7;15;A01
201700058831;1;30;0;0;2;1;17;A01
201700058831;1;7;0;0;2;3;15;B01
201700058832;0;7;0;8;0;1;1;A01
201700058833;2;30;0;0;2;1;0;A01
201700058833;1;7;0;0;2;7;1;B01
201700058834;2;14;0;0;2;1;23;A01
201700058834;1;7;0;1;0;1;1;B01
201700058835;1;7;0;0;2;2;15;A01
201700058835;1;2;0;0;2;1;1;B01
201700058836;2;7;0;0;2;6;2;A01
201700058836;2;33;0;0;2;1;17;B01
201700058837;1;33;0;0;2;1;18;A01
201700058837;1;7;0;0;2;2;15;B01
201700058838;2;7;0;0;2;1;1;C01
201700058838;1;7;0;0;2;1;1;A01
201700058838;2;7;0;0;2;8;1;B01
201700058839;1;10;0;0;2;3;11;A01
201700058839;2;2;0;0;2;1;1;B01
201700058840;1;10;0;0;2;3;13;A01
201700058840;2;7;0;0;2;3;1;B01
201700058840;2;7;0;0;2;8;1;C01
201700058840;2;7;0;0;2;3;1;D01
201700058841;1;1;0;0;2;1;16;A01
201700058841;2;10;0;0;2;1;1;B01
201700058842;1;2;0;0;2;1;17;A01
201700058842;2;7;0;0;2;3;15;B01
201700058842;2;7;0;0;2;1;1;C01
201700058843;1;7;0;0;9;3;11;A01
201700058843;2;1;0;0;2;1;1;B01
201700058844;2;33;0;0;2;1;17;B01
201700058844;2;7;0;0;2;6;10;A01
201700058845;0;7;0;0;1;2;1;A01
201700058846;1;2;0;0;0;0;0;A01
201700058847;1;30;0;0;0;0;1;A01
201700058848;1;7;0;13;0;9;2;A01
201700058849;2;7;0;0;2;7;13;A01
201700058849;1;13;0;0;2;1;1;B01
201700058850;1;7;0;0;2;5;15;A01
201700058850;2;33;0;0;2;1;1;B01
201700058851;1;7;0;0;2;2;1;A01
201700058851;1;1;0;0;2;9;1;B01
201700058852;2;7;0;0;2;3;0;B01
201700058852;1;7;0;0;2;3;13;A01
201700058853;0;7;0;0;2;3;13;B01
201700058853;0;2;0;0;2;1;13;A01
201700058854;2;33;0;0;2;1;17;B01
201700058854;2;7;0;0;2;8;15;A01
201700058855;2;7;0;0;2;1;2;A01
201700058855;2;2;0;0;0;4;1;B01
201700058855;2;7;0;0;0;4;1;C01
201700058856;1;7;0;0;2;7;1;B01
201700058856;2;7;0;0;2;1;19;A01
201700058857;2;34;0;0;2;1;1;A01
201700058857;2;7;0;0;2;8;19;B01
201700058858;0;2;0;0;2;1;1;B01
201700058858;0;7;0;0;2;2;15;A01
201700058859;1;7;0;0;1;2;1;A01
201700058860;0;7;0;0;1;5;16;A01
201700058861;2;10;0;0;2;8;1;A01
201700058861;2;7;0;0;2;1;1;B01
201700058862;0;2;0;0;2;0;0;A01
201700058862;0;1;0;0;2;0;13;B01
201700058863;2;7;0;0;2;2;17;B01
201700058863;1;34;0;0;2;1;1;A01