num_acc;senc;catv;occutc;obs;obsm;choc;manv;num_veh
201700058864;0;34;0;0;0;0;1;A01
201700058865;2;30;0;0;2;2;13;A01
201700058865;1;7;0;0;2;7;11;B01
201700058866;1;7;0;0;2;1;1;B01
201700058866;2;7;0;0;2;8;15;A01
201700058867;1;33;0;0;2;1;2;A01
201700058867;1;30;0;0;2;4;2;B01
201700058867;2;7;0;0;2;4;2;C01
201700058868;0;7;0;0;2;7;2;B01
201700058868;0;2;0;0;2;8;2;A01
201700058869;1;10;0;0;2;3;13;B01
201700058869;2;7;0;0;2;3;13;A01
201700058870;2;7;0;0;2;3;1;B01
201700058870;1;7;0;0;2;3;1;A01
201700058871;2;7;0;0;2;7;18;B01
201700058871;2;2;0;0;2;1;19;A01
201700058872;1;32;0;0;2;2;1;A01
201700058872;1;7;0;0;2;0;19;B01
201700058873;0;1;0;14;0;1;5;B01
201700058873;0;7;0;0;2;2;23;A01
201700058874;1;7;0;0;1;1;1;A01
201700058875;0;7;0;0;9;0;1;A01
201700058875;0;1;0;0;2;7;19;B01
201700058876;0;2;0;0;2;1;1;B01
201700058876;0;7;0;0;2;7;15;A01
201700058877;0;2;0;0;2;3;15;B01
201700058877;0;7;0;0;2;1;1;A01
201700058878;1;32;0;0;1;1;1;A01
201700058879;1;99;0;0;2;1;2;A01
201700058879;1;7;0;0;2;4;2;B01
201700058880;0;30;0;0;0;0;21;A01
201700058880;0;7;0;0;0;0;15;B01
201700058881;2;1;0;0;2;4;9;B01
201700058881;2;7;0;0;9;0;1;A01
201700058882;0;2;0;0;0;1;1;A01
201700058883;0;2;0;0;2;9;1;B01
201700058883;0;7;0;0;2;2;15;A01
201700058884;0;1;0;0;2;7;19;B01
201700058884;0;7;0;0;2;1;19;A01
201700058885;1;7;0;0;0;1;0;A01
201700058885;1;7;0;0;0;1;0;B01
201700058886;2;7;0;0;0;0;1;A01
201700058887;1;7;0;0;2;2;17;B01
201700058887;1;7;0;0;0;3;1;A01
201700058888;2;7;0;0;0;0;19;A01
201700058889;1;99;0;0;1;2;1;A01
201700058890;0;10;0;0;1;3;15;A01
201700058891;2;30;0;0;2;1;1;A01
201700058891;0;7;0;0;2;0;9;B01
201700058892;0;32;0;0;2;8;19;B01
201700058892;0;7;0;0;2;2;1;A01
201700058893;1;14;0;8;2;3;1;B01
201700058893;1;7;0;0;2;1;13;A01
201700058894;0;7;0;0;0;1;1;A01
201700058894;0;2;0;0;2;1;17;B01
201700058895;1;7;0;0;2;3;1;A01
201700058895;1;1;0;0;2;4;13;B01
201700058896;0;30;0;0;2;1;13;B01
201700058896;0;7;0;0;2;1;13;A01
201700058897;1;7;0;2;0;1;21;A01
201700058898;2;7;0;0;0;9;1;A01
201700058899;2;7;0;16;0;9;1;A01
201700058900;1;7;0;0;0;9;1;A01
201700058901;1;7;0;0;2;3;1;C01
201700058901;1;7;0;0;2;1;1;B01
201700058901;2;7;0;0;2;1;13;A01
201700058902;0;31;0;0;0;2;1;A01
201700058903;1;1;0;0;2;0;1;B01
201700058904;0;10;0;0;1;1;0;A01
201700058905;2;7;0;0;0;0;0;A01
201700058906;1;33;0;13;2;4;2;A01
201700058906;1;33;0;13;2;1;2;B01
201700058907;2;2;0;0;2;1;1;B01
201700058907;0;7;0;0;2;3;9;A01
201700058908;1;7;0;0;2;2;2;A01
201700058908;1;2;0;0;2;8;18;B01
201700058909;2;7;0;0;2;3;2;A01
201700058909;1;2;0;0;2;1;5;B01
201700058910;0;10;0;0;1;0;0;A01
201700058911;2;7;0;0;2;3;0;A01
201700058911;0;2;0;0;2;1;0;B01
201700058911;0;2;0;0;2;0;0;C01
201700058912;2;1;0;0;2;1;5;B01
201700058912;1;7;0;0;2;2;1;A01
201700058913;1;2;0;0;1;1;1;A01
201700058914;2;7;0;0;9;2;1;A01
201700058914;2;2;0;0;0;4;2;B01
201700058915;0;7;0;6;1;1;14;A01
201700058916;0;2;0;0;2;0;0;B01
201700058916;0;7;0;0;2;2;1;A01
201700058917;0;30;0;0;1;1;2;A01
201700058918;0;7;0;0;2;2;15;A01
201700058918;0;33;0;0;2;1;1;B01
201700058919;2;7;0;0;2;1;9;B01
201700058919;1;7;0;0;2;1;1;A01
201700058920;2;7;0;0;2;2;1;A01
201700058920;2;1;0;0;0;4;1;B01
201700058921;0;7;0;0;2;2;1;A01
201700058921;0;30;0;0;2;1;13;B01
201700058922;1;10;0;0;2;7;15;A01
201700058922;2;7;0;0;2;1;1;B01
201700058923;0;7;0;0;2;1;0;C01
201700058923;0;7;0;0;2;1;17;A01
201700058923;0;7;0;0;2;3;0;B01
201700058924;1;34;0;0;2;1;1;B01
201700058924;1;7;0;0;2;8;10;A01
201700058925;1;7;0;0;2;1;17;A01
201700058925;1;30;0;0;2;4;15;B01
201700058926;2;1;0;0;2;1;15;B01
201700058926;1;7;0;0;9;3;1;A01
201700058927;0;30;0;0;0;0;0;B01
201700058927;2;7;0;0;9;2;1;A01
201700058928;1;2;0;0;2;1;1;A01
201700058928;2;7;0;0;9;2;15;B01
201700058929;0;1;0;0;2;3;15;B01
201700058929;0;7;0;0;2;1;1;A01
201700058930;2;7;0;0;0;0;1;A01
201700058931;1;7;0;0;2;1;2;A01
201700058932;1;7;0;13;0;3;13;A01
201700058933;2;33;0;7;0;0;1;A01
201700058934;2;7;0;0;1;7;1;A01
201700058935;1;7;0;0;2;3;13;A01
201700058935;2;1;0;0;2;1;1;B01
201700058936;1;2;0;3;0;7;1;A01
201700058937;1;1;0;0;2;8;19;A01
201700058937;2;7;0;0;9;2;1;B01
201700058938;2;7;0;6;0;1;14;A01
201700058939;1;14;0;0;1;3;9;A01
201700058940;2;2;0;0;2;1;1;A01
201700058940;1;7;0;0;2;3;1;B01
201700058941;1;33;0;13;0;2;1;A01
201700058942;1;33;0;0;2;1;5;A01
201700058942;2;7;0;0;2;3;1;B01
201700058943;1;7;0;0;0;9;21;A01
201700058944;1;7;0;3;0;2;2;A01
201700058944;1;7;0;0;2;4;2;B01
201700058944;1;10;0;0;2;5;23;C01
201700058944;1;7;0;0;2;9;2;D01
201700058945;2;33;0;0;2;2;12;A01
201700058945;2;7;0;0;2;3;1;B01
201700058946;1;33;0;13;0;1;1;A01
201700058947;1;7;0;0;2;1;1;A01
201700058947;1;7;0;3;2;4;1;B01
201700058948;1;7;0;16;0;0;1;A01
201700058949;2;15;0;0;1;1;1;A01
201700058950;2;2;0;11;2;1;1;A01
201700058950;0;7;0;0;2;8;1;B01
201700058951;1;7;0;0;1;1;1;A01
201700058952;2;7;0;16;0;1;1;A01
201700058953;1;7;0;0;2;7;15;A01
201700058953;2;2;0;0;2;1;1;B01
201700058954;1;33;0;4;0;1;1;A01
201700058955;1;7;0;0;2;2;5;A01
201700058955;1;7;0;0;2;2;1;B01
201700058956;1;7;0;0;1;2;15;A01
201700058957;2;7;0;0;0;4;16;A01
201700058957;2;7;0;0;2;1;2;B01
201700058958;2;1;0;0;0;0;1;A01
201700058959;2;7;0;0;2;1;1;A01
201700058959;2;7;0;0;2;5;1;B01
201700058960;0;2;0;0;0;0;1;A01
201700058961;1;7;0;0;2;1;17;A01
201700058961;2;7;0;0;2;3;1;B01
201700058961;1;7;0;0;2;1;1;C01
201700058962;1;34;0;0;0;4;1;A01
201700058962;1;33;0;0;2;1;21;B01
201700058963;1;7;0;0;2;3;15;A01
201700058963;2;2;0;0;2;1;1;B01
201700058964;1;2;0;0;1;1;1;A01
201700058965;0;2;0;1;2;1;1;A01
201700058965;0;7;0;0;2;1;15;B01
201700058966;1;7;0;0;1;2;1;A01
201700058967;1;34;0;6;0;7;0;A01
201700058968;1;7;0;0;2;3;1;A01
201700058968;1;1;0;0;2;2;19;B01
201700058969;1;33;0;0;2;1;1;A01
201700058969;1;10;0;0;2;4;1;B01
201700058970;1;7;0;13;0;2;1;A01
201700058971;2;33;0;16;0;0;1;A01
201700058972;1;2;0;13;0;0;1;A01
201700058973;1;33;0;0;6;1;0;A01
201700058974;2;37;6;0;1;5;1;A01
201700058975;1;7;0;0;0;4;0;A01
201700058975;1;7;0;0;0;1;0;B01
201700058975;1;7;0;4;0;7;0;C01
201700058975;1;7;0;0;2;1;1;D01
201700058975;1;7;0;0;2;1;1;E01
201700058975;1;7;0;0;2;1;1;F01
201700058976;2;17;0;0;2;2;16;A01
201700058976;2;2;0;0;2;1;18;B01
201700058977;1;33;0;12;0;1;1;A01
201700058978;0;7;0;0;2;8;1;A01
201700058978;0;2;0;0;2;8;13;B01
201700058979;0;7;0;15;0;2;1;A01
201700058980;1;7;0;4;0;1;1;A01
201700058981;2;31;0;0;2;3;2;B01
201700058981;2;31;0;0;2;1;2;A01
201700058981;2;7;0;0;2;4;23;C01
201700058981;2;7;0;0;0;4;23;D01
201700058982;1;7;0;6;2;1;1;A01
201700058982;2;7;0;0;0;4;9;B01
201700058983;2;2;0;0;2;3;1;A01
201700058983;1;7;0;0;2;2;19;B01
201700058984;2;7;0;3;2;1;2;A01
201700058984;2;7;0;3;0;4;2;B01
201700058985;1;10;0;0;1;1;2;A01
201700058986;1;7;0;0;1;5;4;A01
201700058987;1;7;0;3;0;8;1;A01
201700058988;1;7;0;4;0;2;2;A01
201700058989;2;33;0;0;2;1;1;B01
201700058989;1;7;0;0;2;6;19;A01
201700058990;0;2;0;0;2;1;1;A01
201700058990;0;37;1;0;2;6;19;B01
201700058991;0;1;0;0;2;3;1;B01
201700058991;0;38;7;0;2;3;13;A01
201700058992;1;7;0;0;0;4;2;B01
201700058992;1;38;36;0;2;1;2;C01
201700058992;1;7;0;0;2;1;2;A01
201700058993;1;7;0;6;0;3;13;A01
201700058994;2;7;0;6;0;3;1;A01
201700058995;1;7;0;13;0;2;13;A01
201700058996;2;7;0;0;0;1;1;A01
201700058997;1;2;0;0;0;0;1;A01
201700058998;2;34;0;15;0;9;1;A01
201700058999;1;7;0;0;2;2;15;A01
201700058999;2;2;0;0;2;1;1;B01
201700059000;1;33;0;14;0;0;1;A01
201700059001;2;7;0;8;0;3;14;A01
201700059002;1;7;0;4;0;1;1;A01
201700059003;1;7;0;0;0;4;2;A01
201700059004;2;33;0;0;2;1;13;A01
201700059004;1;7;0;0;2;1;1;B01
201700059005;1;7;0;0;0;9;1;A01
201700059006;1;7;0;0;9;2;21;A01
201700059006;1;1;0;0;2;1;15;B01
201700059007;1;7;0;0;2;7;1;A01
201700059007;1;30;0;0;2;1;1;B01
201700059008;1;33;0;6;0;1;1;A01
201700059009;1;1;0;0;2;8;13;A01
201700059009;2;7;0;0;2;2;1;B01
201700059010;1;7;0;0;2;1;13;A01
201700059010;2;7;0;0;2;2;1;B01
201700059010;2;7;0;0;2;2;13;C01
201700059011;2;21;0;0;1;5;14;A01
201700059012;1;33;0;0;2;3;18;A01
201700059012;1;33;0;0;2;6;14;B01
201700059013;1;10;0;0;0;2;17;A01
201700059013;1;32;0;0;0;4;2;B01
201700059013;1;30;0;0;0;8;2;C01
201700059014;1;7;0;0;1;1;0;A01
201700059015;1;14;0;0;1;1;1;A01
201700059016;1;7;0;0;2;3;1;A01
201700059016;2;7;0;0;2;8;17;B01
201700059017;1;7;0;0;2;1;0;A01
201700059017;2;7;0;0;2;1;0;B01
201700059018;2;7;0;0;1;4;20;A01
201700059019;0;7;0;0;1;4;4;A01
201700059020;0;30;0;0;2;1;1;B01
201700059020;0;30;0;0;2;1;1;A01
201700059021;0;32;0;0;0;7;1;A01
201700059022;1;7;0;0;9;1;1;A01
201700059022;2;15;0;0;2;0;1;C01
201700059023;2;7;0;15;0;1;0;A01
201700059024;1;30;0;0;0;0;17;A01
201700059025;1;38;2;0;1;7;1;A01
201700059026;2;10;0;0;0;0;1;A01
201700059027;1;30;0;0;0;1;2;B01
201700059027;1;10;0;0;0;5;2;A01
201700059028;2;2;0;0;2;1;17;A01
201700059028;2;1;0;0;2;4;1;B01
201700059029;0;2;0;0;0;0;21;A01
201700059030;2;35;0;0;2;6;15;A01
201700059030;1;33;0;0;2;1;2;B01
201700059031;2;7;0;0;2;2;2;A01
201700059031;1;7;0;0;0;6;20;B02
201700059032;1;7;0;16;0;2;6;A01
201700059033;2;7;0;13;0;9;1;A01
201700059034;1;7;0;0;1;7;1;A01
201700059035;1;7;0;0;1;7;1;A01
201700059036;1;33;0;0;2;1;1;A01
201700059036;2;7;0;0;2;2;1;B01
201700059037;2;7;0;2;0;1;1;A01
201700059038;1;7;0;0;2;0;1;A01
201700059038;2;7;0;0;2;3;1;B01
201700059039;1;2;0;0;0;1;1;A01
201700059040;1;32;0;13;0;1;1;A01
201700059041;2;2;0;0;0;0;1;A01
201700059042;1;7;0;2;0;0;1;A01
201700059043;2;33;0;12;0;7;1;A01
201700059044;0;32;0;0;0;2;16;A01
201700059045;0;7;0;0;0;0;1;A01
201700059046;1;7;0;0;1;1;1;A01
201700059047;0;33;0;0;2;1;1;A01
201700059047;0;7;0;0;2;1;1;B01
201700059048;2;99;0;0;1;0;0;A01
201700059049;1;7;0;0;1;2;1;A01
201700059050;0;30;0;2;0;1;19;A01
201700059051;2;30;0;0;1;0;0;A01
201700059052;1;2;0;0;0;2;0;A01
201700059053;0;7;0;0;1;2;2;A01
201700059054;1;7;0;0;2;2;15;A01
201700059054;2;32;0;0;2;1;1;B01
201700059055;2;7;0;0;0;3;1;A01
201700059055;1;2;0;0;0;6;1;B01
201700059056;2;7;0;0;2;1;17;A01
201700059056;1;38;60;0;2;1;21;B01
201700059057;2;7;0;6;0;1;0;A01
201700059058;0;1;0;0;2;1;1;A01
201700059058;0;7;0;0;2;2;1;B01
201700059059;0;7;0;0;0;5;1;A01
201700059059;0;33;0;0;2;1;2;B01
201700059060;0;7;0;0;1;3;1;A01
201700059061;0;7;0;0;2;3;13;A01
201700059061;0;7;0;0;2;3;1;B01
201700059062;0;1;0;0;2;1;3;B01
201700059062;0;10;0;0;2;1;1;A01
201700059063;0;7;0;0;1;1;1;A01
201700059064;0;7;0;0;0;3;15;A01
201700059064;0;33;0;0;2;1;17;B01
201700059065;2;10;0;0;2;3;9;A01
201700059065;2;10;0;0;2;3;1;B01
201700059065;2;10;0;0;2;8;1;C01
201700059066;2;7;0;0;2;3;15;A01
201700059066;2;2;0;0;2;1;1;B01
201700059067;2;2;0;0;2;1;0;A01
201700059067;2;7;0;0;0;8;0;B01
201700059068;2;7;0;0;2;3;9;A01
201700059068;2;33;0;0;2;2;1;B01
201700059069;1;33;0;0;2;1;1;B01
201700059069;0;7;0;0;2;8;10;A01
201700059070;0;31;0;0;2;1;5;A01
201700059070;0;7;0;0;9;1;1;B01
201700059070;0;7;0;0;2;4;1;C01
201700059071;0;34;0;0;2;1;1;A01
201700059071;0;7;0;0;0;8;15;B01
201700059072;0;7;0;0;2;2;15;A01
201700059072;0;2;0;0;2;1;17;B01
201700059073;0;7;0;0;2;2;15;A01
201700059073;0;33;0;0;2;1;1;B01
201700059074;0;7;0;1;1;3;13;A01
201700059075;0;10;0;0;2;3;15;B01
201700059075;0;30;0;0;2;1;2;A01
201700059076;0;7;0;0;2;4;11;A01
201700059076;0;33;0;0;2;1;1;B01
201700059077;2;10;0;0;2;5;15;B01
201700059077;1;34;0;0;2;1;1;A01
201700059078;0;7;0;8;0;1;1;A01
201700059079;0;7;0;0;2;1;13;A01
201700059079;0;7;0;0;2;1;1;B01
201700059080;0;2;0;0;2;1;1;B01
201700059080;0;7;0;0;2;1;15;A01
201700059081;1;7;0;0;1;1;17;A01
201700059082;1;7;0;0;2;1;2;A01
201700059082;1;2;0;0;0;4;10;B01
201700059083;2;7;0;0;1;1;1;A01
201700059084;1;33;0;0;2;1;0;A01
201700059084;2;7;0;0;2;1;1;B01
201700059085;1;7;0;0;1;1;1;A01
201700059086;0;7;0;0;1;3;1;A01
201700059087;2;37;1;0;2;2;15;A01
201700059087;1;33;0;0;2;1;1;B01
201700059088;2;7;0;0;2;3;1;B01
201700059088;2;7;0;0;2;5;17;A01
201700059089;0;1;0;0;2;0;5;A01
201700059089;0;14;0;0;2;6;1;B01
201700059090;1;7;0;0;2;1;5;A01
201700059090;1;7;0;0;2;1;1;B01
201700059091;1;7;0;0;2;2;5;A01
201700059091;2;7;0;0;2;2;;B01
201700059092;1;7;0;0;2;3;2;A01
201700059092;1;1;0;0;2;1;2;B01
201700059093;2;7;0;0;0;1;2;A01
201700059094;2;7;0;2;0;7;1;A01
201700059095;1;7;0;0;2;2;2;A01
201700059095;1;2;0;0;0;4;2;B01
201700059096;1;2;0;0;1;1;1;A01
201700059097;1;30;0;16;0;0;14;A01
201700059098;2;2;0;0;0;0;1;A01
201700059099;1;7;0;0;1;3;16;A01
201700059100;1;7;0;0;2;1;14;A01
201700059100;2;7;0;0;2;5;1;B01
201700059100;2;7;0;0;2;1;1;C01
201700059101;2;7;0;1;0;1;14;A01
201700059102;1;2;0;0;0;0;1;A01
201700059103;1;2;0;0;0;0;1;A01
201700059104;2;34;0;0;0;8;1;A01
201700059104;1;10;0;0;9;1;1;B01
201700059105;1;7;0;0;1;2;1;A01
201700059106;2;33;0;0;0;0;0;A01
201700059107;1;7;0;3;0;2;1;A01
201700059108;1;30;0;0;2;1;1;B01
201700059108;1;7;0;0;0;4;1;A01
201700059109;1;30;0;0;2;6;23;A01
201700059110;1;7;0;0;2;2;15;A01
201700059110;2;2;0;0;0;8;1;B01
201700059111;2;7;0;4;0;9;1;A01
201700059112;1;7;0;0;2;2;13;A01
201700059112;2;33;0;0;2;1;1;B01
201700059113;1;7;0;6;0;3;1;A01
201700059114;1;7;0;0;2;1;1;A01
201700059114;2;7;0;0;2;1;1;B01
201700059115;1;10;0;0;2;3;1;A01
201700059115;2;7;0;0;2;3;1;B01
201700059115;2;7;0;0;2;1;1;C01
201700059116;2;7;0;2;0;3;0;A01
201700059117;2;7;0;0;2;3;2;A01
201700059117;2;32;0;0;2;7;2;B01
201700059118;1;7;0;0;0;8;20;A01
201700059118;1;1;0;0;0;7;2;B01
201700059119;1;7;0;0;1;3;17;A01
201700059120;0;7;0;0;9;6;23;A01
201700059120;0;1;0;0;2;1;2;B01
201700059121;0;7;0;0;2;2;1;A01
201700059121;2;2;0;0;2;1;1;B01
201700059122;2;10;0;0;9;7;17;A01
201700059122;2;1;0;0;2;8;1;B01
201700059123;1;2;0;0;2;1;1;B01
201700059123;2;7;0;0;2;8;15;A01
201700059124;2;7;0;0;1;2;1;A01
201700059125;1;7;0;0;2;1;19;B01
201700059125;1;7;0;0;0;8;1;A01
201700059126;1;7;0;0;2;2;16;B01
201700059126;1;2;0;0;2;8;18;A01
201700059127;0;33;0;0;2;7;15;B01
201700059127;0;7;0;0;2;1;15;A01
201700059128;1;7;0;13;0;1;0;A01
201700059129;0;33;0;0;0;0;1;A01
201700059130;0;7;0;0;2;7;16;A01
201700059130;0;2;0;0;2;8;1;B01
201700059130;0;7;0;0;2;3;23;C01
201700059131;1;7;0;0;2;7;16;B01
201700059131;1;34;0;0;2;3;18;A01
201700059132;1;7;0;0;2;2;15;A01
201700059132;2;30;0;0;2;1;1;B01
201700059133;0;2;0;0;5;1;1;A01
201700059134;0;7;0;0;2;1;1;A01
201700059134;0;2;0;0;2;1;19;B01
201700059134;0;7;0;0;2;1;23;C01
201700059135;1;2;0;0;2;7;1;A01
201700059135;2;7;0;0;2;2;9;B01
201700059136;2;7;0;0;2;8;1;C01
201700059136;1;33;0;0;2;1;13;A01
201700059136;2;7;0;0;2;3;1;B01
201700059137;1;33;0;0;2;1;17;A01
201700059137;1;7;0;0;2;8;10;B01
201700059138;1;7;0;0;2;1;15;A01
201700059138;0;33;0;0;2;1;1;B01
201700059139;1;7;0;0;2;2;1;A01
201700059139;1;2;0;0;2;4;15;B01
201700059140;1;10;0;0;9;2;1;A01
201700059140;1;1;0;0;2;4;1;B01
201700059141;1;33;0;0;2;1;1;A01
201700059141;1;7;0;0;2;6;15;B01
201700059142;2;7;0;0;2;2;15;A01
201700059142;1;7;0;0;2;1;1;B01
201700059143;1;33;0;0;0;7;1;B01
201700059143;1;7;0;0;2;1;15;A01
201700059144;1;7;0;0;0;6;15;B01
201700059144;1;33;0;0;2;1;17;A01
201700059145;1;2;0;0;2;1;15;A01
201700059145;1;7;0;0;2;2;1;B01
201700059146;1;7;0;0;2;5;21;B01
201700059146;1;2;0;0;2;8;21;A01
201700059147;2;10;0;0;2;1;15;A01
201700059147;2;30;0;0;2;1;1;B01
201700059148;1;7;0;0;2;1;15;A01
201700059148;1;2;0;0;2;3;18;B01
201700059149;1;33;0;0;1;1;1;A01
201700059150;2;7;0;0;2;3;1;A01
201700059150;1;7;0;0;2;3;1;B01
201700059151;2;7;0;6;0;2;1;A01
201700059152;2;2;0;13;0;1;1;A01
201700059153;2;7;0;0;2;7;19;A01
201700059153;1;2;0;0;2;1;1;B01
201700059154;2;33;0;14;0;1;1;A01
201700059155;1;7;0;0;2;2;15;A01
201700059155;2;2;0;0;2;1;1;B01
201700059156;2;7;0;0;2;5;16;A01
201700059156;2;2;0;0;2;3;1;B01
201700059157;0;2;0;0;2;1;1;B01
201700059157;1;7;0;0;2;7;1;A01
201700059158;0;2;0;0;2;8;1;B01
201700059159;1;7;0;0;2;2;0;A01
201700059159;1;2;0;0;2;1;0;B01
201700059160;0;30;0;0;0;0;1;A01
201700059161;2;7;0;0;9;2;14;A01
201700059161;2;1;0;0;2;8;1;B01
201700059162;1;2;0;0;0;0;9;A01
201700059163;2;7;0;0;2;1;1;B01
201700059163;1;7;0;0;2;1;1;A01
201700059164;0;7;0;0;2;0;1;B01
201700059164;0;2;0;0;2;3;1;A01
201700059165;2;7;0;0;1;0;1;A01
201700059166;0;7;0;0;2;8;15;B01
201700059166;0;2;0;0;2;1;5;A01
201700059167;1;7;0;0;2;6;15;B01
201700059167;1;30;0;0;2;1;1;A01
201700059168;2;31;0;0;2;1;1;B01
201700059168;1;7;0;0;2;3;17;A01
201700059169;2;10;0;0;9;2;2;A01
201700059169;2;99;0;0;2;8;2;B01
201700059170;1;10;0;0;1;2;1;A01
201700059171;2;2;0;0;0;1;0;A01
201700059172;1;2;0;0;2;3;1;B01
201700059172;2;10;0;0;2;7;17;A01
201700059173;1;2;0;0;2;2;1;B01
201700059173;1;7;0;0;2;3;9;A01
201700059174;0;7;0;0;1;1;1;A01
201700059175;1;7;0;0;9;3;0;A01
201700059175;1;1;0;3;2;6;19;B01
201700059176;1;2;0;0;2;1;1;A01
201700059176;1;2;0;0;2;4;20;B01
201700059177;2;7;0;0;1;8;1;A01
201700059178;1;1;0;0;2;0;2;A01
201700059179;1;7;0;0;2;1;5;A01
201700059179;2;7;0;0;2;2;5;B01
201700059180;2;7;0;0;0;6;24;A01
201700059180;2;2;0;1;0;2;1;B01
201700059181;2;3;0;0;2;1;5;A01
201700059181;1;7;0;0;2;3;1;B01
201700059182;2;7;0;0;2;3;13;A01
201700059182;1;2;0;0;2;1;1;B01
201700059183;0;2;0;0;2;1;16;B01
201700059184;2;2;0;0;2;1;5;B01
201700059184;1;7;0;0;2;3;1;A01
201700059185;0;10;0;0;0;1;1;A01
201700059185;0;1;0;0;0;1;1;B01
201700059186;2;7;0;0;1;1;1;A01
201700059187;1;7;0;0;2;2;1;B01
201700059187;1;2;0;0;2;7;1;A01
201700059188;0;7;0;0;1;2;1;A01
201700059189;2;7;0;0;2;1;1;C01
201700059189;1;7;0;0;0;0;1;A01
201700059189;1;7;0;0;1;1;13;B01
201700059190;2;37;1;0;2;5;1;A01
201700059190;2;32;0;0;2;1;18;B01
201700059191;2;1;0;0;2;8;19;B01
201700059191;2;7;0;0;2;1;1;A01
201700059192;1;7;0;0;0;5;16;A01
201700059192;2;2;0;0;2;1;18;B01
201700059193;1;33;0;0;2;1;1;B01
201700059193;2;7;0;0;2;6;15;A01
201700059194;0;7;0;0;2;1;16;A01
201700059194;0;2;0;0;0;8;1;B01
201700059195;0;33;0;0;2;8;1;B01
201700059195;0;7;0;0;2;1;19;A01
201700059196;2;2;0;0;1;1;17;A01
201700059197;1;7;0;0;0;1;15;A01
201700059198;0;99;0;0;1;1;1;A01
201700059199;0;7;0;0;1;0;14;A01
201700059200;2;2;0;0;2;1;1;B01
201700059200;1;7;0;0;2;5;15;A01
201700059201;1;7;0;0;2;3;13;A01
201700059201;2;30;0;0;2;1;11;B01
201700059202;0;2;0;0;0;1;1;A01
201700059203;2;7;0;2;0;9;1;A01
201700059204;2;7;0;0;2;3;1;B01
201700059204;1;7;0;0;2;3;1;A01
201700059205;1;2;0;0;2;4;2;B01
201700059205;1;7;0;0;2;1;2;A01
201700059206;0;30;0;3;0;8;0;A01
201700059207;2;7;0;0;2;5;17;A01
201700059207;2;7;0;4;2;8;1;B01
201700059208;1;7;0;0;1;1;0;A01
201700059209;2;7;0;13;0;1;6;A01
201700059210;1;7;0;0;2;5;11;A01
201700059210;1;2;0;0;2;1;1;B01
201700059211;1;7;0;0;9;2;15;A01
201700059211;2;1;0;0;2;1;1;B01
201700059212;1;10;0;0;2;1;15;A01
201700059212;2;14;0;0;2;1;1;B01
201700059213;1;2;0;0;2;1;1;A01
201700059213;2;7;0;0;2;3;13;B01
201700059214;1;7;0;1;0;1;2;A01
201700059214;1;10;0;0;2;4;23;B01
201700059215;2;7;0;0;2;4;7;B01
201700059215;2;15;0;5;2;1;7;A01
201700059215;2;10;0;0;2;4;7;C01
201700059215;2;15;0;0;2;4;23;D01
201700059215;2;7;0;0;2;7;23;E01
201700059215;2;7;0;0;2;7;23;F01
201700059216;1;7;0;6;0;1;1;A01
201700059217;2;33;0;0;2;1;13;A01
201700059217;1;38;1;0;2;3;1;B01
201700059218;1;38;2;13;0;1;0;A01
201700059219;2;7;0;0;2;7;13;A01
201700059219;1;7;0;0;2;1;1;B01
201700059220;2;7;0;0;2;2;15;A01
201700059220;2;30;0;0;2;1;1;B01
201700059221;1;33;0;13;0;1;1;A01
201700059222;2;31;0;0;2;1;0;A01
201700059222;2;7;0;0;0;6;23;B01
201700059223;1;7;0;13;0;1;1;A01
201700059224;1;20;0;6;0;1;1;A01
201700059225;2;2;0;0;2;1;21;A01
201700059225;1;10;0;0;2;1;13;B01
201700059226;1;13;0;0;1;2;1;A01
201700059227;1;7;0;0;0;1;15;A01
201700059227;2;2;0;0;0;3;1;B01
201700059228;1;7;0;0;1;0;1;A01
201700059229;1;2;0;0;0;4;15;A01
201700059229;1;7;0;0;2;1;2;B01
201700059230;1;7;0;0;0;5;15;A01
201700059230;2;33;0;0;2;1;1;B01
201700059231;1;33;0;0;0;8;15;A01
201700059232;1;33;0;13;0;1;14;A01
201700059233;2;7;0;0;2;1;17;A01
201700059233;2;7;0;0;0;4;15;B01
201700059234;1;7;0;8;2;8;13;A01
201700059234;2;7;0;0;0;8;1;B01
201700059235;0;7;0;6;0;0;1;A01
201700059236;2;33;0;0;2;1;2;A01
201700059236;2;7;0;0;0;4;9;B01
201700059237;0;7;0;0;2;3;13;A01
201700059237;0;7;0;0;2;1;1;B01
201700059238;0;32;0;0;2;8;13;A01
201700059238;0;7;0;0;2;8;13;B01
201700059239;2;7;0;0;2;3;9;A01
201700059239;1;33;0;0;2;1;1;B01
201700059240;1;7;0;0;1;7;21;A01
201700059240;1;7;0;0;1;1;1;B01
201700059241;2;7;0;0;2;2;9;B01
201700059241;1;7;0;0;2;1;1;C01
201700059241;2;7;0;6;2;3;5;A01
201700059242;1;7;0;0;2;3;15;A01
201700059242;2;1;0;0;2;1;21;B01
201700059243;1;7;0;6;0;2;1;A01
201700059244;2;1;0;0;2;8;15;A01
201700059244;1;7;0;0;9;1;1;B01
201700059245;1;30;0;0;2;3;17;A01
201700059245;2;13;0;0;2;3;1;B01