num_acc;senc;catv;occutc;obs;obsm;choc;manv;num_veh
201700059245;1;13;0;0;2;3;1;C01
201700059246;1;2;0;0;0;0;1;A01
201700059247;1;10;0;0;0;0;1;A01
201700059248;1;7;0;0;1;1;1;A01
201700059249;2;7;0;0;1;2;1;A01
201700059250;2;2;0;0;2;3;1;A01
201700059250;1;7;0;0;2;1;15;B01
201700059251;1;30;0;0;2;7;1;B01
201700059251;1;10;0;0;2;1;15;A01
201700059252;1;10;0;0;2;2;1;A01
201700059252;0;99;0;0;2;1;1;B01
201700059253;2;7;0;0;2;8;1;A01
201700059253;2;30;0;0;2;0;11;B01
201700059254;2;7;0;0;2;1;13;A01
201700059254;1;7;0;0;2;1;1;B01
201700059255;2;7;0;0;2;1;13;A01
201700059255;1;7;0;0;2;1;1;B01
201700059256;1;30;0;0;0;7;1;A01
201700059257;2;2;0;0;2;1;13;B01
201700059257;1;7;0;0;2;1;1;A01
201700059258;1;30;0;0;2;1;2;A01
201700059258;1;7;0;0;0;6;15;B01
201700059259;1;33;0;0;2;1;16;A01
201700059259;1;7;0;0;2;8;1;B01
201700059260;1;7;0;0;1;1;0;A01
201700059261;1;2;0;0;2;1;1;A01
201700059261;2;7;0;0;2;3;9;B01
201700059262;1;1;0;0;2;8;19;A01
201700059262;2;7;0;0;2;3;1;B01
201700059263;2;7;0;0;1;2;17;A01
201700059264;1;7;0;0;2;3;13;A01
201700059264;2;7;0;0;2;3;1;B01
201700059265;2;7;0;10;0;9;1;A01
201700059265;2;7;0;3;2;9;2;B01
201700059265;2;7;0;0;2;1;2;C01
201700059265;2;7;0;0;0;4;23;D01
201700059266;1;7;0;0;1;2;1;A01
201700059267;1;33;0;8;0;1;1;A01
201700059268;2;7;0;0;2;1;13;A01
201700059268;1;7;0;0;2;1;1;B01
201700059269;1;7;0;0;1;3;21;A01
201700059270;1;99;0;0;1;4;0;A01
201700059271;2;33;0;0;2;1;2;A01
201700059271;2;10;0;0;0;6;23;B01
201700059272;0;7;0;0;2;4;1;B01
201700059272;0;7;0;0;2;1;1;A01
201700059273;1;7;0;0;0;3;0;B01
201700059273;2;7;0;0;0;3;0;A01
201700059274;2;7;0;0;2;3;1;B01
201700059274;1;7;0;0;2;3;1;A01
201700059274;2;7;0;0;2;3;1;C01
201700059275;1;7;0;4;2;1;13;A01
201700059275;1;7;0;0;2;8;1;B01
201700059276;1;7;0;0;2;1;1;A01
201700059276;2;7;0;0;2;1;1;B01
201700059277;2;33;0;15;0;0;1;A01
201700059278;1;7;0;3;2;1;5;A01
201700059278;1;7;0;0;2;1;1;B01
201700059278;1;7;0;0;2;1;1;C01
201700059278;1;7;0;0;2;2;1;D01
201700059279;2;7;0;4;0;3;0;A01
201700059280;0;7;0;0;1;3;14;A01
201700059281;1;34;0;16;0;8;1;A01
201700059282;0;33;0;0;0;8;1;A01
201700059282;0;7;0;0;2;2;19;B01
201700059283;0;7;0;0;1;2;1;A01
201700059284;2;10;0;0;2;1;1;B01
201700059284;1;7;0;0;2;1;13;A01
201700059285;1;7;0;0;0;3;2;A01
201700059285;1;2;0;0;0;0;0;B01
201700059286;1;33;0;15;0;0;21;A01
201700059287;1;7;0;0;1;5;20;A01
201700059288;1;31;0;0;0;0;0;A01
201700059289;1;7;0;1;2;3;10;A01
201700059289;2;34;0;1;2;1;17;B01
201700059290;2;33;0;15;0;1;0;A01
201700059291;1;7;0;0;2;1;5;A01
201700059291;2;7;0;0;2;1;1;B02
201700059292;1;30;0;3;0;0;13;A01
201700059293;1;7;0;0;2;1;1;A01
201700059293;2;7;0;0;2;1;0;B01
201700059294;1;34;0;0;2;9;17;B01
201700059294;2;7;0;0;2;8;17;A01
201700059295;2;33;0;0;2;1;1;A01
201700059295;1;14;0;0;2;2;15;B01
201700059296;2;2;0;12;0;1;0;A01
201700059297;1;7;0;0;2;2;13;A01
201700059297;2;7;0;0;2;1;1;B01
201700059298;1;33;0;0;2;3;1;A01
201700059298;2;33;0;0;2;0;0;B01
201700059299;2;7;0;0;2;1;1;A01
201700059299;1;7;0;0;2;8;0;B01
201700059299;1;10;0;0;2;1;1;C01
201700059300;2;7;0;0;2;3;0;A01
201700059300;1;2;0;0;2;2;0;B01
201700059301;1;7;0;0;2;7;13;A01
201700059301;2;7;0;0;2;1;1;B01
201700059302;1;7;0;16;0;1;19;A01
201700059303;1;7;0;0;1;1;1;A01
201700059304;2;7;0;0;2;1;1;A01
201700059304;1;7;0;0;2;3;1;B01
201700059305;1;7;0;0;2;8;10;A01
201700059305;1;34;0;0;2;1;1;B01
201700059306;1;33;0;0;0;0;1;A01
201700059307;1;7;0;0;2;1;13;A01
201700059307;2;7;0;0;2;8;1;B01
201700059307;2;7;0;0;2;1;1;C01
201700059308;2;7;0;0;2;3;1;A01
201700059308;1;10;0;0;2;1;1;B01
201700059308;1;7;0;0;2;3;1;C01
201700059309;1;7;0;0;2;1;0;A01
201700059309;2;7;0;0;2;1;0;B01
201700059309;2;7;0;0;2;8;0;C01
201700059309;1;7;0;0;2;8;0;D01
201700059309;1;7;0;0;2;6;0;E01
201700059309;2;7;0;0;2;6;0;F01
201700059310;2;7;0;0;2;8;1;C01
201700059310;2;7;0;0;2;1;1;B01
201700059310;1;7;0;0;2;1;5;A01
201700059311;2;10;0;0;1;7;1;A01
201700059312;0;31;0;0;2;1;5;A01
201700059312;0;99;0;0;2;3;0;B01
201700059313;2;31;0;0;0;0;0;A01
201700059314;2;7;0;0;2;4;1;B01
201700059314;1;33;0;0;2;1;3;A01
201700059315;0;2;0;0;0;0;1;A01
201700059316;1;7;0;0;1;3;1;A01
201700059317;0;1;0;0;0;0;1;A01
201700059318;0;7;0;0;0;4;23;A01
201700059318;0;7;0;1;0;2;1;B01
201700059319;0;3;0;0;0;0;0;A01
201700059320;1;7;0;12;0;3;0;A01
201700059321;0;7;0;0;0;1;15;A01
201700059321;0;32;0;0;1;1;1;B01
201700059322;2;7;0;15;0;3;0;A01
201700059323;0;2;0;0;0;1;1;A01
201700059324;2;7;0;0;2;1;13;A01
201700059324;1;7;0;0;2;1;1;B01
201700059325;0;31;0;13;0;8;1;A01
201700059326;0;7;0;0;2;3;15;A01
201700059326;0;2;0;0;2;1;17;B01
201700059327;1;34;0;0;2;1;1;A01
201700059327;2;7;0;0;2;1;1;B01
201700059328;2;7;0;2;0;1;11;A01
201700059329;0;2;0;0;1;1;1;A01
201700059330;1;7;0;0;2;1;1;B01
201700059330;2;7;0;0;2;1;1;A01
201700059331;1;7;0;0;2;3;13;A01
201700059331;2;7;0;0;2;3;1;B01
201700059332;1;7;0;0;2;1;0;A01
201700059332;2;7;0;0;2;1;0;B01
201700059333;1;7;0;0;1;2;1;A01
201700059334;1;7;0;4;0;8;1;A01
201700059335;2;7;0;0;2;3;13;A01
201700059335;1;7;0;0;2;3;1;B01
201700059336;2;7;0;0;1;1;19;A01
201700059337;1;10;0;0;2;1;0;A01
201700059337;2;10;0;0;2;1;0;B01
201700059338;2;7;0;4;0;4;2;A01
201700059338;1;7;0;0;2;4;2;B01
201700059339;1;7;0;0;2;3;0;A01
201700059339;2;34;0;0;2;1;1;B01
201700059340;0;33;0;0;1;1;1;A01
201700059341;2;7;0;0;2;1;0;A01
201700059341;1;7;0;0;2;1;13;B01
201700059342;1;7;0;0;2;2;15;A01
201700059342;2;33;0;0;2;1;1;B01
201700059343;1;7;0;13;0;3;1;A01
201700059344;1;7;0;0;2;1;2;A01
201700059344;1;7;0;0;2;4;1;B01
201700059345;2;7;0;4;0;2;1;A01
201700059346;1;3;0;6;0;1;1;A01
201700059347;1;34;0;6;0;1;21;A01
201700059348;2;7;0;0;9;3;15;A01
201700059348;2;1;0;0;2;7;17;B01
201700059349;1;10;0;0;2;1;23;A01
201700059349;2;2;0;0;2;1;0;B01
201700059350;2;33;0;0;2;1;13;B01
201700059350;1;7;0;0;2;2;13;A01
201700059351;1;17;0;0;2;1;1;B01
201700059351;2;7;0;0;2;3;17;A01
201700059351;2;38;1;0;2;8;1;D01
201700059352;1;7;0;0;1;1;1;A01
201700059353;1;7;0;2;0;2;1;A01
201700059354;1;2;0;0;2;1;15;A01
201700059354;2;7;0;0;0;4;23;B01
201700059355;1;31;0;12;0;7;1;A01
201700059356;1;33;0;0;2;1;21;A01
201700059356;1;7;0;0;2;5;15;B01
201700059356;2;7;0;0;2;8;1;C01
201700059357;1;33;0;0;2;1;1;B01
201700059357;2;7;0;0;2;3;15;A01
201700059358;0;1;0;15;0;1;15;A01
201700059359;1;31;0;12;0;1;1;A01
201700059360;2;33;0;4;0;1;17;A01
201700059361;1;7;0;0;1;0;1;A01
201700059362;1;33;0;0;2;1;13;A01
201700059362;2;37;1;0;2;3;1;B01
201700059363;1;33;0;2;0;1;1;A01
201700059364;1;7;0;0;2;3;1;A01
201700059364;2;7;0;0;2;3;13;B01
201700059365;0;7;0;15;0;9;1;A01
201700059366;1;7;0;8;9;9;14;A01
201700059367;1;32;0;0;2;1;1;A01
201700059367;2;7;0;0;2;3;17;B01
201700059368;0;2;0;0;0;0;15;A01
201700059369;2;33;0;0;2;1;1;A01
201700059369;2;7;0;0;2;5;19;B01
201700059370;2;7;0;0;0;7;15;A01
201700059370;2;7;0;0;2;1;1;B01
201700059370;1;7;0;0;2;3;1;C01
201700059371;0;7;0;0;1;2;15;A01
201700059372;2;32;0;0;2;1;1;A01
201700059372;2;17;0;0;2;4;1;B01
201700059373;2;10;0;0;1;2;1;A01
201700059374;1;7;0;0;2;7;15;A01
201700059374;1;2;0;0;2;1;1;B01
201700059375;1;7;0;0;2;4;23;A01
201700059375;1;7;0;0;2;4;23;B01
201700059375;1;7;0;0;2;9;1;C01
201700059375;2;7;0;0;2;1;1;D01
201700059376;1;2;0;3;0;9;1;A01
201700059377;1;7;0;4;0;1;0;A01
201700059378;2;7;0;0;2;3;1;B01
201700059378;1;33;0;0;2;1;13;A01
201700059379;1;7;0;0;2;1;1;B01
201700059379;1;7;0;0;2;4;1;A01
201700059380;1;33;0;6;0;1;1;A01
201700059381;2;7;0;0;2;1;0;A01
201700059381;1;7;0;0;2;1;1;B01
201700059382;2;33;0;0;2;1;1;A01
201700059382;1;7;0;0;2;8;19;B01
201700059383;1;33;0;6;0;1;1;A01
201700059384;0;7;0;6;0;1;1;A01
201700059385;2;30;0;0;2;1;13;A01
201700059385;1;30;0;0;2;1;1;B01
201700059386;2;2;0;0;2;3;15;A01
201700059386;1;10;0;0;2;3;15;B01
201700059387;1;33;0;0;2;1;2;B01
201700059387;1;7;0;0;0;5;1;A01
201700059388;1;33;0;0;2;7;1;A01
201700059388;1;7;0;0;2;3;11;B01
201700059388;1;7;0;0;2;5;1;C01
201700059389;1;7;0;1;0;1;2;A01
201700059389;1;7;0;1;0;4;23;B01
201700059390;2;33;0;0;0;0;1;A01
201700059391;2;33;0;0;0;7;0;A01
201700059392;1;33;0;13;0;8;0;A01
201700059393;1;7;0;0;1;2;1;A01
201700059394;1;1;0;0;1;1;1;A01
201700059395;1;7;0;0;2;1;17;A01
201700059395;2;7;0;0;2;3;1;B01
201700059396;1;7;0;0;0;0;17;B01
201700059396;1;7;0;0;0;0;1;A01
201700059397;1;2;0;0;2;6;15;A01
201700059397;1;33;0;0;9;1;17;B01
201700059398;1;7;0;0;2;2;15;A01
201700059398;2;1;0;0;2;1;1;B01
201700059399;2;7;0;8;0;6;1;A01
201700059400;2;7;0;6;0;1;1;A01
201700059401;2;7;0;0;2;2;1;B01
201700059401;1;7;0;0;2;7;13;A01
201700059402;2;34;0;0;2;1;21;A01
201700059402;1;7;0;0;2;6;21;B01
201700059403;0;7;0;0;1;3;15;A01
201700059404;1;7;0;0;2;1;1;A01
201700059404;2;14;0;0;2;3;6;B01
201700059405;1;7;0;0;0;6;15;A01
201700059405;1;33;0;0;2;1;17;B01
201700059406;1;7;0;0;2;1;5;A01
201700059406;2;7;0;0;2;1;1;B01
201700059407;1;7;0;0;2;3;15;A01
201700059407;1;2;0;0;2;1;17;B01
201700059408;2;30;0;0;2;1;13;A01
201700059408;1;7;0;0;2;1;1;B01
201700059409;2;7;0;0;1;3;19;A01
201700059410;2;7;0;0;2;1;17;A01
201700059410;1;7;0;0;2;1;17;B01
201700059411;1;7;0;0;1;3;21;A01
201700059412;1;7;0;0;1;3;1;A01
201700059413;1;31;0;0;0;0;2;A01
201700059414;1;30;0;0;1;1;1;A01
201700059415;1;7;0;6;0;9;1;A01
201700059416;1;7;0;0;2;1;13;A01
201700059416;2;7;0;0;2;1;1;B01
201700059417;1;33;0;0;2;1;17;B01
201700059417;2;7;0;0;2;2;19;A01
201700059418;0;1;0;0;2;2;17;B01
201700059418;1;7;0;0;9;3;9;A01
201700059419;1;7;0;15;0;1;1;A01
201700059420;2;1;0;0;2;1;13;A01
201700059420;1;7;0;0;2;3;1;B01
201700059421;2;31;0;0;0;0;1;A01
201700059422;2;33;0;10;0;1;1;A01
201700059423;2;1;0;0;2;7;13;A01
201700059423;1;7;0;0;2;1;23;B01
201700059424;1;7;0;0;2;2;15;A01
201700059424;2;2;0;0;2;1;1;B01
201700059425;2;33;0;15;0;9;1;A01
201700059426;0;33;0;0;2;2;16;A01
201700059426;0;7;0;0;2;8;1;B01
201700059427;1;7;0;0;2;2;19;A01
201700059427;2;1;0;0;2;4;13;B01
201700059428;1;7;0;0;2;3;0;B01
201700059428;2;7;0;0;2;1;13;A01
201700059429;0;2;0;0;1;1;13;A01
201700059430;2;7;0;6;1;1;13;A01
201700059431;1;7;0;0;9;2;15;A01
201700059431;2;33;0;0;2;1;1;B01
201700059432;0;7;0;0;0;9;1;A01
201700059433;1;7;0;1;0;2;1;A01
201700059433;1;7;0;0;0;4;24;B01
201700059434;1;7;0;1;1;2;14;A01
201700059435;2;2;0;0;2;1;5;A01
201700059435;1;7;0;0;2;3;1;B01
201700059436;0;99;0;0;0;1;1;A01
201700059437;1;7;0;0;2;1;9;A01
201700059437;1;33;0;0;2;8;1;B01
201700059438;2;7;0;13;0;9;14;A01
201700059439;1;10;0;0;2;1;2;B01
201700059439;1;7;0;0;2;0;10;A01
201700059440;1;7;0;0;2;8;19;A01
201700059440;0;33;0;0;2;1;1;B01
201700059441;1;7;0;0;2;3;10;A01
201700059441;1;32;0;0;0;0;0;B01
201700059442;1;7;0;0;1;1;0;A01
201700059443;1;33;0;0;2;1;1;B01
201700059443;1;7;0;0;2;4;15;A01
201700059444;2;7;0;0;2;2;15;A01
201700059444;2;31;0;0;2;1;17;B01
201700059445;1;33;0;0;2;1;1;B01
201700059445;1;7;0;0;2;3;15;A01
201700059446;1;7;0;16;2;1;13;A01
201700059446;1;7;0;0;2;3;21;B01
201700059447;1;7;0;0;1;3;2;A01
201700059448;1;7;0;0;2;1;15;A01
201700059448;2;32;0;0;2;1;1;B01
201700059449;1;1;0;1;0;0;0;A01
201700059449;1;7;0;0;2;8;0;B01
201700059450;1;7;0;0;0;6;0;B01
201700059450;1;7;0;1;0;1;13;A01
201700059451;1;33;0;0;2;1;21;B01
201700059451;1;7;0;0;2;1;9;A01
201700059452;1;7;0;8;0;1;2;A01
201700059453;2;7;0;16;2;0;21;A01
201700059453;2;7;0;0;2;0;17;Z01
201700059454;1;30;0;0;9;6;1;A01
201700059455;1;33;0;0;2;0;9;A01
201700059455;0;30;0;0;2;0;9;Z01
201700059456;2;7;0;0;2;4;1;B01
201700059456;2;33;0;0;2;1;1;A01
201700059457;1;7;0;0;2;3;9;B01
201700059457;1;99;0;0;2;1;9;A01
201700059458;1;7;0;0;2;3;9;A01
201700059458;1;31;0;0;2;1;7;B01
201700059459;1;33;0;1;0;1;21;A01
201700059460;1;7;0;0;9;3;1;B01
201700059460;1;1;0;0;2;1;9;A01
201700059461;2;7;0;0;2;3;15;A01
201700059461;2;31;0;0;2;1;13;B01
201700059462;1;33;0;6;0;1;15;A01
201700059463;1;7;0;0;9;5;23;A01
201700059463;1;99;0;0;2;1;21;B01
201700059464;1;7;0;1;0;1;1;A01
201700059464;2;7;0;0;2;4;24;B01
201700059465;1;7;0;0;2;5;15;A01
201700059465;2;7;0;0;2;1;13;B01
201700059465;1;7;0;0;2;1;1;D01
201700059465;2;7;0;0;2;3;23;C01
201700059466;1;7;0;0;1;2;6;A01
201700059467;2;7;0;0;1;0;16;A01
201700059468;2;7;0;0;2;0;0;A01
201700059468;1;7;0;0;2;1;1;B01
201700059469;1;7;0;0;1;3;1;A01
201700059470;1;7;0;0;1;0;0;A01
201700059471;1;7;0;2;2;1;9;A01
201700059471;2;7;0;0;2;1;0;B01
201700059472;1;7;0;0;0;0;0;A01
201700059472;1;32;0;0;2;0;17;B01
201700059473;1;30;0;0;2;1;5;A01
201700059473;2;7;0;0;2;2;15;B01
201700059474;1;7;0;0;1;0;1;A01
201700059475;1;7;0;0;2;2;1;A01
201700059475;1;7;0;0;2;6;1;B01
201700059476;1;30;0;0;2;4;1;B01
201700059476;1;7;0;3;2;2;1;A01
201700059477;1;7;0;0;2;1;1;A01
201700059477;2;7;0;0;2;7;15;B01
201700059478;1;7;0;0;2;0;0;B01
201700059478;1;7;0;0;2;2;0;A01
201700059479;1;7;0;0;1;0;0;A01
201700059480;1;7;0;0;1;0;0;A01
201700059481;1;10;0;0;2;1;1;C01
201700059481;1;31;0;0;2;1;0;A01
201700059481;1;7;0;0;2;0;0;B01
201700059482;1;7;0;0;2;8;17;B01
201700059482;1;33;0;0;2;0;17;A01
201700059483;2;7;0;0;2;3;0;A01
201700059483;2;2;0;0;2;0;0;B01
201700059484;1;7;0;0;1;1;1;A01
201700059485;1;10;0;0;1;3;0;A01
201700059486;0;31;0;0;1;1;0;Z01
201700059487;1;7;0;0;2;0;0;A01
201700059487;1;7;0;0;2;0;0;B01
201700059488;0;30;0;0;2;2;15;A01
201700059488;1;7;0;0;2;2;1;B01
201700059489;1;37;0;0;2;0;1;A01
201700059489;1;1;0;0;2;0;0;B01
201700059490;1;2;0;0;1;0;0;Z01
201700059491;2;32;0;0;1;1;1;A01
201700059492;1;7;0;0;1;2;1;A01
201700059493;0;7;0;0;2;3;15;A01
201700059493;0;33;0;0;2;1;17;B01
201700059494;2;34;0;0;2;1;13;A01
201700059494;1;7;0;0;2;3;1;B01
201700059495;1;30;0;0;2;1;0;B01
201700059495;1;7;0;0;2;0;0;Z01
201700059496;1;33;0;0;1;1;1;A01
201700059496;2;7;0;0;2;0;0;B01
201700059497;2;7;0;0;1;3;2;A01
201700059498;2;30;0;0;2;1;13;A01
201700059498;1;7;0;0;2;8;2;B01
201700059499;2;30;0;0;1;1;2;A01
201700059500;1;7;0;0;1;2;0;A01
201700059501;2;7;0;0;2;2;0;A01
201700059501;1;30;0;0;2;0;0;B01
201700059502;0;7;0;0;2;1;9;A01
201700059502;0;1;0;0;2;1;9;B01
201700059503;1;7;0;0;1;1;1;A01
201700059504;2;7;0;0;2;7;15;A01
201700059504;1;32;0;0;2;0;0;B01
201700059505;1;7;0;0;2;8;11;A01
201700059505;1;7;0;0;2;2;0;B01
201700059506;1;7;0;0;1;1;0;A01
201700059507;1;30;0;0;2;0;19;B01
201700059507;1;7;0;0;2;1;1;A01
201700059508;2;7;0;0;2;2;1;B01
201700059508;2;2;0;0;2;1;5;A01
201700059509;1;7;0;0;2;3;21;B01
201700059509;2;7;0;0;2;1;13;A01
201700059510;0;10;0;0;1;0;0;A01
201700059510;0;7;0;0;0;0;0;B01
201700059511;1;7;0;0;1;2;1;A01
201700059512;1;7;0;0;2;7;0;A01
201700059512;1;33;0;0;2;8;0;B01
201700059513;1;7;0;0;2;0;0;A01
201700059513;1;1;0;0;2;0;0;B01
201700059514;1;7;0;0;1;0;0;A01
201700059514;0;7;0;0;0;0;0;Z01
201700059515;2;7;0;0;2;3;13;A01
201700059515;1;7;0;0;2;3;1;B01
201700059516;1;7;0;0;1;1;0;A01
201700059517;1;7;0;16;0;9;0;A01
201700059518;1;33;0;0;0;0;0;A01
201700059519;1;7;0;0;2;1;9;B01
201700059519;1;7;0;0;2;1;17;A01
201700059520;1;7;0;1;1;2;14;B01
201700059521;1;7;0;0;2;1;13;A01
201700059521;2;7;0;0;2;1;1;B01
201700059522;1;10;0;13;2;7;14;A01
201700059522;1;30;0;0;2;8;18;B01
201700059523;1;32;0;0;2;0;9;A01
201700059523;1;7;0;0;2;0;1;B01
201700059524;2;7;0;0;2;3;13;B01
201700059524;1;33;0;0;2;3;15;A01
201700059525;2;7;0;0;1;2;1;A01
201700059526;1;7;0;0;2;3;13;A01
201700059526;0;7;0;0;2;3;1;B01
201700059527;1;33;0;12;0;0;0;A01
201700059528;1;10;0;0;2;3;2;A01
201700059528;1;1;0;0;2;4;2;B01
201700059529;1;7;0;0;2;1;17;Z01
201700059529;1;33;0;0;2;4;2;B01
201700059530;1;7;0;0;2;3;13;A01
201700059530;1;7;0;0;2;1;1;C01
201700059530;2;7;0;0;2;3;1;B01
201700059531;1;2;0;0;2;1;13;A01
201700059531;1;7;0;0;2;1;1;B01
201700059532;1;7;0;14;0;2;1;B01
201700059532;1;7;0;3;2;1;16;A01
201700059533;1;7;0;1;0;4;23;A01
201700059533;1;34;0;1;2;1;21;B01
201700059534;1;7;0;0;2;2;17;A01
201700059534;1;7;0;0;2;6;1;B01
201700059535;1;7;0;0;1;3;17;A01
201700059536;1;2;0;0;2;1;1;A01
201700059536;1;7;0;0;2;2;15;B01
201700059537;1;7;0;0;2;4;13;B01
201700059537;1;33;0;0;2;1;11;A01
201700059538;2;33;0;0;2;1;1;B01
201700059538;1;7;0;0;2;7;15;A01
201700059539;1;32;0;0;1;8;17;A01
201700059540;0;7;0;0;1;1;21;A01
201700059541;1;7;0;0;1;1;19;A01
201700059542;2;7;0;0;2;4;2;B01
201700059542;2;31;0;0;2;1;2;A01
201700059543;1;7;0;0;2;6;15;A01
201700059543;1;30;0;0;2;0;0;B01
201700059544;2;7;0;4;0;2;21;A01
201700059545;2;7;0;8;0;3;2;A01
201700059546;2;7;0;0;2;7;16;C01
201700059546;1;7;0;0;2;1;13;A01
201700059546;1;1;0;0;2;1;23;B01
201700059547;0;7;0;0;2;3;19;C01
201700059547;0;7;0;0;2;0;19;A01
201700059547;0;7;0;0;2;3;9;B01
201700059548;2;33;0;0;2;1;5;A01
201700059548;2;7;0;0;2;1;21;B01
201700059549;1;7;0;4;2;9;1;A01
201700059549;1;7;0;0;2;3;1;B01
201700059549;1;7;0;0;2;3;1;C01
201700059549;1;7;0;0;2;1;1;D01
201700059549;1;7;0;0;2;8;2;E01
201700059549;1;7;0;0;2;4;23;F02
201700059550;1;7;0;0;2;7;0;B01
201700059550;0;33;0;0;2;1;9;A01
201700059551;1;7;0;5;0;1;0;A01
201700059552;1;7;0;0;2;1;0;B01
201700059552;2;7;0;0;2;2;5;A01
201700059553;1;34;0;0;2;1;17;A01
201700059553;1;7;0;0;2;8;15;B01
201700059554;2;7;0;0;2;3;13;A01
201700059554;1;7;0;0;2;3;1;B01
201700059554;1;31;0;0;2;1;1;C01
201700059555;1;30;0;0;1;1;3;A01
201700059556;1;7;0;0;1;1;1;A01
201700059557;1;30;0;0;2;0;2;A01
201700059557;1;33;0;0;2;0;2;B01
201700059557;1;33;0;0;2;0;21;C01
201700059558;1;7;0;0;2;1;13;A01
201700059558;2;7;0;0;2;3;21;B01
201700059558;2;7;0;0;2;1;1;C01
201700059559;1;7;0;0;2;2;13;A01
201700059559;2;99;0;0;2;0;2;B01
201700059560;2;30;0;0;2;3;1;B01
201700059560;1;7;0;0;2;2;15;A01
201700059561;1;7;0;2;0;1;1;A01
201700059562;1;7;0;0;2;1;0;B01
201700059562;2;7;0;0;2;1;13;A01
201700059563;2;31;0;0;2;7;19;B01
201700059563;2;7;0;0;2;3;19;A01
201700059564;1;7;0;0;2;1;11;A01
201700059564;1;10;0;0;2;1;0;B01
201700059565;1;7;0;0;2;3;13;A01
201700059565;1;7;0;0;2;3;1;B01
201700059566;2;7;0;0;2;1;15;B01
201700059566;1;33;0;0;2;1;1;A01
201700059567;1;33;0;0;2;1;9;A01
201700059567;1;7;0;0;2;8;19;B01
201700059568;2;7;0;0;1;0;0;A01
201700059569;1;7;0;0;1;3;1;A01
201700059570;1;7;0;0;2;3;1;A01
201700059570;2;33;0;0;2;8;1;B01
201700059571;2;33;0;0;1;1;1;Z01
201700059572;1;7;0;0;2;7;1;B01
201700059572;1;2;0;0;2;1;9;A01
201700059573;1;7;0;0;1;1;1;A01
201700059574;1;7;0;0;1;1;1;Z01
201700059575;1;7;0;0;1;1;1;Z01
201700059576;1;33;0;0;2;3;16;A01
201700059576;1;7;0;0;2;7;23;B01
201700059577;1;7;0;0;2;1;1;B01
201700059577;2;33;0;4;2;1;11;A01
201700059578;2;33;0;0;2;1;2;A01
201700059578;2;7;0;0;2;4;2;B01
201700059579;2;33;0;0;2;8;1;B01
201700059579;1;7;0;0;2;1;13;Z01
201700059580;1;7;0;0;1;8;21;A01
201700059581;1;7;0;0;2;1;2;A01
201700059581;1;30;0;0;2;4;1;B01
201700059582;1;7;0;0;2;4;24;B01
201700059582;1;7;0;1;0;1;14;A01
201700059583;1;33;0;0;2;4;23;B01
201700059583;1;7;0;0;2;1;2;Z01
201700059584;1;7;0;0;2;1;1;B01
201700059584;2;33;0;0;2;1;9;A01
201700059585;2;30;0;0;2;1;5;A01
201700059585;1;7;0;0;2;1;1;B01
201700059586;1;37;2;0;2;4;23;B01
201700059586;1;7;0;0;2;1;2;A01
201700059587;2;7;0;0;1;2;1;A01
201700059588;2;7;0;0;1;4;4;A01
201700059589;2;7;0;6;0;1;14;A01
201700059590;2;31;0;0;1;3;1;Z01
201700059591;2;7;0;0;2;4;1;B01
201700059591;2;7;0;0;2;4;1;C01
201700059591;2;33;0;0;2;1;2;Z01
201700059592;1;7;0;0;1;1;1;A01
201700059593;1;7;0;0;2;4;23;C01
201700059593;1;15;0;0;2;1;2;A01
201700059593;1;7;0;0;2;4;23;B01
201700059594;1;31;0;0;2;8;18;B01
201700059594;1;7;0;0;2;2;12;A01
201700059595;2;2;0;0;2;1;13;A01
201700059595;1;7;0;0;2;1;1;B01
201700059596;2;7;0;0;1;1;1;A01
201700059597;2;31;0;0;1;1;1;A01
201700059598;2;7;0;0;1;4;20;A01
201700059599;2;2;0;0;1;1;13;Z01
201700059600;1;2;0;0;1;1;9;Z01
201700059601;1;34;0;0;1;1;1;A01
201700059602;2;2;0;0;1;1;1;Z01
201700059603;2;7;0;0;2;1;1;B01
201700059603;1;2;0;0;2;1;17;A01
201700059604;2;7;0;0;1;2;0;A01
201700059605;2;37;1;0;1;1;1;A01
201700059606;2;30;0;0;1;1;1;A01
201700059607;1;7;0;0;1;1;14;A01
201700059608;2;7;0;0;2;3;15;A01
201700059608;2;32;0;0;2;1;1;B01
201700059609;2;7;0;0;2;4;23;B01
201700059609;2;7;0;0;2;4;1;C01
201700059609;2;7;0;0;2;1;2;A01
201700059610;2;7;0;0;1;2;1;A01
201700059611;2;2;0;0;2;1;17;B01
201700059611;1;7;0;0;2;1;15;A01
201700059612;2;7;0;0;1;1;17;A01
201700059613;1;7;0;0;1;1;17;Z01
201700059614;2;7;0;0;2;1;2;B01
201700059614;2;7;0;0;2;4;1;C01
201700059614;2;7;0;0;2;4;12;D01
201700059614;2;7;0;0;2;1;2;A01
201700059615;1;31;0;16;0;2;14;A01
201700059616;2;7;0;0;1;5;14;A01
201700059617;2;7;0;0;2;7;16;B01
201700059617;2;30;0;0;2;1;17;A01
201700059617;1;7;0;0;2;8;1;C01
201700059618;2;7;0;0;1;1;1;A01
201700059619;2;7;0;0;2;1;1;A01
201700059619;1;7;0;0;2;7;10;B01
201700059620;1;31;0;16;0;1;13;A01