num_acc;senc;catv;occutc;obs;obsm;choc;manv;num_veh
201700059621;1;7;0;0;2;8;1;B01
201700059621;2;7;0;0;2;3;1;C01
201700059621;1;31;0;0;2;7;3;Z01
201700059622;1;7;0;0;1;1;1;A01
201700059623;2;7;0;0;2;6;23;B01
201700059623;2;7;0;0;2;5;1;C01
201700059623;2;31;0;0;2;1;3;A01
201700059624;2;7;0;0;1;1;1;A01
201700059625;1;7;0;0;1;4;4;A01
201700059626;1;31;0;0;2;1;16;A01
201700059626;1;7;0;0;2;3;15;B01
201700059627;1;7;0;0;1;1;1;A01
201700059628;2;7;0;0;2;3;1;B01
201700059628;1;31;0;0;2;1;13;A01
201700059629;1;7;0;0;2;2;15;A01
201700059629;2;31;0;0;2;1;17;B01
201700059630;1;7;0;0;2;3;1;B01
201700059630;2;30;0;0;2;1;13;A01
201700059631;1;33;0;16;0;1;14;A01
201700059632;1;7;0;0;2;8;15;B01
201700059632;1;30;0;0;2;1;17;A01
201700059633;1;7;0;0;1;4;4;A01
201700059634;2;7;0;1;0;1;14;A01
201700059635;2;1;0;16;0;1;14;A01
201700059636;2;32;0;0;2;7;9;Z01
201700059636;2;7;0;0;2;1;1;B01
201700059637;1;7;0;0;1;3;13;A01
201700059638;1;31;0;8;0;1;13;A01
201700059639;1;7;0;12;0;2;14;A01
201700059640;2;30;0;12;0;1;14;Z01
201700059641;2;30;0;0;2;4;23;B01
201700059641;2;7;0;0;2;1;2;Z01
201700059642;1;30;0;0;1;1;7;Z01
201700059643;2;2;0;0;2;1;17;A01
201700059643;2;7;0;0;2;8;15;B01
201700059644;1;7;0;0;2;2;1;B01
201700059644;1;7;0;10;2;5;14;A01
201700059645;2;31;0;0;2;1;9;A01
201700059645;2;7;0;0;2;8;1;B01
201700059646;2;7;0;0;1;1;1;A01
201700059647;2;7;0;0;1;1;1;A01
201700059648;1;7;0;0;2;5;14;B01
201700059648;1;33;0;0;2;1;18;A01
201700059649;2;7;0;0;1;1;1;A01
201700059650;1;30;0;0;1;1;1;Z01
201700059651;2;7;0;0;1;1;1;A01
201700059652;1;7;0;13;0;2;14;A01
201700059653;2;7;0;0;1;1;1;A01
201700059654;2;7;0;0;2;3;13;A01
201700059654;1;7;0;0;2;1;1;B01
201700059655;2;2;0;12;0;7;14;A01
201700059656;2;7;0;0;1;4;4;A01
201700059657;2;7;0;0;1;1;1;A01
201700059658;2;2;0;8;0;1;13;Z01
201700059659;2;2;0;0;1;1;1;Z01
201700059660;2;7;0;0;2;2;15;A01
201700059660;1;33;0;0;2;1;1;B01
201700059661;1;7;0;3;0;8;13;A01
201700059662;1;7;0;0;1;1;1;A01
201700059663;2;33;0;0;2;1;1;B01
201700059663;2;7;0;0;2;0;11;A01
201700059664;1;7;0;0;2;8;12;A01
201700059664;1;33;0;0;2;2;1;B01
201700059665;1;7;0;0;1;1;1;A01
201700059666;1;7;0;4;2;1;13;A01
201700059666;2;2;0;0;2;1;1;B01
201700059667;1;7;0;0;1;1;1;A01
201700059668;1;31;0;0;2;1;1;B01
201700059668;1;10;0;0;2;2;9;A01
201700059669;1;31;0;0;1;1;1;A01
201700059669;1;7;0;0;2;3;24;B01
201700059670;1;33;0;0;1;1;1;A01
201700059671;2;7;0;0;1;3;1;A01
201700059672;1;7;0;0;1;1;1;A01
201700059673;1;7;0;0;1;7;1;A01
201700059674;2;33;0;7;0;1;14;A01
201700059675;1;2;0;0;1;1;1;Z01
201700059676;1;7;0;0;2;8;15;B01
201700059676;1;33;0;0;2;2;17;A01
201700059677;1;7;0;0;2;4;1;B01
201700059677;1;7;0;1;2;3;1;C01
201700059677;1;7;0;0;2;1;1;A01
201700059678;1;10;0;0;2;1;15;A01
201700059678;1;7;0;0;2;1;1;C01
201700059678;2;7;0;0;2;1;1;B01
201700059679;1;33;0;4;0;8;1;A01
201700059680;1;7;0;0;2;2;1;B01
201700059680;2;7;0;0;2;3;15;A01
201700059681;1;7;0;0;2;3;1;B01
201700059681;2;7;0;0;2;3;5;A01
201700059682;2;7;0;6;0;2;14;A01
201700059683;1;7;0;0;2;4;2;B01
201700059683;1;7;0;0;2;1;2;A01
201700059684;1;7;0;0;2;1;0;A01
201700059684;1;7;0;0;2;4;0;B01
201700059685;1;7;0;0;2;4;2;B01
201700059685;1;7;0;0;2;1;2;A01
201700059686;1;7;0;0;2;1;14;A01
201700059686;1;7;0;0;2;6;1;B01
201700059687;1;33;0;0;0;0;0;A01
201700059687;1;7;0;0;2;8;0;B01
201700059688;1;7;0;0;2;4;0;B01
201700059688;1;7;0;0;2;1;2;A01
201700059689;1;7;0;0;2;2;12;A01
201700059689;1;33;0;0;2;3;18;B01
201700059690;1;1;0;0;2;1;19;B01
201700059690;2;7;0;0;2;3;1;A01
201700059691;2;7;0;0;2;1;0;D01
201700059691;2;7;0;0;2;4;2;C01
201700059691;2;7;0;0;2;6;2;A01
201700059691;2;7;0;0;2;6;2;B01
201700059692;1;33;0;0;2;4;2;B01
201700059692;1;7;0;0;2;1;2;A01
201700059693;2;7;0;0;2;3;13;A01
201700059693;2;7;0;0;2;1;0;D01
201700059693;2;7;0;0;2;6;0;B01
201700059693;2;7;0;0;2;0;0;C01
201700059693;1;7;0;0;2;4;0;E01
201700059694;1;7;0;0;2;2;2;A01
201700059695;2;7;0;0;2;2;16;A01
201700059695;2;1;0;0;2;8;1;B01
201700059696;2;7;0;0;2;6;2;B01
201700059696;2;13;0;0;2;2;2;A01
201700059697;1;7;0;0;2;2;2;A01
201700059697;1;7;0;0;2;4;2;B01
201700059698;1;7;0;0;2;1;0;A01
201700059698;1;33;0;0;2;1;0;B01
201700059699;2;7;0;0;2;2;15;B01
201700059699;2;7;0;0;2;3;1;A01
201700059700;2;32;0;1;0;1;2;A01
201700059700;1;7;0;0;2;4;23;B01
201700059701;1;7;0;0;2;3;0;B01
201700059701;2;37;1;0;2;3;13;A01
201700059702;1;33;0;0;2;1;1;B01
201700059702;1;7;0;0;2;1;0;A01
201700059703;1;7;0;0;2;2;15;B01
201700059703;1;33;0;0;2;3;3;A01
201700059704;1;7;0;0;0;0;0;B01
201700059704;2;7;0;0;2;2;14;A01
201700059705;2;10;0;0;2;4;2;B01
201700059705;2;7;0;0;2;1;2;A01
201700059706;1;7;0;0;2;8;11;B01
201700059706;1;32;0;0;2;1;17;A01
201700059707;1;33;0;0;2;1;0;A01
201700059707;1;7;0;0;2;2;0;B01
201700059708;1;7;0;0;2;3;13;A01
201700059708;2;7;0;0;2;3;1;B01
201700059709;1;7;0;0;2;8;18;A01
201700059709;2;7;0;0;2;3;1;B01
201700059710;1;7;0;0;2;3;1;C01
201700059710;1;7;0;0;2;2;6;A01
201700059710;1;7;0;0;2;1;1;D01
201700059710;1;7;0;0;2;3;1;B01
201700059711;1;7;0;0;0;9;1;A01
201700059712;1;7;0;0;2;0;0;A01
201700059712;1;7;0;0;2;9;0;B01
201700059712;1;1;0;0;0;0;0;C01
201700059713;1;7;0;0;2;3;1;B01
201700059713;2;7;0;0;2;3;5;A01
201700059714;1;1;0;0;2;1;2;A01
201700059714;1;1;0;0;2;4;1;B01
201700059715;1;7;0;0;2;2;1;A01
201700059715;1;1;0;0;2;6;1;B01
201700059716;1;7;0;0;2;2;2;A01
201700059716;1;7;0;0;2;4;1;B01
201700059717;1;7;0;4;0;9;1;A01
201700059718;1;7;0;4;0;2;1;A01
201700059719;2;7;0;0;2;4;4;A01
201700059719;1;33;0;0;2;1;1;B01
201700059720;1;7;0;0;0;9;1;A01
201700059721;1;7;0;4;0;3;2;A01
201700059721;1;7;0;4;0;1;1;B01
201700059722;1;7;0;0;0;0;0;B01
201700059722;1;7;0;4;0;2;0;A01
201700059723;1;2;0;0;0;0;0;A01
201700059724;2;7;0;0;2;8;0;A01
201700059724;0;1;0;0;0;0;0;B01
201700059725;2;13;0;0;2;1;2;A01
201700059725;2;7;0;0;2;4;2;B01
201700059726;2;7;0;0;2;4;13;B01
201700059726;2;7;0;0;2;1;13;A01
201700059727;1;31;0;0;2;4;3;B01
201700059727;1;7;0;0;2;1;9;A01
201700059728;1;1;0;0;0;0;0;B01
201700059728;1;7;0;0;2;3;6;A01
201700059729;1;33;0;0;0;0;0;B01
201700059729;1;7;0;0;2;1;1;A01
201700059730;1;7;0;0;2;1;5;A01
201700059730;1;7;0;0;2;1;1;B01
201700059731;1;7;0;0;2;2;1;A01
201700059731;1;7;0;0;2;7;2;B01
201700059732;1;7;0;0;2;1;1;A01
201700059732;1;7;0;0;2;4;2;B01
201700059733;2;7;0;12;0;2;1;A01
201700059734;1;7;0;0;2;4;2;B01
201700059734;1;33;0;0;2;1;2;A01
201700059735;0;7;0;0;0;0;0;C01
201700059735;1;7;0;0;2;1;1;B01
201700059735;1;7;0;0;2;4;0;A01
201700059736;1;7;0;0;2;1;1;A01
201700059736;2;7;0;0;2;4;1;B01
201700059736;2;7;0;0;2;1;1;C01
201700059736;2;7;0;0;2;4;1;D01
201700059737;1;7;0;0;2;1;2;A01
201700059737;1;7;0;0;2;4;2;B01
201700059738;2;7;0;0;2;1;2;A01
201700059738;2;7;0;0;2;4;2;B01
201700059739;2;31;0;0;2;1;1;A01
201700059739;1;7;0;0;2;3;1;B01
201700059740;1;7;0;0;2;2;2;A01
201700059740;1;1;0;0;2;4;2;B01
201700059740;1;1;0;0;2;4;2;C01
201700059741;1;7;0;0;1;7;1;A01
201700059742;2;7;0;0;2;2;16;A01
201700059742;1;7;0;0;2;2;1;B01
201700059743;1;7;0;0;2;7;15;A01
201700059743;2;34;0;0;2;0;5;B01
201700059744;1;7;0;0;1;1;20;A01
201700059745;2;34;0;0;2;3;2;B01
201700059745;2;7;0;0;2;3;15;A01
201700059746;2;7;0;0;2;3;15;A01
201700059746;1;7;0;0;2;1;2;B01
201700059747;2;7;0;0;2;4;23;A01
201700059747;2;7;0;0;2;1;2;B01
201700059747;2;7;0;0;2;2;2;C01
201700059748;1;7;0;0;2;6;19;A01
201700059748;1;33;0;0;2;7;17;B01
201700059749;1;1;0;0;2;4;15;B01
201700059750;2;31;0;0;2;1;5;B01
201700059750;1;7;0;0;2;2;1;A01
201700059751;1;7;0;0;2;4;2;B01
201700059751;1;33;0;0;2;1;2;A01
201700059752;1;7;0;0;0;3;1;A01
201700059753;1;7;0;0;2;3;5;A01
201700059753;2;7;0;1;2;3;5;B01
201700059754;1;7;0;0;2;8;15;B01
201700059754;1;7;0;0;2;8;15;A01
201700059755;2;7;0;0;2;6;2;A01
201700059755;1;7;0;0;2;2;2;B01
201700059756;1;7;0;0;2;1;1;A01
201700059756;2;7;0;0;2;8;13;B01
201700059757;2;7;0;0;2;7;24;B01
201700059757;1;7;0;0;2;8;14;A01
201700059758;1;33;0;0;2;1;17;B01
201700059758;1;7;0;0;2;3;2;C01
201700059758;1;7;0;0;2;0;9;A01
201700059759;1;33;0;0;2;1;2;A01
201700059759;1;7;0;0;2;4;2;B01
201700059760;2;7;0;0;2;1;2;A01
201700059760;2;31;0;0;2;4;2;B01
201700059761;1;7;0;0;2;8;15;A01
201700059761;2;7;0;0;2;2;17;B01
201700059762;1;7;0;0;2;1;15;A01
201700059762;2;31;0;0;2;2;1;B01
201700059763;2;7;0;0;2;1;2;A01
201700059763;1;7;0;0;2;4;2;B01
201700059763;1;7;0;0;2;4;2;C01
201700059764;1;7;0;0;2;3;1;A01
201700059764;1;7;0;0;2;1;1;B01
201700059765;2;7;0;0;2;4;1;A01
201700059765;2;34;0;0;2;1;2;C01
201700059765;2;34;0;0;2;1;2;B01
201700059766;2;34;0;0;2;1;2;B01
201700059766;2;7;0;0;2;1;5;A01
201700059767;2;7;0;0;2;8;15;B01
201700059767;1;31;0;0;2;1;1;A01
201700059768;1;31;0;0;0;1;1;A01
201700059769;1;7;0;0;2;8;24;B01
201700059769;1;7;0;0;1;1;1;A01
201700059770;2;7;0;0;2;1;2;A01
201700059770;2;7;0;0;2;6;2;B01
201700059771;1;7;0;0;2;1;17;A01
201700059771;1;7;0;0;2;6;17;B01
201700059771;1;7;0;0;2;6;1;C01
201700059772;2;7;0;0;2;2;14;A01
201700059773;1;7;0;0;2;3;1;A01
201700059773;1;34;0;0;2;1;1;B01
201700059774;1;7;0;0;2;2;2;A01
201700059774;1;7;0;0;2;8;1;B01
201700059774;1;7;0;0;2;1;17;C01
201700059775;2;33;0;0;2;1;2;A01
201700059775;2;7;0;0;9;4;2;B01
201700059776;2;34;0;0;2;0;2;A01
201700059776;2;7;0;0;2;0;2;B01
201700059777;1;7;0;0;2;1;2;A01
201700059777;2;7;0;0;2;6;2;B01
201700059778;1;7;0;0;2;2;14;A01
201700059778;1;7;0;0;2;8;1;B01
201700059779;1;7;0;0;2;1;1;A01
201700059779;2;7;0;0;2;2;1;B01
201700059779;1;7;0;0;2;1;1;C01
201700059780;1;7;0;0;2;3;13;A01
201700059780;2;7;0;0;2;3;13;B01
201700059781;1;31;0;0;2;1;2;A01
201700059781;1;7;0;0;2;2;1;B01
201700059782;2;7;0;0;2;1;2;A01
201700059782;1;7;0;1;0;4;23;B01
201700059783;2;33;0;0;2;1;5;A01
201700059783;2;7;0;0;2;3;5;B01
201700059784;2;31;0;0;2;1;5;A01
201700059784;1;7;0;0;2;1;1;B01
201700059785;1;7;0;0;2;1;2;A01
201700059785;1;7;0;0;2;4;2;B01
201700059785;1;7;0;0;2;4;2;C01
201700059786;1;7;0;0;2;1;2;A01
201700059786;1;7;0;0;2;4;2;B01
201700059786;1;7;0;0;2;4;15;C01
201700059787;2;7;0;0;2;1;2;A01
201700059787;2;7;0;0;2;4;2;B01
201700059787;2;7;0;0;2;4;2;C01
201700059788;2;7;0;0;2;2;2;A01
201700059788;1;7;0;0;2;4;23;B01
201700059788;1;7;0;0;2;4;23;C01
201700059789;1;33;0;16;0;9;1;A01
201700059790;2;7;0;0;2;3;5;B01
201700059790;1;7;0;0;2;3;5;A01
201700059791;1;7;0;0;2;3;13;A01
201700059791;1;7;0;0;2;8;1;B01
201700059791;2;7;0;0;2;8;1;C01
201700059792;1;33;0;0;2;0;1;A01
201700059792;1;7;0;0;2;0;0;B01
201700059793;1;7;0;0;2;4;1;A01
201700059793;1;7;0;0;2;4;1;B01
201700059793;1;7;0;0;2;1;1;C01
201700059794;1;7;0;0;2;1;1;A01
201700059794;1;7;0;0;2;6;11;B01
201700059795;1;33;0;0;2;4;1;B01
201700059795;1;7;0;0;2;1;1;A01
201700059795;1;7;0;0;2;4;1;E01
201700059795;1;7;0;0;2;4;0;D01
201700059795;1;7;0;0;2;4;1;C01
201700059796;2;33;0;0;2;0;17;A01
201700059796;2;33;0;0;2;8;1;B01
201700059796;2;7;0;0;2;8;1;C01
201700059797;1;31;0;0;2;1;2;A01
201700059797;1;7;0;0;2;4;2;B01
201700059798;2;33;0;0;2;1;5;A01
201700059798;2;7;0;0;2;1;5;B01
201700059799;2;7;0;1;2;4;2;B01
201700059799;2;7;0;0;2;1;2;A01
201700059800;2;7;0;0;2;1;1;B01
201700059800;2;7;0;0;2;4;1;A01
201700059801;2;33;0;0;2;1;1;A01
201700059801;2;7;0;0;2;4;1;B01
201700059802;2;7;0;0;2;6;1;B01
201700059802;2;31;0;0;2;1;14;A01
201700059802;2;7;0;0;2;0;1;C01
201700059803;2;7;0;0;2;1;15;A01
201700059803;1;34;0;0;2;1;1;B01
201700059804;2;7;0;14;0;0;1;A01
201700059805;1;7;0;0;2;4;1;C01
201700059805;1;10;0;0;2;1;1;A01
201700059805;1;7;0;0;2;4;1;B01
201700059806;2;2;0;0;2;2;1;A01
201700059806;2;7;0;1;2;6;24;B01
201700059807;1;1;0;0;2;2;1;B01
201700059807;1;7;0;0;2;3;15;A01
201700059808;1;31;0;0;1;1;1;A01
201700059809;1;7;0;0;2;0;1;A01
201700059809;1;7;0;0;2;4;1;B01
201700059810;1;7;0;0;2;4;1;B01
201700059810;1;7;0;0;2;1;2;A01
201700059810;1;7;0;0;2;4;1;C01
201700059811;2;7;0;0;1;2;0;A01
201700059812;1;2;0;0;0;0;0;A01
201700059813;1;7;0;0;9;2;2;A01
201700059813;1;1;0;0;2;8;0;B01
201700059814;1;7;0;0;9;3;0;A01
201700059814;1;1;0;0;2;2;0;B01
201700059815;1;7;0;0;1;3;15;A01
201700059816;0;7;0;0;2;1;1;B01
201700059816;2;7;0;0;2;7;15;A01
201700059817;2;33;0;0;2;3;1;B01
201700059817;1;7;0;0;2;0;0;Z01
201700059818;1;7;0;0;1;1;1;A01
201700059819;1;31;0;0;0;0;16;A01
201700059820;1;2;0;0;9;4;17;A01
201700059820;0;2;0;0;9;1;1;B01
201700059821;2;7;0;8;0;2;1;A01
201700059822;0;2;0;0;2;6;0;A01
201700059822;1;7;0;0;9;2;0;B01
201700059823;0;7;0;0;2;4;2;B01
201700059823;1;7;0;0;2;4;2;C01
201700059823;1;7;0;0;2;1;2;A01
201700059824;1;2;0;0;2;1;1;B01
201700059824;2;7;0;0;9;3;15;A01
201700059825;0;30;0;0;2;7;0;B01
201700059825;0;7;0;0;2;3;9;A01
201700059826;0;7;0;0;0;0;0;A01
201700059826;0;2;0;0;9;0;0;B01
201700059827;2;7;0;0;2;1;1;B01
201700059827;1;7;0;0;2;1;15;A01
201700059828;1;7;0;0;9;9;2;A01
201700059829;1;30;0;0;2;7;1;B01
201700059829;1;30;0;0;2;1;9;A01
201700059830;1;2;0;0;2;4;2;B01
201700059830;1;7;0;0;2;0;2;A01
201700059831;1;7;0;0;1;1;9;A01
201700059832;0;33;0;0;2;1;1;B01
201700059832;0;7;0;0;2;8;10;A01
201700059833;1;7;0;0;2;5;2;B01
201700059833;0;7;0;0;2;8;24;C01
201700059833;1;31;0;1;2;1;2;A01
201700059833;0;7;0;0;2;8;24;D01
201700059834;0;2;0;0;2;1;1;B01
201700059834;0;7;0;0;2;7;15;A01
201700059835;0;7;0;0;0;0;16;B01
201700059835;0;1;0;0;2;8;5;A01
201700059836;0;7;0;0;2;1;15;A01
201700059836;0;2;0;0;2;1;1;B01
201700059837;0;7;0;0;2;7;1;A01
201700059837;0;2;0;0;2;3;1;B01
201700059838;0;7;0;0;1;2;20;A01
201700059839;0;7;0;0;0;0;0;A01
201700059839;0;31;0;0;0;0;0;B01
201700059840;0;7;0;0;2;7;1;B01
201700059840;0;1;0;0;2;1;5;A01
201700059841;0;1;0;0;2;4;1;A01
201700059841;1;7;0;0;9;1;0;Z01
201700059842;1;2;0;0;1;1;1;A01
201700059843;1;2;0;0;2;8;0;A01
201700059843;1;7;0;0;9;2;1;B01
201700059844;0;2;0;0;2;1;1;B01
201700059844;1;7;0;0;9;3;0;A01
201700059845;1;7;0;0;2;0;1;B01
201700059845;1;2;0;0;2;8;23;A01
201700059846;0;30;0;0;0;0;0;B01
201700059846;0;1;0;0;0;0;0;A01
201700059847;1;30;0;0;2;2;17;A01
201700059847;1;7;0;0;2;8;15;B01
201700059848;1;7;0;0;1;2;1;A01
201700059849;1;7;0;0;2;8;15;B01
201700059849;1;2;0;0;2;1;17;A01
201700059850;1;7;0;0;2;3;9;A01
201700059850;1;30;0;0;2;1;1;B01
201700059851;2;10;0;0;2;1;1;A01
201700059851;2;10;0;0;2;6;15;B01
201700059852;1;7;0;0;2;3;9;A01
201700059852;2;2;0;0;2;1;1;B01
201700059853;1;7;0;0;2;1;13;A01
201700059853;2;7;0;0;2;1;1;B01
201700059854;1;7;0;0;2;2;1;B01
201700059854;0;1;0;0;2;1;19;A01
201700059855;1;30;0;0;2;1;1;B01
201700059855;1;7;0;0;2;3;0;A01
201700059856;1;7;0;0;2;6;0;B01
201700059856;1;30;0;0;2;6;0;A01
201700059857;0;30;0;0;2;1;1;B01
201700059857;0;7;0;0;2;1;15;A01
201700059858;2;7;0;0;0;4;1;B01
201700059858;2;7;0;0;2;1;2;A01
201700059859;1;7;0;0;2;9;2;B01
201700059859;1;7;0;0;0;4;2;C01
201700059859;1;7;0;0;2;3;2;A01
201700059860;0;7;0;0;2;6;23;B01
201700059860;0;7;0;1;2;3;0;A01
201700059861;2;37;1;0;1;1;1;A01
201700059862;2;7;0;0;2;7;0;B01
201700059862;1;2;0;0;2;1;1;A01
201700059863;1;30;0;0;2;1;17;B01
201700059863;2;7;0;0;2;3;19;A01
201700059864;1;7;0;0;0;0;0;Z01
201700059864;1;10;0;0;2;4;1;B01
201700059865;1;30;0;0;0;7;1;A01
201700059866;2;7;0;0;2;8;1;B01
201700059866;2;7;0;9;2;1;1;A01
201700059867;0;2;0;0;2;9;1;B01
201700059867;1;7;0;0;9;1;15;A01
201700059868;1;2;0;0;2;1;0;B01
201700059868;2;7;0;0;0;0;0;A01
201700059869;1;7;0;0;2;1;2;A01
201700059869;1;2;0;0;2;4;1;B01
201700059870;0;7;0;0;0;0;0;A01
201700059870;0;7;0;0;0;0;0;B01
201700059871;0;7;0;0;0;0;0;B01
201700059871;0;2;0;0;0;0;0;A01
201700059872;1;7;0;0;2;1;1;A01
201700059872;1;7;0;0;2;4;1;C01
201700059872;1;7;0;0;2;1;1;B01
201700059873;1;7;0;0;2;1;0;A01
201700059873;2;30;0;0;2;2;0;B01
201700059874;0;7;0;0;0;0;0;B01
201700059874;0;2;0;0;0;0;0;A01
201700059875;0;30;0;0;0;0;0;A01
201700059876;2;7;0;0;2;2;15;B01
201700059876;1;2;0;0;2;1;21;A01
201700059877;1;7;0;0;2;4;15;B01
201700059877;1;32;0;0;2;1;2;A01
201700059878;2;7;0;6;0;1;0;A01
201700059879;1;7;0;0;2;4;2;B01
201700059879;1;32;0;0;2;0;2;A01
201700059880;1;7;0;0;0;0;0;A01
201700059880;1;7;0;0;0;0;0;B01
201700059881;1;2;0;14;0;1;1;A01
201700059882;1;10;0;6;0;1;13;A01
201700059883;1;7;0;0;2;3;15;A01
201700059883;1;2;0;0;2;7;2;B01
201700059884;2;7;0;0;0;0;0;B01
201700059884;1;7;0;0;0;0;0;A01
201700059885;2;1;0;0;2;7;14;A01
201700059885;1;2;0;0;2;7;1;B01
201700059886;1;30;0;1;0;1;2;B01
201700059886;1;7;0;0;9;6;23;A01
201700059887;0;1;0;0;2;8;13;B01
201700059887;0;7;0;0;9;2;16;A01
201700059888;0;2;0;0;2;1;2;A01
201700059888;0;1;0;0;2;8;9;B01
201700059889;1;7;0;0;9;6;2;B01
201700059889;1;30;0;0;2;6;2;A01
201700059890;1;7;0;0;1;1;1;A01
201700059891;0;7;0;0;2;2;0;B01
201700059891;0;7;0;0;2;1;9;A01
201700059892;2;2;0;0;2;1;1;B01
201700059892;1;10;0;0;2;5;15;A01
201700059893;1;2;0;0;0;0;0;B01
201700059893;0;7;0;0;0;0;15;A01
201700059894;1;7;0;0;9;2;1;B01
201700059894;1;30;0;0;2;1;15;A01
201700059895;1;7;0;0;1;0;0;A01
201700059896;1;32;0;0;0;1;1;A01
201700059897;1;7;0;0;2;5;0;A01
201700059897;1;30;0;0;2;1;0;B01
201700059898;1;30;0;0;2;7;0;B01
201700059898;1;7;0;0;9;6;0;A01
201700059899;1;2;0;0;2;3;1;B01
201700059899;1;7;0;0;2;5;16;A01
201700059900;1;33;0;0;2;1;1;A01
201700059900;2;7;0;0;2;6;1;B01
201700059901;1;2;0;0;2;8;2;A01
201700059901;0;7;0;0;9;7;2;B01
201700059902;1;7;0;0;2;1;15;A01
201700059902;2;7;0;0;2;1;1;B01
201700059903;2;7;0;0;2;3;15;B01
201700059903;1;7;0;0;2;1;1;A01
201700059904;2;7;0;0;2;7;1;A01
201700059904;2;2;0;0;2;1;15;B01
201700059905;1;30;0;0;0;0;0;B01
201700059905;1;7;0;0;0;0;13;A01
201700059906;1;30;0;0;2;1;1;B01
201700059906;0;7;0;0;2;8;10;A01
201700059907;1;30;0;0;2;1;1;B01
201700059907;0;7;0;0;2;3;15;A01
201700059908;1;7;0;0;2;3;1;A01
201700059908;1;7;0;0;2;1;0;B01
201700059909;1;1;0;0;0;0;0;Z01
201700059909;1;2;0;0;2;1;1;B01
201700059910;1;7;0;0;2;6;15;B01
201700059910;1;2;0;0;2;1;0;A01
201700059911;0;2;0;0;1;4;2;A01
201700059912;1;30;0;0;0;0;0;B01
201700059912;1;7;0;0;9;3;15;A01
201700059913;1;7;0;0;2;2;1;B01
201700059913;1;7;0;6;2;8;19;A01
201700059914;2;7;0;0;2;2;0;A01
201700059914;1;30;0;0;2;1;1;B01
201700059915;2;7;0;12;2;7;1;A01
201700059915;1;7;0;0;2;1;1;B01
201700059916;1;7;0;0;2;1;15;A01
201700059916;1;30;0;0;2;0;0;B01
201700059917;0;7;0;8;0;1;1;A01
201700059918;0;32;0;0;0;0;0;B01
201700059918;0;7;0;0;0;0;0;A01
201700059919;2;7;0;6;0;1;14;A01
201700059920;1;7;0;0;0;6;16;B01
201700059920;1;30;0;0;2;6;17;A01
201700059921;1;7;0;0;0;0;0;B01
201700059921;1;7;0;0;2;2;1;A01
201700059922;0;7;0;0;2;0;0;A01
201700059922;0;30;0;0;2;0;0;B01
201700059923;1;2;0;0;2;3;1;B01
201700059923;1;7;0;0;2;2;16;A01
201700059924;1;2;0;0;0;0;0;A01
201700059925;1;7;0;0;2;1;1;A01
201700059925;0;1;0;0;2;7;1;B01
201700059926;0;7;0;0;2;8;10;A01
201700059926;0;2;0;0;2;1;2;B01
201700059927;0;2;0;14;0;0;1;A01
201700059928;2;7;0;3;0;1;1;A01
201700059929;1;7;0;0;2;7;1;B01
201700059929;1;7;0;0;2;1;0;A01
201700059930;1;7;0;0;2;1;1;A01
201700059930;2;7;0;0;2;5;15;B01
201700059930;2;7;0;0;2;1;1;C01
201700059931;0;7;0;0;2;5;15;A01
201700059931;0;7;0;0;2;1;1;B01
201700059932;2;7;0;0;0;3;10;A01
201700059932;1;30;0;0;0;1;1;B01
201700059933;0;7;0;0;0;0;0;A01
201700059933;0;32;0;0;0;0;0;D01
201700059934;0;7;0;0;1;0;0;A01
201700059935;0;7;0;0;2;8;1;B01
201700059935;0;7;0;0;2;3;1;A01
201700059936;1;7;0;0;0;0;0;A01
201700059936;1;32;0;0;0;0;0;N01
201700059937;1;7;0;0;2;4;1;B01
201700059937;1;2;0;0;2;1;1;A01
201700059938;2;7;0;0;2;5;15;A01
201700059938;2;34;0;0;2;1;2;B01
201700059939;1;10;0;0;2;0;0;A01
201700059939;1;7;0;0;2;6;0;B01
201700059940;0;7;0;1;1;2;16;A01
201700059941;1;1;0;0;2;1;1;A01
201700059941;1;7;0;0;2;1;1;B01
201700059942;1;7;0;0;2;1;1;B01
201700059942;1;30;0;0;2;7;9;A01
201700059943;1;30;0;0;2;7;1;A01
201700059943;0;30;0;0;2;1;15;Z01
201700059944;1;30;0;0;2;1;0;B01
201700059944;2;7;0;0;2;3;15;A01
201700059945;0;7;0;0;2;3;1;B01
201700059945;0;7;0;0;2;7;9;A01
201700059946;0;7;0;0;1;1;17;A01
201700059947;0;7;0;0;0;0;0;A01
201700059947;0;31;0;0;0;0;0;B01
201700059948;0;7;0;0;0;0;0;A01
201700059948;0;7;0;0;0;0;0;B01
201700059949;1;7;0;0;2;2;1;A01
201700059949;1;2;0;0;2;1;1;B01
201700059950;1;2;0;0;2;1;1;A01
201700059950;1;7;0;0;2;3;1;B01
201700059951;1;2;0;0;2;1;2;A01
201700059951;1;7;0;0;2;5;2;B01
201700059952;1;7;0;0;2;1;1;B01
201700059952;2;7;0;0;2;1;1;A01
201700059952;1;7;0;0;0;0;0;Z01
201700059953;1;7;0;0;2;1;15;A01
201700059953;1;30;0;0;2;8;1;B01
201700059954;1;1;0;0;2;1;1;B01
201700059954;1;37;1;0;2;3;1;A01
201700059955;1;7;0;0;0;0;0;B01
201700059955;1;30;0;0;0;0;0;A01
201700059956;1;1;0;0;2;8;2;B01
201700059956;1;7;0;0;9;7;2;A01
201700059957;1;7;0;0;2;6;0;A01
201700059957;1;10;0;0;2;0;0;C01