num_acc;senc;catv;occutc;obs;obsm;choc;manv;num_veh
201700060304;1;7;0;0;2;8;1;B01
201700060305;1;2;0;0;2;1;5;A01
201700060305;2;7;0;0;2;2;1;B01
201700060306;1;7;0;0;2;1;1;B01
201700060306;1;30;0;15;2;7;1;A01
201700060307;1;7;0;0;2;1;6;A01
201700060307;1;7;0;0;2;8;0;B01
201700060307;1;7;0;0;2;1;0;C01
201700060308;1;7;0;13;0;9;13;A01
201700060309;1;7;0;0;1;2;1;A01
201700060310;1;7;0;0;2;3;15;A01
201700060310;2;30;0;0;2;8;1;B01
201700060311;2;7;0;0;2;0;0;A01
201700060311;2;33;0;0;2;0;0;B01
201700060312;1;7;0;0;1;3;16;A01
201700060313;1;37;1;0;1;6;9;A01
201700060314;2;7;0;0;0;0;0;A01
201700060315;2;7;0;0;1;1;0;A01
201700060316;1;37;1;0;1;7;2;A01
201700060317;1;7;0;0;1;1;1;A01
201700060318;2;7;0;0;1;1;1;Z01
201700060319;1;2;0;0;1;1;0;A01
201700060320;1;7;0;0;1;1;15;A01
201700060321;1;33;0;4;0;8;2;A01
201700060322;1;7;0;0;2;3;13;A01
201700060322;1;33;0;0;2;1;2;B01
201700060323;1;7;0;0;1;1;1;A01
201700060324;1;33;0;11;0;1;13;A01
201700060325;2;30;0;1;2;9;17;A01
201700060325;2;7;0;0;2;3;15;B01
201700060326;1;7;0;0;1;2;1;A01
201700060327;2;37;1;0;1;2;1;C01
201700060328;1;33;0;6;0;2;1;A01
201700060329;1;7;0;0;1;5;4;A01
201700060330;1;7;0;0;1;1;0;A01
201700060331;1;33;0;8;0;1;0;A01
201700060332;1;7;0;0;1;7;1;A01
201700060333;1;7;0;0;2;1;9;A01
201700060334;2;7;0;0;2;7;1;B01
201700060334;1;7;0;0;2;1;19;A01
201700060335;1;33;0;0;1;1;13;A01
201700060336;1;1;0;0;1;1;13;A01
201700060337;2;33;0;0;2;1;2;A01
201700060337;2;10;0;0;2;4;23;B01
201700060338;2;31;0;0;2;1;17;A01
201700060338;1;7;0;0;2;3;19;B01
201700060339;1;33;0;0;2;1;15;A01
201700060339;2;7;0;0;2;7;1;B01
201700060340;2;7;0;0;2;1;13;A01
201700060340;1;7;0;0;2;1;1;B01
201700060341;1;7;0;0;2;3;15;A01
201700060341;1;33;0;0;2;1;0;B01
201700060342;2;7;0;0;9;7;15;B01
201700060342;2;1;0;0;2;1;9;A01
201700060343;1;33;0;0;1;2;1;A01
201700060344;1;7;0;0;1;2;17;A01
201700060345;1;7;0;0;2;4;23;C01
201700060345;1;7;0;14;0;1;2;A01
201700060345;1;7;0;0;2;4;2;B01
201700060346;1;7;0;0;1;1;15;A01
201700060347;1;7;0;0;2;8;7;A01
201700060347;1;31;0;0;2;1;7;M01
201700060348;1;7;0;0;2;1;20;A01
201700060348;1;33;0;0;2;1;17;B01
201700060349;1;7;0;0;1;0;4;A01
201700060350;1;7;0;0;2;1;13;A01
201700060350;2;7;0;13;2;6;0;B01
201700060350;2;33;0;0;2;1;0;C01
201700060351;1;7;0;16;2;2;1;A01
201700060351;1;31;0;0;2;3;1;B01
201700060352;1;7;0;0;1;2;2;A01
201700060353;1;7;0;0;2;1;21;A01
201700060353;2;1;0;0;2;1;11;B01
201700060354;2;7;0;0;2;2;2;A01
201700060354;2;7;0;0;2;6;2;B01
201700060355;1;7;0;8;0;7;13;A01
201700060356;2;7;0;0;2;2;15;A01
201700060356;1;34;0;0;2;0;0;B01
201700060357;0;30;0;0;2;1;2;B01
201700060357;1;7;0;0;2;6;2;A01
201700060358;1;7;0;0;2;3;9;A01
201700060358;1;33;0;0;2;1;17;B01
201700060359;1;1;0;0;1;0;0;A01
201700060360;2;33;0;0;0;3;2;A01
201700060361;1;7;0;0;2;0;13;A01
201700060361;1;1;0;0;2;4;13;B01
201700060362;0;99;0;0;0;0;0;A01
201700060363;1;7;0;0;2;1;5;A01
201700060363;2;7;0;0;2;1;5;B01
201700060364;1;7;0;0;9;3;9;A01
201700060364;1;33;0;0;2;2;1;B01
201700060365;1;7;0;0;1;1;1;A01
201700060366;1;30;0;1;0;1;1;A01
201700060367;1;31;0;0;2;7;2;B01
201700060367;1;13;0;0;2;1;1;A01
201700060368;2;7;0;0;2;6;9;A01
201700060368;2;7;0;3;2;2;0;B01
201700060368;2;7;0;0;2;6;2;C01
201700060369;2;33;0;0;2;8;17;A01
201700060369;2;15;0;0;0;8;1;B01
201700060369;1;7;0;0;2;3;14;C01
201700060370;2;10;0;0;1;2;15;A01
201700060371;2;7;0;13;0;1;1;A01
201700060372;1;7;0;0;9;2;15;A01
201700060372;1;33;0;0;2;1;1;B01
201700060373;1;7;0;0;2;2;19;A01
201700060373;1;7;0;0;2;3;19;B01
201700060374;2;7;0;0;1;1;1;A01
201700060375;1;7;0;0;2;0;0;B01
201700060375;1;33;0;0;2;3;16;A01
201700060376;2;7;0;0;2;8;15;A01
201700060376;2;33;0;0;2;1;1;B01
201700060377;1;7;0;0;2;3;11;A01
201700060377;2;7;0;0;2;8;1;B01
201700060378;2;10;0;0;1;1;1;A01
201700060379;1;30;0;0;2;2;1;B01
201700060379;1;7;0;0;2;3;19;A01
201700060380;1;7;0;0;2;1;14;A01
201700060380;1;7;0;0;2;6;0;B01
201700060381;2;7;0;13;0;2;0;A01
201700060382;2;7;0;4;0;1;13;A01
201700060383;1;7;0;0;2;9;1;B01
201700060383;1;7;0;0;2;9;0;C01
201700060383;1;10;0;0;2;1;1;A01
201700060383;1;7;0;0;0;0;0;D01
201700060384;1;33;0;0;9;1;1;A01
201700060385;1;7;0;0;2;1;1;A01
201700060385;1;7;0;9;2;0;1;B01
201700060386;1;7;0;0;2;1;1;A01
201700060386;1;7;0;0;0;0;0;C01
201700060386;1;7;0;0;2;8;1;B01
201700060387;1;7;0;0;2;1;15;A01
201700060387;1;30;0;0;2;0;1;B01
201700060388;1;31;0;0;5;3;0;A01
201700060389;0;2;0;0;0;9;0;A01
201700060390;2;7;0;0;2;4;4;B01
201700060390;2;2;0;0;2;1;1;A01
201700060391;1;7;0;0;0;2;1;A01
201700060392;1;7;0;0;2;3;1;B01
201700060392;1;2;0;0;2;3;13;A01
201700060393;2;7;0;0;2;4;2;B01
201700060393;2;7;0;0;2;1;2;A01
201700060394;1;7;0;2;0;1;14;A01
201700060395;1;7;0;0;0;0;0;A01
201700060395;1;1;0;0;0;0;0;B01
201700060396;0;7;0;10;2;4;1;B01
201700060396;2;7;0;10;2;1;2;A01
201700060397;1;1;0;0;2;3;5;A01
201700060397;1;7;0;0;2;3;1;B01
201700060398;1;2;0;0;1;1;1;A01
201700060399;2;2;0;0;0;0;0;A01
201700060400;2;33;0;0;0;0;1;A01
201700060401;1;7;0;4;0;3;1;A01
201700060402;1;7;0;0;2;2;9;A01
201700060402;1;7;0;0;2;3;1;B01
201700060403;1;7;0;0;1;0;0;A01
201700060404;1;33;0;0;0;7;16;A01
201700060405;1;7;0;0;2;2;2;A01
201700060405;1;1;0;0;2;4;1;B01
201700060406;0;7;0;6;0;1;14;A01
201700060407;2;7;0;0;2;1;1;A01
201700060407;2;7;0;0;2;4;1;B01
201700060408;0;33;0;0;2;2;1;A01
201700060408;0;7;0;0;9;8;11;B01
201700060409;1;33;0;16;0;1;17;A01
201700060410;1;7;0;13;2;3;13;A01
201700060410;1;7;0;13;2;3;1;B01
201700060411;1;7;0;0;1;1;1;A01
201700060412;1;7;0;0;2;4;0;A01
201700060412;1;33;0;0;0;1;0;B01
201700060413;1;31;0;0;0;0;0;A01
201700060413;1;7;0;0;2;0;0;B01
201700060414;1;1;0;0;2;1;1;B01
201700060414;2;7;0;0;9;2;16;A01
201700060415;1;7;0;0;2;5;2;A01
201700060415;1;2;0;0;2;1;2;B01
201700060416;2;7;0;0;2;3;1;A01
201700060416;1;7;0;0;2;8;1;B01
201700060417;1;33;0;0;2;1;0;A01
201700060417;1;7;0;0;2;4;1;B01
201700060418;1;7;0;0;2;3;2;A01
201700060418;0;2;0;0;0;0;0;B01
201700060419;2;1;0;14;0;0;1;A01
201700060420;1;7;0;0;9;3;11;B01
201700060420;1;34;0;0;2;7;1;A01
201700060421;0;7;0;0;1;2;1;A01
201700060422;2;7;0;0;2;3;15;A01
201700060422;1;30;0;0;2;1;2;B01
201700060423;1;7;0;0;2;2;17;A01
201700060423;1;37;1;0;2;6;23;B01
201700060424;2;7;0;0;1;0;0;A01
201700060425;1;2;0;0;0;0;0;A01
201700060426;1;30;0;1;0;1;14;A01
201700060427;1;7;0;0;2;8;2;A01
201700060427;1;7;0;0;1;0;0;B01
201700060428;2;7;0;0;1;3;1;A01
201700060429;1;7;0;13;0;2;14;A01
201700060430;1;7;0;12;2;1;14;A01
201700060431;2;7;0;0;2;1;21;A01
201700060431;2;30;0;0;2;8;19;B01
201700060432;1;33;0;12;0;2;15;A01
201700060433;2;7;0;0;2;3;15;A01
201700060433;2;30;0;0;2;0;7;B01
201700060434;1;7;0;0;2;4;2;A01
201700060435;1;10;0;0;2;4;9;B01
201700060435;1;7;0;0;2;4;9;C01
201700060435;1;7;0;0;2;1;9;D01
201700060435;1;7;0;0;2;4;9;A01
201700060436;1;7;0;0;1;2;14;A01
201700060437;1;7;0;0;2;1;15;A01
201700060437;2;31;0;0;2;8;1;B01
201700060438;2;31;0;0;0;2;16;A01
201700060439;1;34;0;16;0;1;0;A01
201700060440;2;7;0;0;2;4;15;A01
201700060440;1;33;0;0;2;1;1;B01
201700060441;1;7;0;12;2;3;1;A01
201700060441;1;7;0;12;2;2;5;B01
201700060442;1;7;0;0;2;3;2;A01
201700060442;1;34;0;0;2;2;2;B01
201700060443;1;33;0;0;2;2;2;A01
201700060443;1;7;0;0;9;8;2;B01
201700060444;2;7;0;0;2;1;1;A01
201700060444;1;14;0;0;2;1;1;B01
201700060445;1;7;0;1;0;6;14;A01
201700060445;1;7;0;3;0;6;24;B01
201700060446;1;7;0;0;2;1;2;A01
201700060446;1;7;0;0;2;4;2;B01
201700060446;1;7;0;0;2;4;2;C01
201700060447;1;34;0;0;1;1;1;A01
201700060448;1;37;1;0;2;1;1;B01
201700060448;1;7;0;0;2;4;1;A01
201700060449;1;7;0;0;2;1;15;A01
201700060449;2;7;0;0;2;1;1;B01
201700060450;2;31;0;0;0;0;9;A01
201700060451;1;7;0;0;1;1;15;A01
201700060452;1;7;0;0;2;4;4;A01
201700060453;2;33;0;1;0;3;13;A01
201700060454;1;7;0;0;1;1;15;A01
201700060455;1;34;0;0;2;1;2;A01
201700060455;1;7;0;0;2;6;15;B01
201700060456;1;34;0;0;2;7;21;A01
201700060457;1;33;0;3;2;1;2;A01
201700060457;1;7;0;3;2;4;2;B01
201700060458;2;7;0;0;2;0;1;A01
201700060458;1;33;0;0;2;8;1;B01
201700060459;1;99;0;0;0;8;21;A01
201700060460;1;7;0;0;1;1;15;A01
201700060461;1;10;0;0;1;1;15;A01
201700060462;1;7;0;0;1;2;1;A01
201700060463;1;7;0;0;2;2;2;A01
201700060463;1;7;0;0;2;1;19;B01
201700060464;2;7;0;0;2;5;12;A01
201700060464;2;7;0;0;2;3;1;B01
201700060465;1;33;0;0;2;1;11;A01
201700060465;2;7;0;0;9;3;1;B01
201700060466;1;7;0;0;2;1;0;B01
201700060466;1;7;0;0;2;8;9;A01
201700060467;1;33;0;0;2;1;1;A01
201700060467;1;7;0;0;2;4;1;B01
201700060467;2;10;0;0;9;3;1;C01
201700060468;1;7;0;2;0;1;14;A01
201700060469;2;7;0;13;0;1;12;A01
201700060470;2;7;0;4;0;1;1;A01
201700060471;2;7;0;4;0;3;13;A01
201700060472;1;7;0;0;2;2;1;A01
201700060472;1;99;0;0;2;4;1;B01
201700060473;1;7;0;0;2;1;1;C01
201700060473;1;7;0;0;2;4;1;B01
201700060473;1;7;0;0;2;1;1;A01
201700060473;1;10;0;0;2;1;1;D01
201700060473;1;7;0;0;2;1;1;E01
201700060474;1;7;0;0;2;4;1;A01
201700060474;1;31;0;0;2;1;2;B01
201700060475;1;7;0;0;2;1;2;A01
201700060475;1;7;0;0;2;4;2;B01
201700060476;1;34;0;16;0;7;16;A01
201700060477;1;34;0;0;2;2;17;A01
201700060477;1;7;0;0;9;3;15;B01
201700060478;1;34;0;0;0;0;0;A01
201700060479;1;34;0;0;9;1;14;A01
201700060480;2;7;0;0;1;2;21;A01
201700060481;2;7;0;0;2;1;2;A01
201700060481;2;7;0;0;2;4;2;B01
201700060482;1;99;0;0;1;1;17;A01
201700060483;1;10;0;16;2;1;11;A01
201700060483;2;10;0;0;2;3;0;B01
201700060484;2;7;0;0;1;1;8;A01
201700060485;1;7;0;0;2;3;13;A01
201700060485;2;7;0;0;2;6;1;B01
201700060486;2;7;0;0;2;1;2;A01
201700060486;1;7;0;0;2;4;23;B01
201700060487;2;7;0;0;2;4;2;A01
201700060487;2;7;0;0;2;1;2;B01
201700060488;1;7;0;0;2;1;5;A01
201700060488;2;7;0;0;2;6;5;B01
201700060489;1;7;0;0;2;4;2;A01
201700060489;1;34;0;0;2;1;2;B01
201700060490;1;7;0;3;0;2;14;A01
201700060491;1;33;0;0;0;8;17;A01
201700060492;2;33;0;0;2;1;17;A01
201700060492;2;7;0;0;2;6;8;B01
201700060493;1;7;0;0;1;7;17;A01
201700060494;2;7;0;0;2;1;5;A01
201700060494;1;7;0;0;2;1;1;B01
201700060494;1;7;0;0;2;7;1;C01
201700060494;1;7;0;0;2;8;1;D01
201700060495;1;7;0;10;0;1;21;A01
201700060496;1;7;0;0;1;1;1;Z01
201700060497;1;30;0;0;2;7;17;B01
201700060497;1;7;0;0;2;3;17;A01
201700060498;1;7;0;1;0;4;24;A01
201700060498;1;7;0;1;2;1;14;B01
201700060499;1;7;0;0;0;1;2;C01
201700060499;1;2;0;0;0;3;13;A01
201700060499;1;7;0;0;0;3;2;B01
201700060500;1;7;0;0;1;1;1;A01
201700060501;1;31;0;0;2;1;17;A01
201700060501;2;7;0;0;2;1;1;B01
201700060501;1;7;0;0;9;8;1;C01
201700060502;1;7;0;0;9;3;1;A01
201700060502;2;1;0;0;2;1;2;B01
201700060503;1;7;0;0;2;1;14;A01
201700060503;1;7;0;0;2;4;23;B01
201700060503;1;7;0;0;2;4;23;C01
201700060504;1;2;0;0;2;1;1;A01
201700060504;1;7;0;0;9;4;1;B01
201700060505;1;7;0;0;2;3;15;A01
201700060505;1;33;0;0;2;2;17;B01
201700060506;1;30;0;0;0;0;14;A01
201700060507;1;7;0;12;2;2;13;A01
201700060507;1;7;0;1;2;9;13;B01
201700060508;1;7;0;0;2;1;1;A01
201700060508;1;7;0;0;2;1;1;B01
201700060508;1;7;0;0;2;4;1;C01
201700060509;1;31;0;0;0;5;10;A01
201700060510;2;7;0;0;2;1;2;A01
201700060510;2;7;0;0;2;4;2;B01
201700060510;2;7;0;0;2;4;2;C01
201700060511;1;7;0;0;9;1;1;B01
201700060511;1;2;0;0;2;1;13;A01
201700060512;1;31;0;0;2;1;19;B01
201700060512;1;7;0;0;2;5;1;A01
201700060513;2;30;0;0;2;1;2;A01
201700060513;2;7;0;0;2;6;15;B01
201700060514;1;7;0;0;1;8;4;A01
201700060515;2;30;0;0;0;0;0;A01
201700060516;1;7;0;0;2;1;21;A01
201700060516;1;7;0;0;2;4;9;B01
201700060517;1;7;0;1;1;1;21;A01
201700060518;1;7;0;0;2;1;7;A01
201700060518;1;37;0;0;2;3;21;B01
201700060519;1;1;0;0;1;1;2;A01
201700060520;1;33;0;0;9;1;13;A01
201700060521;1;7;0;0;2;3;13;A01
201700060521;2;14;0;0;2;3;2;B01
201700060522;2;7;0;0;2;1;1;A01
201700060522;2;7;0;0;2;8;1;B01
201700060523;1;7;0;0;2;8;10;A01
201700060523;1;31;0;0;2;1;17;B01
201700060524;1;7;0;0;2;3;15;A01
201700060524;2;33;0;0;2;8;1;B01
201700060525;1;7;0;0;2;3;1;B01
201700060525;2;7;0;0;2;3;15;A01
201700060526;2;7;0;13;0;2;14;A01
201700060527;1;7;0;15;0;1;14;A01
201700060528;2;7;0;0;2;4;23;A01
201700060528;2;7;0;0;2;1;21;B01
201700060529;2;7;0;0;0;6;15;A01
201700060529;1;34;0;0;2;6;17;B01
201700060530;2;2;0;0;0;1;21;A01
201700060531;1;33;0;16;9;4;14;A01
201700060532;1;7;0;0;0;9;2;A01
201700060533;2;10;0;0;2;3;15;A01
201700060533;2;33;0;0;2;7;13;B01
201700060534;1;7;0;0;1;1;0;A01
201700060535;1;7;0;0;2;1;1;A01
201700060535;1;7;0;0;2;1;1;B01
201700060535;1;7;0;0;2;4;1;C01
201700060536;1;31;0;6;0;1;0;A01
201700060537;2;7;0;0;1;3;1;A01
201700060538;1;7;0;0;2;0;17;A01
201700060538;1;7;0;0;2;0;0;B01
201700060538;1;7;0;0;2;8;14;C01
201700060538;1;7;0;1;0;8;23;D01
201700060539;1;7;0;0;1;7;21;A01
201700060540;0;7;0;0;2;3;15;B01
201700060540;0;7;0;0;0;8;1;A01
201700060541;1;7;0;0;2;0;0;A01
201700060542;1;37;0;0;1;4;2;A01
201700060543;2;7;0;0;1;0;0;A01
201700060544;2;31;0;0;1;1;19;T01
201700060545;2;7;0;14;1;7;2;A01
201700060546;1;7;0;0;2;1;0;A01
201700060547;2;7;0;14;1;7;19;A01
201700060548;1;7;0;0;2;0;0;A01
201700060548;1;31;0;0;2;0;0;B01
201700060549;2;7;0;1;2;1;2;B01
201700060549;2;7;0;1;2;4;2;A01
201700060550;1;7;0;0;2;0;0;A01
201700060550;1;34;0;0;2;0;0;B01
201700060551;1;7;0;0;2;8;15;A01
201700060551;2;30;0;0;2;1;1;B01
201700060552;2;7;0;1;2;1;2;B01
201700060552;1;34;0;1;2;4;2;N01
201700060553;1;32;0;16;0;7;14;A01
201700060554;1;34;0;1;9;7;16;A01
201700060554;1;34;0;1;2;2;2;B01
201700060555;2;7;0;0;2;3;15;A01
201700060555;2;33;0;0;2;1;17;B01
201700060555;2;32;0;0;2;1;1;C01
201700060556;1;31;0;0;2;0;5;A01
201700060556;1;7;0;0;2;0;0;B01
201700060557;2;33;0;0;1;1;1;A01
201700060558;1;31;0;0;2;0;0;A01
201700060558;1;7;0;0;2;0;0;B01
201700060559;1;7;0;0;1;2;14;A01
201700060560;1;30;0;0;2;7;15;A01
201700060560;2;30;0;0;0;0;0;B01
201700060561;2;31;0;0;1;1;17;A01
201700060562;2;30;0;0;1;1;1;A01
201700060563;2;32;0;0;1;1;1;A01
201700060564;1;7;0;0;2;7;1;A01
201700060564;2;7;0;0;2;1;9;B01
201700060565;1;7;0;0;2;4;1;A01
201700060565;1;7;0;0;2;1;2;B01
201700060566;1;7;0;0;2;3;15;A01
201700060566;1;31;0;0;2;1;1;B01
201700060567;2;7;0;0;1;2;1;A01
201700060568;2;7;0;0;2;1;0;A01
201700060568;1;31;0;0;2;1;0;B01
201700060569;2;30;0;0;1;7;1;A01
201700060570;2;34;0;0;9;0;1;A01
201700060571;1;7;0;0;2;1;1;B01
201700060571;1;34;0;0;2;4;2;A01
201700060572;2;30;0;16;0;8;0;A01
201700060573;2;7;0;0;2;2;15;A01
201700060573;1;33;0;0;2;1;1;B01
201700060574;2;38;1;0;1;1;0;A01
201700060575;1;2;0;0;1;1;2;A01
201700060576;1;7;0;1;2;3;2;A01
201700060576;1;2;0;14;2;1;2;B01
201700060577;1;7;0;0;1;1;1;A01
201700060578;2;2;0;16;0;0;2;A01
201700060579;2;30;0;1;0;1;14;A01
201700060579;2;7;0;0;0;0;0;B01
201700060580;1;33;0;1;0;1;14;A01
201700060580;1;7;0;0;2;3;0;B01
201700060581;2;32;0;16;0;8;13;A01
201700060582;2;31;0;0;2;1;1;B01
201700060582;1;7;0;0;2;3;15;A01
201700060583;2;2;0;14;2;0;1;A01
201700060584;1;7;0;16;0;9;13;A01
201700060584;2;7;0;0;2;8;1;B01
201700060585;2;2;0;0;1;1;5;A01
201700060586;1;32;0;14;2;7;0;A01
201700060587;1;32;0;16;0;7;14;A01
201700060588;2;30;0;16;0;7;14;A01
201700060589;2;7;0;0;2;8;1;A01
201700060589;1;7;0;0;2;8;9;B01
201700060590;2;31;0;0;2;8;19;A01
201700060590;2;31;0;0;2;3;15;B01
201700060591;2;33;0;0;5;1;1;A01
201700060592;2;7;0;14;6;1;19;A01
201700060592;2;31;0;0;2;3;15;B01
201700060593;1;34;0;0;1;1;1;A01
201700060594;2;7;0;1;2;1;19;A01
201700060594;1;30;0;0;2;1;17;B01
201700060595;2;30;0;0;1;0;17;A01
201700060596;2;34;0;0;1;1;19;A01
201700060597;1;13;0;0;1;2;19;A01
201700060598;1;31;0;0;1;1;19;A01
201700060599;1;7;0;0;2;2;18;A01
201700060599;2;31;0;0;2;3;1;B01
201700060600;2;32;0;0;1;1;19;A01
201700060601;1;33;0;0;2;1;17;C01
201700060601;2;34;0;0;2;1;17;B01
201700060601;1;7;0;0;2;6;15;A01
201700060602;1;13;0;0;9;0;23;A01
201700060603;1;7;0;14;2;8;17;A01
201700060603;1;31;0;14;2;7;17;B01
201700060604;1;7;0;0;2;1;1;A01
201700060604;2;7;0;0;2;1;18;B01
201700060605;2;31;0;0;2;7;1;A01
201700060606;1;7;0;0;2;3;15;A01
201700060606;1;31;0;0;2;2;17;B01
201700060607;1;32;0;14;2;5;21;A01
201700060607;2;7;0;14;2;3;13;B01
201700060608;2;31;0;0;2;0;14;A01
201700060609;2;7;0;14;2;1;9;B01
201700060609;2;33;0;14;2;4;9;A01
201700060610;1;7;0;6;1;4;24;A01
201700060611;2;31;0;0;2;7;21;A01
201700060612;2;31;0;14;2;4;9;B01
201700060612;2;7;0;14;2;4;9;A01
201700060613;1;7;0;0;2;4;21;A01
201700060613;1;31;0;0;2;1;15;B01
201700060614;2;38;1;0;2;0;14;A01
201700060615;2;7;0;14;2;2;13;A01
201700060615;1;31;0;14;2;3;9;B01
201700060616;1;34;0;0;1;8;19;A01
201700060617;2;7;0;0;1;3;18;A01
201700060618;1;31;0;14;1;8;19;A01
201700060619;1;31;0;14;1;3;21;A01
201700060620;1;33;0;0;2;2;14;A01
201700060621;2;33;0;0;2;7;16;A01
201700060622;2;7;0;14;1;6;9;A01
201700060623;2;34;0;0;2;2;17;A01
201700060623;2;7;0;0;2;3;15;B01
201700060624;2;7;0;0;2;5;21;A01
201700060624;2;34;0;0;2;1;21;B01
201700060625;1;31;0;14;1;0;9;A01
201700060626;1;7;0;5;2;0;9;A01
201700060627;1;7;0;0;2;3;13;A01
201700060627;2;34;0;0;2;2;21;B01
201700060628;1;31;0;14;1;0;21;A01
201700060629;2;31;0;0;2;1;16;S01
201700060629;2;34;0;0;2;2;15;B01
201700060630;2;31;0;14;2;8;17;A01
201700060630;2;31;0;14;2;7;17;B01
201700060631;2;7;0;0;1;5;13;A01
201700060632;1;7;0;0;2;4;20;C01
201700060632;1;7;0;0;2;7;17;A01
201700060632;1;34;0;0;2;3;21;B01
201700060633;1;31;0;0;1;1;19;A01
201700060634;1;7;0;1;2;4;2;A01
201700060634;2;1;0;0;2;4;0;B01
201700060635;2;7;0;0;1;7;14;A01
201700060636;1;31;0;0;2;2;15;A01
201700060637;2;7;0;14;1;1;19;A01
201700060638;1;7;0;0;9;8;13;A01
201700060638;1;31;0;0;2;8;2;B01
201700060639;1;7;0;0;1;1;1;A01
201700060640;2;31;0;5;9;1;14;A01
201700060641;1;7;0;5;2;1;13;A01
201700060641;1;7;0;5;2;1;9;B01
201700060642;2;31;0;0;2;8;21;A01
201700060642;2;31;0;0;2;8;9;B01
201700060643;2;7;0;5;2;1;14;A01
201700060644;2;31;0;0;1;1;9;A01
201700060645;2;34;0;0;1;1;9;A01
201700060646;2;31;0;14;1;1;3;A01
201700060647;2;7;0;1;2;4;14;A01
201700060647;2;31;0;1;2;1;13;B01
201700060648;1;30;0;0;1;1;21;A01
201700060649;1;7;0;0;9;2;16;A01
201700060650;1;7;0;0;2;1;17;A01
201700060650;2;7;0;0;2;4;2;B01
201700060651;2;31;0;0;2;8;17;A01
201700060651;2;31;0;0;2;8;1;B01
201700060652;2;10;0;0;1;7;19;K01
201700060653;1;1;0;14;9;6;17;B01
201700060653;1;7;0;14;9;5;13;A01
201700060654;1;34;0;0;1;1;13;A01
201700060655;1;31;0;0;2;1;21;B01
201700060655;2;7;0;0;2;1;15;A01
201700060656;2;7;0;0;9;7;15;A01
201700060657;2;2;0;0;2;1;21;A01
201700060657;2;30;0;0;2;7;10;B01
201700060658;1;34;0;0;0;7;2;A01
201700060659;1;7;0;0;9;8;2;A01
201700060660;1;99;0;0;1;1;0;A01
201700060661;1;31;0;0;9;1;2;A01
201700060662;1;31;0;0;2;1;5;A01
201700060662;2;7;0;0;2;2;15;B01
201700060663;2;34;0;0;2;1;17;A01
201700060663;1;7;0;0;2;1;21;B01
201700060664;1;2;0;0;0;0;0;A01
201700060665;1;31;0;0;0;0;0;A01
201700060666;2;7;0;0;2;0;0;B01
201700060666;1;7;0;0;2;3;13;A01
201700060667;2;7;0;14;2;5;13;A01
201700060667;2;31;0;14;2;4;17;B01
201700060668;2;7;0;0;2;1;0;A01
201700060669;2;7;0;0;2;8;2;A01
201700060669;2;31;0;0;2;1;2;B01
201700060670;1;30;0;5;9;2;21;A01
201700060671;1;7;0;15;9;1;14;A01
201700060672;1;31;0;0;2;8;0;A01
201700060672;1;7;0;0;2;8;17;B01
201700060673;2;7;0;5;2;3;9;B01
201700060673;2;30;0;5;2;2;21;A01
201700060674;1;31;0;0;2;0;0;A01
201700060674;1;31;0;0;2;0;0;B01
201700060675;2;31;0;0;2;1;13;A01
201700060675;2;7;0;0;2;4;15;B01
201700060676;1;35;0;14;2;1;21;A01
201700060676;1;35;0;14;2;4;21;B01
201700060677;2;31;0;0;2;4;2;A01
201700060677;2;7;0;0;2;1;14;B01
201700060678;1;33;0;0;2;7;0;A01
201700060679;2;7;0;0;1;1;19;A01
201700060680;1;7;0;0;2;1;3;A01
201700060680;1;31;0;0;2;1;3;B01
201700060681;2;7;0;15;2;2;13;A01
201700060681;2;32;0;5;2;2;13;B01
201700060682;1;10;0;0;0;7;0;A01
201700060683;2;31;0;0;2;6;2;A01
201700060683;1;7;0;0;2;6;2;B01
201700060684;1;32;0;0;2;5;15;A01
201700060684;1;7;0;0;2;0;0;B01
201700060685;2;34;0;0;9;8;2;A01
201700060686;2;30;0;14;2;7;14;A01
201700060687;1;7;0;14;2;7;17;A01
201700060687;1;33;0;14;2;3;17;B01
201700060688;1;31;0;0;2;3;0;A01
201700060688;1;7;0;0;2;3;0;B01
201700060689;1;35;0;14;2;1;17;A01
201700060689;1;7;0;14;2;4;9;B01
201700060690;2;7;0;0;2;4;2;A01
201700060690;2;7;0;0;2;1;2;B01
201700060691;2;31;0;0;9;0;0;A01
201700060692;2;1;0;0;1;1;19;B01
201700060693;2;99;0;0;1;0;1;A01
201700060694;2;7;0;0;2;1;3;A01
201700060694;1;31;0;0;2;1;13;B01
201700060695;2;7;0;0;2;1;0;A01
201700060695;2;31;0;0;2;1;13;B01
201700060696;2;32;0;0;2;1;3;B01
201700060696;2;31;0;0;2;1;15;A01
201700060697;1;7;0;0;1;1;13;A01
201700060698;2;31;0;0;9;0;0;A01
201700060699;2;7;0;0;2;2;14;A01
201700060699;1;7;0;0;2;7;14;B01
201700060700;2;7;0;0;2;3;6;A01
201700060700;2;31;0;0;2;8;2;B01
201700060701;1;31;0;0;9;1;2;A01